episode,model,final_reward,split_point,split_ratio
1,efficientnetb2,1.0,3
2,inceptionv3,0.0074999869015191,1
3,alexnet,0.0,1
4,resnet34,0.2104748857315504,1
5,vgg16,0.0060710231598882,1
6,resnet18,0.5358361217945573,1
7,resnet18,0.5358361217945573,1
8,mobilenetv2,0.1707546110429631,2
9,resnet34,0.3385797164144236,2
10,inceptionv3,0.0074999869015191,1
11,efficientnetb2,0.2064582521296088,2
12,resnet34,0.2104748857315504,1
13,efficientnetb0,0.5462134982716761,5
14,inceptionv3,0.0589687489396947,2
15,efficientnetb1,0.023223098071313,8
16,densenet121,0.0230700539672484,2
17,alexnet,0.0,1
18,alexnet,0.0281280654545952,2
19,inceptionv3,0.0074999869015191,1
20,resnet18,0.5358361217945573,1
21,resnet18,0.5358361217945573,1
22,efficientnetb0,0.245393377540531,2
23,efficientnetb1,0.0,1
24,alexnet,0.0,1
25,efficientnetb0,0.0,1
26,resnet18,1.0,2
27,resnet34,1.0,6
28,efficientnetb2,0.0,1
29,resnet34,0.5254802820550293,3
30,efficientnetb0,1.0,3
31,densenet121,0.0230700539672484,2
32,resnet18,0.5358361217945573,1
33,densenet161,0.0601439006764898,1
34,efficientnetb1,0.0,1
35,vgg16,0.0548212617333455,3
36,resnet50,0.0,1
37,alexnet,0.1458942907493161,3
38,resnet50,0.3012988939538109,3
39,resnet50,0.0,1
40,mobilenetv2,0.0,1
41,resnet34,0.2104748857315504,1
42,densenet121,0.0166311998595305,3
43,vgg19,0.0183675354070255,1
44,vgg16,0.0060710231598882,1
45,mobilenetv2,0.0,1
46,resnet18,0.5358361217945573,1
47,resnet50,0.0,1
48,vgg19,0.0183675354070255,1
49,inceptionv3,0.0307928131530639,3
50,inceptionv3,0.0074999869015191,1
51,densenet121,0.0,1
52,inceptionv3,0.0074999869015191,1
53,vgg19,0.0183675354070255,1
54,vgg19,0.0183675354070255,1
55,efficientnetb1,0.0,1
56,vgg16,0.0060710231598882,1
57,resnet50,0.0,1
58,alexnet,0.0,1
59,resnet34,0.2104748857315504,1
60,densenet161,0.0601439006764898,1
61,efficientnetb0,0.0,1
62,inceptionv3,0.0074999869015191,1
63,densenet121,0.0,1
64,inceptionv3,0.0589687489396947,2
65,efficientnetb0,0.0,1
66,vgg16,0.0060710231598882,1
67,efficientnetb2,0.2064582521296088,2
68,efficientnetb1,0.0,1
69,vgg19,0.0183675354070255,1
70,efficientnetb1,0.7039994792384792,4
71,resnet18,0.5358361217945573,1
72,resnet34,0.2104748857315504,1
73,inceptionv3,0.0074999869015191,1
74,alexnet,0.0,1
75,efficientnetb2,1.0,3
76,resnet18,1.0,2
77,resnet50,0.0,1
78,vgg16,0.0060710231598882,1
79,inceptionv3,0.0589687489396947,2
80,resnet18,1.0,2
81,inceptionv3,0.2596914260161562,4
82,densenet121,0.0230700539672484,2
83,vgg16,0.0548212617333455,3
84,densenet161,0.0601439006764898,1
85,efficientnetb2,0.0,1
86,vgg19,0.0,2
87,mobilenetv2,0.0,1
88,vgg19,0.0183675354070255,1
89,vgg19,0.0183675354070255,1
90,resnet18,1.0,2
91,efficientnetb2,0.0,1
92,vgg16,0.4031740758458291,6
93,resnet34,0.2104748857315504,1
94,efficientnetb2,0.0,1
95,efficientnetb2,0.0,1
96,inceptionv3,0.2596914260161562,4
97,efficientnetb1,0.0,1
98,efficientnetb2,0.0,1
99,mobilenetv2,1.0,3
100,efficientnetb0,0.0,1
101,resnet34,0.2104748857315504,1
102,resnet18,0.5358361217945573,1
103,mobilenetv2,0.8450079283333408,4
104,densenet161,0.0601439006764898,1
105,densenet121,0.0,1
106,vgg16,0.0548212617333455,3
107,efficientnetb2,0.2064582521296088,2
108,resnet34,0.2104748857315504,1
109,efficientnetb0,0.245393377540531,2
110,resnet18,1.0,2
111,efficientnetb2,0.0,1
112,vgg19,0.0183675354070255,1
113,resnet50,0.3012988939538109,3
114,resnet50,0.1412757250508847,2
115,alexnet,0.0,1
116,resnet18,0.5358361217945573,1
117,alexnet,0.0,1
118,resnet50,0.0,1
119,vgg19,0.0183675354070255,1
120,densenet121,0.0,1
121,vgg16,0.0060710231598882,1
122,inceptionv3,0.0074999869015191,1
123,resnet18,0.5358361217945573,1
124,efficientnetb1,0.2284047954549483,2
125,resnet34,0.3385797164144236,2
126,vgg19,0.0183675354070255,1
127,resnet18,0.5358361217945573,1
128,efficientnetb2,0.2064582521296088,2
129,densenet161,0.0018556587877228,3
130,densenet121,0.0,1
131,efficientnetb2,0.0,1
132,densenet161,0.0601439006764898,1
133,mobilenetv2,0.0,1
134,vgg16,0.0381294915227273,4
135,mobilenetv2,0.1707546110429631,2
136,resnet18,1.0,2
137,resnet34,0.2104748857315504,1
138,efficientnetb0,0.245393377540531,2
139,efficientnetb0,0.0,1
140,vgg16,0.0381294915227273,4
141,resnet34,0.2104748857315504,1
142,efficientnetb1,0.2680647929070547,6
143,densenet121,0.0230700539672484,2
144,efficientnetb1,0.0,1
145,densenet121,0.0,1
146,vgg19,0.0,2
147,resnet18,0.5358361217945573,1
148,mobilenetv2,0.0,1
149,efficientnetb0,1.0,3
150,densenet161,0.0601439006764898,1
151,inceptionv3,0.0307928131530639,3
152,resnet50,0.1412757250508847,2
153,alexnet,0.0,1
154,inceptionv3,0.0589687489396947,2
155,mobilenetv2,0.1707546110429631,2
156,efficientnetb2,0.0,1
157,mobilenetv2,0.1707546110429631,2
158,resnet50,0.0,1
159,efficientnetb2,0.0,1
160,densenet121,0.0,1
161,efficientnetb1,1.0,3
162,inceptionv3,0.0074999869015191,1
163,densenet121,0.0230700539672484,2
164,densenet121,0.0,1
165,efficientnetb1,0.2284047954549483,2
166,densenet161,0.0,2
167,efficientnetb0,0.245393377540531,2
168,vgg16,0.5519575390300896,9
169,efficientnetb0,0.0,1
170,alexnet,0.293491136826713,4
171,efficientnetb2,0.2064582521296088,2
172,resnet34,0.2104748857315504,1
173,inceptionv3,0.0074999869015191,1
174,efficientnetb2,0.0,1
175,efficientnetb0,0.245393377540531,2
176,resnet50,0.1412757250508847,2
177,vgg16,0.0060710231598882,1
178,resnet50,0.0,1
179,efficientnetb2,0.0,1
180,vgg19,0.0183675354070255,1
181,inceptionv3,0.0074999869015191,1
182,vgg16,0.0548212617333455,3
183,densenet121,0.390359012366206,7
184,mobilenetv2,0.0,1
185,densenet161,0.0,2
186,alexnet,0.0,1
187,resnet34,0.5254802820550293,3
188,resnet34,0.5254802820550293,3
189,vgg16,0.0,2
190,efficientnetb0,0.0,1
191,resnet50,0.3012988939538109,3
192,mobilenetv2,0.4648669037656601,6
193,efficientnetb0,0.245393377540531,2
194,inceptionv3,0.2596914260161562,4
195,efficientnetb2,0.0,1
196,vgg16,0.0381294915227273,4
197,efficientnetb2,0.027788540826475,8
198,efficientnetb0,0.245393377540531,2
199,efficientnetb1,0.0,1
200,resnet18,1.0,2
201,mobilenetv2,0.0,1
202,vgg19,0.0,2
203,resnet50,0.0,1
204,mobilenetv2,1.0,3
205,efficientnetb0,0.245393377540531,2
206,resnet50,0.1412757250508847,2
207,efficientnetb0,0.0,1
208,alexnet,0.0281280654545952,2
209,efficientnetb1,0.2284047954549483,2
210,vgg19,0.0183675354070255,1
211,densenet161,0.0018556587877228,3
212,alexnet,0.0,1
213,inceptionv3,0.0074999869015191,1
214,vgg19,0.0,2
215,resnet50,0.1412757250508847,2
216,vgg16,0.7455450313368192,10
217,resnet18,0.5358361217945573,1
218,alexnet,0.0,1
219,resnet18,0.5358361217945573,1
220,efficientnetb1,0.0,1
221,inceptionv3,0.0307928131530639,3
222,inceptionv3,0.0074999869015191,1
223,resnet34,0.8527581774225047,5
224,densenet161,0.0,2
225,inceptionv3,0.0589687489396947,2
226,resnet50,0.3012988939538109,3
227,efficientnetb0,0.6801221238861833,4
228,resnet50,0.0,1
229,mobilenetv2,0.1707546110429631,2
230,mobilenetv2,0.0,1
231,efficientnetb2,0.0,1
232,densenet161,0.0018556587877228,3
233,efficientnetb0,1.0,3
234,mobilenetv2,1.0,3
235,vgg16,0.0060710231598882,1
236,efficientnetb0,0.245393377540531,2
237,efficientnetb1,0.0,1
238,densenet121,0.0166311998595305,3
239,resnet18,0.5358361217945573,1
240,efficientnetb0,0.0,1
241,resnet50,0.8248723661787692,5
242,resnet34,0.2104748857315504,1
243,resnet34,0.2104748857315504,1
244,resnet18,1.0,2
245,resnet34,0.2104748857315504,1
246,vgg16,0.0,2
247,densenet121,0.0,1
248,efficientnetb2,0.2064582521296088,2
249,efficientnetb2,0.2064582521296088,2
250,vgg19,0.0183675354070255,1
251,densenet161,0.0601439006764898,1
252,efficientnetb0,1.0,3
253,densenet161,0.0,2
254,inceptionv3,0.0074999869015191,1
255,resnet18,0.5358361217945573,1
256,resnet18,0.5358361217945573,1
257,inceptionv3,0.4094316093258586,6
258,vgg19,0.0,2
259,alexnet,0.0,1
260,efficientnetb1,0.0,1
261,efficientnetb0,0.0,1
262,resnet18,1.0,2
263,efficientnetb1,0.023223098071313,8
264,resnet18,0.4650005330060861,5
265,alexnet,0.0281280654545952,2
266,inceptionv3,0.0589687489396947,2
267,resnet34,0.5254802820550293,3
268,efficientnetb2,0.0,1
269,alexnet,0.0281280654545952,2
270,resnet18,0.5358361217945573,1
271,inceptionv3,0.0074999869015191,1
272,alexnet,0.0,1
273,vgg19,0.0183675354070255,1
274,inceptionv3,0.0589687489396947,2
275,efficientnetb0,0.245393377540531,2
276,resnet18,1.0,2
277,vgg16,0.0,2
278,efficientnetb2,0.2636878690227005,6
279,densenet161,0.0,2
280,resnet18,0.5358361217945573,1
281,efficientnetb0,0.245393377540531,2
282,mobilenetv2,0.0,1
283,resnet34,0.2104748857315504,1
284,efficientnetb1,0.0,1
285,efficientnetb1,0.0,1
286,densenet161,0.0,2
287,resnet18,0.9772814215247084,3
288,resnet50,0.1412757250508847,2
289,densenet161,0.0,2
290,resnet50,0.0,1
291,densenet121,1.0,6
292,resnet18,0.9772814215247084,3
293,inceptionv3,0.2596914260161562,4
294,inceptionv3,0.0074999869015191,1
295,efficientnetb2,0.0,1
296,densenet121,0.0166311998595305,3
297,vgg19,0.0,2
298,densenet121,0.0230700539672484,2
299,densenet121,0.0,1
300,densenet161,0.0601439006764898,1
301,resnet34,0.2104748857315504,1
302,alexnet,0.0281280654545952,2
303,efficientnetb2,0.2064582521296088,2
304,efficientnetb2,0.027788540826475,8
305,efficientnetb2,0.027788540826475,8
306,inceptionv3,0.2902176748165008,5
307,alexnet,0.2991244697200437,5
308,densenet121,0.0166311998595305,3
309,resnet34,0.2104748857315504,1
310,vgg19,0.9322438807363724,13
311,resnet50,0.0,1
312,inceptionv3,0.5328326911526806,7
313,resnet18,0.5358361217945573,1
314,resnet18,0.9772814215247084,3
315,resnet18,0.9772814215247084,3
316,efficientnetb0,1.0,3
317,densenet161,0.0018556587877228,3
318,mobilenetv2,0.4648669037656601,6
319,densenet121,0.133680659859905,4
320,mobilenetv2,1.0,3
321,vgg16,0.4187967673445678,7
322,densenet161,0.0018556587877228,3
323,resnet18,0.9772814215247084,3
324,inceptionv3,0.0074999869015191,1
325,densenet161,0.2611850784190904,12
326,resnet50,0.0,1
327,efficientnetb0,0.0,1
328,inceptionv3,0.4094316093258586,6
329,alexnet,0.0,1
330,efficientnetb2,0.2636878690227005,6
331,efficientnetb0,0.245393377540531,2
332,alexnet,0.2991244697200437,5
333,inceptionv3,0.4094316093258586,6
334,resnet50,0.0,1
335,resnet18,0.5358361217945573,1
336,mobilenetv2,1.0,3
337,densenet121,0.133680659859905,4
338,densenet161,0.0601439006764898,1
339,densenet161,0.0018556587877228,3
340,resnet18,0.5358361217945573,1
341,densenet121,0.1007807070881022,9
342,alexnet,0.1458942907493161,3
343,mobilenetv2,0.0,1
344,densenet121,0.3516434776147618,8
345,alexnet,0.0,1
346,densenet121,0.390359012366206,7
347,vgg16,0.0381294915227273,4
348,resnet50,1.0,6
349,resnet50,0.481243768988981,4
350,densenet161,0.0018556587877228,3
351,vgg16,0.0,2
352,densenet121,1.0,6
353,resnet34,1.0,6
354,resnet34,0.7089537968694798,4
355,resnet50,0.3012988939538109,3
356,efficientnetb0,0.6801221238861833,4
357,efficientnetb2,0.0,1
358,resnet34,0.3678455557746687,11
359,densenet161,0.0601439006764898,1
360,mobilenetv2,0.6117761346376276,5
361,resnet18,0.5358361217945573,1
362,vgg16,0.0,2
363,resnet18,0.4650005330060861,5
364,alexnet,0.0,1
365,efficientnetb1,0.2284047954549483,2
366,resnet34,0.3385797164144236,2
367,efficientnetb0,1.0,3
368,alexnet,0.1458942907493161,3
369,resnet34,0.2104748857315504,1
370,vgg19,0.053642035656265,3
371,alexnet,0.293491136826713,4
372,alexnet,0.0281280654545952,2
373,efficientnetb1,0.2680647929070547,6
374,densenet161,0.2831929044634787,5
375,efficientnetb0,0.6801221238861833,4
376,efficientnetb0,0.245393377540531,2
377,mobilenetv2,0.1707546110429631,2
378,alexnet,0.5934426452362273,7
379,efficientnetb0,0.0,1
380,inceptionv3,0.3623001669335878,9
381,mobilenetv2,0.8450079283333408,4
382,inceptionv3,0.0589687489396947,2
383,efficientnetb1,0.7039994792384792,4
384,inceptionv3,0.2596914260161562,4
385,efficientnetb2,0.0,1
386,resnet18,0.5358361217945573,1
387,densenet121,0.0,1
388,inceptionv3,0.0074999869015191,1
389,efficientnetb1,0.0,1
390,resnet18,0.5358361217945573,1
391,efficientnetb1,0.4873612700075253,5
392,efficientnetb1,1.0,3
393,alexnet,0.0,1
394,efficientnetb1,0.2284047954549483,2
395,inceptionv3,0.0074999869015191,1
396,densenet121,0.133680659859905,4
397,efficientnetb2,0.2064582521296088,2
398,efficientnetb1,0.2284047954549483,2
399,efficientnetb1,0.023223098071313,8
400,efficientnetb0,0.245393377540531,2
401,vgg19,0.3786480345124817,5
402,vgg16,0.0381294915227273,4
403,resnet18,0.0,8
404,efficientnetb2,1.0,3
405,resnet34,0.5254802820550293,3
406,vgg19,0.3144631067328258,6
407,resnet18,0.5358361217945573,1
408,vgg16,0.0,2
409,densenet121,0.0166311998595305,3
410,mobilenetv2,0.4648669037656601,6
411,efficientnetb2,0.6509085704414946,4
412,efficientnetb2,0.2064582521296088,2
413,vgg16,0.0,2
414,densenet161,0.0601439006764898,1
415,vgg19,0.0183675354070255,1
416,resnet50,0.1412757250508847,2
417,inceptionv3,0.2902176748165008,5
418,alexnet,0.0,1
419,densenet161,0.0,2
420,efficientnetb1,0.023223098071313,8
421,efficientnetb1,0.0,1
422,inceptionv3,0.2902176748165008,5
423,inceptionv3,0.2596914260161562,4
424,efficientnetb0,1.0,3
425,resnet18,0.5358361217945573,1
426,efficientnetb0,0.245393377540531,2
427,vgg16,0.0,2
428,mobilenetv2,0.0,1
429,vgg19,0.1144285467096243,4
430,inceptionv3,0.0074999869015191,1
431,resnet18,0.9772814215247084,3
432,vgg19,0.0183675354070255,1
433,vgg16,0.4173293874259716,5
434,mobilenetv2,0.4648669037656601,6
435,densenet161,0.0018556587877228,3
436,efficientnetb0,0.245393377540531,2
437,resnet34,0.8120702549228033,7
438,vgg16,0.4173293874259716,5
439,efficientnetb1,0.7039994792384792,4
440,resnet50,0.3012988939538109,3
441,efficientnetb2,0.027788540826475,8
442,efficientnetb0,0.0,1
443,alexnet,0.0,1
444,efficientnetb2,0.0,1
445,efficientnetb0,0.245393377540531,2
446,vgg16,0.0060710231598882,1
447,efficientnetb2,0.027788540826475,8
448,inceptionv3,0.0074999869015191,1
449,mobilenetv2,0.8450079283333408,4
450,vgg16,0.0060710231598882,1
451,inceptionv3,0.2596914260161562,4
452,inceptionv3,0.4094316093258586,6
453,resnet34,0.3385797164144236,2
454,efficientnetb0,0.0,1
455,mobilenetv2,0.1707546110429631,2
456,vgg16,0.0381294915227273,4
457,vgg16,0.0548212617333455,3
458,efficientnetb1,0.2680647929070547,6
459,resnet18,0.5358361217945573,1
460,resnet34,0.5254802820550293,3
461,vgg19,0.3786480345124817,5
462,resnet18,0.666846850715217,4
463,efficientnetb2,0.027788540826475,8
464,efficientnetb2,0.2064582521296088,2
465,vgg16,0.0,2
466,efficientnetb0,1.0,3
467,densenet161,0.0601439006764898,1
468,vgg16,0.0,2
469,alexnet,0.293491136826713,4
470,inceptionv3,0.4094316093258586,6
471,efficientnetb2,0.2064582521296088,2
472,densenet121,0.4858756243316292,5
473,vgg16,0.0,2
474,alexnet,0.293491136826713,4
475,alexnet,0.293491136826713,4
476,vgg19,0.0,2
477,resnet50,0.3743501150304915,10
478,mobilenetv2,0.4324170734073829,8
479,efficientnetb2,0.6509085704414946,4
480,vgg16,0.4031740758458291,6
481,mobilenetv2,0.1707546110429631,2
482,resnet34,0.3385797164144236,2
483,densenet161,0.0601439006764898,1
484,efficientnetb0,1.0,3
485,resnet34,0.3385797164144236,2
486,densenet121,0.0166311998595305,3
487,efficientnetb0,0.0,1
488,alexnet,0.0,1
489,inceptionv3,0.8003254803685758,11
490,inceptionv3,0.0074999869015191,1
491,resnet34,0.7089537968694798,4
492,mobilenetv2,0.8450079283333408,4
493,efficientnetb0,1.0,3
494,alexnet,0.2991244697200437,5
495,vgg19,0.0,2
496,efficientnetb1,0.4873612700075253,5
497,efficientnetb0,0.0,1
498,mobilenetv2,0.1707546110429631,2
499,densenet121,1.0,6
500,mobilenetv2,0.4648669037656601,6
501,alexnet,0.293491136826713,4
502,vgg16,0.0060710231598882,1
503,vgg19,0.053642035656265,3
504,resnet50,0.3016164674088932,11
505,alexnet,0.0,1
506,vgg19,0.0183675354070255,1
507,resnet18,0.666846850715217,4
508,efficientnetb2,1.0,3
509,resnet18,0.5358361217945573,1
510,efficientnetb2,0.0,1
511,inceptionv3,0.0307928131530639,3
512,vgg19,0.7537426666757167,12
513,resnet50,0.8248723661787692,5
514,efficientnetb0,1.0,3
515,densenet121,0.4858756243316292,5
516,efficientnetb1,0.4873612700075253,5
517,resnet34,1.0,6
518,mobilenetv2,0.0,1
519,resnet18,0.666846850715217,4
520,mobilenetv2,0.0,1
521,resnet50,0.0,1
522,resnet50,0.1412757250508847,2
523,mobilenetv2,0.4685879196662824,7
524,densenet121,0.1379889878308899,11
525,alexnet,0.0281280654545952,2
526,mobilenetv2,0.4648669037656601,6
527,resnet34,0.8527581774225047,5
528,vgg19,0.053642035656265,3
529,resnet50,0.6400205520491736,8
530,densenet121,0.0166311998595305,3
531,resnet50,0.4611727687596107,9
532,efficientnetb2,1.0,3
533,resnet34,0.2104748857315504,1
534,resnet50,0.481243768988981,4
535,resnet18,1.0,2
536,vgg16,0.0060710231598882,1
537,mobilenetv2,0.4648669037656601,6
538,resnet50,0.0,1
539,resnet34,0.5254802820550293,3
540,inceptionv3,0.2902176748165008,5
541,densenet121,0.133680659859905,4
542,alexnet,0.2991244697200437,5
543,densenet161,0.2994714122049385,4
544,resnet18,0.666846850715217,4
545,resnet18,0.666846850715217,4
546,densenet161,0.3296837125189169,9
547,vgg19,0.0183675354070255,1
548,vgg16,0.5638100259338691,8
549,resnet50,1.0,6
550,resnet18,0.5358361217945573,1
551,resnet18,0.666846850715217,4
552,alexnet,0.0281280654545952,2
553,efficientnetb2,0.2064582521296088,2
554,resnet18,0.9772814215247084,3
555,densenet121,0.4858756243316292,5
556,vgg19,0.0,2
557,vgg16,0.5519575390300896,9
558,inceptionv3,0.0307928131530639,3
559,resnet50,0.3012988939538109,3
560,vgg16,0.0,2
561,vgg19,0.053642035656265,3
562,efficientnetb2,0.2636878690227005,6
563,efficientnetb0,0.5462134982716761,5
564,densenet121,0.3516434776147618,8
565,efficientnetb2,1.0,3
566,efficientnetb0,0.0,1
567,vgg19,0.053642035656265,3
568,alexnet,0.0281280654545952,2
569,inceptionv3,0.0589687489396947,2
570,vgg16,0.0381294915227273,4
571,mobilenetv2,0.3398616632323326,9
572,efficientnetb1,1.0,3
573,vgg16,0.0060710231598882,1
574,alexnet,0.5631644549980375,8
575,inceptionv3,0.0307928131530639,3
576,efficientnetb1,0.4873612700075253,5
577,densenet121,0.0166311998595305,3
578,vgg19,0.3144631067328258,6
579,resnet34,0.5574747946963727,9
580,resnet50,0.0,1
581,vgg19,0.0183675354070255,1
582,densenet121,0.0,1
583,efficientnetb1,0.7039994792384792,4
584,efficientnetb0,1.0,3
585,inceptionv3,0.4094316093258586,6
586,densenet121,0.4858756243316292,5
587,efficientnetb1,0.0,1
588,resnet18,0.5358361217945573,1
589,vgg16,0.0381294915227273,4
590,alexnet,0.293491136826713,4
591,resnet34,0.2104748857315504,1
592,densenet121,0.133680659859905,4
593,alexnet,0.0281280654545952,2
594,efficientnetb0,0.0,1
595,resnet50,0.8017819857800019,7
596,efficientnetb0,0.6801221238861833,4
597,efficientnetb2,0.6509085704414946,4
598,resnet34,0.3385797164144236,2
599,resnet34,0.5254802820550293,3
600,resnet34,1.0,6
601,efficientnetb2,0.4515770715118704,5
602,resnet18,0.5358361217945573,1
603,vgg19,0.3698836387150448,7
604,densenet121,0.0166311998595305,3
605,inceptionv3,0.2596914260161562,4
606,efficientnetb2,0.2636878690227005,6
607,vgg19,0.1144285467096243,4
608,efficientnetb1,0.7039994792384792,4
609,vgg19,0.3786480345124817,5
610,efficientnetb2,1.0,3
611,inceptionv3,0.0307928131530639,3
612,resnet34,0.3385797164144236,2
613,vgg16,0.0,2
614,efficientnetb0,0.245393377540531,2
615,vgg16,0.0381294915227273,4
616,efficientnetb2,0.027788540826475,8
617,densenet121,0.3516434776147618,8
618,vgg19,0.6821322371858641,10
619,densenet121,0.0,1
620,resnet34,0.3678455557746687,11
621,vgg16,0.4173293874259716,5
622,efficientnetb0,0.0277656910590755,8
623,mobilenetv2,0.1707546110429631,2
624,resnet18,1.0,2
625,densenet121,1.0,6
626,efficientnetb2,0.0,1
627,densenet121,0.3516434776147618,8
628,efficientnetb2,0.2064582521296088,2
629,resnet34,0.7020867334437453,8
630,mobilenetv2,0.0,1
631,efficientnetb1,0.7039994792384792,4
632,efficientnetb1,0.4873612700075253,5
633,vgg16,0.0548212617333455,3
634,densenet121,1.0,6
635,efficientnetb0,0.0300451672854749,7
636,alexnet,0.0,1
637,vgg16,0.0,2
638,vgg16,0.0060710231598882,1
639,resnet18,0.9772814215247084,3
640,densenet121,0.133680659859905,4
641,resnet50,0.6400205520491736,8
642,efficientnetb1,0.4873612700075253,5
643,efficientnetb1,0.0,1
644,efficientnetb2,1.0,3
645,vgg19,0.7512707723562208,18
646,densenet161,0.9380901386244868,8
647,densenet161,0.0601439006764898,1
648,densenet161,0.8028649279588222,7
649,efficientnetb2,1.0,3
650,resnet18,0.666846850715217,4
651,efficientnetb0,0.2344467476320147,6
652,densenet161,0.3296837125189169,9
653,resnet50,0.0,1
654,resnet50,0.3012988939538109,3
655,resnet34,0.8527581774225047,5
656,mobilenetv2,0.8450079283333408,4
657,efficientnetb2,1.0,3
658,inceptionv3,0.0074999869015191,1
659,vgg16,0.0,2
660,efficientnetb0,0.0,1
661,efficientnetb2,1.0,3
662,efficientnetb2,0.0,1
663,efficientnetb1,1.0,3
664,vgg19,0.7038804657074393,11
665,inceptionv3,0.0074999869015191,1
666,resnet50,0.1929263993625516,13
667,resnet18,0.9772814215247084,3
668,efficientnetb2,0.2636878690227005,6
669,vgg16,0.0548212617333455,3
670,resnet18,0.9772814215247084,3
671,resnet50,0.1412757250508847,2
672,resnet18,0.0,8
673,mobilenetv2,0.0,1
674,alexnet,0.4184310756079495,6
675,alexnet,0.2991244697200437,5
676,resnet18,0.666846850715217,4
677,densenet161,0.2611850784190904,12
678,efficientnetb1,1.0,3
679,resnet50,0.481243768988981,4
680,inceptionv3,0.0589687489396947,2
681,densenet161,0.2831929044634787,5
682,densenet121,0.0230700539672484,2
683,efficientnetb2,1.0,3
684,efficientnetb1,0.2284047954549483,2
685,resnet18,0.4650005330060861,5
686,resnet34,0.3385797164144236,2
687,resnet34,0.7089537968694798,4
688,densenet121,0.0,1
689,densenet161,0.2994714122049385,4
690,densenet121,0.1007807070881022,9
691,resnet18,0.5358361217945573,1
692,mobilenetv2,0.8450079283333408,4
693,efficientnetb2,0.0,1
694,resnet34,0.8120702549228033,7
695,alexnet,0.1458942907493161,3
696,resnet50,0.6400205520491736,8
697,resnet50,1.0,6
698,inceptionv3,0.2596914260161562,4
699,resnet50,0.8017819857800019,7
700,densenet121,0.0166311998595305,3
701,resnet18,0.5358361217945573,1
702,mobilenetv2,0.1707546110429631,2
703,resnet50,0.3012988939538109,3
704,resnet34,0.8120702549228033,7
705,efficientnetb0,0.2344467476320147,6
706,densenet161,0.0018556587877228,3
707,alexnet,0.0281280654545952,2
708,efficientnetb0,0.6801221238861833,4
709,resnet18,0.5358361217945573,1
710,inceptionv3,0.0074999869015191,1
711,densenet161,0.2611850784190904,12
712,mobilenetv2,0.4648669037656601,6
713,resnet50,0.0,1
714,densenet161,0.0,2
715,efficientnetb2,0.2064582521296088,2
716,efficientnetb0,0.6801221238861833,4
717,efficientnetb0,1.0,3
718,efficientnetb1,0.4873612700075253,5
719,vgg19,0.3786480345124817,5
720,resnet50,0.0,1
721,densenet161,0.0018556587877228,3
722,efficientnetb1,0.0,1
723,resnet34,0.7089537968694798,4
724,efficientnetb0,1.0,3
725,densenet121,0.0230700539672484,2
726,efficientnetb0,1.0,3
727,densenet161,0.0018556587877228,3
728,mobilenetv2,0.6117761346376276,5
729,resnet34,0.2104748857315504,1
730,densenet161,0.3296837125189169,9
731,densenet161,0.3296837125189169,9
732,vgg16,0.8548072768189431,12
733,resnet50,0.8017819857800019,7
734,resnet18,0.9772814215247084,3
735,efficientnetb2,0.6509085704414946,4
736,vgg16,0.0,2
737,resnet50,0.0,1
738,resnet50,0.1412757250508847,2
739,efficientnetb0,0.0,1
740,densenet161,0.0601439006764898,1
741,efficientnetb2,1.0,3
742,resnet18,0.9772814215247084,3
743,vgg16,0.4173293874259716,5
744,densenet161,0.3464512676069018,10
745,inceptionv3,0.0074999869015191,1
746,resnet34,1.0,6
747,vgg16,0.0,2
748,resnet18,0.2713411337912176,6
749,vgg16,0.0,2
750,vgg19,0.6821322371858641,10
751,vgg19,0.053642035656265,3
752,efficientnetb0,0.0,1
753,inceptionv3,0.0589687489396947,2
754,mobilenetv2,0.6117761346376276,5
755,mobilenetv2,0.0,1
756,resnet18,1.0,2
757,densenet121,0.0166311998595305,3
758,resnet34,0.5254802820550293,3
759,mobilenetv2,0.0,1
760,resnet34,0.5254802820550293,3
761,resnet18,0.5358361217945573,1
762,inceptionv3,0.0074999869015191,1
763,densenet121,0.133680659859905,4
764,densenet121,0.390359012366206,7
765,vgg19,0.783629319224574,17
766,efficientnetb0,0.2344467476320147,6
767,densenet161,0.2831929044634787,5
768,densenet121,1.0,6
769,alexnet,0.293491136826713,4
770,resnet18,1.0,2
771,densenet121,0.4858756243316292,5
772,densenet121,0.0166311998595305,3
773,resnet50,0.6400205520491736,8
774,efficientnetb1,1.0,3
775,resnet34,0.8120702549228033,7
776,alexnet,0.1458942907493161,3
777,resnet50,0.3743501150304915,10
778,efficientnetb1,1.0,3
779,densenet121,0.4858756243316292,5
780,densenet161,0.8028649279588222,7
781,alexnet,0.1458942907493161,3
782,vgg19,0.3698836387150448,7
783,vgg16,0.4173293874259716,5
784,resnet50,0.3012988939538109,3
785,densenet121,0.4858756243316292,5
786,densenet121,0.0166311998595305,3
787,efficientnetb0,0.5462134982716761,5
788,resnet34,0.8527581774225047,5
789,resnet34,0.8120702549228033,7
790,efficientnetb0,1.0,3
791,resnet50,0.3012988939538109,3
792,efficientnetb1,0.4873612700075253,5
793,resnet18,1.0,2
794,densenet161,0.0,2
795,resnet18,1.0,2
796,vgg16,0.0381294915227273,4
797,densenet121,0.390359012366206,7
798,densenet161,0.0018556587877228,3
799,alexnet,0.293491136826713,4
800,densenet121,1.0,6
801,vgg19,0.3786480345124817,5
802,efficientnetb2,1.0,3
803,efficientnetb2,0.6509085704414946,4
804,resnet50,0.3743501150304915,10
805,densenet121,0.0,1
806,resnet34,1.0,6
807,mobilenetv2,0.6117761346376276,5
808,densenet161,0.2611850784190904,12
809,mobilenetv2,1.0,3
810,efficientnetb1,1.0,3
811,efficientnetb0,0.245393377540531,2
812,alexnet,0.4184310756079495,6
813,densenet121,0.1007807070881022,9
814,efficientnetb1,1.0,3
815,efficientnetb1,1.0,3
816,efficientnetb2,0.6509085704414946,4
817,alexnet,0.1458942907493161,3
818,inceptionv3,0.0074999869015191,1
819,efficientnetb2,1.0,3
820,densenet121,1.0,6
821,mobilenetv2,0.4648669037656601,6
822,densenet161,0.2611850784190904,12
823,mobilenetv2,0.4685879196662824,7
824,alexnet,0.5631644549980375,8
825,vgg16,0.0548212617333455,3
826,densenet121,0.4858756243316292,5
827,vgg19,0.9938700985656802,16
828,resnet18,1.0,2
829,densenet161,1.0,6
830,vgg19,0.3144631067328258,6
831,vgg19,0.6821322371858641,10
832,resnet50,0.8248723661787692,5
833,densenet121,0.0230700539672484,2
834,vgg16,0.7455450313368192,10
835,resnet50,1.0,6
836,densenet121,0.133680659859905,4
837,vgg16,0.986973209346794,14
838,inceptionv3,0.0589687489396947,2
839,densenet161,0.2611850784190904,12
840,alexnet,0.1458942907493161,3
841,resnet34,0.5254802820550293,3
842,efficientnetb0,1.0,3
843,alexnet,0.4184310756079495,6
844,vgg19,0.053642035656265,3
845,resnet18,0.5358361217945573,1
846,efficientnetb2,0.4515770715118704,5
847,inceptionv3,0.0589687489396947,2
848,resnet50,0.481243768988981,4
849,efficientnetb2,0.4515770715118704,5
850,alexnet,0.1458942907493161,3
851,resnet50,0.0,1
852,alexnet,0.1458942907493161,3
853,resnet18,0.9772814215247084,3
854,resnet18,1.0,2
855,alexnet,0.293491136826713,4
856,efficientnetb1,0.7039994792384792,4
857,mobilenetv2,0.0,1
858,resnet18,0.666846850715217,4
859,mobilenetv2,0.6117761346376276,5
860,densenet161,0.0601439006764898,1
861,efficientnetb2,0.6509085704414946,4
862,inceptionv3,0.0074999869015191,1
863,efficientnetb1,1.0,3
864,resnet18,1.0,2
865,densenet161,0.2611850784190904,12
866,resnet34,0.2104748857315504,1
867,vgg16,0.986973209346794,14
868,resnet50,0.8017819857800019,7
869,vgg19,0.3144631067328258,6
870,mobilenetv2,0.4685879196662824,7
871,efficientnetb1,0.7039994792384792,4
872,efficientnetb1,0.7039994792384792,4
873,resnet34,1.0,6
874,resnet34,0.5254802820550293,3
875,inceptionv3,0.2596914260161562,4
876,resnet50,0.3012988939538109,3
877,mobilenetv2,0.6117761346376276,5
878,vgg16,0.0060710231598882,1
879,inceptionv3,0.4094316093258586,6
880,efficientnetb1,1.0,3
881,alexnet,0.1458942907493161,3
882,vgg16,0.0381294915227273,4
883,efficientnetb1,1.0,3
884,efficientnetb2,1.0,3
885,densenet121,0.0230700539672484,2
886,densenet121,1.0,6
887,resnet34,0.3385797164144236,2
888,resnet18,1.0,2
889,inceptionv3,0.5328326911526806,7
890,efficientnetb1,0.7039994792384792,4
891,resnet34,1.0,6
892,efficientnetb2,1.0,3
893,resnet18,0.9772814215247084,3
894,inceptionv3,0.0307928131530639,3
895,resnet34,1.0,6
896,resnet50,0.6400205520491736,8
897,vgg16,0.0,2
898,efficientnetb2,0.2064582521296088,2
899,efficientnetb1,0.7039994792384792,4
900,resnet50,0.8248723661787692,5
901,inceptionv3,0.2596914260161562,4
902,resnet50,0.6400205520491736,8
903,efficientnetb1,1.0,3
904,resnet50,0.3012988939538109,3
905,alexnet,0.2991244697200437,5
906,vgg19,0.4817677379651593,9
907,efficientnetb0,1.0,3
908,densenet121,1.0,6
909,efficientnetb2,1.0,3
910,vgg19,0.1144285467096243,4
911,inceptionv3,0.0589687489396947,2
912,efficientnetb0,1.0,3
913,efficientnetb2,1.0,3
914,vgg19,0.0183675354070255,1
915,alexnet,0.1458942907493161,3
916,densenet121,0.4858756243316292,5
917,densenet161,0.2611850784190904,12
918,inceptionv3,0.0074999869015191,1
919,densenet121,0.4858756243316292,5
920,vgg19,0.0183675354070255,1
921,efficientnetb2,1.0,3
922,densenet161,0.2831929044634787,5
923,resnet34,0.3385797164144236,2
924,mobilenetv2,0.8450079283333408,4
925,densenet121,0.3516434776147618,8
926,mobilenetv2,0.4648669037656601,6
927,resnet34,0.7020867334437453,8
928,efficientnetb0,1.0,3
929,efficientnetb2,1.0,3
930,vgg16,0.0548212617333455,3
931,efficientnetb1,1.0,3
932,resnet50,0.8248723661787692,5
933,efficientnetb0,1.0,3
934,resnet50,0.4611727687596107,9
935,densenet161,1.0,6
936,densenet161,1.0,6
937,densenet121,0.4858756243316292,5
938,resnet34,0.7089537968694798,4
939,efficientnetb1,1.0,3
940,vgg16,0.5519575390300896,9
941,vgg19,1.0,15
942,resnet18,0.9772814215247084,3
943,inceptionv3,0.0589687489396947,2
944,vgg16,0.0381294915227273,4
945,densenet161,0.0,2
946,resnet18,1.0,2
947,resnet50,0.8017819857800019,7
948,densenet161,0.2831929044634787,5
949,efficientnetb1,0.2284047954549483,2
950,efficientnetb1,1.0,3
951,efficientnetb2,0.4515770715118704,5
952,densenet121,0.4858756243316292,5
953,vgg19,0.1144285467096243,4
954,alexnet,0.293491136826713,4
955,densenet161,1.0,6
956,vgg19,0.9938700985656802,16
957,mobilenetv2,0.6117761346376276,5
958,densenet161,0.2831929044634787,5
959,resnet18,0.9772814215247084,3
960,vgg19,0.3786480345124817,5
961,resnet50,0.8017819857800019,7
962,vgg16,0.5638100259338691,8
963,vgg19,1.0,15
964,vgg16,1.0,13
965,efficientnetb1,1.0,3
966,resnet34,1.0,6
967,vgg16,0.8548072768189431,12
968,efficientnetb0,0.245393377540531,2
969,alexnet,0.0281280654545952,2
970,efficientnetb0,0.245393377540531,2
971,resnet18,0.9772814215247084,3
972,inceptionv3,0.0589687489396947,2
973,resnet18,0.666846850715217,4
974,resnet34,0.8527581774225047,5
975,densenet121,0.133680659859905,4
976,densenet161,0.0,2
977,efficientnetb0,1.0,3
978,resnet50,0.6400205520491736,8
979,resnet18,1.0,2
980,resnet34,0.8527581774225047,5
981,densenet161,0.2831929044634787,5
982,efficientnetb2,1.0,3
983,resnet34,0.7089537968694798,4
984,densenet161,0.8028649279588222,7
985,densenet161,0.2611850784190904,12
986,resnet50,0.4611727687596107,9
987,alexnet,0.293491136826713,4
988,inceptionv3,0.0589687489396947,2
989,vgg16,0.986973209346794,14
990,resnet18,0.666846850715217,4
991,densenet121,0.0,1
992,resnet34,0.7020867334437453,8
993,resnet18,1.0,2
994,vgg16,1.0,13
995,efficientnetb2,1.0,3
996,efficientnetb1,1.0,3
997,vgg19,0.3144631067328258,6
998,densenet161,0.2611850784190904,12
999,efficientnetb0,1.0,3
1000,efficientnetb0,0.0,1
1001,vgg19,0.0183675354070255,1
1002,densenet121,0.4858756243316292,5
1003,resnet34,1.0,6
1004,efficientnetb0,1.0,3
1005,vgg19,0.1144285467096243,4
1006,vgg19,0.958551617010162,14
1007,resnet34,0.8527581774225047,5
1008,densenet161,0.2994714122049385,4
1009,vgg16,0.0060710231598882,1
1010,vgg16,0.5638100259338691,8
1011,vgg16,0.4031740758458291,6
1012,resnet18,1.0,2
1013,inceptionv3,0.0074999869015191,1
1014,resnet34,0.8527581774225047,5
1015,resnet18,1.0,2
1016,vgg19,0.053642035656265,3
1017,inceptionv3,0.0589687489396947,2
1018,resnet34,0.7020867334437453,8
1019,efficientnetb0,0.245393377540531,2
1020,resnet50,0.6400205520491736,8
1021,resnet34,1.0,6
1022,mobilenetv2,0.4685879196662824,7
1023,resnet18,0.9772814215247084,3
1024,resnet18,1.0,2
1025,resnet34,0.2104748857315504,1
1026,densenet161,0.2831929044634787,5
1027,vgg16,0.7391812735874347,15
1028,resnet34,1.0,6
1029,efficientnetb1,0.0,1
1030,resnet50,0.8017819857800019,7
1031,efficientnetb0,1.0,3
1032,efficientnetb1,1.0,3
1033,vgg16,0.0,2
1034,inceptionv3,0.0074999869015191,1
1035,resnet18,0.9772814215247084,3
1036,vgg16,0.4173293874259716,5
1037,resnet18,0.9772814215247084,3
1038,vgg19,0.783629319224574,17
1039,mobilenetv2,0.4685879196662824,7
1040,vgg16,0.0381294915227273,4
1041,alexnet,0.293491136826713,4
1042,resnet34,0.7089537968694798,4
1043,efficientnetb0,0.0,1
1044,mobilenetv2,0.8450079283333408,4
1045,vgg16,0.0548212617333455,3
1046,alexnet,0.1458942907493161,3
1047,alexnet,0.293491136826713,4
1048,efficientnetb0,1.0,3
1049,vgg16,0.8568556422949929,11
1050,resnet34,0.8527581774225047,5
1051,mobilenetv2,0.0,1
1052,efficientnetb2,1.0,3
1053,resnet50,0.8017819857800019,7
1054,densenet161,1.0,6
1055,inceptionv3,0.0074999869015191,1
1056,alexnet,0.1458942907493161,3
1057,efficientnetb1,0.7039994792384792,4
1058,vgg16,0.0,2
1059,densenet161,0.2831929044634787,5
1060,densenet161,0.2831929044634787,5
1061,densenet161,0.0,2
1062,vgg19,0.4910509157637427,8
1063,mobilenetv2,0.4685879196662824,7
1064,alexnet,0.1458942907493161,3
1065,vgg16,0.0,2
1066,densenet161,0.0018556587877228,3
1067,inceptionv3,0.0074999869015191,1
1068,inceptionv3,0.0074999869015191,1
1069,densenet121,1.0,6
1070,densenet161,1.0,6
1071,inceptionv3,0.0307928131530639,3
1072,efficientnetb1,0.2284047954549483,2
1073,efficientnetb2,1.0,3
1074,efficientnetb2,1.0,3
1075,alexnet,0.0,1
1076,mobilenetv2,0.4685879196662824,7
1077,mobilenetv2,0.4685879196662824,7
1078,resnet50,0.4611727687596107,9
1079,efficientnetb1,0.0,1
1080,vgg16,0.8568556422949929,11
1081,inceptionv3,0.0074999869015191,1
1082,resnet18,0.9772814215247084,3
1083,inceptionv3,0.0074999869015191,1
1084,efficientnetb0,1.0,3
1085,resnet50,0.8248723661787692,5
1086,densenet121,1.0,6
1087,efficientnetb1,1.0,3
1088,efficientnetb1,1.0,3
1089,resnet50,0.8017819857800019,7
1090,efficientnetb1,1.0,3
1091,resnet18,0.9772814215247084,3
1092,resnet50,0.8248723661787692,5
1093,efficientnetb0,1.0,3
1094,densenet121,0.4858756243316292,5
1095,densenet161,1.0,6
1096,densenet161,1.0,6
1097,vgg16,1.0,13
1098,efficientnetb1,0.2284047954549483,2
1099,densenet121,1.0,6
1100,vgg16,0.0548212617333455,3
1101,efficientnetb1,1.0,3
1102,efficientnetb1,1.0,3
1103,alexnet,0.293491136826713,4
1104,efficientnetb1,1.0,3
1105,resnet34,0.8120702549228033,7
1106,inceptionv3,0.0074999869015191,1
1107,resnet50,0.481243768988981,4
1108,resnet18,0.9772814215247084,3
1109,efficientnetb2,1.0,3
1110,resnet18,0.4650005330060861,5
1111,vgg16,0.4031740758458291,6
1112,efficientnetb2,1.0,3
1113,inceptionv3,0.2596914260161562,4
1114,mobilenetv2,0.4685879196662824,7
1115,resnet18,1.0,2
1116,mobilenetv2,0.4685879196662824,7
1117,efficientnetb0,1.0,3
1118,inceptionv3,0.0307928131530639,3
1119,mobilenetv2,0.4324170734073829,8
1120,alexnet,0.2991244697200437,5
1121,densenet121,1.0,6
1122,densenet161,0.0,2
1123,resnet34,0.8527581774225047,5
1124,efficientnetb1,1.0,3
1125,densenet161,0.2611850784190904,12
1126,vgg16,0.8548072768189431,12
1127,alexnet,0.2991244697200437,5
1128,resnet18,1.0,2
1129,vgg16,0.5519575390300896,9
1130,resnet34,0.7089537968694798,4
1131,vgg16,0.5638100259338691,8
1132,resnet34,1.0,6
1133,densenet161,0.2831929044634787,5
1134,inceptionv3,0.0074999869015191,1
1135,efficientnetb2,1.0,3
1136,resnet18,0.9772814215247084,3
1137,vgg16,0.0381294915227273,4
1138,resnet50,0.6400205520491736,8
1139,resnet50,0.481243768988981,4
1140,efficientnetb2,1.0,3
1141,efficientnetb1,1.0,3
1142,efficientnetb2,1.0,3
1143,resnet50,0.6400205520491736,8
1144,resnet18,0.9772814215247084,3
1145,densenet121,0.4858756243316292,5
1146,inceptionv3,0.0074999869015191,1
1147,efficientnetb0,1.0,3
1148,resnet18,0.666846850715217,4
1149,efficientnetb2,1.0,3
1150,mobilenetv2,0.0,1
1151,vgg16,0.746695083747165,16
1152,mobilenetv2,0.0,1
1153,inceptionv3,0.0074999869015191,1
1154,alexnet,0.293491136826713,4
1155,mobilenetv2,0.4685879196662824,7
1156,resnet50,0.4611727687596107,9
1157,vgg16,0.5519575390300896,9
1158,efficientnetb1,1.0,3
1159,resnet34,0.8120702549228033,7
1160,efficientnetb1,1.0,3
1161,vgg16,0.8568556422949929,11
1162,densenet161,0.8028649279588222,7
1163,inceptionv3,0.0074999869015191,1
1164,densenet161,0.0018556587877228,3
1165,resnet34,0.7089537968694798,4
1166,vgg16,0.8548072768189431,12
1167,resnet34,0.5254802820550293,3
1168,densenet121,0.4858756243316292,5
1169,vgg16,0.8548072768189431,12
1170,efficientnetb0,1.0,3
1171,efficientnetb0,1.0,3
1172,densenet161,0.8028649279588222,7
1173,densenet161,0.2611850784190904,12
1174,inceptionv3,0.0074999869015191,1
1175,efficientnetb1,1.0,3
1176,alexnet,0.2991244697200437,5
1177,densenet121,1.0,6
1178,resnet34,0.7020867334437453,8
1179,vgg19,0.4546340718481261,23
1180,efficientnetb1,1.0,3
1181,vgg16,1.0,13
1182,alexnet,0.2991244697200437,5
1183,inceptionv3,0.0074999869015191,1
1184,resnet18,0.9772814215247084,3
1185,efficientnetb2,0.6509085704414946,4
1186,efficientnetb1,0.0,1
1187,efficientnetb1,1.0,3
1188,alexnet,0.2991244697200437,5
1189,resnet50,0.3012988939538109,3
1190,efficientnetb2,1.0,3
1191,vgg16,0.746695083747165,16
1192,efficientnetb1,1.0,3
1193,alexnet,0.2991244697200437,5
1194,resnet50,0.8248723661787692,5
1195,resnet50,0.8017819857800019,7
1196,mobilenetv2,0.4648669037656601,6
1197,densenet161,0.8028649279588222,7
1198,efficientnetb0,1.0,3
1199,efficientnetb2,1.0,3
1200,densenet161,0.2831929044634787,5
1201,vgg16,0.0,2
1202,mobilenetv2,0.4685879196662824,7
1203,efficientnetb1,1.0,3
1204,densenet121,0.4858756243316292,5
1205,efficientnetb2,1.0,3
1206,densenet161,0.8028649279588222,7
1207,inceptionv3,0.0074999869015191,1
1208,densenet161,1.0,6
1209,vgg19,0.783629319224574,17
1210,densenet121,0.133680659859905,4
1211,vgg19,0.4910509157637427,8
1212,vgg19,0.4817677379651593,9
1213,efficientnetb2,0.2064582521296088,2
1214,inceptionv3,0.0074999869015191,1
1215,mobilenetv2,1.0,3
1216,vgg19,0.958551617010162,14
1217,densenet121,1.0,6
1218,resnet34,1.0,6
1219,densenet161,0.2831929044634787,5
1220,vgg16,0.8548072768189431,12
1221,efficientnetb2,1.0,3
1222,densenet121,0.4858756243316292,5
1223,resnet50,0.8017819857800019,7
1224,efficientnetb0,1.0,3
1225,alexnet,0.0281280654545952,2
1226,densenet161,0.8028649279588222,7
1227,inceptionv3,0.0074999869015191,1
1228,vgg19,0.9938700985656802,16
1229,vgg16,0.5519575390300896,9
1230,vgg19,0.7512707723562208,18
1231,inceptionv3,0.0074999869015191,1
1232,resnet50,0.6400205520491736,8
1233,densenet121,0.4858756243316292,5
1234,efficientnetb0,1.0,3
1235,alexnet,0.1458942907493161,3
1236,efficientnetb2,0.2064582521296088,2
1237,efficientnetb0,1.0,3
1238,densenet161,1.0,6
1239,densenet121,0.0,1
1240,alexnet,0.2991244697200437,5
1241,resnet18,0.9772814215247084,3
1242,efficientnetb0,1.0,3
1243,vgg19,0.783629319224574,17
1244,efficientnetb1,1.0,3
1245,resnet50,0.6400205520491736,8
1246,densenet161,0.8028649279588222,7
1247,efficientnetb2,0.6509085704414946,4
1248,densenet161,1.0,6
1249,resnet50,0.8017819857800019,7
1250,alexnet,0.2991244697200437,5
1251,resnet18,0.9772814215247084,3
1252,vgg16,0.0381294915227273,4
1253,efficientnetb0,1.0,3
1254,mobilenetv2,0.8450079283333408,4
1255,vgg16,0.986973209346794,14
1256,densenet161,0.3296837125189169,9
1257,resnet34,0.8120702549228033,7
1258,densenet161,0.2831929044634787,5
1259,inceptionv3,0.0074999869015191,1
1260,alexnet,0.2991244697200437,5
1261,efficientnetb2,0.6509085704414946,4
1262,efficientnetb1,1.0,3
1263,resnet50,0.8017819857800019,7
1264,resnet18,0.9772814215247084,3
1265,resnet34,1.0,6
1266,mobilenetv2,0.6117761346376276,5
1267,vgg16,0.7391812735874347,15
1268,efficientnetb0,1.0,3
1269,alexnet,0.2991244697200437,5
1270,efficientnetb0,1.0,3
1271,densenet121,0.0230700539672484,2
1272,inceptionv3,0.0074999869015191,1
1273,resnet18,0.9772814215247084,3
1274,inceptionv3,0.0589687489396947,2
1275,densenet161,0.0,2
1276,inceptionv3,0.0074999869015191,1
1277,efficientnetb2,1.0,3
1278,mobilenetv2,0.4648669037656601,6
1279,densenet161,0.8028649279588222,7
1280,resnet34,1.0,6
1281,vgg16,0.7391812735874347,15
1282,efficientnetb0,1.0,3
1283,resnet34,0.8120702549228033,7
1284,vgg16,0.986973209346794,14
1285,densenet121,0.390359012366206,7
1286,densenet161,0.0018556587877228,3
1287,densenet161,0.9380901386244868,8
1288,resnet18,0.9772814215247084,3
1289,densenet161,0.0601439006764898,1
1290,efficientnetb0,1.0,3
1291,mobilenetv2,0.4648669037656601,6
1292,densenet121,1.0,6
1293,resnet18,0.9772814215247084,3
1294,efficientnetb1,1.0,3
1295,efficientnetb0,1.0,3
1296,resnet34,0.2104748857315504,1
1297,mobilenetv2,0.4685879196662824,7
1298,inceptionv3,0.0074999869015191,1
1299,vgg16,0.986973209346794,14
1300,resnet50,0.6400205520491736,8
1301,resnet50,0.0,1
1302,densenet121,0.4858756243316292,5
1303,vgg19,0.053642035656265,3
1304,resnet50,1.0,6
1305,efficientnetb0,1.0,3
1306,vgg16,0.986973209346794,14
1307,alexnet,0.2991244697200437,5
1308,vgg16,0.0,2
1309,resnet34,1.0,6
1310,vgg16,0.7455450313368192,10
1311,efficientnetb1,0.7039994792384792,4
1312,efficientnetb1,1.0,3
1313,efficientnetb2,1.0,3
1314,densenet161,0.8028649279588222,7
1315,mobilenetv2,0.4685879196662824,7
1316,densenet161,1.0,6
1317,efficientnetb0,1.0,3
1318,densenet161,1.0,6
1319,vgg19,0.783629319224574,17
1320,vgg19,0.3786480345124817,5
1321,efficientnetb0,1.0,3
1322,resnet50,0.6400205520491736,8
1323,efficientnetb0,1.0,3
1324,densenet121,0.4858756243316292,5
1325,densenet161,0.9380901386244868,8
1326,vgg19,0.7512707723562208,18
1327,resnet18,1.0,2
1328,resnet34,0.8527581774225047,5
1329,resnet18,0.9772814215247084,3
1330,efficientnetb1,1.0,3
1331,densenet121,0.4858756243316292,5
1332,resnet18,0.9772814215247084,3
1333,resnet50,1.0,6
1334,densenet121,0.0166311998595305,3
1335,alexnet,0.1458942907493161,3
1336,vgg19,1.0,15
1337,resnet34,1.0,6
1338,densenet161,0.9380901386244868,8
1339,resnet34,0.8527581774225047,5
1340,resnet50,0.8017819857800019,7
1341,densenet121,0.4858756243316292,5
1342,densenet121,0.4858756243316292,5
1343,efficientnetb2,1.0,3
1344,resnet50,0.8017819857800019,7
1345,efficientnetb2,1.0,3
1346,mobilenetv2,0.4648669037656601,6
1347,densenet161,1.0,6
1348,alexnet,0.293491136826713,4
1349,mobilenetv2,0.6117761346376276,5
1350,efficientnetb0,1.0,3
1351,efficientnetb1,1.0,3
1352,vgg19,0.7038804657074393,11
1353,inceptionv3,0.0074999869015191,1
1354,densenet161,0.9380901386244868,8
1355,inceptionv3,0.0589687489396947,2
1356,efficientnetb0,1.0,3
1357,densenet161,0.2831929044634787,5
1358,alexnet,0.293491136826713,4
1359,resnet34,0.8120702549228033,7
1360,mobilenetv2,0.4648669037656601,6
1361,densenet121,0.4858756243316292,5
1362,efficientnetb2,1.0,3
1363,mobilenetv2,0.1707546110429631,2
1364,inceptionv3,0.0074999869015191,1
1365,densenet161,0.8028649279588222,7
1366,resnet50,0.1412757250508847,2
1367,vgg16,0.4173293874259716,5
1368,vgg19,0.053642035656265,3
1369,efficientnetb1,1.0,3
1370,resnet34,1.0,6
1371,densenet121,0.4858756243316292,5
1372,efficientnetb2,0.6509085704414946,4
1373,inceptionv3,0.0074999869015191,1
1374,vgg19,0.783629319224574,17
1375,efficientnetb2,1.0,3
1376,efficientnetb0,1.0,3
1377,densenet121,0.4858756243316292,5
1378,vgg19,0.783629319224574,17
1379,efficientnetb2,1.0,3
1380,resnet34,1.0,6
1381,resnet50,0.8017819857800019,7
1382,densenet161,1.0,6
1383,efficientnetb0,1.0,3
1384,alexnet,0.1458942907493161,3
1385,efficientnetb1,1.0,3
1386,inceptionv3,0.0074999869015191,1
1387,resnet18,0.9772814215247084,3
1388,efficientnetb2,1.0,3
1389,efficientnetb2,1.0,3
1390,vgg16,0.8568556422949929,11
1391,resnet18,0.9772814215247084,3
1392,resnet34,0.8527581774225047,5
1393,inceptionv3,0.0589687489396947,2
1394,densenet121,0.4858756243316292,5
1395,inceptionv3,0.4094316093258586,6
1396,resnet50,0.481243768988981,4
1397,efficientnetb2,0.6509085704414946,4
1398,resnet34,1.0,6
1399,inceptionv3,0.0307928131530639,3
1400,densenet161,0.8028649279588222,7
1401,mobilenetv2,0.4648669037656601,6
1402,resnet34,1.0,6
1403,vgg16,0.7455450313368192,10
1404,alexnet,0.293491136826713,4
1405,alexnet,0.0,1
1406,vgg19,0.7038804657074393,11
1407,resnet50,0.6400205520491736,8
1408,alexnet,0.293491136826713,4
1409,vgg16,0.7455450313368192,10
1410,vgg19,0.7512707723562208,18
1411,vgg19,0.9938700985656802,16
1412,densenet121,0.4858756243316292,5
1413,mobilenetv2,0.6117761346376276,5
1414,resnet18,0.9772814215247084,3
1415,efficientnetb0,1.0,3
1416,densenet121,0.4858756243316292,5
1417,efficientnetb1,1.0,3
1418,efficientnetb2,1.0,3
1419,resnet50,0.4611727687596107,9
1420,mobilenetv2,0.4685879196662824,7
1421,mobilenetv2,0.4685879196662824,7
1422,mobilenetv2,0.4648669037656601,6
1423,inceptionv3,0.0074999869015191,1
1424,efficientnetb1,1.0,3
1425,densenet121,1.0,6
1426,efficientnetb1,0.7039994792384792,4
1427,efficientnetb2,1.0,3
1428,resnet18,0.9772814215247084,3
1429,densenet161,0.2611850784190904,12
1430,efficientnetb1,1.0,3
1431,mobilenetv2,0.4324170734073829,8
1432,resnet18,0.9772814215247084,3
1433,densenet161,1.0,6
1434,efficientnetb2,1.0,3
1435,vgg16,0.986973209346794,14
1436,densenet161,0.2831929044634787,5
1437,vgg16,0.5638100259338691,8
1438,efficientnetb2,1.0,3
1439,alexnet,0.293491136826713,4
1440,resnet50,0.8017819857800019,7
1441,densenet161,0.8028649279588222,7
1442,vgg16,0.746695083747165,16
1443,efficientnetb2,1.0,3
1444,efficientnetb0,1.0,3
1445,mobilenetv2,0.4685879196662824,7
1446,inceptionv3,0.0589687489396947,2
1447,densenet161,0.8028649279588222,7
1448,vgg19,0.7512707723562208,18
1449,efficientnetb1,0.7039994792384792,4
1450,vgg16,0.8568556422949929,11
1451,efficientnetb2,1.0,3
1452,densenet121,0.4858756243316292,5
1453,resnet34,0.8120702549228033,7
1454,vgg16,1.0,13
1455,densenet161,0.8028649279588222,7
1456,vgg16,0.746695083747165,16
1457,resnet18,0.9772814215247084,3
1458,densenet121,0.4858756243316292,5
1459,densenet161,1.0,6
1460,inceptionv3,0.0589687489396947,2
1461,resnet18,0.666846850715217,4
1462,densenet121,1.0,6
1463,efficientnetb1,1.0,3
1464,vgg19,0.783629319224574,17
1465,efficientnetb1,1.0,3
1466,vgg16,0.0,2
1467,resnet34,0.7020867334437453,8
1468,vgg16,1.0,13
1469,alexnet,0.2991244697200437,5
1470,efficientnetb2,0.6509085704414946,4
1471,densenet121,0.4858756243316292,5
1472,vgg16,1.0,13
1473,alexnet,0.293491136826713,4
1474,efficientnetb1,1.0,3
1475,efficientnetb2,1.0,3
1476,resnet50,0.6400205520491736,8
1477,resnet34,1.0,6
1478,alexnet,0.2991244697200437,5
1479,efficientnetb1,1.0,3
1480,resnet34,1.0,6
1481,densenet161,1.0,6
1482,vgg16,0.986973209346794,14
1483,resnet50,0.6400205520491736,8
1484,resnet50,0.6400205520491736,8
1485,resnet18,0.9772814215247084,3
1486,efficientnetb1,0.7039994792384792,4
1487,resnet50,1.0,6
1488,vgg19,0.1144285467096243,4
1489,resnet18,0.666846850715217,4
1490,efficientnetb2,1.0,3
1491,resnet18,0.9772814215247084,3
1492,efficientnetb1,1.0,3
1493,vgg16,0.746695083747165,16
1494,efficientnetb2,1.0,3
1495,resnet50,0.6400205520491736,8
1496,resnet34,0.8120702549228033,7
1497,resnet50,0.8017819857800019,7
1498,efficientnetb2,1.0,3
1499,efficientnetb2,1.0,3
1500,mobilenetv2,0.4685879196662824,7
1501,efficientnetb2,0.4515770715118704,5
1502,inceptionv3,0.0589687489396947,2
1503,efficientnetb2,1.0,3
1504,efficientnetb2,1.0,3
1505,alexnet,0.0281280654545952,2
1506,vgg16,0.7455450313368192,10
1507,resnet50,0.8017819857800019,7
1508,densenet161,1.0,6
1509,alexnet,0.2991244697200437,5
1510,efficientnetb1,1.0,3
1511,vgg19,0.9938700985656802,16
1512,resnet34,1.0,6
1513,mobilenetv2,0.4685879196662824,7
1514,inceptionv3,0.0589687489396947,2
1515,vgg16,0.0,2
1516,vgg19,0.7512707723562208,18
1517,resnet34,0.8120702549228033,7
1518,densenet121,0.133680659859905,4
1519,mobilenetv2,0.4648669037656601,6
1520,resnet18,0.9772814215247084,3
1521,mobilenetv2,0.4685879196662824,7
1522,resnet50,0.8017819857800019,7
1523,efficientnetb0,1.0,3
1524,vgg19,0.958551617010162,14
1525,efficientnetb0,1.0,3
1526,efficientnetb0,1.0,3
1527,vgg16,0.8548072768189431,12
1528,mobilenetv2,0.4648669037656601,6
1529,vgg16,0.7455450313368192,10
1530,densenet161,0.0018556587877228,3
1531,resnet50,0.6400205520491736,8
1532,vgg16,0.8548072768189431,12
1533,resnet34,0.8120702549228033,7
1534,vgg19,0.783629319224574,17
1535,resnet50,0.6400205520491736,8
1536,inceptionv3,0.0307928131530639,3
1537,densenet161,0.2611850784190904,12
1538,inceptionv3,0.0589687489396947,2
1539,mobilenetv2,0.4685879196662824,7
1540,resnet50,0.6400205520491736,8
1541,resnet18,0.9772814215247084,3
1542,efficientnetb2,1.0,3
1543,resnet34,1.0,6
1544,efficientnetb2,1.0,3
1545,densenet121,0.4858756243316292,5
1546,resnet50,0.6400205520491736,8
1547,efficientnetb0,1.0,3
1548,vgg19,0.0183675354070255,1
1549,inceptionv3,0.0307928131530639,3
1550,resnet50,0.8017819857800019,7
1551,densenet121,0.4858756243316292,5
1552,alexnet,0.2991244697200437,5
1553,vgg16,0.5519575390300896,9
1554,efficientnetb0,1.0,3
1555,inceptionv3,0.0074999869015191,1
1556,densenet161,0.8028649279588222,7
1557,vgg19,0.9938700985656802,16
1558,efficientnetb2,1.0,3
1559,resnet34,1.0,6
1560,efficientnetb2,1.0,3
1561,vgg16,1.0,13
1562,efficientnetb1,1.0,3
1563,densenet121,0.4858756243316292,5
1564,efficientnetb2,0.4515770715118704,5
1565,vgg19,0.958551617010162,14
1566,inceptionv3,0.0589687489396947,2
1567,efficientnetb2,1.0,3
1568,resnet18,0.9772814215247084,3
1569,densenet161,1.0,6
1570,alexnet,0.293491136826713,4
1571,efficientnetb1,1.0,3
1572,efficientnetb0,1.0,3
1573,vgg19,0.7512707723562208,18
1574,efficientnetb1,1.0,3
1575,resnet18,0.9772814215247084,3
1576,efficientnetb2,1.0,3
1577,inceptionv3,0.0074999869015191,1
1578,efficientnetb2,1.0,3
1579,densenet161,0.8028649279588222,7
1580,resnet34,1.0,6
1581,vgg16,0.5519575390300896,9
1582,efficientnetb2,0.2064582521296088,2
1583,densenet121,0.4858756243316292,5
1584,inceptionv3,0.0589687489396947,2
1585,mobilenetv2,0.4648669037656601,6
1586,alexnet,0.2991244697200437,5
1587,alexnet,0.2991244697200437,5
1588,vgg16,0.8548072768189431,12
1589,densenet161,1.0,6
1590,inceptionv3,0.0074999869015191,1
1591,inceptionv3,0.0074999869015191,1
1592,resnet18,0.9772814215247084,3
1593,efficientnetb0,1.0,3
1594,mobilenetv2,0.4648669037656601,6
1595,densenet121,0.4858756243316292,5
1596,densenet161,1.0,6
1597,vgg19,0.783629319224574,17
1598,efficientnetb2,1.0,3
1599,resnet34,1.0,6
1600,resnet34,1.0,6
1601,efficientnetb0,1.0,3
1602,densenet121,1.0,6
1603,efficientnetb1,1.0,3
1604,resnet34,1.0,6
1605,resnet34,0.8120702549228033,7
1606,mobilenetv2,0.4648669037656601,6
1607,densenet121,0.4858756243316292,5
1608,efficientnetb2,1.0,3
1609,inceptionv3,0.0307928131530639,3
1610,densenet161,0.2611850784190904,12
1611,efficientnetb1,1.0,3
1612,densenet121,0.4858756243316292,5
1613,vgg16,0.7455450313368192,10
1614,alexnet,0.293491136826713,4
1615,resnet34,1.0,6
1616,vgg19,1.0,15
1617,resnet18,0.9772814215247084,3
1618,densenet161,0.2831929044634787,5
1619,densenet161,0.8028649279588222,7
1620,resnet18,0.9772814215247084,3
1621,vgg19,0.7038804657074393,11
1622,inceptionv3,0.0074999869015191,1
1623,efficientnetb2,1.0,3
1624,vgg19,0.0183675354070255,1
1625,efficientnetb0,1.0,3
1626,efficientnetb2,1.0,3
1627,vgg19,0.7537426666757167,12
1628,alexnet,0.293491136826713,4
1629,densenet121,0.4858756243316292,5
1630,vgg16,0.8548072768189431,12
1631,resnet18,0.9772814215247084,3
1632,inceptionv3,0.0074999869015191,1
1633,densenet161,1.0,6
1634,inceptionv3,0.0074999869015191,1
1635,efficientnetb2,1.0,3
1636,resnet18,0.9772814215247084,3
1637,efficientnetb2,1.0,3
1638,efficientnetb2,0.0,1
1639,efficientnetb1,1.0,3
1640,alexnet,0.4184310756079495,6
1641,alexnet,0.2991244697200437,5
1642,resnet50,1.0,6
1643,vgg19,0.783629319224574,17
1644,resnet18,0.5358361217945573,1
1645,mobilenetv2,0.4648669037656601,6
1646,resnet50,0.8017819857800019,7
1647,efficientnetb1,1.0,3
1648,resnet18,0.9772814215247084,3
1649,inceptionv3,0.0074999869015191,1
1650,resnet50,0.6400205520491736,8
1651,efficientnetb0,1.0,3
1652,resnet18,0.9772814215247084,3
1653,efficientnetb1,1.0,3
1654,resnet18,0.9772814215247084,3
1655,resnet18,0.9772814215247084,3
1656,vgg19,0.9938700985656802,16
1657,resnet50,0.1412757250508847,2
1658,mobilenetv2,0.3398616632323326,9
1659,resnet50,0.8017819857800019,7
1660,efficientnetb1,1.0,3
1661,alexnet,0.2991244697200437,5
1662,vgg16,0.7455450313368192,10
1663,mobilenetv2,0.4648669037656601,6
1664,mobilenetv2,0.4648669037656601,6
1665,efficientnetb0,1.0,3
1666,vgg16,0.0381294915227273,4
1667,resnet50,0.8248723661787692,5
1668,mobilenetv2,0.8450079283333408,4
1669,inceptionv3,0.0074999869015191,1
1670,efficientnetb2,1.0,3
1671,alexnet,0.2991244697200437,5
1672,mobilenetv2,0.4685879196662824,7
1673,alexnet,0.2991244697200437,5
1674,vgg19,0.958551617010162,14
1675,resnet50,0.8017819857800019,7
1676,resnet50,0.8017819857800019,7
1677,resnet18,0.9772814215247084,3
1678,efficientnetb1,1.0,3
1679,vgg19,0.7537426666757167,12
1680,alexnet,0.2991244697200437,5
1681,mobilenetv2,0.4648669037656601,6
1682,vgg16,1.0,13
1683,alexnet,0.2991244697200437,5
1684,mobilenetv2,0.4685879196662824,7
1685,resnet34,1.0,6
1686,densenet121,0.4858756243316292,5
1687,efficientnetb0,1.0,3
1688,inceptionv3,0.0074999869015191,1
1689,resnet34,1.0,6
1690,inceptionv3,0.0074999869015191,1
1691,densenet161,0.8028649279588222,7
1692,densenet161,0.2831929044634787,5
1693,resnet50,0.8017819857800019,7
1694,vgg19,0.6821322371858641,10
1695,efficientnetb0,1.0,3
1696,efficientnetb1,1.0,3
1697,inceptionv3,0.0074999869015191,1
1698,densenet161,1.0,6
1699,efficientnetb0,1.0,3
1700,resnet18,0.9772814215247084,3
1701,efficientnetb1,0.0,1
1702,alexnet,0.293491136826713,4
1703,resnet34,0.8120702549228033,7
1704,resnet50,0.8248723661787692,5
1705,efficientnetb2,1.0,3
1706,efficientnetb0,1.0,3
1707,vgg16,0.8548072768189431,12
1708,densenet161,0.2831929044634787,5
1709,efficientnetb2,1.0,3
1710,alexnet,0.293491136826713,4
1711,alexnet,0.293491136826713,4
1712,densenet161,0.2611850784190904,12
1713,densenet121,1.0,6
1714,densenet121,0.390359012366206,7
1715,efficientnetb2,1.0,3
1716,inceptionv3,0.0589687489396947,2
1717,densenet161,1.0,6
1718,resnet34,0.5254802820550293,3
1719,densenet161,0.2831929044634787,5
1720,inceptionv3,0.0074999869015191,1
1721,inceptionv3,0.0074999869015191,1
1722,vgg19,0.7512707723562208,18
1723,efficientnetb1,1.0,3
1724,mobilenetv2,0.4685879196662824,7
1725,inceptionv3,0.0074999869015191,1
1726,mobilenetv2,0.4648669037656601,6
1727,vgg16,1.0,13
1728,efficientnetb1,1.0,3
1729,efficientnetb2,1.0,3
1730,efficientnetb1,1.0,3
1731,efficientnetb0,1.0,3
1732,resnet34,1.0,6
1733,vgg19,0.9938700985656802,16
1734,densenet121,0.4858756243316292,5
1735,efficientnetb1,1.0,3
1736,efficientnetb0,1.0,3
1737,vgg16,1.0,13
1738,densenet161,1.0,6
1739,efficientnetb0,1.0,3
1740,efficientnetb1,1.0,3
1741,densenet121,0.4858756243316292,5
1742,inceptionv3,0.0589687489396947,2
1743,resnet50,0.8017819857800019,7
1744,resnet34,1.0,6
1745,inceptionv3,0.0074999869015191,1
1746,efficientnetb2,1.0,3
1747,efficientnetb2,1.0,3
1748,resnet50,0.8017819857800019,7
1749,efficientnetb0,1.0,3
1750,resnet34,1.0,6
1751,resnet18,0.9772814215247084,3
1752,densenet121,0.4858756243316292,5
1753,densenet161,1.0,6
1754,resnet18,0.9772814215247084,3
1755,densenet121,0.4858756243316292,5
1756,vgg19,0.7512707723562208,18
1757,densenet161,0.8028649279588222,7
1758,densenet121,0.4858756243316292,5
1759,densenet121,0.4858756243316292,5
1760,resnet34,1.0,6
1761,inceptionv3,0.0589687489396947,2
1762,vgg19,0.7537426666757167,12
1763,densenet121,0.4858756243316292,5
1764,vgg19,0.783629319224574,17
1765,efficientnetb2,0.0,1
1766,vgg16,0.8568556422949929,11
1767,vgg19,0.9322438807363724,13
1768,mobilenetv2,0.4648669037656601,6
1769,efficientnetb2,1.0,3
1770,densenet161,1.0,6
1771,inceptionv3,0.0307928131530639,3
1772,inceptionv3,0.0589687489396947,2
1773,inceptionv3,0.0074999869015191,1
1774,inceptionv3,0.0074999869015191,1
1775,densenet121,0.4858756243316292,5
1776,inceptionv3,0.2596914260161562,4
1777,resnet34,1.0,6
1778,resnet34,0.8120702549228033,7
1779,vgg19,0.9938700985656802,16
1780,resnet50,0.8017819857800019,7
1781,mobilenetv2,0.4685879196662824,7
1782,efficientnetb0,1.0,3
1783,alexnet,0.2991244697200437,5
1784,efficientnetb1,1.0,3
1785,efficientnetb0,0.0,1
1786,efficientnetb0,1.0,3
1787,vgg19,0.783629319224574,17
1788,efficientnetb2,1.0,3
1789,inceptionv3,0.0074999869015191,1
1790,densenet121,1.0,6
1791,vgg19,0.3144631067328258,6
1792,efficientnetb2,1.0,3
1793,resnet50,0.6400205520491736,8
1794,densenet121,0.4858756243316292,5
1795,resnet34,1.0,6
1796,alexnet,0.293491136826713,4
1797,vgg16,0.7391812735874347,15
1798,efficientnetb1,1.0,3
1799,vgg16,1.0,13
1800,vgg19,0.7512707723562208,18
1801,inceptionv3,0.0589687489396947,2
1802,efficientnetb1,1.0,3
1803,efficientnetb0,0.245393377540531,2
1804,resnet18,0.9772814215247084,3
1805,mobilenetv2,0.4324170734073829,8
1806,efficientnetb2,1.0,3
1807,densenet161,1.0,6
1808,resnet18,0.9772814215247084,3
1809,inceptionv3,0.0074999869015191,1
1810,vgg19,0.9938700985656802,16
1811,efficientnetb0,1.0,3
1812,vgg19,0.783629319224574,17
1813,inceptionv3,0.2596914260161562,4
1814,resnet50,0.6400205520491736,8
1815,vgg16,0.986973209346794,14
1816,efficientnetb1,1.0,3
1817,resnet18,0.9772814215247084,3
1818,resnet50,0.6400205520491736,8
1819,densenet121,1.0,6
1820,efficientnetb0,1.0,3
1821,resnet50,0.6400205520491736,8
1822,efficientnetb1,1.0,3
1823,efficientnetb1,1.0,3
1824,efficientnetb2,1.0,3
1825,efficientnetb2,1.0,3
1826,efficientnetb0,0.6801221238861833,4
1827,alexnet,0.2991244697200437,5
1828,efficientnetb1,1.0,3
1829,efficientnetb2,1.0,3
1830,resnet34,0.8120702549228033,7
1831,vgg16,0.986973209346794,14
1832,alexnet,0.2991244697200437,5
1833,mobilenetv2,0.4685879196662824,7
1834,vgg16,0.986973209346794,14
1835,resnet34,0.8120702549228033,7
1836,resnet50,0.8017819857800019,7
1837,vgg16,1.0,13
1838,vgg19,1.0,15
1839,vgg19,0.9322438807363724,13
1840,alexnet,0.2991244697200437,5
1841,mobilenetv2,0.4685879196662824,7
1842,mobilenetv2,0.4648669037656601,6
1843,efficientnetb1,1.0,3
1844,efficientnetb2,1.0,3
1845,densenet121,1.0,6
1846,inceptionv3,0.2902176748165008,5
1847,mobilenetv2,0.4324170734073829,8
1848,resnet34,1.0,6
1849,efficientnetb2,0.6509085704414946,4
1850,alexnet,0.2991244697200437,5
1851,inceptionv3,0.0307928131530639,3
1852,resnet34,0.8120702549228033,7
1853,efficientnetb0,1.0,3
1854,resnet18,0.9772814215247084,3
1855,densenet121,0.390359012366206,7
1856,densenet121,1.0,6
1857,densenet161,1.0,6
1858,vgg19,0.4817677379651593,9
1859,mobilenetv2,0.4324170734073829,8
1860,vgg19,0.783629319224574,17
1861,vgg16,1.0,13
1862,resnet34,1.0,6
1863,vgg19,0.9938700985656802,16
1864,resnet50,0.6400205520491736,8
1865,efficientnetb1,0.2284047954549483,2
1866,efficientnetb1,1.0,3
1867,inceptionv3,0.0307928131530639,3
1868,alexnet,0.2991244697200437,5
1869,mobilenetv2,0.4685879196662824,7
1870,mobilenetv2,0.4685879196662824,7
1871,resnet50,0.1412757250508847,2
1872,efficientnetb1,1.0,3
1873,alexnet,0.2991244697200437,5
1874,efficientnetb2,1.0,3
1875,inceptionv3,0.4094316093258586,6
1876,vgg16,0.8568556422949929,11
1877,densenet161,0.2994714122049385,4
1878,efficientnetb2,1.0,3
1879,densenet121,0.4858756243316292,5
1880,densenet161,1.0,6
1881,efficientnetb1,1.0,3
1882,densenet161,1.0,6
1883,densenet121,0.4858756243316292,5
1884,vgg16,0.986973209346794,14
1885,resnet18,0.9772814215247084,3
1886,resnet50,0.8017819857800019,7
1887,efficientnetb0,1.0,3
1888,inceptionv3,0.0074999869015191,1
1889,vgg19,1.0,15
1890,densenet121,0.4858756243316292,5
1891,inceptionv3,0.0074999869015191,1
1892,vgg16,0.746695083747165,16
1893,efficientnetb2,1.0,3
1894,efficientnetb2,1.0,3
1895,efficientnetb1,1.0,3
1896,densenet161,1.0,6
1897,efficientnetb0,1.0,3
1898,efficientnetb2,1.0,3
1899,vgg16,1.0,13
1900,alexnet,0.293491136826713,4
1901,resnet18,0.9772814215247084,3
1902,densenet121,0.4858756243316292,5
1903,efficientnetb1,1.0,3
1904,alexnet,0.2991244697200437,5
1905,alexnet,0.2991244697200437,5
1906,resnet18,0.9772814215247084,3
1907,vgg16,0.8568556422949929,11
1908,resnet18,0.5358361217945573,1
1909,resnet50,0.8017819857800019,7
1910,mobilenetv2,0.4648669037656601,6
1911,resnet50,0.6400205520491736,8
1912,vgg16,1.0,13
1913,vgg16,0.0060710231598882,1
1914,vgg19,0.7512707723562208,18
1915,inceptionv3,0.2596914260161562,4
1916,alexnet,0.2991244697200437,5
1917,densenet161,1.0,6
1918,resnet34,1.0,6
1919,densenet121,0.4858756243316292,5
1920,mobilenetv2,0.4648669037656601,6
1921,mobilenetv2,0.4685879196662824,7
1922,densenet121,0.4858756243316292,5
1923,efficientnetb0,1.0,3
1924,resnet34,1.0,6
1925,resnet18,0.9772814215247084,3
1926,efficientnetb0,1.0,3
1927,efficientnetb0,1.0,3
1928,efficientnetb2,0.6509085704414946,4
1929,resnet50,0.8017819857800019,7
1930,vgg19,1.0,15
1931,inceptionv3,0.0074999869015191,1
1932,densenet121,0.4858756243316292,5
1933,resnet34,1.0,6
1934,alexnet,0.293491136826713,4
1935,densenet121,0.4858756243316292,5
1936,alexnet,0.2991244697200437,5
1937,densenet161,1.0,6
1938,inceptionv3,0.2902176748165008,5
1939,vgg19,0.783629319224574,17
1940,efficientnetb1,1.0,3
1941,densenet121,0.0,1
1942,efficientnetb1,1.0,3
1943,densenet121,0.4858756243316292,5
1944,resnet34,1.0,6
1945,efficientnetb2,1.0,3
1946,densenet121,0.4858756243316292,5
1947,vgg16,0.986973209346794,14
1948,inceptionv3,0.0589687489396947,2
1949,densenet121,1.0,6
1950,alexnet,0.293491136826713,4
1951,vgg19,0.4910509157637427,8
1952,mobilenetv2,0.4685879196662824,7
1953,resnet50,0.6400205520491736,8
1954,efficientnetb1,1.0,3
1955,densenet161,0.8028649279588222,7
1956,resnet34,1.0,6
1957,vgg19,0.1144285467096243,4
1958,inceptionv3,0.0589687489396947,2
1959,densenet121,0.4858756243316292,5
1960,inceptionv3,0.2902176748165008,5
1961,resnet18,0.9772814215247084,3
1962,densenet121,0.4858756243316292,5
1963,efficientnetb1,1.0,3
1964,densenet121,0.4858756243316292,5
1965,efficientnetb0,1.0,3
1966,inceptionv3,0.2902176748165008,5
1967,densenet121,0.4858756243316292,5
1968,vgg16,0.986973209346794,14
1969,resnet34,1.0,6
1970,vgg19,1.0,15
1971,resnet18,0.9772814215247084,3
1972,vgg19,0.9938700985656802,16
1973,resnet50,0.8017819857800019,7
1974,mobilenetv2,0.4685879196662824,7
1975,inceptionv3,0.0307928131530639,3
1976,efficientnetb0,1.0,3
1977,efficientnetb2,1.0,3
1978,inceptionv3,0.2596914260161562,4
1979,efficientnetb0,1.0,3
1980,efficientnetb0,1.0,3
1981,resnet18,0.9772814215247084,3
1982,resnet50,0.8017819857800019,7
1983,vgg19,0.958551617010162,14
1984,vgg19,0.9938700985656802,16
1985,resnet34,1.0,6
1986,efficientnetb2,1.0,3
1987,mobilenetv2,0.4648669037656601,6
1988,resnet18,0.9772814215247084,3
1989,inceptionv3,0.2596914260161562,4
1990,mobilenetv2,0.4648669037656601,6
1991,vgg16,0.7391812735874347,15
1992,resnet18,1.0,2
1993,mobilenetv2,0.4685879196662824,7
1994,efficientnetb1,1.0,3
1995,mobilenetv2,0.4685879196662824,7
1996,resnet50,0.8017819857800019,7
1997,resnet50,0.6400205520491736,8
1998,efficientnetb2,1.0,3
1999,inceptionv3,0.0589687489396947,2
2000,mobilenetv2,0.4648669037656601,6
2001,resnet50,0.8017819857800019,7
2002,efficientnetb2,1.0,3
2003,densenet161,1.0,6
2004,densenet161,1.0,6
2005,resnet50,0.8017819857800019,7
2006,efficientnetb1,1.0,3
2007,resnet50,0.8017819857800019,7
2008,efficientnetb1,1.0,3
2009,densenet161,0.2831929044634787,5
2010,efficientnetb2,1.0,3
2011,efficientnetb1,1.0,3
2012,efficientnetb2,1.0,3
2013,efficientnetb2,1.0,3
2014,efficientnetb1,1.0,3
2015,vgg19,0.7315721114772937,19
2016,efficientnetb2,1.0,3
2017,vgg19,0.958551617010162,14
2018,mobilenetv2,0.4648669037656601,6
2019,densenet161,0.2831929044634787,5
2020,inceptionv3,0.0074999869015191,1
2021,densenet161,1.0,6
2022,densenet161,0.0601439006764898,1
2023,efficientnetb2,1.0,3
2024,vgg16,0.0060710231598882,1
2025,resnet50,0.8017819857800019,7
2026,vgg16,1.0,13
2027,efficientnetb1,1.0,3
2028,alexnet,0.293491136826713,4
2029,vgg19,0.9938700985656802,16
2030,efficientnetb0,1.0,3
2031,inceptionv3,0.0074999869015191,1
2032,vgg16,0.5519575390300896,9
2033,densenet161,0.2831929044634787,5
2034,densenet161,0.2994714122049385,4
2035,alexnet,0.293491136826713,4
2036,alexnet,0.293491136826713,4
2037,vgg19,0.9938700985656802,16
2038,vgg16,0.8568556422949929,11
2039,inceptionv3,0.0074999869015191,1
2040,efficientnetb2,0.2064582521296088,2
2041,inceptionv3,0.0307928131530639,3
2042,efficientnetb1,1.0,3
2043,efficientnetb1,0.7039994792384792,4
2044,efficientnetb0,1.0,3
2045,densenet121,0.4858756243316292,5
2046,densenet161,1.0,6
2047,efficientnetb1,1.0,3
2048,efficientnetb0,1.0,3
2049,resnet50,0.8017819857800019,7
2050,resnet34,1.0,6
2051,alexnet,0.293491136826713,4
2052,densenet161,1.0,6
2053,resnet50,0.8017819857800019,7
2054,efficientnetb1,1.0,3
2055,efficientnetb2,1.0,3
2056,resnet18,0.9772814215247084,3
2057,vgg19,0.958551617010162,14
2058,efficientnetb1,1.0,3
2059,densenet161,1.0,6
2060,efficientnetb0,1.0,3
2061,mobilenetv2,0.4685879196662824,7
2062,alexnet,0.293491136826713,4
2063,densenet161,1.0,6
2064,inceptionv3,0.0589687489396947,2
2065,resnet50,0.8017819857800019,7
2066,vgg19,0.7512707723562208,18
2067,resnet34,1.0,6
2068,inceptionv3,0.4094316093258586,6
2069,efficientnetb0,1.0,3
2070,efficientnetb2,1.0,3
2071,mobilenetv2,0.4685879196662824,7
2072,alexnet,0.2991244697200437,5
2073,resnet18,0.9772814215247084,3
2074,resnet34,1.0,6
2075,densenet161,1.0,6
2076,densenet161,1.0,6
2077,efficientnetb0,1.0,3
2078,efficientnetb0,1.0,3
2079,efficientnetb1,1.0,3
2080,mobilenetv2,0.4685879196662824,7
2081,vgg19,0.783629319224574,17
2082,vgg19,0.7512707723562208,18
2083,vgg16,0.986973209346794,14
2084,densenet121,1.0,6
2085,densenet121,0.4858756243316292,5
2086,resnet50,0.8017819857800019,7
2087,vgg19,0.9938700985656802,16
2088,efficientnetb2,1.0,3
2089,efficientnetb1,1.0,3
2090,alexnet,0.2991244697200437,5
2091,resnet50,0.8017819857800019,7
2092,efficientnetb2,1.0,3
2093,efficientnetb2,1.0,3
2094,vgg19,1.0,15
2095,inceptionv3,0.0074999869015191,1
2096,vgg19,0.958551617010162,14
2097,inceptionv3,0.0589687489396947,2
2098,efficientnetb0,1.0,3
2099,efficientnetb2,1.0,3
2100,densenet121,0.4858756243316292,5
2101,vgg16,0.0548212617333455,3
2102,vgg16,1.0,13
2103,resnet34,1.0,6
2104,efficientnetb2,1.0,3
2105,efficientnetb1,0.7039994792384792,4
2106,mobilenetv2,0.4685879196662824,7
2107,vgg19,0.783629319224574,17
2108,inceptionv3,0.0589687489396947,2
2109,efficientnetb1,1.0,3
2110,efficientnetb2,1.0,3
2111,mobilenetv2,0.6117761346376276,5
2112,vgg19,0.7512707723562208,18
2113,vgg16,0.7391812735874347,15
2114,efficientnetb2,1.0,3
2115,resnet34,1.0,6
2116,efficientnetb2,1.0,3
2117,densenet121,0.4858756243316292,5
2118,mobilenetv2,0.4648669037656601,6
2119,efficientnetb1,0.7039994792384792,4
2120,resnet34,1.0,6
2121,inceptionv3,0.2596914260161562,4
2122,vgg16,0.7391812735874347,15
2123,efficientnetb0,1.0,3
2124,densenet121,0.4858756243316292,5
2125,efficientnetb2,1.0,3
2126,resnet50,0.8017819857800019,7
2127,vgg19,0.9938700985656802,16
2128,mobilenetv2,0.4648669037656601,6
2129,efficientnetb2,1.0,3
2130,resnet34,1.0,6
2131,resnet34,1.0,6
2132,efficientnetb2,1.0,3
2133,efficientnetb0,1.0,3
2134,inceptionv3,0.0074999869015191,1
2135,efficientnetb2,1.0,3
2136,efficientnetb2,1.0,3
2137,densenet121,1.0,6
2138,efficientnetb0,1.0,3
2139,vgg19,0.9938700985656802,16
2140,alexnet,0.2991244697200437,5
2141,vgg19,0.783629319224574,17
2142,vgg16,0.746695083747165,16
2143,mobilenetv2,0.4648669037656601,6
2144,resnet18,0.666846850715217,4
2145,vgg19,1.0,15
2146,resnet50,0.8017819857800019,7
2147,densenet161,0.8028649279588222,7
2148,resnet18,0.9772814215247084,3
2149,resnet18,0.9772814215247084,3
2150,mobilenetv2,0.4648669037656601,6
2151,mobilenetv2,0.4648669037656601,6
2152,inceptionv3,0.0589687489396947,2
2153,vgg16,0.8548072768189431,12
2154,resnet50,0.8017819857800019,7
2155,inceptionv3,0.0074999869015191,1
2156,efficientnetb0,1.0,3
2157,resnet50,0.8017819857800019,7
2158,efficientnetb0,1.0,3
2159,resnet34,1.0,6
2160,efficientnetb0,1.0,3
2161,alexnet,0.2991244697200437,5
2162,efficientnetb2,1.0,3
2163,vgg19,0.7512707723562208,18
2164,resnet50,1.0,6
2165,efficientnetb1,1.0,3
2166,mobilenetv2,0.4648669037656601,6
2167,efficientnetb1,1.0,3
2168,densenet121,1.0,6
2169,mobilenetv2,0.4324170734073829,8
2170,mobilenetv2,0.4685879196662824,7
2171,mobilenetv2,0.4648669037656601,6
2172,resnet34,1.0,6
2173,resnet50,0.8017819857800019,7
2174,efficientnetb1,1.0,3
2175,resnet50,0.8017819857800019,7
2176,mobilenetv2,0.4648669037656601,6
2177,resnet34,1.0,6
2178,densenet161,1.0,6
2179,alexnet,0.293491136826713,4
2180,densenet121,1.0,6
2181,vgg19,0.783629319224574,17
2182,efficientnetb2,1.0,3
2183,resnet34,1.0,6
2184,resnet18,0.9772814215247084,3
2185,densenet161,0.2994714122049385,4
2186,efficientnetb1,1.0,3
2187,vgg16,0.986973209346794,14
2188,resnet50,0.1412757250508847,2
2189,resnet34,0.8120702549228033,7
2190,resnet50,0.8017819857800019,7
2191,densenet161,1.0,6
2192,resnet18,0.9772814215247084,3
2193,efficientnetb0,1.0,3
2194,resnet18,0.9772814215247084,3
2195,vgg16,0.7391812735874347,15
2196,resnet50,0.6400205520491736,8
2197,resnet50,0.6400205520491736,8
2198,densenet161,1.0,6
2199,resnet18,0.9772814215247084,3
2200,vgg19,1.0,15
2201,efficientnetb2,0.6509085704414946,4
2202,efficientnetb1,0.0,1
2203,densenet161,1.0,6
2204,densenet161,0.8028649279588222,7
2205,resnet50,0.6400205520491736,8
2206,vgg16,0.986973209346794,14
2207,resnet50,0.6400205520491736,8
2208,densenet121,0.4858756243316292,5
2209,efficientnetb0,1.0,3
2210,efficientnetb0,1.0,3
2211,densenet121,1.0,6
2212,mobilenetv2,0.4648669037656601,6
2213,resnet18,0.9772814215247084,3
2214,resnet50,0.6400205520491736,8
2215,efficientnetb1,1.0,3
2216,mobilenetv2,0.4685879196662824,7
2217,vgg16,1.0,13
2218,alexnet,0.2991244697200437,5
2219,efficientnetb2,1.0,3
2220,densenet161,1.0,6
2221,vgg19,0.7512707723562208,18
2222,efficientnetb0,0.6801221238861833,4
2223,inceptionv3,0.0307928131530639,3
2224,resnet34,0.8120702549228033,7
2225,efficientnetb0,1.0,3
2226,inceptionv3,0.4094316093258586,6
2227,vgg16,1.0,13
2228,inceptionv3,0.0074999869015191,1
2229,resnet50,0.8017819857800019,7
2230,mobilenetv2,0.4685879196662824,7
2231,vgg16,0.8568556422949929,11
2232,densenet161,0.8028649279588222,7
2233,efficientnetb0,0.6801221238861833,4
2234,mobilenetv2,0.4685879196662824,7
2235,densenet121,1.0,6
2236,inceptionv3,0.0074999869015191,1
2237,resnet18,0.9772814215247084,3
2238,densenet161,1.0,6
2239,vgg19,0.783629319224574,17
2240,alexnet,0.2991244697200437,5
2241,densenet121,1.0,6
2242,alexnet,0.2991244697200437,5
2243,densenet121,1.0,6
2244,efficientnetb0,1.0,3
2245,vgg19,1.0,15
2246,resnet18,0.9772814215247084,3
2247,densenet121,1.0,6
2248,inceptionv3,0.2902176748165008,5
2249,vgg19,0.7512707723562208,18
2250,resnet18,0.9772814215247084,3
2251,alexnet,0.2991244697200437,5
2252,vgg19,1.0,15
2253,inceptionv3,0.0074999869015191,1
2254,resnet34,0.8120702549228033,7
2255,efficientnetb2,1.0,3
2256,vgg19,0.783629319224574,17
2257,resnet50,0.6400205520491736,8
2258,mobilenetv2,0.4685879196662824,7
2259,mobilenetv2,0.4685879196662824,7
2260,alexnet,0.2991244697200437,5
2261,vgg16,0.7391812735874347,15
2262,densenet161,0.8028649279588222,7
2263,resnet34,0.8120702549228033,7
2264,mobilenetv2,0.4648669037656601,6
2265,resnet50,0.6400205520491736,8
2266,resnet34,0.8120702549228033,7
2267,densenet161,1.0,6
2268,densenet161,1.0,6
2269,efficientnetb1,1.0,3
2270,alexnet,0.2991244697200437,5
2271,inceptionv3,0.2596914260161562,4
2272,alexnet,0.4184310756079495,6
2273,vgg16,0.7391812735874347,15
2274,resnet18,0.9772814215247084,3
2275,mobilenetv2,0.4685879196662824,7
2276,efficientnetb0,1.0,3
2277,resnet34,1.0,6
2278,efficientnetb1,1.0,3
2279,efficientnetb0,1.0,3
2280,densenet121,0.4858756243316292,5
2281,inceptionv3,0.2902176748165008,5
2282,resnet50,0.6400205520491736,8
2283,vgg16,1.0,13
2284,resnet18,0.9772814215247084,3
2285,vgg16,0.7391812735874347,15
2286,inceptionv3,0.2596914260161562,4
2287,alexnet,0.0,1
2288,resnet18,0.9772814215247084,3
2289,densenet121,0.4858756243316292,5
2290,efficientnetb2,1.0,3
2291,resnet50,0.8017819857800019,7
2292,efficientnetb1,1.0,3
2293,densenet161,1.0,6
2294,inceptionv3,0.0307928131530639,3
2295,inceptionv3,0.2596914260161562,4
2296,densenet161,1.0,6
2297,efficientnetb1,1.0,3
2298,efficientnetb0,1.0,3
2299,alexnet,0.2991244697200437,5
2300,efficientnetb2,1.0,3
2301,efficientnetb0,1.0,3
2302,efficientnetb1,1.0,3
2303,resnet18,0.9772814215247084,3
2304,resnet34,0.8120702549228033,7
2305,mobilenetv2,0.4685879196662824,7
2306,vgg16,1.0,13
2307,densenet121,0.4858756243316292,5
2308,alexnet,0.2991244697200437,5
2309,efficientnetb1,1.0,3
2310,vgg19,0.7512707723562208,18
2311,resnet18,0.666846850715217,4
2312,efficientnetb1,1.0,3
2313,densenet121,1.0,6
2314,mobilenetv2,0.4685879196662824,7
2315,efficientnetb2,1.0,3
2316,efficientnetb2,1.0,3
2317,inceptionv3,0.2902176748165008,5
2318,efficientnetb0,1.0,3
2319,vgg19,0.783629319224574,17
2320,inceptionv3,0.0307928131530639,3
2321,efficientnetb0,1.0,3
2322,efficientnetb0,1.0,3
2323,efficientnetb0,1.0,3
2324,resnet50,0.6400205520491736,8
2325,efficientnetb0,1.0,3
2326,efficientnetb0,1.0,3
2327,alexnet,0.2991244697200437,5
2328,densenet121,1.0,6
2329,densenet161,1.0,6
2330,alexnet,0.2991244697200437,5
2331,efficientnetb2,1.0,3
2332,densenet121,0.4858756243316292,5
2333,vgg19,0.783629319224574,17
2334,vgg16,1.0,13
2335,resnet34,0.8120702549228033,7
2336,alexnet,0.2991244697200437,5
2337,vgg19,0.7512707723562208,18
2338,resnet50,0.8017819857800019,7
2339,inceptionv3,0.0074999869015191,1
2340,vgg19,0.7512707723562208,18
2341,resnet18,0.9772814215247084,3
2342,resnet34,1.0,6
2343,efficientnetb2,1.0,3
2344,efficientnetb2,1.0,3
2345,inceptionv3,0.0589687489396947,2
2346,resnet50,0.6400205520491736,8
2347,efficientnetb1,1.0,3
2348,resnet34,1.0,6
2349,resnet50,0.6400205520491736,8
2350,vgg19,0.9322438807363724,13
2351,mobilenetv2,0.1707546110429631,2
2352,alexnet,0.2991244697200437,5
2353,vgg19,1.0,15
2354,efficientnetb0,1.0,3
2355,vgg19,0.7315721114772937,19
2356,efficientnetb2,1.0,3
2357,mobilenetv2,0.4685879196662824,7
2358,resnet50,0.8017819857800019,7
2359,efficientnetb2,0.6509085704414946,4
2360,densenet161,1.0,6
2361,resnet34,1.0,6
2362,densenet161,1.0,6
2363,efficientnetb2,1.0,3
2364,mobilenetv2,0.4648669037656601,6
2365,resnet50,0.8017819857800019,7
2366,mobilenetv2,0.4648669037656601,6
2367,inceptionv3,0.2596914260161562,4
2368,resnet34,1.0,6
2369,resnet50,0.6400205520491736,8
2370,densenet161,1.0,6
2371,alexnet,0.2991244697200437,5
2372,vgg16,1.0,13
2373,resnet18,0.9772814215247084,3
2374,alexnet,0.2991244697200437,5
2375,resnet50,0.8017819857800019,7
2376,resnet18,1.0,2
2377,alexnet,0.293491136826713,4
2378,vgg19,1.0,15
2379,vgg16,1.0,13
2380,efficientnetb0,1.0,3
2381,densenet121,0.4858756243316292,5
2382,efficientnetb0,1.0,3
2383,densenet161,1.0,6
2384,vgg16,1.0,13
2385,alexnet,0.2991244697200437,5
2386,resnet50,0.8017819857800019,7
2387,efficientnetb2,1.0,3
2388,resnet18,0.666846850715217,4
2389,vgg16,0.7391812735874347,15
2390,vgg19,0.7512707723562208,18
2391,resnet50,0.8017819857800019,7
2392,alexnet,0.2991244697200437,5
2393,efficientnetb2,1.0,3
2394,vgg19,0.783629319224574,17
2395,vgg16,0.0548212617333455,3
2396,inceptionv3,0.4094316093258586,6
2397,resnet50,0.6400205520491736,8
2398,vgg19,0.9938700985656802,16
2399,densenet121,0.0166311998595305,3
2400,densenet121,1.0,6
2401,resnet34,1.0,6
2402,densenet161,0.0,2
2403,densenet121,0.133680659859905,4
2404,vgg19,0.958551617010162,14
2405,mobilenetv2,0.4648669037656601,6
2406,densenet161,1.0,6
2407,resnet34,1.0,6
2408,densenet161,1.0,6
2409,vgg19,0.3786480345124817,5
2410,resnet50,0.6400205520491736,8
2411,efficientnetb0,1.0,3
2412,vgg16,0.8548072768189431,12
2413,resnet50,0.8017819857800019,7
2414,inceptionv3,0.2596914260161562,4
2415,resnet34,1.0,6
2416,densenet121,0.4858756243316292,5
2417,inceptionv3,0.0307928131530639,3
2418,densenet121,0.4858756243316292,5
2419,efficientnetb1,0.2284047954549483,2
2420,mobilenetv2,0.4685879196662824,7
2421,efficientnetb0,1.0,3
2422,vgg16,0.986973209346794,14
2423,vgg19,0.7512707723562208,18
2424,inceptionv3,0.4094316093258586,6
2425,inceptionv3,0.0589687489396947,2
2426,vgg19,0.7512707723562208,18
2427,efficientnetb2,1.0,3
2428,vgg16,0.8548072768189431,12
2429,vgg16,0.986973209346794,14
2430,densenet161,1.0,6
2431,efficientnetb1,1.0,3
2432,resnet34,0.8527581774225047,5
2433,densenet121,0.4858756243316292,5
2434,mobilenetv2,0.4648669037656601,6
2435,resnet34,1.0,6
2436,densenet161,1.0,6
2437,vgg19,0.7512707723562208,18
2438,densenet161,0.2831929044634787,5
2439,alexnet,0.293491136826713,4
2440,resnet34,1.0,6
2441,vgg19,0.783629319224574,17
2442,efficientnetb1,1.0,3
2443,densenet121,0.4858756243316292,5
2444,vgg16,1.0,13
2445,efficientnetb2,1.0,3
2446,resnet50,0.8017819857800019,7
2447,alexnet,0.2991244697200437,5
2448,inceptionv3,0.0589687489396947,2
2449,efficientnetb2,1.0,3
2450,efficientnetb2,0.6509085704414946,4
2451,densenet121,0.4858756243316292,5
2452,vgg19,1.0,15
2453,efficientnetb0,1.0,3
2454,resnet50,0.6400205520491736,8
2455,resnet34,0.3385797164144236,2
2456,efficientnetb2,1.0,3
2457,mobilenetv2,0.4648669037656601,6
2458,alexnet,0.293491136826713,4
2459,mobilenetv2,0.4648669037656601,6
2460,efficientnetb1,1.0,3
2461,efficientnetb2,1.0,3
2462,resnet50,0.8017819857800019,7
2463,densenet161,1.0,6
2464,alexnet,0.293491136826713,4
2465,mobilenetv2,0.4648669037656601,6
2466,inceptionv3,0.4094316093258586,6
2467,resnet18,0.9772814215247084,3
2468,resnet50,0.8017819857800019,7
2469,efficientnetb2,1.0,3
2470,vgg19,0.783629319224574,17
2471,vgg19,0.9938700985656802,16
2472,densenet121,0.4858756243316292,5
2473,efficientnetb1,1.0,3
2474,alexnet,0.293491136826713,4
2475,efficientnetb1,1.0,3
2476,mobilenetv2,0.4648669037656601,6
2477,efficientnetb2,1.0,3
2478,densenet161,1.0,6
2479,vgg19,0.7512707723562208,18
2480,vgg19,0.783629319224574,17
2481,densenet161,1.0,6
2482,resnet50,0.6400205520491736,8
2483,inceptionv3,0.0074999869015191,1
2484,efficientnetb1,1.0,3
2485,mobilenetv2,0.4685879196662824,7
2486,efficientnetb0,1.0,3
2487,vgg19,0.9938700985656802,16
2488,densenet121,0.4858756243316292,5
2489,vgg19,0.783629319224574,17
2490,efficientnetb2,0.6509085704414946,4
2491,vgg16,0.986973209346794,14
2492,resnet18,0.9772814215247084,3
2493,inceptionv3,0.5328326911526806,7
2494,alexnet,0.2991244697200437,5
2495,resnet34,1.0,6
2496,mobilenetv2,0.4648669037656601,6
2497,densenet161,1.0,6
2498,efficientnetb0,1.0,3
2499,densenet121,0.4858756243316292,5
2500,efficientnetb0,1.0,3
2501,inceptionv3,0.6533166673091002,8
2502,vgg16,0.986973209346794,14
2503,resnet50,0.1412757250508847,2
2504,vgg16,0.986973209346794,14
2505,resnet34,1.0,6
2506,densenet161,1.0,6
2507,resnet18,0.9772814215247084,3
2508,efficientnetb1,1.0,3
2509,vgg16,0.986973209346794,14
2510,resnet34,1.0,6
2511,densenet161,1.0,6
2512,resnet18,0.9772814215247084,3
2513,inceptionv3,0.6533166673091002,8
2514,mobilenetv2,0.4685879196662824,7
2515,inceptionv3,0.0307928131530639,3
2516,densenet161,1.0,6
2517,mobilenetv2,0.4685879196662824,7
2518,resnet34,1.0,6
2519,densenet161,1.0,6
2520,inceptionv3,0.0307928131530639,3
2521,resnet50,0.8017819857800019,7
2522,efficientnetb2,1.0,3
2523,vgg19,1.0,15
2524,efficientnetb2,1.0,3
2525,vgg19,0.783629319224574,17
2526,resnet34,0.8120702549228033,7
2527,inceptionv3,0.0589687489396947,2
2528,efficientnetb0,1.0,3
2529,efficientnetb0,1.0,3
2530,vgg16,0.986973209346794,14
2531,vgg16,0.4031740758458291,6
2532,mobilenetv2,0.4685879196662824,7
2533,resnet34,1.0,6
2534,resnet34,1.0,6
2535,resnet34,1.0,6
2536,efficientnetb2,1.0,3
2537,mobilenetv2,0.4648669037656601,6
2538,resnet50,0.6400205520491736,8
2539,vgg19,0.7512707723562208,18
2540,efficientnetb0,1.0,3
2541,resnet18,0.9772814215247084,3
2542,inceptionv3,0.4094316093258586,6
2543,resnet18,0.9772814215247084,3
2544,resnet50,0.8017819857800019,7
2545,mobilenetv2,0.4648669037656601,6
2546,resnet18,0.9772814215247084,3
2547,resnet50,0.8017819857800019,7
2548,densenet161,1.0,6
2549,alexnet,0.293491136826713,4
2550,vgg19,0.9938700985656802,16
2551,efficientnetb0,1.0,3
2552,efficientnetb1,1.0,3
2553,vgg19,0.7512707723562208,18
2554,densenet161,1.0,6
2555,resnet50,0.8017819857800019,7
2556,efficientnetb0,1.0,3
2557,mobilenetv2,0.4685879196662824,7
2558,efficientnetb1,1.0,3
2559,inceptionv3,0.5328326911526806,7
2560,inceptionv3,0.5328326911526806,7
2561,vgg16,0.986973209346794,14
2562,densenet121,0.4858756243316292,5
2563,resnet34,0.8527581774225047,5
2564,resnet34,1.0,6
2565,densenet161,1.0,6
2566,efficientnetb0,1.0,3
2567,densenet121,0.0166311998595305,3
2568,resnet50,0.8017819857800019,7
2569,densenet121,0.4858756243316292,5
2570,efficientnetb1,0.2284047954549483,2
2571,inceptionv3,0.4094316093258586,6
2572,mobilenetv2,0.4648669037656601,6
2573,vgg19,1.0,15
2574,efficientnetb2,1.0,3
2575,inceptionv3,0.0307928131530639,3
2576,densenet161,0.8028649279588222,7
2577,densenet161,1.0,6
2578,efficientnetb2,1.0,3
2579,efficientnetb0,1.0,3
2580,vgg19,0.7512707723562208,18
2581,mobilenetv2,0.4685879196662824,7
2582,resnet50,0.6400205520491736,8
2583,efficientnetb0,1.0,3
2584,efficientnetb2,1.0,3
2585,efficientnetb1,1.0,3
2586,mobilenetv2,0.6117761346376276,5
2587,resnet50,0.8017819857800019,7
2588,mobilenetv2,0.4648669037656601,6
2589,densenet121,0.0,1
2590,efficientnetb0,1.0,3
2591,alexnet,0.293491136826713,4
2592,inceptionv3,0.3623001669335878,9
2593,efficientnetb0,1.0,3
2594,mobilenetv2,0.4648669037656601,6
2595,vgg16,0.986973209346794,14
2596,mobilenetv2,0.4685879196662824,7
2597,mobilenetv2,0.4685879196662824,7
2598,vgg19,0.783629319224574,17
2599,resnet34,1.0,6
2600,resnet18,0.9772814215247084,3
2601,vgg19,0.9938700985656802,16
2602,efficientnetb0,1.0,3
2603,vgg16,0.7391812735874347,15
2604,inceptionv3,0.0307928131530639,3
2605,vgg16,0.986973209346794,14
2606,resnet18,0.9772814215247084,3
2607,efficientnetb2,0.2064582521296088,2
2608,efficientnetb0,1.0,3
2609,vgg16,0.7391812735874347,15
2610,mobilenetv2,0.6117761346376276,5
2611,efficientnetb2,1.0,3
2612,vgg16,1.0,13
2613,efficientnetb1,1.0,3
2614,efficientnetb0,1.0,3
2615,inceptionv3,0.0307928131530639,3
2616,efficientnetb0,1.0,3
2617,efficientnetb2,1.0,3
2618,mobilenetv2,0.4648669037656601,6
2619,efficientnetb1,1.0,3
2620,efficientnetb1,1.0,3
2621,mobilenetv2,0.4685879196662824,7
2622,mobilenetv2,0.4685879196662824,7
2623,efficientnetb2,1.0,3
2624,efficientnetb1,1.0,3
2625,resnet34,1.0,6
2626,efficientnetb1,1.0,3
2627,vgg19,0.783629319224574,17
2628,efficientnetb1,1.0,3
2629,alexnet,0.2991244697200437,5
2630,alexnet,0.2991244697200437,5
2631,inceptionv3,0.3623001669335878,9
2632,alexnet,0.2991244697200437,5
2633,efficientnetb2,1.0,3
2634,resnet50,0.6400205520491736,8
2635,efficientnetb1,1.0,3
2636,vgg16,0.8548072768189431,12
2637,efficientnetb2,1.0,3
2638,resnet18,0.9772814215247084,3
2639,resnet50,0.6400205520491736,8
2640,efficientnetb1,1.0,3
2641,densenet121,0.4858756243316292,5
2642,efficientnetb1,1.0,3
2643,efficientnetb2,1.0,3
2644,alexnet,0.2991244697200437,5
2645,densenet161,1.0,6
2646,efficientnetb2,1.0,3
2647,efficientnetb0,1.0,3
2648,vgg16,0.7391812735874347,15
2649,efficientnetb2,1.0,3
2650,vgg16,0.7391812735874347,15
2651,densenet161,1.0,6
2652,resnet18,0.9772814215247084,3
2653,resnet50,0.8017819857800019,7
2654,resnet50,0.6400205520491736,8
2655,efficientnetb2,1.0,3
2656,densenet121,1.0,6
2657,vgg16,0.7391812735874347,15
2658,densenet161,1.0,6
2659,inceptionv3,0.2902176748165008,5
2660,resnet34,0.8120702549228033,7
2661,alexnet,0.2991244697200437,5
2662,mobilenetv2,0.4648669037656601,6
2663,densenet161,1.0,6
2664,densenet121,0.4858756243316292,5
2665,densenet161,1.0,6
2666,densenet161,1.0,6
2667,resnet18,0.9772814215247084,3
2668,vgg19,0.9938700985656802,16
2669,efficientnetb1,1.0,3
2670,mobilenetv2,0.4648669037656601,6
2671,vgg19,0.9938700985656802,16
2672,resnet34,1.0,6
2673,vgg19,0.9938700985656802,16
2674,resnet34,1.0,6
2675,vgg19,0.783629319224574,17
2676,densenet121,0.4858756243316292,5
2677,mobilenetv2,0.4648669037656601,6
2678,resnet50,0.8017819857800019,7
2679,vgg19,0.9938700985656802,16
2680,efficientnetb0,1.0,3
2681,efficientnetb0,1.0,3
2682,inceptionv3,0.5328326911526806,7
2683,vgg19,0.7512707723562208,18
2684,resnet18,0.9772814215247084,3
2685,densenet161,1.0,6
2686,inceptionv3,0.2902176748165008,5
2687,vgg16,0.986973209346794,14
2688,densenet161,1.0,6
2689,resnet18,0.9772814215247084,3
2690,mobilenetv2,0.4685879196662824,7
2691,inceptionv3,0.5328326911526806,7
2692,alexnet,0.293491136826713,4
2693,vgg16,1.0,13
2694,densenet121,1.0,6
2695,efficientnetb1,1.0,3
2696,densenet121,1.0,6
2697,resnet18,0.9772814215247084,3
2698,mobilenetv2,0.4685879196662824,7
2699,vgg19,0.783629319224574,17
2700,efficientnetb1,1.0,3
2701,resnet34,1.0,6
2702,vgg19,0.9938700985656802,16
2703,resnet18,0.9772814215247084,3
2704,resnet50,0.6400205520491736,8
2705,mobilenetv2,0.4648669037656601,6
2706,densenet161,1.0,6
2707,efficientnetb0,1.0,3
2708,densenet161,1.0,6
2709,densenet161,1.0,6
2710,vgg16,0.8548072768189431,12
2711,densenet161,1.0,6
2712,alexnet,0.293491136826713,4
2713,inceptionv3,0.5328326911526806,7
2714,densenet121,0.4858756243316292,5
2715,efficientnetb0,1.0,3
2716,densenet161,1.0,6
2717,resnet18,0.9772814215247084,3
2718,resnet18,0.9772814215247084,3
2719,efficientnetb1,1.0,3
2720,vgg19,0.7512707723562208,18
2721,alexnet,0.293491136826713,4
2722,alexnet,0.2991244697200437,5
2723,vgg16,0.8548072768189431,12
2724,densenet161,1.0,6
2725,efficientnetb1,1.0,3
2726,efficientnetb2,1.0,3
2727,efficientnetb2,1.0,3
2728,densenet161,0.8028649279588222,7
2729,vgg16,1.0,13
2730,efficientnetb0,1.0,3
2731,alexnet,0.293491136826713,4
2732,inceptionv3,0.3623001669335878,9
2733,densenet121,1.0,6
2734,mobilenetv2,0.4685879196662824,7
2735,vgg16,0.8548072768189431,12
2736,resnet34,1.0,6
2737,vgg19,1.0,15
2738,resnet50,0.8017819857800019,7
2739,densenet121,1.0,6
2740,vgg19,0.9938700985656802,16
2741,alexnet,0.2991244697200437,5
2742,densenet121,1.0,6
2743,alexnet,0.2991244697200437,5
2744,efficientnetb1,1.0,3
2745,efficientnetb0,1.0,3
2746,resnet18,0.9772814215247084,3
2747,vgg19,0.783629319224574,17
2748,efficientnetb0,1.0,3
2749,vgg16,0.7391812735874347,15
2750,inceptionv3,0.2902176748165008,5
2751,densenet121,0.4858756243316292,5
2752,efficientnetb0,1.0,3
2753,densenet161,1.0,6
2754,resnet50,0.6400205520491736,8
2755,efficientnetb0,1.0,3
2756,vgg16,0.7391812735874347,15
2757,efficientnetb1,1.0,3
2758,efficientnetb2,1.0,3
2759,efficientnetb1,1.0,3
2760,inceptionv3,0.5328326911526806,7
2761,mobilenetv2,0.4685879196662824,7
2762,inceptionv3,0.6533166673091002,8
2763,densenet121,0.4858756243316292,5
2764,vgg19,1.0,15
2765,resnet50,0.6400205520491736,8
2766,vgg19,0.7512707723562208,18
2767,efficientnetb0,1.0,3
2768,vgg19,0.7512707723562208,18
2769,resnet50,0.0,1
2770,mobilenetv2,0.4648669037656601,6
2771,resnet18,0.9772814215247084,3
2772,efficientnetb1,1.0,3
2773,efficientnetb0,1.0,3
2774,densenet121,1.0,6
2775,efficientnetb0,1.0,3
2776,alexnet,0.2991244697200437,5
2777,alexnet,0.2991244697200437,5
2778,alexnet,0.2991244697200437,5
2779,mobilenetv2,0.4685879196662824,7
2780,resnet34,0.8120702549228033,7
2781,vgg19,0.783629319224574,17
2782,resnet50,0.6400205520491736,8
2783,densenet161,1.0,6
2784,efficientnetb0,1.0,3
2785,densenet161,1.0,6
2786,mobilenetv2,0.4685879196662824,7
2787,efficientnetb1,1.0,3
2788,efficientnetb0,1.0,3
2789,mobilenetv2,0.4685879196662824,7
2790,vgg19,0.7512707723562208,18
2791,efficientnetb1,1.0,3
2792,vgg19,0.7512707723562208,18
2793,mobilenetv2,0.4685879196662824,7
2794,densenet121,1.0,6
2795,efficientnetb1,1.0,3
2796,resnet34,0.8120702549228033,7
2797,vgg16,0.7391812735874347,15
2798,efficientnetb1,1.0,3
2799,vgg19,1.0,15
2800,efficientnetb0,1.0,3
2801,efficientnetb0,1.0,3
2802,efficientnetb0,1.0,3
2803,densenet161,0.2994714122049385,4
2804,resnet34,0.8120702549228033,7
2805,efficientnetb1,1.0,3
2806,vgg16,0.986973209346794,14
2807,densenet161,0.8028649279588222,7
2808,alexnet,0.2991244697200437,5
2809,vgg19,0.7512707723562208,18
2810,vgg19,0.783629319224574,17
2811,efficientnetb2,1.0,3
2812,inceptionv3,0.5328326911526806,7
2813,densenet121,1.0,6
2814,efficientnetb1,1.0,3
2815,vgg16,0.746695083747165,16
2816,resnet50,0.6400205520491736,8
2817,resnet34,0.8120702549228033,7
2818,resnet34,0.8120702549228033,7
2819,efficientnetb2,1.0,3
2820,alexnet,0.2991244697200437,5
2821,efficientnetb1,1.0,3
2822,densenet161,1.0,6
2823,vgg16,0.986973209346794,14
2824,efficientnetb2,1.0,3
2825,resnet50,0.8017819857800019,7
2826,resnet50,0.4611727687596107,9
2827,efficientnetb1,0.0,1
2828,efficientnetb1,1.0,3
2829,resnet18,0.9772814215247084,3
2830,resnet34,0.8120702549228033,7
2831,alexnet,0.2991244697200437,5
2832,efficientnetb1,1.0,3
2833,densenet161,0.8028649279588222,7
2834,mobilenetv2,0.4685879196662824,7
2835,efficientnetb0,1.0,3
2836,efficientnetb2,1.0,3
2837,resnet34,1.0,6
2838,efficientnetb1,1.0,3
2839,resnet50,0.6400205520491736,8
2840,densenet121,1.0,6
2841,mobilenetv2,0.4685879196662824,7
2842,efficientnetb2,1.0,3
2843,resnet18,0.9772814215247084,3
2844,alexnet,0.293491136826713,4
2845,efficientnetb1,1.0,3
2846,resnet34,0.8120702549228033,7
2847,inceptionv3,0.5328326911526806,7
2848,resnet18,0.9772814215247084,3
2849,alexnet,0.2991244697200437,5
2850,densenet161,0.8028649279588222,7
2851,vgg19,0.9938700985656802,16
2852,densenet121,0.4858756243316292,5
2853,mobilenetv2,0.4685879196662824,7
2854,densenet121,1.0,6
2855,resnet34,0.8120702549228033,7
2856,resnet18,0.9772814215247084,3
2857,densenet121,0.4858756243316292,5
2858,efficientnetb0,1.0,3
2859,resnet50,0.6400205520491736,8
2860,efficientnetb1,1.0,3
2861,densenet161,1.0,6
2862,resnet34,1.0,6
2863,resnet34,0.8120702549228033,7
2864,alexnet,0.2991244697200437,5
2865,resnet34,1.0,6
2866,mobilenetv2,0.4685879196662824,7
2867,efficientnetb0,0.6801221238861833,4
2868,resnet18,0.9772814215247084,3
2869,efficientnetb0,1.0,3
2870,vgg19,1.0,15
2871,efficientnetb2,1.0,3
2872,densenet161,1.0,6
2873,efficientnetb0,1.0,3
2874,densenet121,0.4858756243316292,5
2875,vgg19,0.9322438807363724,13
2876,mobilenetv2,0.4685879196662824,7
2877,densenet161,1.0,6
2878,efficientnetb0,1.0,3
2879,vgg19,1.0,15
2880,efficientnetb0,0.6801221238861833,4
2881,vgg19,0.783629319224574,17
2882,efficientnetb2,1.0,3
2883,resnet50,0.8017819857800019,7
2884,resnet34,1.0,6
2885,efficientnetb2,1.0,3
2886,efficientnetb2,0.6509085704414946,4
2887,resnet50,0.8017819857800019,7
2888,resnet34,1.0,6
2889,vgg16,0.986973209346794,14
2890,efficientnetb1,1.0,3
2891,densenet161,1.0,6
2892,resnet18,0.9772814215247084,3
2893,resnet18,0.9772814215247084,3
2894,vgg16,0.986973209346794,14
2895,efficientnetb0,1.0,3
2896,vgg16,0.8548072768189431,12
2897,resnet18,0.9772814215247084,3
2898,vgg16,0.8548072768189431,12
2899,resnet50,0.6400205520491736,8
2900,vgg16,0.986973209346794,14
2901,resnet34,1.0,6
2902,resnet18,0.9772814215247084,3
2903,resnet34,0.8120702549228033,7
2904,resnet34,1.0,6
2905,densenet161,1.0,6
2906,vgg19,0.9938700985656802,16
2907,densenet161,0.0,2
2908,vgg19,0.7537426666757167,12
2909,efficientnetb0,1.0,3
2910,resnet50,0.8017819857800019,7
2911,resnet34,1.0,6
2912,vgg16,0.8548072768189431,12
2913,vgg16,0.8548072768189431,12
2914,inceptionv3,0.0074999869015191,1
2915,efficientnetb1,1.0,3
2916,efficientnetb2,1.0,3
2917,efficientnetb0,1.0,3
2918,densenet121,0.4858756243316292,5
2919,densenet121,0.4858756243316292,5
2920,vgg19,1.0,15
2921,resnet50,0.8017819857800019,7
2922,resnet50,0.6400205520491736,8
2923,mobilenetv2,0.4648669037656601,6
2924,vgg16,0.8548072768189431,12
2925,alexnet,0.293491136826713,4
2926,vgg16,0.8568556422949929,11
2927,resnet34,1.0,6
2928,inceptionv3,0.2902176748165008,5
2929,vgg19,1.0,15
2930,densenet161,1.0,6
2931,efficientnetb2,1.0,3
2932,vgg16,0.8568556422949929,11
2933,resnet34,1.0,6
2934,densenet161,1.0,6
2935,resnet18,0.9772814215247084,3
2936,resnet18,0.9772814215247084,3
2937,efficientnetb0,1.0,3
2938,vgg16,0.986973209346794,14
2939,efficientnetb0,1.0,3
2940,resnet34,1.0,6
2941,vgg16,0.8548072768189431,12
2942,mobilenetv2,0.4648669037656601,6
2943,inceptionv3,0.2596914260161562,4
2944,efficientnetb1,1.0,3
2945,resnet34,1.0,6
2946,efficientnetb1,1.0,3
2947,resnet18,0.9772814215247084,3
2948,resnet18,0.9772814215247084,3
2949,alexnet,0.2991244697200437,5
2950,efficientnetb2,1.0,3
2951,efficientnetb0,1.0,3
2952,resnet18,0.9772814215247084,3
2953,efficientnetb2,1.0,3
2954,resnet18,0.9772814215247084,3
2955,alexnet,0.2991244697200437,5
2956,inceptionv3,0.2902176748165008,5
2957,densenet121,0.4858756243316292,5
2958,vgg19,0.9938700985656802,16
2959,resnet34,1.0,6
2960,densenet161,1.0,6
2961,inceptionv3,0.5328326911526806,7
2962,efficientnetb2,1.0,3
2963,resnet50,0.8017819857800019,7
2964,mobilenetv2,0.4648669037656601,6
2965,alexnet,0.0,1
2966,efficientnetb0,1.0,3
2967,mobilenetv2,0.4648669037656601,6
2968,densenet121,0.4858756243316292,5
2969,efficientnetb2,1.0,3
2970,densenet161,1.0,6
2971,densenet161,1.0,6
2972,efficientnetb2,1.0,3
2973,resnet18,0.9772814215247084,3
2974,resnet50,0.8017819857800019,7
2975,vgg16,0.986973209346794,14
2976,vgg19,0.783629319224574,17
2977,vgg16,0.986973209346794,14
2978,efficientnetb2,1.0,3
2979,alexnet,0.2991244697200437,5
2980,resnet50,0.8017819857800019,7
2981,inceptionv3,0.4094316093258586,6
2982,efficientnetb2,1.0,3
2983,efficientnetb1,1.0,3
2984,resnet18,0.9772814215247084,3
2985,efficientnetb0,1.0,3
2986,resnet34,1.0,6
2987,resnet34,1.0,6
2988,alexnet,0.2991244697200437,5
2989,mobilenetv2,0.4648669037656601,6
2990,densenet121,1.0,6
2991,mobilenetv2,0.4648669037656601,6
2992,alexnet,0.2991244697200437,5
2993,densenet121,1.0,6
2994,resnet50,0.8017819857800019,7
2995,densenet161,1.0,6
2996,mobilenetv2,0.4685879196662824,7
2997,resnet34,0.8120702549228033,7
2998,vgg16,0.986973209346794,14
2999,alexnet,0.2991244697200437,5
3000,alexnet,0.4184310756079495,6
3001,vgg16,1.0,13
3002,efficientnetb1,1.0,3
3003,efficientnetb1,1.0,3
3004,inceptionv3,0.5328326911526806,7
3005,vgg19,0.9938700985656802,16
3006,vgg16,0.8568556422949929,11
3007,densenet161,1.0,6
3008,efficientnetb2,1.0,3
3009,efficientnetb0,1.0,3
3010,efficientnetb0,1.0,3
3011,densenet161,1.0,6
3012,mobilenetv2,0.4648669037656601,6
3013,efficientnetb0,1.0,3
3014,densenet161,1.0,6
3015,vgg16,1.0,13
3016,resnet18,0.9772814215247084,3
3017,resnet50,0.6400205520491736,8
3018,inceptionv3,1.0,10
3019,vgg19,0.783629319224574,17
3020,mobilenetv2,0.4648669037656601,6
3021,resnet34,1.0,6
3022,densenet161,1.0,6
3023,efficientnetb2,1.0,3
3024,vgg16,1.0,13
3025,resnet34,1.0,6
3026,mobilenetv2,0.4648669037656601,6
3027,alexnet,0.2991244697200437,5
3028,resnet34,1.0,6
3029,vgg19,0.783629319224574,17
3030,resnet50,0.4611727687596107,9
3031,vgg16,0.986973209346794,14
3032,efficientnetb1,1.0,3
3033,efficientnetb2,1.0,3
3034,resnet50,0.6400205520491736,8
3035,resnet18,0.666846850715217,4
3036,mobilenetv2,0.4648669037656601,6
3037,efficientnetb1,1.0,3
3038,efficientnetb2,1.0,3
3039,densenet121,1.0,6
3040,densenet121,0.4858756243316292,5
3041,efficientnetb0,1.0,3
3042,vgg19,1.0,15
3043,inceptionv3,0.5328326911526806,7
3044,densenet121,0.4858756243316292,5
3045,efficientnetb2,1.0,3
3046,inceptionv3,0.5328326911526806,7
3047,mobilenetv2,0.4648669037656601,6
3048,mobilenetv2,0.4648669037656601,6
3049,densenet161,1.0,6
3050,vgg19,0.7512707723562208,18
3051,resnet18,0.9772814215247084,3
3052,alexnet,0.2991244697200437,5
3053,vgg16,1.0,13
3054,densenet121,1.0,6
3055,resnet18,0.9772814215247084,3
3056,densenet161,1.0,6
3057,resnet50,0.6400205520491736,8
3058,vgg16,0.986973209346794,14
3059,vgg19,1.0,15
3060,vgg16,1.0,13
3061,efficientnetb1,1.0,3
3062,resnet34,1.0,6
3063,efficientnetb1,1.0,3
3064,alexnet,0.293491136826713,4
3065,vgg16,0.8548072768189431,12
3066,efficientnetb2,1.0,3
3067,vgg19,0.9322438807363724,13
3068,resnet34,1.0,6
3069,resnet18,0.9772814215247084,3
3070,alexnet,0.293491136826713,4
3071,efficientnetb2,1.0,3
3072,inceptionv3,0.2902176748165008,5
3073,densenet161,1.0,6
3074,vgg16,0.986973209346794,14
3075,mobilenetv2,0.4685879196662824,7
3076,densenet121,0.4858756243316292,5
3077,efficientnetb2,1.0,3
3078,efficientnetb0,1.0,3
3079,resnet34,1.0,6
3080,resnet50,0.6400205520491736,8
3081,vgg16,0.8568556422949929,11
3082,resnet34,1.0,6
3083,inceptionv3,0.0074999869015191,1
3084,efficientnetb2,1.0,3
3085,vgg16,0.986973209346794,14
3086,vgg19,0.9938700985656802,16
3087,efficientnetb1,1.0,3
3088,resnet18,0.9772814215247084,3
3089,resnet18,0.9772814215247084,3
3090,mobilenetv2,0.4648669037656601,6
3091,densenet161,1.0,6
3092,mobilenetv2,0.4648669037656601,6
3093,densenet161,1.0,6
3094,resnet34,1.0,6
3095,efficientnetb1,1.0,3
3096,vgg19,0.9938700985656802,16
3097,densenet121,0.4858756243316292,5
3098,resnet34,0.8527581774225047,5
3099,efficientnetb0,1.0,3
3100,densenet161,1.0,6
3101,resnet50,0.8017819857800019,7
3102,efficientnetb0,1.0,3
3103,resnet50,0.8017819857800019,7
3104,efficientnetb2,1.0,3
3105,resnet18,0.9772814215247084,3
3106,resnet50,0.8017819857800019,7
3107,resnet18,0.9772814215247084,3
3108,efficientnetb2,1.0,3
3109,resnet50,0.8017819857800019,7
3110,efficientnetb1,1.0,3
3111,resnet50,0.8017819857800019,7
3112,inceptionv3,0.5328326911526806,7
3113,efficientnetb0,1.0,3
3114,densenet161,1.0,6
3115,efficientnetb0,1.0,3
3116,resnet34,1.0,6
3117,vgg19,0.9938700985656802,16
3118,inceptionv3,0.2902176748165008,5
3119,efficientnetb1,1.0,3
3120,inceptionv3,0.2902176748165008,5
3121,alexnet,0.2991244697200437,5
3122,efficientnetb0,1.0,3
3123,efficientnetb0,1.0,3
3124,resnet18,0.9772814215247084,3
3125,efficientnetb1,1.0,3
3126,efficientnetb0,1.0,3
3127,mobilenetv2,0.4648669037656601,6
3128,mobilenetv2,0.4685879196662824,7
3129,vgg19,0.9938700985656802,16
3130,efficientnetb0,1.0,3
3131,densenet161,1.0,6
3132,inceptionv3,0.5328326911526806,7
3133,efficientnetb2,1.0,3
3134,resnet18,0.9772814215247084,3
3135,resnet34,1.0,6
3136,efficientnetb1,1.0,3
3137,densenet161,1.0,6
3138,inceptionv3,0.5328326911526806,7
3139,efficientnetb0,1.0,3
3140,densenet161,1.0,6
3141,resnet50,0.8017819857800019,7
3142,alexnet,0.2991244697200437,5
3143,densenet161,1.0,6
3144,mobilenetv2,0.4648669037656601,6
3145,efficientnetb0,1.0,3
3146,densenet121,1.0,6
3147,densenet161,1.0,6
3148,efficientnetb1,1.0,3
3149,alexnet,0.293491136826713,4
3150,efficientnetb0,1.0,3
3151,densenet161,1.0,6
3152,efficientnetb2,1.0,3
3153,resnet50,0.8017819857800019,7
3154,vgg16,1.0,13
3155,resnet34,0.8120702549228033,7
3156,alexnet,0.293491136826713,4
3157,densenet121,0.4858756243316292,5
3158,vgg16,0.986973209346794,14
3159,alexnet,0.293491136826713,4
3160,resnet34,1.0,6
3161,resnet18,0.9772814215247084,3
3162,efficientnetb1,1.0,3
3163,inceptionv3,0.2902176748165008,5
3164,alexnet,0.2991244697200437,5
3165,densenet121,0.4858756243316292,5
3166,vgg19,0.9938700985656802,16
3167,resnet34,1.0,6
3168,inceptionv3,0.4094316093258586,6
3169,efficientnetb0,1.0,3
3170,alexnet,0.2991244697200437,5
3171,inceptionv3,0.2596914260161562,4
3172,densenet161,1.0,6
3173,alexnet,0.293491136826713,4
3174,vgg16,0.986973209346794,14
3175,densenet121,0.4858756243316292,5
3176,mobilenetv2,0.4648669037656601,6
3177,resnet50,0.8017819857800019,7
3178,mobilenetv2,0.4648669037656601,6
3179,resnet50,0.6400205520491736,8
3180,efficientnetb2,1.0,3
3181,resnet34,1.0,6
3182,efficientnetb2,1.0,3
3183,densenet121,0.4858756243316292,5
3184,vgg19,1.0,15
3185,densenet121,0.4858756243316292,5
3186,densenet161,1.0,6
3187,densenet121,1.0,6
3188,densenet121,0.4858756243316292,5
3189,inceptionv3,0.2596914260161562,4
3190,efficientnetb2,1.0,3
3191,efficientnetb2,1.0,3
3192,efficientnetb0,1.0,3
3193,mobilenetv2,0.4685879196662824,7
3194,efficientnetb2,1.0,3
3195,vgg19,0.783629319224574,17
3196,inceptionv3,0.8003254803685758,11
3197,mobilenetv2,0.4648669037656601,6
3198,efficientnetb0,1.0,3
3199,densenet121,0.4858756243316292,5
3200,efficientnetb0,0.6801221238861833,4
3201,mobilenetv2,0.4685879196662824,7
3202,resnet34,1.0,6
3203,resnet18,0.9772814215247084,3
3204,alexnet,0.2991244697200437,5
3205,resnet50,0.6400205520491736,8
3206,alexnet,0.2991244697200437,5
3207,vgg16,0.8568556422949929,11
3208,densenet161,1.0,6
3209,efficientnetb2,1.0,3
3210,resnet34,1.0,6
3211,efficientnetb0,1.0,3
3212,densenet121,1.0,6
3213,efficientnetb0,1.0,3
3214,densenet121,0.4858756243316292,5
3215,resnet18,0.9772814215247084,3
3216,resnet18,0.9772814215247084,3
3217,densenet161,1.0,6
3218,vgg19,1.0,15
3219,mobilenetv2,0.4685879196662824,7
3220,vgg16,0.986973209346794,14
3221,resnet18,0.9772814215247084,3
3222,resnet34,1.0,6
3223,resnet50,0.6400205520491736,8
3224,inceptionv3,0.6533166673091002,8
3225,alexnet,0.293491136826713,4
3226,resnet50,0.6400205520491736,8
3227,efficientnetb2,1.0,3
3228,densenet121,0.4858756243316292,5
3229,efficientnetb1,1.0,3
3230,resnet50,0.6400205520491736,8
3231,alexnet,0.2991244697200437,5
3232,resnet18,0.9772814215247084,3
3233,resnet18,0.9772814215247084,3
3234,inceptionv3,1.0,10
3235,inceptionv3,0.3623001669335878,9
3236,efficientnetb1,1.0,3
3237,alexnet,0.2991244697200437,5
3238,densenet161,1.0,6
3239,efficientnetb1,1.0,3
3240,efficientnetb2,1.0,3
3241,resnet34,0.8120702549228033,7
3242,alexnet,0.293491136826713,4
3243,resnet18,0.9772814215247084,3
3244,resnet34,0.5254802820550293,3
3245,alexnet,0.2991244697200437,5
3246,densenet121,0.4858756243316292,5
3247,densenet161,1.0,6
3248,resnet18,0.9772814215247084,3
3249,efficientnetb0,1.0,3
3250,resnet18,0.9772814215247084,3
3251,resnet50,0.8017819857800019,7
3252,resnet50,0.6400205520491736,8
3253,alexnet,0.293491136826713,4
3254,mobilenetv2,0.4324170734073829,8
3255,efficientnetb0,1.0,3
3256,vgg16,0.986973209346794,14
3257,resnet18,0.9772814215247084,3
3258,resnet34,1.0,6
3259,efficientnetb1,1.0,3
3260,vgg19,0.783629319224574,17
3261,efficientnetb1,1.0,3
3262,efficientnetb1,1.0,3
3263,resnet50,1.0,6
3264,efficientnetb2,1.0,3
3265,vgg19,0.9938700985656802,16
3266,resnet18,0.9772814215247084,3
3267,vgg16,0.986973209346794,14
3268,mobilenetv2,0.4685879196662824,7
3269,efficientnetb2,1.0,3
3270,efficientnetb0,1.0,3
3271,resnet18,0.9772814215247084,3
3272,densenet121,0.0166311998595305,3
3273,vgg16,0.8548072768189431,12
3274,vgg16,0.986973209346794,14
3275,alexnet,0.293491136826713,4
3276,efficientnetb0,1.0,3
3277,efficientnetb1,1.0,3
3278,resnet34,0.8120702549228033,7
3279,mobilenetv2,0.4648669037656601,6
3280,efficientnetb2,1.0,3
3281,efficientnetb2,1.0,3
3282,densenet121,1.0,6
3283,efficientnetb0,1.0,3
3284,densenet161,1.0,6
3285,alexnet,0.293491136826713,4
3286,vgg19,0.9322438807363724,13
3287,efficientnetb2,1.0,3
3288,efficientnetb2,1.0,3
3289,densenet121,1.0,6
3290,resnet50,0.6400205520491736,8
3291,efficientnetb0,1.0,3
3292,vgg19,0.7512707723562208,18
3293,resnet34,1.0,6
3294,densenet121,1.0,6
3295,densenet121,0.4858756243316292,5
3296,mobilenetv2,0.4685879196662824,7
3297,vgg16,0.986973209346794,14
3298,densenet121,1.0,6
3299,mobilenetv2,0.4685879196662824,7
3300,resnet50,0.6400205520491736,8
3301,efficientnetb0,1.0,3
3302,densenet161,0.2831929044634787,5
3303,resnet18,0.9772814215247084,3
3304,resnet18,0.9772814215247084,3
3305,vgg16,0.7391812735874347,15
3306,resnet34,1.0,6
3307,mobilenetv2,0.6117761346376276,5
3308,resnet50,0.6400205520491736,8
3309,densenet161,1.0,6
3310,alexnet,0.293491136826713,4
3311,efficientnetb0,1.0,3
3312,densenet121,1.0,6
3313,densenet121,1.0,6
3314,efficientnetb0,1.0,3
3315,efficientnetb0,1.0,3
3316,mobilenetv2,0.4685879196662824,7
3317,densenet121,1.0,6
3318,resnet18,0.9772814215247084,3
3319,vgg16,0.7391812735874347,15
3320,resnet18,0.9772814215247084,3
3321,vgg19,0.7512707723562208,18
3322,efficientnetb2,1.0,3
3323,inceptionv3,0.6533166673091002,8
3324,densenet161,1.0,6
3325,vgg19,0.7512707723562208,18
3326,inceptionv3,0.6533166673091002,8
3327,efficientnetb0,1.0,3
3328,resnet34,0.8120702549228033,7
3329,resnet18,0.9772814215247084,3
3330,alexnet,0.2991244697200437,5
3331,vgg16,0.7391812735874347,15
3332,densenet121,1.0,6
3333,efficientnetb2,1.0,3
3334,efficientnetb1,1.0,3
3335,efficientnetb1,1.0,3
3336,alexnet,0.2991244697200437,5
3337,inceptionv3,1.0,10
3338,resnet18,0.9772814215247084,3
3339,resnet50,0.6400205520491736,8
3340,resnet50,0.6400205520491736,8
3341,efficientnetb1,1.0,3
3342,resnet34,1.0,6
3343,efficientnetb2,0.6509085704414946,4
3344,efficientnetb0,1.0,3
3345,resnet18,0.666846850715217,4
3346,densenet161,1.0,6
3347,resnet18,0.9772814215247084,3
3348,vgg19,0.6596989303057831,21
3349,vgg16,1.0,13
3350,alexnet,0.2991244697200437,5
3351,resnet18,0.9772814215247084,3
3352,resnet18,0.9772814215247084,3
3353,resnet34,0.7020867334437453,8
3354,inceptionv3,0.4094316093258586,6
3355,resnet34,0.8120702549228033,7
3356,resnet50,0.8017819857800019,7
3357,densenet161,1.0,6
3358,resnet18,0.9772814215247084,3
3359,resnet34,1.0,6
3360,efficientnetb1,1.0,3
3361,resnet34,0.8120702549228033,7
3362,resnet18,0.9772814215247084,3
3363,densenet121,1.0,6
3364,resnet18,0.9772814215247084,3
3365,efficientnetb0,1.0,3
3366,vgg19,0.7315721114772937,19
3367,resnet50,0.6400205520491736,8
3368,vgg16,0.7391812735874347,15
3369,densenet121,1.0,6
3370,densenet161,1.0,6
3371,efficientnetb0,1.0,3
3372,efficientnetb2,1.0,3
3373,vgg19,0.7512707723562208,18
3374,vgg16,0.7391812735874347,15
3375,vgg16,0.8548072768189431,12
3376,vgg19,0.783629319224574,17
3377,efficientnetb0,1.0,3
3378,densenet161,1.0,6
3379,densenet161,1.0,6
3380,inceptionv3,0.5328326911526806,7
3381,resnet50,0.6400205520491736,8
3382,resnet34,1.0,6
3383,densenet161,1.0,6
3384,resnet50,0.8017819857800019,7
3385,vgg19,0.783629319224574,17
3386,resnet18,0.9772814215247084,3
3387,vgg19,0.783629319224574,17
3388,vgg19,1.0,15
3389,densenet121,1.0,6
3390,alexnet,0.2991244697200437,5
3391,efficientnetb1,1.0,3
3392,resnet18,0.9772814215247084,3
3393,resnet34,1.0,6
3394,mobilenetv2,0.4648669037656601,6
3395,alexnet,0.2991244697200437,5
3396,vgg16,0.746695083747165,16
3397,efficientnetb0,1.0,3
3398,efficientnetb1,1.0,3
3399,efficientnetb1,1.0,3
3400,resnet34,1.0,6
3401,densenet121,0.4858756243316292,5
3402,vgg16,1.0,13
3403,mobilenetv2,0.4685879196662824,7
3404,resnet18,0.9772814215247084,3
3405,vgg19,0.9938700985656802,16
3406,resnet18,0.9772814215247084,3
3407,densenet121,0.4858756243316292,5
3408,efficientnetb1,1.0,3
3409,resnet18,0.9772814215247084,3
3410,densenet161,0.2994714122049385,4
3411,efficientnetb0,1.0,3
3412,efficientnetb2,1.0,3
3413,efficientnetb2,1.0,3
3414,vgg19,1.0,15
3415,vgg16,0.4173293874259716,5
3416,resnet50,0.8017819857800019,7
3417,densenet161,1.0,6
3418,resnet34,1.0,6
3419,efficientnetb2,1.0,3
3420,resnet34,1.0,6
3421,densenet161,1.0,6
3422,densenet161,1.0,6
3423,mobilenetv2,0.4648669037656601,6
3424,resnet34,1.0,6
3425,resnet50,0.6400205520491736,8
3426,vgg19,1.0,15
3427,mobilenetv2,0.4648669037656601,6
3428,mobilenetv2,0.4685879196662824,7
3429,resnet34,0.8120702549228033,7
3430,efficientnetb0,1.0,3
3431,densenet161,1.0,6
3432,mobilenetv2,0.4648669037656601,6
3433,efficientnetb0,1.0,3
3434,efficientnetb2,1.0,3
3435,alexnet,0.293491136826713,4
3436,efficientnetb0,1.0,3
3437,alexnet,0.293491136826713,4
3438,inceptionv3,0.3623001669335878,9
3439,efficientnetb2,1.0,3
3440,alexnet,0.1458942907493161,3
3441,resnet50,0.8017819857800019,7
3442,alexnet,0.293491136826713,4
3443,densenet121,0.4858756243316292,5
3444,mobilenetv2,0.4648669037656601,6
3445,efficientnetb2,1.0,3
3446,resnet18,0.9772814215247084,3
3447,inceptionv3,0.0307928131530639,3
3448,resnet34,1.0,6
3449,mobilenetv2,0.6117761346376276,5
3450,alexnet,0.293491136826713,4
3451,resnet18,0.9772814215247084,3
3452,efficientnetb0,1.0,3
3453,densenet161,1.0,6
3454,vgg19,0.958551617010162,14
3455,alexnet,0.293491136826713,4
3456,efficientnetb1,1.0,3
3457,efficientnetb2,1.0,3
3458,efficientnetb2,1.0,3
3459,efficientnetb1,1.0,3
3460,densenet161,1.0,6
3461,efficientnetb2,0.6509085704414946,4
3462,densenet161,1.0,6
3463,alexnet,0.0281280654545952,2
3464,alexnet,0.293491136826713,4
3465,efficientnetb0,1.0,3
3466,efficientnetb0,1.0,3
3467,densenet121,0.4858756243316292,5
3468,alexnet,0.1458942907493161,3
3469,alexnet,0.293491136826713,4
3470,efficientnetb0,1.0,3
3471,resnet34,0.8527581774225047,5
3472,vgg16,0.8568556422949929,11
3473,efficientnetb0,1.0,3
3474,vgg16,1.0,13
3475,alexnet,0.293491136826713,4
3476,efficientnetb0,1.0,3
3477,resnet34,1.0,6
3478,efficientnetb2,1.0,3
3479,densenet121,0.4858756243316292,5
3480,resnet50,0.6400205520491736,8
3481,mobilenetv2,0.4648669037656601,6
3482,inceptionv3,0.0589687489396947,2
3483,inceptionv3,0.0074999869015191,1
3484,efficientnetb0,1.0,3
3485,mobilenetv2,0.6117761346376276,5
3486,resnet18,0.9772814215247084,3
3487,resnet18,0.9772814215247084,3
3488,efficientnetb1,1.0,3
3489,efficientnetb0,1.0,3
3490,vgg16,1.0,13
3491,vgg19,1.0,15
3492,vgg16,0.8548072768189431,12
3493,resnet50,0.8017819857800019,7
3494,densenet121,0.4858756243316292,5
3495,inceptionv3,0.6533166673091002,8
3496,vgg19,1.0,15
3497,densenet121,0.133680659859905,4
3498,densenet161,1.0,6
3499,efficientnetb1,1.0,3
3500,resnet18,0.9772814215247084,3
3501,resnet34,1.0,6
3502,resnet18,1.0,2
3503,vgg16,0.8568556422949929,11
3504,efficientnetb2,1.0,3
3505,inceptionv3,0.5328326911526806,7
3506,efficientnetb2,1.0,3
3507,efficientnetb2,1.0,3
3508,resnet50,0.8017819857800019,7
3509,alexnet,0.293491136826713,4
3510,inceptionv3,0.6533166673091002,8
3511,densenet121,0.4858756243316292,5
3512,densenet121,0.4858756243316292,5
3513,densenet121,0.4858756243316292,5
3514,efficientnetb0,1.0,3
3515,densenet161,0.2831929044634787,5
3516,alexnet,0.293491136826713,4
3517,efficientnetb2,1.0,3
3518,alexnet,0.293491136826713,4
3519,resnet34,1.0,6
3520,mobilenetv2,0.4648669037656601,6
3521,inceptionv3,0.0589687489396947,2
3522,densenet161,1.0,6
3523,densenet121,0.4858756243316292,5
3524,efficientnetb2,1.0,3
3525,resnet50,0.8017819857800019,7
3526,vgg19,1.0,15
3527,efficientnetb1,1.0,3
3528,inceptionv3,0.4094316093258586,6
3529,efficientnetb0,1.0,3
3530,alexnet,0.1458942907493161,3
3531,resnet18,0.9772814215247084,3
3532,resnet18,0.9772814215247084,3
3533,resnet34,1.0,6
3534,efficientnetb1,0.2284047954549483,2
3535,densenet161,1.0,6
3536,vgg16,0.8548072768189431,12
3537,alexnet,0.293491136826713,4
3538,inceptionv3,0.4094316093258586,6
3539,efficientnetb2,1.0,3
3540,vgg16,0.7391812735874347,15
3541,efficientnetb0,1.0,3
3542,efficientnetb1,1.0,3
3543,efficientnetb2,1.0,3
3544,alexnet,0.293491136826713,4
3545,mobilenetv2,0.4685879196662824,7
3546,vgg19,1.0,15
3547,alexnet,0.293491136826713,4
3548,resnet18,0.9772814215247084,3
3549,efficientnetb1,1.0,3
3550,mobilenetv2,0.4648669037656601,6
3551,resnet50,0.8017819857800019,7
3552,resnet34,1.0,6
3553,densenet121,0.4858756243316292,5
3554,inceptionv3,0.4094316093258586,6
3555,vgg16,1.0,13
3556,mobilenetv2,0.4648669037656601,6
3557,efficientnetb1,1.0,3
3558,resnet18,0.9772814215247084,3
3559,efficientnetb1,1.0,3
3560,densenet121,0.4858756243316292,5
3561,efficientnetb2,1.0,3
3562,efficientnetb0,1.0,3
3563,vgg19,0.958551617010162,14
3564,densenet121,0.4858756243316292,5
3565,resnet50,0.8017819857800019,7
3566,resnet34,0.8527581774225047,5
3567,mobilenetv2,0.4648669037656601,6
3568,resnet50,0.8017819857800019,7
3569,resnet34,1.0,6
3570,resnet34,1.0,6
3571,inceptionv3,0.3623001669335878,9
3572,efficientnetb0,1.0,3
3573,resnet34,0.8527581774225047,5
3574,vgg19,0.9938700985656802,16
3575,alexnet,0.293491136826713,4
3576,inceptionv3,0.4094316093258586,6
3577,densenet121,0.4858756243316292,5
3578,resnet18,0.9772814215247084,3
3579,inceptionv3,0.0589687489396947,2
3580,vgg19,0.958551617010162,14
3581,efficientnetb1,1.0,3
3582,resnet50,0.6400205520491736,8
3583,efficientnetb1,1.0,3
3584,efficientnetb1,1.0,3
3585,densenet121,0.0,1
3586,resnet50,0.8017819857800019,7
3587,vgg19,1.0,15
3588,alexnet,0.1458942907493161,3
3589,efficientnetb2,1.0,3
3590,vgg16,1.0,13
3591,resnet50,0.8017819857800019,7
3592,densenet161,1.0,6
3593,densenet161,1.0,6
3594,resnet18,0.9772814215247084,3
3595,vgg19,0.9938700985656802,16
3596,efficientnetb0,1.0,3
3597,densenet121,0.4858756243316292,5
3598,densenet121,0.4858756243316292,5
3599,mobilenetv2,0.4685879196662824,7
3600,efficientnetb2,1.0,3
3601,efficientnetb1,1.0,3
3602,efficientnetb2,1.0,3
3603,densenet121,0.4858756243316292,5
3604,inceptionv3,0.3623001669335878,9
3605,resnet50,0.8017819857800019,7
3606,efficientnetb1,1.0,3
3607,vgg16,0.5519575390300896,9
3608,resnet50,0.8017819857800019,7
3609,resnet18,0.9772814215247084,3
3610,resnet34,1.0,6
3611,inceptionv3,0.2902176748165008,5
3612,inceptionv3,0.4094316093258586,6
3613,vgg16,1.0,13
3614,mobilenetv2,0.4648669037656601,6
3615,densenet121,0.4858756243316292,5
3616,resnet34,1.0,6
3617,resnet50,0.8017819857800019,7
3618,efficientnetb2,1.0,3
3619,mobilenetv2,0.4648669037656601,6
3620,resnet34,0.2104748857315504,1
3621,densenet121,0.4858756243316292,5
3622,vgg19,0.958551617010162,14
3623,vgg19,1.0,15
3624,inceptionv3,0.6533166673091002,8
3625,inceptionv3,0.0074999869015191,1
3626,alexnet,0.293491136826713,4
3627,vgg16,0.8548072768189431,12
3628,densenet161,1.0,6
3629,vgg19,0.9938700985656802,16
3630,resnet50,0.6400205520491736,8
3631,vgg16,0.8548072768189431,12
3632,inceptionv3,0.4094316093258586,6
3633,mobilenetv2,0.4648669037656601,6
3634,inceptionv3,0.2902176748165008,5
3635,mobilenetv2,0.4648669037656601,6
3636,densenet121,1.0,6
3637,densenet161,1.0,6
3638,efficientnetb0,1.0,3
3639,efficientnetb0,1.0,3
3640,efficientnetb0,1.0,3
3641,densenet121,0.4858756243316292,5
3642,inceptionv3,1.0,10
3643,alexnet,0.293491136826713,4
3644,inceptionv3,0.5328326911526806,7
3645,vgg19,1.0,15
3646,efficientnetb0,1.0,3
3647,inceptionv3,0.5328326911526806,7
3648,efficientnetb1,1.0,3
3649,efficientnetb1,1.0,3
3650,resnet50,0.8017819857800019,7
3651,vgg19,0.9322438807363724,13
3652,densenet121,0.4858756243316292,5
3653,alexnet,0.293491136826713,4
3654,vgg16,0.8568556422949929,11
3655,densenet121,0.4858756243316292,5
3656,densenet121,1.0,6
3657,resnet50,0.8017819857800019,7
3658,inceptionv3,0.0074999869015191,1
3659,resnet34,1.0,6
3660,efficientnetb0,1.0,3
3661,resnet18,0.9772814215247084,3
3662,efficientnetb1,1.0,3
3663,efficientnetb0,1.0,3
3664,mobilenetv2,0.4685879196662824,7
3665,efficientnetb2,1.0,3
3666,densenet121,0.4858756243316292,5
3667,mobilenetv2,0.4648669037656601,6
3668,mobilenetv2,0.6117761346376276,5
3669,vgg16,0.986973209346794,14
3670,vgg16,1.0,13
3671,vgg16,1.0,13
3672,densenet161,1.0,6
3673,mobilenetv2,0.4648669037656601,6
3674,inceptionv3,0.4094316093258586,6
3675,mobilenetv2,0.4685879196662824,7
3676,densenet121,0.4858756243316292,5
3677,vgg16,1.0,13
3678,densenet121,1.0,6
3679,vgg16,1.0,13
3680,densenet161,1.0,6
3681,resnet50,0.8017819857800019,7
3682,inceptionv3,0.5328326911526806,7
3683,vgg19,0.9938700985656802,16
3684,vgg16,0.986973209346794,14
3685,resnet18,0.9772814215247084,3
3686,resnet34,1.0,6
3687,efficientnetb2,0.6509085704414946,4
3688,densenet161,1.0,6
3689,efficientnetb1,1.0,3
3690,efficientnetb1,1.0,3
3691,resnet18,0.9772814215247084,3
3692,densenet161,1.0,6
3693,inceptionv3,0.4094316093258586,6
3694,mobilenetv2,0.6117761346376276,5
3695,vgg16,0.986973209346794,14
3696,alexnet,0.2991244697200437,5
3697,densenet121,1.0,6
3698,vgg19,0.783629319224574,17
3699,efficientnetb1,1.0,3
3700,densenet121,0.4858756243316292,5
3701,resnet50,0.6400205520491736,8
3702,vgg19,1.0,15
3703,densenet161,1.0,6
3704,vgg19,0.7512707723562208,18
3705,densenet121,0.4858756243316292,5
3706,efficientnetb2,1.0,3
3707,efficientnetb1,0.7039994792384792,4
3708,mobilenetv2,0.4685879196662824,7
3709,vgg16,0.7391812735874347,15
3710,vgg19,0.783629319224574,17
3711,efficientnetb1,1.0,3
3712,resnet34,1.0,6
3713,resnet18,0.9772814215247084,3
3714,densenet161,1.0,6
3715,vgg19,0.783629319224574,17
3716,mobilenetv2,0.4648669037656601,6
3717,densenet121,0.390359012366206,7
3718,vgg19,0.783629319224574,17
3719,vgg16,0.8548072768189431,12
3720,resnet34,1.0,6
3721,resnet34,1.0,6
3722,efficientnetb2,1.0,3
3723,densenet161,1.0,6
3724,efficientnetb1,1.0,3
3725,resnet50,0.8017819857800019,7
3726,resnet18,0.9772814215247084,3
3727,vgg19,0.9938700985656802,16
3728,densenet121,1.0,6
3729,vgg16,1.0,13
3730,resnet50,0.6400205520491736,8
3731,densenet121,1.0,6
3732,vgg19,0.9938700985656802,16
3733,inceptionv3,1.0,10
3734,efficientnetb1,1.0,3
3735,resnet18,0.9772814215247084,3
3736,efficientnetb1,1.0,3
3737,efficientnetb0,1.0,3
3738,mobilenetv2,0.4685879196662824,7
3739,efficientnetb2,1.0,3
3740,resnet50,0.8017819857800019,7
3741,efficientnetb0,1.0,3
3742,alexnet,0.2991244697200437,5
3743,resnet34,0.8120702549228033,7
3744,densenet161,0.2994714122049385,4
3745,resnet34,1.0,6
3746,resnet18,0.9772814215247084,3
3747,densenet161,1.0,6
3748,resnet50,0.6400205520491736,8
3749,vgg16,0.986973209346794,14
3750,resnet34,1.0,6
3751,inceptionv3,0.0589687489396947,2
3752,resnet50,0.8017819857800019,7
3753,resnet50,0.8017819857800019,7
3754,densenet121,0.4858756243316292,5
3755,efficientnetb2,1.0,3
3756,densenet161,0.0601439006764898,1
3757,mobilenetv2,0.4685879196662824,7
3758,efficientnetb2,1.0,3
3759,vgg16,0.986973209346794,14
3760,resnet18,0.9772814215247084,3
3761,vgg16,0.986973209346794,14
3762,efficientnetb2,1.0,3
3763,mobilenetv2,0.4648669037656601,6
3764,resnet34,1.0,6
3765,densenet121,0.4858756243316292,5
3766,resnet50,0.8017819857800019,7
3767,densenet121,0.4858756243316292,5
3768,inceptionv3,0.3623001669335878,9
3769,densenet161,1.0,6
3770,efficientnetb1,1.0,3
3771,densenet161,1.0,6
3772,efficientnetb1,1.0,3
3773,densenet121,1.0,6
3774,efficientnetb0,1.0,3
3775,efficientnetb0,1.0,3
3776,resnet34,1.0,6
3777,densenet121,1.0,6
3778,efficientnetb0,1.0,3
3779,alexnet,0.2991244697200437,5
3780,resnet50,0.1412757250508847,2
3781,vgg19,1.0,15
3782,resnet34,0.8120702549228033,7
3783,resnet50,0.8017819857800019,7
3784,efficientnetb0,1.0,3
3785,efficientnetb1,1.0,3
3786,efficientnetb2,1.0,3
3787,inceptionv3,1.0,10
3788,inceptionv3,0.2902176748165008,5
3789,resnet50,0.6400205520491736,8
3790,resnet18,0.9772814215247084,3
3791,efficientnetb2,1.0,3
3792,efficientnetb2,1.0,3
3793,vgg19,0.9938700985656802,16
3794,mobilenetv2,0.8450079283333408,4
3795,efficientnetb2,1.0,3
3796,efficientnetb1,1.0,3
3797,alexnet,0.2991244697200437,5
3798,efficientnetb1,1.0,3
3799,efficientnetb2,1.0,3
3800,efficientnetb2,1.0,3
3801,efficientnetb2,1.0,3
3802,densenet121,1.0,6
3803,resnet50,0.8017819857800019,7
3804,vgg19,0.9938700985656802,16
3805,resnet50,0.8017819857800019,7
3806,densenet121,0.4858756243316292,5
3807,inceptionv3,0.0074999869015191,1
3808,alexnet,0.2991244697200437,5
3809,inceptionv3,0.8003254803685758,11
3810,vgg16,1.0,13
3811,resnet18,0.9772814215247084,3
3812,efficientnetb0,1.0,3
3813,resnet34,0.8120702549228033,7
3814,efficientnetb0,1.0,3
3815,efficientnetb0,1.0,3
3816,efficientnetb1,1.0,3
3817,resnet34,1.0,6
3818,efficientnetb1,1.0,3
3819,resnet18,0.9772814215247084,3
3820,densenet161,1.0,6
3821,vgg19,1.0,15
3822,densenet121,1.0,6
3823,densenet161,1.0,6
3824,resnet50,0.6400205520491736,8
3825,efficientnetb2,1.0,3
3826,efficientnetb1,0.7039994792384792,4
3827,resnet34,0.8120702549228033,7
3828,efficientnetb0,1.0,3
3829,mobilenetv2,0.4648669037656601,6
3830,vgg19,1.0,15
3831,alexnet,0.2991244697200437,5
3832,densenet161,1.0,6
3833,inceptionv3,0.8003254803685758,11
3834,vgg16,0.8548072768189431,12
3835,densenet121,1.0,6
3836,inceptionv3,0.8003254803685758,11
3837,inceptionv3,0.8003254803685758,11
3838,resnet34,1.0,6
3839,mobilenetv2,0.4648669037656601,6
3840,vgg19,1.0,15
3841,vgg16,1.0,13
3842,vgg19,0.958551617010162,14
3843,densenet161,1.0,6
3844,resnet50,0.8017819857800019,7
3845,resnet18,0.9772814215247084,3
3846,efficientnetb0,1.0,3
3847,densenet161,1.0,6
3848,vgg19,0.958551617010162,14
3849,densenet161,1.0,6
3850,inceptionv3,0.3623001669335878,9
3851,densenet161,1.0,6
3852,resnet34,1.0,6
3853,resnet34,1.0,6
3854,densenet161,1.0,6
3855,vgg19,1.0,15
3856,inceptionv3,0.5328326911526806,7
3857,vgg16,1.0,13
3858,alexnet,0.293491136826713,4
3859,resnet50,0.8017819857800019,7
3860,resnet34,1.0,6
3861,inceptionv3,0.8003254803685758,11
3862,alexnet,0.293491136826713,4
3863,vgg19,0.7038804657074393,11
3864,efficientnetb2,1.0,3
3865,inceptionv3,0.6533166673091002,8
3866,efficientnetb2,1.0,3
3867,resnet50,1.0,6
3868,mobilenetv2,0.8450079283333408,4
3869,resnet34,1.0,6
3870,resnet18,0.9772814215247084,3
3871,efficientnetb0,1.0,3
3872,mobilenetv2,0.4648669037656601,6
3873,efficientnetb0,1.0,3
3874,mobilenetv2,0.4648669037656601,6
3875,vgg19,1.0,15
3876,efficientnetb0,1.0,3
3877,densenet121,0.4858756243316292,5
3878,densenet161,1.0,6
3879,resnet18,0.9772814215247084,3
3880,resnet50,0.8017819857800019,7
3881,densenet121,0.4858756243316292,5
3882,efficientnetb2,1.0,3
3883,mobilenetv2,0.4648669037656601,6
3884,mobilenetv2,0.4648669037656601,6
3885,efficientnetb2,1.0,3
3886,efficientnetb2,1.0,3
3887,densenet121,0.4858756243316292,5
3888,densenet121,0.4858756243316292,5
3889,alexnet,0.2991244697200437,5
3890,resnet34,1.0,6
3891,efficientnetb1,1.0,3
3892,resnet18,0.9772814215247084,3
3893,densenet161,1.0,6
3894,efficientnetb1,1.0,3
3895,densenet121,0.4858756243316292,5
3896,densenet121,0.4858756243316292,5
3897,alexnet,0.293491136826713,4
3898,resnet34,1.0,6
3899,resnet18,0.9772814215247084,3
3900,resnet18,0.9772814215247084,3
3901,vgg16,0.986973209346794,14
3902,resnet50,0.8017819857800019,7
3903,resnet34,1.0,6
3904,resnet50,0.6400205520491736,8
3905,resnet50,0.8017819857800019,7
3906,inceptionv3,1.0,10
3907,efficientnetb1,1.0,3
3908,inceptionv3,0.0307928131530639,3
3909,resnet50,0.8017819857800019,7
3910,efficientnetb0,1.0,3
3911,mobilenetv2,0.4648669037656601,6
3912,vgg19,1.0,15
3913,vgg19,1.0,15
3914,resnet18,0.9772814215247084,3
3915,densenet161,1.0,6
3916,inceptionv3,0.3623001669335878,9
3917,vgg16,1.0,13
3918,efficientnetb2,1.0,3
3919,densenet161,1.0,6
3920,efficientnetb0,1.0,3
3921,efficientnetb2,1.0,3
3922,vgg19,1.0,15
3923,efficientnetb1,1.0,3
3924,densenet121,0.4858756243316292,5
3925,efficientnetb1,1.0,3
3926,densenet121,0.4858756243316292,5
3927,efficientnetb1,1.0,3
3928,inceptionv3,0.8003254803685758,11
3929,vgg19,1.0,15
3930,vgg19,1.0,15
3931,densenet161,1.0,6
3932,efficientnetb1,1.0,3
3933,mobilenetv2,0.4648669037656601,6
3934,efficientnetb2,1.0,3
3935,resnet34,1.0,6
3936,resnet50,0.8017819857800019,7
3937,vgg16,1.0,13
3938,efficientnetb1,1.0,3
3939,efficientnetb1,1.0,3
3940,inceptionv3,1.0,10
3941,efficientnetb2,1.0,3
3942,mobilenetv2,0.4685879196662824,7
3943,vgg19,1.0,15
3944,inceptionv3,0.6194010667357964,12
3945,resnet18,0.9772814215247084,3
3946,vgg16,0.986973209346794,14
3947,inceptionv3,0.4094316093258586,6
3948,mobilenetv2,0.4685879196662824,7
3949,vgg19,0.9938700985656802,16
3950,resnet34,1.0,6
3951,mobilenetv2,0.4648669037656601,6
3952,efficientnetb0,1.0,3
3953,densenet121,0.4858756243316292,5
3954,densenet121,1.0,6
3955,efficientnetb1,1.0,3
3956,mobilenetv2,0.4685879196662824,7
3957,efficientnetb1,1.0,3
3958,densenet121,0.4858756243316292,5
3959,densenet121,1.0,6
3960,mobilenetv2,0.4685879196662824,7
3961,densenet161,1.0,6
3962,efficientnetb2,1.0,3
3963,efficientnetb0,1.0,3
3964,resnet34,0.8120702549228033,7
3965,efficientnetb2,1.0,3
3966,mobilenetv2,0.4685879196662824,7
3967,efficientnetb0,1.0,3
3968,mobilenetv2,0.4685879196662824,7
3969,densenet161,1.0,6
3970,vgg16,1.0,13
3971,mobilenetv2,0.4685879196662824,7
3972,mobilenetv2,0.4685879196662824,7
3973,vgg19,0.9938700985656802,16
3974,densenet161,1.0,6
3975,efficientnetb1,1.0,3
3976,alexnet,0.2991244697200437,5
3977,vgg19,0.7512707723562208,18
3978,alexnet,0.2991244697200437,5
3979,densenet161,1.0,6
3980,mobilenetv2,0.4685879196662824,7
3981,resnet18,0.9772814215247084,3
3982,densenet121,1.0,6
3983,efficientnetb0,1.0,3
3984,efficientnetb0,1.0,3
3985,efficientnetb2,0.2064582521296088,2
3986,densenet161,1.0,6
3987,densenet121,1.0,6
3988,efficientnetb2,1.0,3
3989,densenet161,1.0,6
3990,densenet121,1.0,6
3991,resnet34,1.0,6
3992,densenet161,1.0,6
3993,densenet161,1.0,6
3994,mobilenetv2,0.4685879196662824,7
3995,inceptionv3,0.4094316093258586,6
3996,efficientnetb1,1.0,3
3997,alexnet,0.2991244697200437,5
3998,resnet50,0.8017819857800019,7
3999,resnet50,0.8017819857800019,7
4000,resnet18,0.9772814215247084,3
4001,vgg16,0.986973209346794,14
4002,alexnet,0.2991244697200437,5
4003,vgg16,1.0,13
4004,resnet18,0.9772814215247084,3
4005,efficientnetb0,1.0,3
4006,vgg16,1.0,13
4007,mobilenetv2,0.4685879196662824,7
4008,resnet50,0.6400205520491736,8
4009,densenet161,0.8028649279588222,7
4010,efficientnetb1,1.0,3
4011,resnet34,0.8120702549228033,7
4012,resnet50,0.8017819857800019,7
4013,resnet50,0.6400205520491736,8
4014,densenet161,1.0,6
4015,efficientnetb0,1.0,3
4016,efficientnetb0,1.0,3
4017,inceptionv3,0.2902176748165008,5
4018,efficientnetb1,1.0,3
4019,inceptionv3,0.4094316093258586,6
4020,vgg16,0.986973209346794,14
4021,resnet50,0.6400205520491736,8
4022,efficientnetb0,1.0,3
4023,vgg19,0.783629319224574,17
4024,efficientnetb0,1.0,3
4025,resnet50,0.8017819857800019,7
4026,alexnet,0.2991244697200437,5
4027,resnet50,0.6400205520491736,8
4028,resnet34,0.8120702549228033,7
4029,densenet161,1.0,6
4030,efficientnetb0,1.0,3
4031,resnet18,0.9772814215247084,3
4032,densenet121,1.0,6
4033,inceptionv3,0.6194010667357964,12
4034,resnet34,0.8120702549228033,7
4035,efficientnetb2,1.0,3
4036,resnet50,0.8017819857800019,7
4037,resnet18,0.9772814215247084,3
4038,vgg16,0.986973209346794,14
4039,alexnet,0.2991244697200437,5
4040,densenet161,1.0,6
4041,vgg16,0.986973209346794,14
4042,vgg19,0.958551617010162,14
4043,inceptionv3,0.3623001669335878,9
4044,densenet161,1.0,6
4045,inceptionv3,0.6194010667357964,12
4046,resnet50,0.8017819857800019,7
4047,resnet50,0.8017819857800019,7
4048,resnet18,0.9772814215247084,3
4049,resnet18,0.9772814215247084,3
4050,resnet50,0.8017819857800019,7
4051,resnet34,1.0,6
4052,efficientnetb1,1.0,3
4053,resnet34,0.8120702549228033,7
4054,vgg19,1.0,15
4055,resnet34,1.0,6
4056,efficientnetb1,1.0,3
4057,efficientnetb2,1.0,3
4058,densenet121,0.4858756243316292,5
4059,mobilenetv2,0.4648669037656601,6
4060,efficientnetb1,1.0,3
4061,mobilenetv2,0.4685879196662824,7
4062,resnet50,0.8017819857800019,7
4063,resnet18,0.9772814215247084,3
4064,resnet18,0.9772814215247084,3
4065,resnet50,0.8017819857800019,7
4066,alexnet,0.2991244697200437,5
4067,efficientnetb1,1.0,3
4068,vgg19,0.783629319224574,17
4069,efficientnetb0,1.0,3
4070,vgg16,1.0,13
4071,efficientnetb1,1.0,3
4072,efficientnetb0,1.0,3
4073,mobilenetv2,0.4685879196662824,7
4074,vgg19,0.9938700985656802,16
4075,resnet34,0.8120702549228033,7
4076,vgg16,0.8568556422949929,11
4077,vgg16,1.0,13
4078,efficientnetb1,1.0,3
4079,vgg16,1.0,13
4080,efficientnetb0,1.0,3
4081,efficientnetb2,1.0,3
4082,inceptionv3,1.0,10
4083,mobilenetv2,0.4685879196662824,7
4084,resnet50,0.8017819857800019,7
4085,resnet50,0.8017819857800019,7
4086,densenet121,1.0,6
4087,alexnet,0.2991244697200437,5
4088,vgg16,0.8548072768189431,12
4089,efficientnetb2,1.0,3
4090,mobilenetv2,0.4648669037656601,6
4091,resnet34,1.0,6
4092,mobilenetv2,0.4648669037656601,6
4093,resnet18,0.9772814215247084,3
4094,mobilenetv2,0.4648669037656601,6
4095,resnet34,1.0,6
4096,vgg19,0.783629319224574,17
4097,resnet18,0.9772814215247084,3
4098,resnet50,0.8017819857800019,7
4099,efficientnetb2,1.0,3
4100,densenet121,0.4858756243316292,5
4101,densenet161,1.0,6
4102,mobilenetv2,0.4648669037656601,6
4103,efficientnetb1,1.0,3
4104,efficientnetb2,1.0,3
4105,vgg16,1.0,13
4106,efficientnetb2,1.0,3
4107,densenet121,0.4858756243316292,5
4108,densenet121,1.0,6
4109,densenet161,1.0,6
4110,inceptionv3,0.8003254803685758,11
4111,efficientnetb2,1.0,3
4112,resnet50,0.8017819857800019,7
4113,resnet50,0.8017819857800019,7
4114,inceptionv3,0.8003254803685758,11
4115,densenet121,0.4858756243316292,5
4116,efficientnetb0,1.0,3
4117,resnet34,1.0,6
4118,vgg16,1.0,13
4119,resnet34,0.8120702549228033,7
4120,vgg19,0.9938700985656802,16
4121,densenet161,1.0,6
4122,densenet161,1.0,6
4123,vgg19,1.0,15
4124,efficientnetb1,1.0,3
4125,alexnet,0.2991244697200437,5
4126,resnet50,0.6400205520491736,8
4127,resnet34,1.0,6
4128,inceptionv3,1.0,10
4129,resnet34,0.8120702549228033,7
4130,densenet161,1.0,6
4131,efficientnetb2,1.0,3
4132,efficientnetb2,1.0,3
4133,resnet34,1.0,6
4134,vgg19,1.0,15
4135,inceptionv3,0.6533166673091002,8
4136,resnet50,0.8017819857800019,7
4137,efficientnetb0,1.0,3
4138,densenet121,0.4858756243316292,5
4139,resnet18,0.9772814215247084,3
4140,densenet121,0.4858756243316292,5
4141,resnet18,0.9772814215247084,3
4142,densenet161,1.0,6
4143,vgg16,0.8548072768189431,12
4144,vgg19,1.0,15
4145,vgg16,0.4031740758458291,6
4146,vgg19,0.9938700985656802,16
4147,efficientnetb0,1.0,3
4148,efficientnetb1,1.0,3
4149,mobilenetv2,0.4648669037656601,6
4150,efficientnetb1,1.0,3
4151,densenet161,1.0,6
4152,resnet50,0.8017819857800019,7
4153,vgg19,0.9938700985656802,16
4154,efficientnetb2,1.0,3
4155,resnet50,0.8017819857800019,7
4156,alexnet,0.2991244697200437,5
4157,alexnet,0.2991244697200437,5
4158,inceptionv3,0.5328326911526806,7
4159,efficientnetb2,1.0,3
4160,resnet50,0.8017819857800019,7
4161,densenet161,1.0,6
4162,alexnet,0.2991244697200437,5
4163,inceptionv3,1.0,10
4164,mobilenetv2,0.4685879196662824,7
4165,densenet161,1.0,6
4166,densenet161,1.0,6
4167,alexnet,0.2991244697200437,5
4168,densenet121,0.4858756243316292,5
4169,resnet18,0.666846850715217,4
4170,resnet34,0.8120702549228033,7
4171,mobilenetv2,0.4648669037656601,6
4172,efficientnetb2,1.0,3
4173,vgg16,1.0,13
4174,mobilenetv2,0.4685879196662824,7
4175,vgg16,1.0,13
4176,inceptionv3,0.3623001669335878,9
4177,efficientnetb2,1.0,3
4178,vgg19,0.9938700985656802,16
4179,vgg16,1.0,13
4180,inceptionv3,1.0,10
4181,vgg19,1.0,15
4182,efficientnetb2,1.0,3
4183,efficientnetb2,1.0,3
4184,mobilenetv2,0.4685879196662824,7
4185,alexnet,0.2991244697200437,5
4186,densenet121,0.4858756243316292,5
4187,efficientnetb2,1.0,3
4188,vgg16,0.8548072768189431,12
4189,resnet34,1.0,6
4190,resnet34,1.0,6
4191,resnet50,0.8017819857800019,7
4192,resnet18,0.9772814215247084,3
4193,densenet121,0.4858756243316292,5
4194,efficientnetb2,1.0,3
4195,inceptionv3,0.4094316093258586,6
4196,resnet34,1.0,6
4197,inceptionv3,0.8003254803685758,11
4198,alexnet,0.2991244697200437,5
4199,resnet18,0.9772814215247084,3
4200,densenet161,1.0,6
4201,inceptionv3,0.5328326911526806,7
4202,mobilenetv2,0.4685879196662824,7
4203,efficientnetb1,1.0,3
4204,resnet18,0.9772814215247084,3
4205,efficientnetb0,1.0,3
4206,efficientnetb2,1.0,3
4207,densenet161,1.0,6
4208,alexnet,0.293491136826713,4
4209,alexnet,0.293491136826713,4
4210,resnet34,0.8527581774225047,5
4211,vgg19,0.9938700985656802,16
4212,inceptionv3,0.8003254803685758,11
4213,densenet121,0.4858756243316292,5
4214,resnet34,1.0,6
4215,mobilenetv2,0.4648669037656601,6
4216,densenet161,1.0,6
4217,inceptionv3,0.2000287316803056,15
4218,resnet18,0.9772814215247084,3
4219,densenet121,0.4858756243316292,5
4220,inceptionv3,0.6194010667357964,12
4221,resnet34,1.0,6
4222,resnet50,1.0,6
4223,inceptionv3,1.0,10
4224,inceptionv3,1.0,10
4225,vgg19,0.9938700985656802,16
4226,vgg19,0.9938700985656802,16
4227,vgg16,1.0,13
4228,mobilenetv2,0.4648669037656601,6
4229,densenet121,0.4858756243316292,5
4230,resnet50,0.8017819857800019,7
4231,resnet50,0.6400205520491736,8
4232,mobilenetv2,0.4648669037656601,6
4233,efficientnetb2,1.0,3
4234,efficientnetb2,1.0,3
4235,mobilenetv2,0.4648669037656601,6
4236,inceptionv3,0.8003254803685758,11
4237,efficientnetb0,1.0,3
4238,efficientnetb1,1.0,3
4239,alexnet,0.2991244697200437,5
4240,efficientnetb1,1.0,3
4241,efficientnetb2,1.0,3
4242,mobilenetv2,0.4648669037656601,6
4243,densenet161,1.0,6
4244,vgg19,0.9938700985656802,16
4245,resnet34,1.0,6
4246,resnet18,0.9772814215247084,3
4247,efficientnetb2,1.0,3
4248,resnet34,1.0,6
4249,mobilenetv2,0.4648669037656601,6
4250,densenet121,1.0,6
4251,efficientnetb1,1.0,3
4252,efficientnetb2,1.0,3
4253,densenet161,1.0,6
4254,resnet18,0.9772814215247084,3
4255,inceptionv3,0.3404043067332866,14
4256,inceptionv3,0.6533166673091002,8
4257,mobilenetv2,0.4648669037656601,6
4258,resnet50,0.8017819857800019,7
4259,inceptionv3,0.5328326911526806,7
4260,efficientnetb1,1.0,3
4261,resnet34,1.0,6
4262,densenet121,0.4858756243316292,5
4263,vgg19,0.9938700985656802,16
4264,densenet121,0.4858756243316292,5
4265,vgg19,0.958551617010162,14
4266,resnet50,0.8017819857800019,7
4267,mobilenetv2,0.4648669037656601,6
4268,resnet18,0.9772814215247084,3
4269,vgg16,0.8568556422949929,11
4270,efficientnetb2,1.0,3
4271,inceptionv3,0.4656435790686428,13
4272,resnet18,0.9772814215247084,3
4273,efficientnetb0,1.0,3
4274,efficientnetb1,1.0,3
4275,efficientnetb1,1.0,3
4276,resnet34,0.8120702549228033,7
4277,efficientnetb1,1.0,3
4278,vgg16,0.7391812735874347,15
4279,resnet50,0.8017819857800019,7
4280,resnet34,1.0,6
4281,alexnet,0.293491136826713,4
4282,efficientnetb2,1.0,3
4283,vgg16,0.8548072768189431,12
4284,resnet18,0.9772814215247084,3
4285,efficientnetb0,1.0,3
4286,efficientnetb1,1.0,3
4287,efficientnetb0,1.0,3
4288,resnet18,0.9772814215247084,3
4289,resnet34,1.0,6
4290,densenet121,0.4858756243316292,5
4291,vgg16,0.986973209346794,14
4292,efficientnetb2,1.0,3
4293,alexnet,0.293491136826713,4
4294,resnet50,0.6400205520491736,8
4295,resnet50,0.6400205520491736,8
4296,resnet18,0.9772814215247084,3
4297,densenet161,1.0,6
4298,densenet121,1.0,6
4299,inceptionv3,0.3623001669335878,9
4300,resnet18,0.9772814215247084,3
4301,densenet161,1.0,6
4302,efficientnetb2,1.0,3
4303,efficientnetb1,1.0,3
4304,inceptionv3,0.8003254803685758,11
4305,efficientnetb0,1.0,3
4306,alexnet,0.2991244697200437,5
4307,vgg19,0.783629319224574,17
4308,vgg19,1.0,15
4309,mobilenetv2,0.4648669037656601,6
4310,densenet121,0.4858756243316292,5
4311,efficientnetb1,1.0,3
4312,densenet121,1.0,6
4313,vgg19,0.9938700985656802,16
4314,efficientnetb0,1.0,3
4315,efficientnetb2,1.0,3
4316,mobilenetv2,0.4648669037656601,6
4317,resnet50,0.6400205520491736,8
4318,densenet161,1.0,6
4319,resnet50,0.6400205520491736,8
4320,inceptionv3,0.8003254803685758,11
4321,alexnet,0.2991244697200437,5
4322,efficientnetb1,1.0,3
4323,inceptionv3,1.0,10
4324,alexnet,0.2991244697200437,5
4325,vgg16,1.0,13
4326,resnet18,0.9772814215247084,3
4327,alexnet,0.2991244697200437,5
4328,alexnet,0.2991244697200437,5
4329,resnet50,0.6400205520491736,8
4330,densenet121,1.0,6
4331,efficientnetb0,1.0,3
4332,vgg16,0.7391812735874347,15
4333,efficientnetb2,1.0,3
4334,resnet34,0.8120702549228033,7
4335,efficientnetb0,1.0,3
4336,resnet50,0.6400205520491736,8
4337,densenet121,1.0,6
4338,densenet121,1.0,6
4339,resnet34,0.8120702549228033,7
4340,densenet121,0.390359012366206,7
4341,inceptionv3,1.0,10
4342,efficientnetb2,1.0,3
4343,efficientnetb0,1.0,3
4344,efficientnetb0,1.0,3
4345,efficientnetb1,1.0,3
4346,mobilenetv2,0.4685879196662824,7
4347,vgg16,0.7391812735874347,15
4348,inceptionv3,0.6194010667357964,12
4349,vgg16,0.986973209346794,14
4350,inceptionv3,0.8003254803685758,11
4351,efficientnetb0,1.0,3
4352,resnet18,0.9772814215247084,3
4353,resnet50,0.6400205520491736,8
4354,mobilenetv2,0.4685879196662824,7
4355,efficientnetb0,1.0,3
4356,vgg19,0.7512707723562208,18
4357,densenet121,1.0,6
4358,efficientnetb1,1.0,3
4359,efficientnetb2,1.0,3
4360,resnet50,0.6400205520491736,8
4361,efficientnetb2,1.0,3
4362,efficientnetb2,1.0,3
4363,efficientnetb2,1.0,3
4364,inceptionv3,1.0,10
4365,vgg16,0.986973209346794,14
4366,resnet34,1.0,6
4367,densenet121,0.4858756243316292,5
4368,resnet34,0.8120702549228033,7
4369,resnet18,0.9772814215247084,3
4370,alexnet,0.2991244697200437,5
4371,resnet18,0.9772814215247084,3
4372,inceptionv3,1.0,10
4373,densenet121,1.0,6
4374,inceptionv3,0.0074999869015191,1
4375,densenet161,1.0,6
4376,efficientnetb1,1.0,3
4377,efficientnetb1,1.0,3
4378,alexnet,0.293491136826713,4
4379,vgg16,1.0,13
4380,efficientnetb2,1.0,3
4381,resnet34,0.8120702549228033,7
4382,efficientnetb2,1.0,3
4383,resnet34,0.8120702549228033,7
4384,mobilenetv2,0.4685879196662824,7
4385,inceptionv3,0.3623001669335878,9
4386,alexnet,0.2991244697200437,5
4387,resnet34,1.0,6
4388,mobilenetv2,0.4648669037656601,6
4389,resnet34,0.8120702549228033,7
4390,alexnet,0.2991244697200437,5
4391,mobilenetv2,0.4685879196662824,7
4392,densenet161,1.0,6
4393,vgg19,0.9938700985656802,16
4394,efficientnetb0,1.0,3
4395,efficientnetb0,1.0,3
4396,resnet50,0.8017819857800019,7
4397,resnet34,1.0,6
4398,vgg16,1.0,13
4399,mobilenetv2,0.4685879196662824,7
4400,vgg19,1.0,15
4401,mobilenetv2,0.4648669037656601,6
4402,resnet34,0.8120702549228033,7
4403,resnet50,0.8017819857800019,7
4404,vgg16,1.0,13
4405,resnet34,1.0,6
4406,inceptionv3,0.4656435790686428,13
4407,resnet50,0.6400205520491736,8
4408,alexnet,0.2991244697200437,5
4409,vgg19,0.9938700985656802,16
4410,resnet50,0.6400205520491736,8
4411,densenet121,0.4858756243316292,5
4412,vgg16,0.8548072768189431,12
4413,efficientnetb0,1.0,3
4414,inceptionv3,0.5328326911526806,7
4415,vgg16,1.0,13
4416,resnet34,0.8120702549228033,7
4417,efficientnetb1,1.0,3
4418,efficientnetb2,1.0,3
4419,inceptionv3,1.0,10
4420,densenet161,1.0,6
4421,densenet161,1.0,6
4422,efficientnetb0,1.0,3
4423,vgg19,0.783629319224574,17
4424,alexnet,0.2991244697200437,5
4425,densenet161,1.0,6
4426,efficientnetb1,1.0,3
4427,mobilenetv2,0.4685879196662824,7
4428,vgg19,0.9938700985656802,16
4429,mobilenetv2,0.4685879196662824,7
4430,vgg16,1.0,13
4431,resnet50,0.6400205520491736,8
4432,inceptionv3,0.3623001669335878,9
4433,efficientnetb1,1.0,3
4434,efficientnetb2,1.0,3
4435,resnet34,0.8120702549228033,7
4436,inceptionv3,0.4656435790686428,13
4437,resnet18,0.9772814215247084,3
4438,resnet34,0.8120702549228033,7
4439,efficientnetb0,1.0,3
4440,alexnet,0.2991244697200437,5
4441,alexnet,0.2991244697200437,5
4442,alexnet,0.2991244697200437,5
4443,resnet18,0.9772814215247084,3
4444,alexnet,0.2991244697200437,5
4445,densenet161,1.0,6
4446,vgg19,0.9938700985656802,16
4447,densenet121,1.0,6
4448,mobilenetv2,0.4685879196662824,7
4449,mobilenetv2,0.4648669037656601,6
4450,alexnet,0.2991244697200437,5
4451,efficientnetb0,1.0,3
4452,resnet50,0.8017819857800019,7
4453,resnet34,0.8120702549228033,7
4454,resnet34,0.8120702549228033,7
4455,efficientnetb2,1.0,3
4456,densenet121,0.4858756243316292,5
4457,resnet18,0.9772814215247084,3
4458,vgg19,1.0,15
4459,resnet18,0.9772814215247084,3
4460,densenet121,1.0,6
4461,resnet34,0.8120702549228033,7
4462,vgg19,0.9938700985656802,16
4463,vgg16,1.0,13
4464,inceptionv3,0.3404043067332866,14
4465,efficientnetb1,1.0,3
4466,vgg19,1.0,15
4467,inceptionv3,1.0,10
4468,efficientnetb0,1.0,3
4469,efficientnetb2,1.0,3
4470,alexnet,0.2991244697200437,5
4471,mobilenetv2,0.4685879196662824,7
4472,resnet18,0.9772814215247084,3
4473,resnet50,0.8017819857800019,7
4474,efficientnetb0,1.0,3
4475,alexnet,0.293491136826713,4
4476,densenet121,1.0,6
4477,inceptionv3,0.6533166673091002,8
4478,densenet161,1.0,6
4479,vgg16,1.0,13
4480,resnet50,0.8017819857800019,7
4481,vgg16,1.0,13
4482,vgg19,1.0,15
4483,inceptionv3,0.5328326911526806,7
4484,efficientnetb0,1.0,3
4485,densenet161,1.0,6
4486,alexnet,0.2991244697200437,5
4487,vgg19,1.0,15
4488,resnet18,0.9772814215247084,3
4489,vgg16,1.0,13
4490,efficientnetb1,1.0,3
4491,resnet50,0.8017819857800019,7
4492,vgg16,0.8548072768189431,12
4493,resnet34,0.8120702549228033,7
4494,efficientnetb1,1.0,3
4495,resnet18,0.9772814215247084,3
4496,densenet161,1.0,6
4497,vgg19,0.9938700985656802,16
4498,efficientnetb1,1.0,3
4499,densenet161,1.0,6
4500,resnet50,0.6400205520491736,8
4501,resnet50,0.6400205520491736,8
4502,resnet18,0.9772814215247084,3
4503,resnet34,1.0,6
4504,efficientnetb0,1.0,3
4505,resnet50,0.6400205520491736,8
4506,resnet50,0.8017819857800019,7
4507,resnet18,0.9772814215247084,3
4508,mobilenetv2,0.4685879196662824,7
4509,alexnet,0.2991244697200437,5
4510,densenet121,0.4858756243316292,5
4511,alexnet,0.2991244697200437,5
4512,resnet18,0.9772814215247084,3
4513,efficientnetb0,1.0,3
4514,vgg19,1.0,15
4515,efficientnetb2,1.0,3
4516,resnet34,1.0,6
4517,alexnet,0.2991244697200437,5
4518,vgg19,1.0,15
4519,alexnet,0.4184310756079495,6
4520,resnet50,0.8017819857800019,7
4521,efficientnetb2,1.0,3
4522,densenet121,1.0,6
4523,resnet34,1.0,6
4524,resnet34,0.8527581774225047,5
4525,vgg16,1.0,13
4526,inceptionv3,1.0,10
4527,resnet18,0.9772814215247084,3
4528,efficientnetb0,1.0,3
4529,resnet18,0.9772814215247084,3
4530,densenet121,0.4858756243316292,5
4531,densenet161,1.0,6
4532,alexnet,0.2991244697200437,5
4533,mobilenetv2,0.4685879196662824,7
4534,resnet34,0.8120702549228033,7
4535,vgg16,0.8548072768189431,12
4536,inceptionv3,0.5328326911526806,7
4537,alexnet,0.2991244697200437,5
4538,resnet18,0.9772814215247084,3
4539,efficientnetb0,1.0,3
4540,densenet121,1.0,6
4541,resnet34,1.0,6
4542,vgg19,1.0,15
4543,densenet161,1.0,6
4544,resnet34,1.0,6
4545,inceptionv3,0.5328326911526806,7
4546,efficientnetb1,1.0,3
4547,inceptionv3,1.0,10
4548,efficientnetb0,1.0,3
4549,mobilenetv2,0.4685879196662824,7
4550,efficientnetb2,1.0,3
4551,densenet121,0.4858756243316292,5
4552,inceptionv3,0.5328326911526806,7
4553,efficientnetb1,1.0,3
4554,efficientnetb1,0.7039994792384792,4
4555,alexnet,0.2991244697200437,5
4556,densenet121,1.0,6
4557,efficientnetb2,1.0,3
4558,mobilenetv2,0.4685879196662824,7
4559,resnet18,0.9772814215247084,3
4560,vgg16,0.8548072768189431,12
4561,vgg16,1.0,13
4562,vgg19,0.9322438807363724,13
4563,resnet50,0.8017819857800019,7
4564,densenet121,0.4858756243316292,5
4565,resnet34,1.0,6
4566,resnet34,1.0,6
4567,vgg19,0.9938700985656802,16
4568,vgg19,0.9938700985656802,16
4569,densenet161,1.0,6
4570,vgg16,0.8548072768189431,12
4571,resnet18,0.9772814215247084,3
4572,inceptionv3,0.4094316093258586,6
4573,resnet18,0.9772814215247084,3
4574,mobilenetv2,0.4685879196662824,7
4575,resnet50,0.6400205520491736,8
4576,resnet50,0.8017819857800019,7
4577,efficientnetb1,1.0,3
4578,inceptionv3,0.8003254803685758,11
4579,mobilenetv2,0.4648669037656601,6
4580,inceptionv3,0.3623001669335878,9
4581,mobilenetv2,0.4648669037656601,6
4582,densenet161,1.0,6
4583,densenet161,1.0,6
4584,vgg19,0.958551617010162,14
4585,densenet121,0.4858756243316292,5
4586,inceptionv3,0.4094316093258586,6
4587,efficientnetb0,1.0,3
4588,vgg19,0.9938700985656802,16
4589,resnet50,0.8017819857800019,7
4590,resnet18,0.9772814215247084,3
4591,densenet161,1.0,6
4592,vgg16,1.0,13
4593,densenet161,1.0,6
4594,vgg16,1.0,13
4595,inceptionv3,0.6533166673091002,8
4596,inceptionv3,1.0,10
4597,mobilenetv2,0.4648669037656601,6
4598,resnet50,0.8017819857800019,7
4599,efficientnetb2,1.0,3
4600,vgg16,0.8548072768189431,12
4601,resnet34,1.0,6
4602,resnet34,1.0,6
4603,efficientnetb1,1.0,3
4604,alexnet,0.293491136826713,4
4605,resnet18,0.9772814215247084,3
4606,vgg19,1.0,15
4607,mobilenetv2,0.4648669037656601,6
4608,inceptionv3,0.6194010667357964,12
4609,resnet34,1.0,6
4610,resnet18,0.9772814215247084,3
4611,vgg19,0.9322438807363724,13
4612,densenet121,0.4858756243316292,5
4613,efficientnetb0,1.0,3
4614,alexnet,0.293491136826713,4
4615,efficientnetb2,1.0,3
4616,vgg16,0.986973209346794,14
4617,vgg16,0.986973209346794,14
4618,mobilenetv2,0.4685879196662824,7
4619,alexnet,0.293491136826713,4
4620,densenet121,0.4858756243316292,5
4621,densenet161,1.0,6
4622,efficientnetb0,1.0,3
4623,resnet34,0.8527581774225047,5
4624,efficientnetb0,1.0,3
4625,resnet18,0.9772814215247084,3
4626,inceptionv3,0.3623001669335878,9
4627,densenet161,0.2994714122049385,4
4628,inceptionv3,0.5328326911526806,7
4629,resnet50,0.8017819857800019,7
4630,resnet50,0.8017819857800019,7
4631,mobilenetv2,0.4685879196662824,7
4632,inceptionv3,0.4656435790686428,13
4633,alexnet,0.293491136826713,4
4634,alexnet,0.2991244697200437,5
4635,resnet50,0.8017819857800019,7
4636,resnet18,0.9772814215247084,3
4637,mobilenetv2,0.4685879196662824,7
4638,resnet18,0.9772814215247084,3
4639,densenet121,0.4858756243316292,5
4640,vgg19,0.958551617010162,14
4641,efficientnetb2,1.0,3
4642,efficientnetb2,1.0,3
4643,efficientnetb2,1.0,3
4644,inceptionv3,0.3623001669335878,9
4645,efficientnetb1,1.0,3
4646,efficientnetb1,1.0,3
4647,vgg16,0.986973209346794,14
4648,inceptionv3,0.3404043067332866,14
4649,alexnet,0.2991244697200437,5
4650,inceptionv3,0.3623001669335878,9
4651,resnet18,0.666846850715217,4
4652,efficientnetb2,1.0,3
4653,densenet161,1.0,6
4654,resnet50,1.0,6
4655,mobilenetv2,0.4648669037656601,6
4656,inceptionv3,1.0,10
4657,resnet50,0.8017819857800019,7
4658,vgg19,0.958551617010162,14
4659,inceptionv3,0.3623001669335878,9
4660,alexnet,0.1458942907493161,3
4661,densenet161,1.0,6
4662,alexnet,0.2991244697200437,5
4663,mobilenetv2,0.4648669037656601,6
4664,efficientnetb1,1.0,3
4665,densenet121,1.0,6
4666,resnet34,0.8120702549228033,7
4667,densenet121,0.4858756243316292,5
4668,densenet161,1.0,6
4669,alexnet,0.2991244697200437,5
4670,densenet121,1.0,6
4671,efficientnetb2,1.0,3
4672,densenet121,0.4858756243316292,5
4673,mobilenetv2,0.6117761346376276,5
4674,vgg19,0.9938700985656802,16
4675,resnet18,0.9772814215247084,3
4676,mobilenetv2,0.4685879196662824,7
4677,vgg16,0.986973209346794,14
4678,vgg16,1.0,13
4679,densenet161,1.0,6
4680,mobilenetv2,0.4685879196662824,7
4681,alexnet,0.2991244697200437,5
4682,efficientnetb1,1.0,3
4683,efficientnetb1,1.0,3
4684,efficientnetb1,1.0,3
4685,resnet18,0.9772814215247084,3
4686,efficientnetb2,1.0,3
4687,vgg16,0.986973209346794,14
4688,densenet161,0.8028649279588222,7
4689,densenet121,1.0,6
4690,efficientnetb0,1.0,3
4691,densenet161,1.0,6
4692,alexnet,0.293491136826713,4
4693,inceptionv3,1.0,10
4694,vgg16,1.0,13
4695,densenet121,1.0,6
4696,mobilenetv2,0.4685879196662824,7
4697,densenet121,1.0,6
4698,resnet18,0.9772814215247084,3
4699,efficientnetb2,1.0,3
4700,resnet50,0.6400205520491736,8
4701,efficientnetb0,1.0,3
4702,resnet18,0.9772814215247084,3
4703,efficientnetb2,1.0,3
4704,resnet50,0.6400205520491736,8
4705,efficientnetb0,1.0,3
4706,resnet50,0.8017819857800019,7
4707,alexnet,0.2991244697200437,5
4708,densenet121,1.0,6
4709,resnet50,0.6400205520491736,8
4710,resnet34,1.0,6
4711,vgg19,1.0,15
4712,densenet161,1.0,6
4713,efficientnetb0,1.0,3
4714,resnet50,0.6400205520491736,8
4715,densenet161,0.2831929044634787,5
4716,vgg19,0.9938700985656802,16
4717,efficientnetb1,0.7039994792384792,4
4718,efficientnetb0,1.0,3
4719,vgg19,0.9938700985656802,16
4720,densenet121,0.4858756243316292,5
4721,vgg16,1.0,13
4722,mobilenetv2,0.4648669037656601,6
4723,alexnet,0.2991244697200437,5
4724,vgg19,0.783629319224574,17
4725,efficientnetb1,1.0,3
4726,resnet18,0.9772814215247084,3
4727,alexnet,0.2991244697200437,5
4728,resnet50,0.6400205520491736,8
4729,resnet50,0.8017819857800019,7
4730,vgg16,0.8548072768189431,12
4731,alexnet,0.2991244697200437,5
4732,resnet50,0.6400205520491736,8
4733,densenet161,1.0,6
4734,efficientnetb0,1.0,3
4735,vgg19,1.0,15
4736,resnet50,0.6400205520491736,8
4737,efficientnetb1,1.0,3
4738,resnet18,0.9772814215247084,3
4739,mobilenetv2,0.4685879196662824,7
4740,inceptionv3,0.8003254803685758,11
4741,resnet18,0.9772814215247084,3
4742,efficientnetb2,1.0,3
4743,resnet18,0.9772814215247084,3
4744,vgg16,0.986973209346794,14
4745,efficientnetb0,1.0,3
4746,resnet50,0.6400205520491736,8
4747,resnet34,1.0,6
4748,alexnet,0.2991244697200437,5
4749,resnet50,0.6400205520491736,8
4750,resnet18,0.9772814215247084,3
4751,efficientnetb1,1.0,3
4752,resnet50,0.6400205520491736,8
4753,densenet121,0.4858756243316292,5
4754,vgg19,0.9938700985656802,16
4755,mobilenetv2,0.4685879196662824,7
4756,mobilenetv2,0.4648669037656601,6
4757,resnet18,0.9772814215247084,3
4758,efficientnetb1,0.7039994792384792,4
4759,vgg19,0.9938700985656802,16
4760,resnet50,0.6400205520491736,8
4761,resnet34,0.8120702549228033,7
4762,resnet34,0.8120702549228033,7
4763,vgg19,1.0,15
4764,efficientnetb1,1.0,3
4765,alexnet,0.2991244697200437,5
4766,resnet34,0.7089537968694798,4
4767,resnet34,1.0,6
4768,vgg19,1.0,15
4769,efficientnetb1,1.0,3
4770,efficientnetb1,1.0,3
4771,mobilenetv2,0.4685879196662824,7
4772,efficientnetb1,1.0,3
4773,resnet18,0.666846850715217,4
4774,resnet50,0.8017819857800019,7
4775,densenet161,1.0,6
4776,efficientnetb0,1.0,3
4777,vgg16,0.8548072768189431,12
4778,mobilenetv2,0.4648669037656601,6
4779,densenet161,1.0,6
4780,alexnet,0.293491136826713,4
4781,inceptionv3,1.0,10
4782,alexnet,0.293491136826713,4
4783,resnet18,0.9772814215247084,3
4784,efficientnetb1,1.0,3
4785,resnet18,0.9772814215247084,3
4786,alexnet,0.2991244697200437,5
4787,efficientnetb0,1.0,3
4788,densenet161,1.0,6
4789,alexnet,0.293491136826713,4
4790,vgg19,0.9938700985656802,16
4791,efficientnetb1,1.0,3
4792,resnet18,0.9772814215247084,3
4793,resnet50,0.8017819857800019,7
4794,mobilenetv2,0.4648669037656601,6
4795,vgg19,0.7038804657074393,11
4796,resnet34,0.8527581774225047,5
4797,mobilenetv2,0.4685879196662824,7
4798,resnet50,0.8017819857800019,7
4799,vgg19,0.783629319224574,17
4800,alexnet,0.2991244697200437,5
4801,alexnet,0.293491136826713,4
4802,mobilenetv2,0.4648669037656601,6
4803,efficientnetb1,1.0,3
4804,resnet34,1.0,6
4805,mobilenetv2,0.4648669037656601,6
4806,resnet50,0.8017819857800019,7
4807,inceptionv3,0.5328326911526806,7
4808,efficientnetb0,1.0,3
4809,vgg19,0.3698836387150448,7
4810,inceptionv3,0.6194010667357964,12
4811,vgg19,1.0,15
4812,resnet34,1.0,6
4813,efficientnetb2,1.0,3
4814,densenet121,1.0,6
4815,efficientnetb1,1.0,3
4816,inceptionv3,0.3623001669335878,9
4817,vgg19,0.9938700985656802,16
4818,vgg16,1.0,13
4819,vgg19,0.9938700985656802,16
4820,mobilenetv2,0.4685879196662824,7
4821,mobilenetv2,0.4648669037656601,6
4822,resnet34,0.8120702549228033,7
4823,densenet121,0.4858756243316292,5
4824,resnet50,0.8017819857800019,7
4825,efficientnetb2,1.0,3
4826,densenet161,1.0,6
4827,efficientnetb2,1.0,3
4828,vgg19,0.9938700985656802,16
4829,mobilenetv2,0.4685879196662824,7
4830,resnet34,1.0,6
4831,efficientnetb0,1.0,3
4832,resnet34,0.8527581774225047,5
4833,efficientnetb1,1.0,3
4834,resnet50,0.6400205520491736,8
4835,vgg19,0.958551617010162,14
4836,resnet18,0.9772814215247084,3
4837,efficientnetb2,1.0,3
4838,efficientnetb1,0.2284047954549483,2
4839,mobilenetv2,0.4648669037656601,6
4840,densenet121,0.4858756243316292,5
4841,vgg16,0.8548072768189431,12
4842,resnet34,0.8527581774225047,5
4843,resnet34,1.0,6
4844,vgg16,1.0,13
4845,mobilenetv2,0.4685879196662824,7
4846,mobilenetv2,0.4648669037656601,6
4847,resnet34,1.0,6
4848,alexnet,0.293491136826713,4
4849,resnet34,1.0,6
4850,efficientnetb1,1.0,3
4851,densenet121,0.4858756243316292,5
4852,resnet50,0.6400205520491736,8
4853,efficientnetb1,1.0,3
4854,alexnet,0.293491136826713,4
4855,mobilenetv2,0.4685879196662824,7
4856,efficientnetb1,1.0,3
4857,vgg19,1.0,15
4858,resnet50,0.8017819857800019,7
4859,efficientnetb1,1.0,3
4860,resnet18,0.9772814215247084,3
4861,efficientnetb2,1.0,3
4862,efficientnetb1,1.0,3
4863,inceptionv3,0.0307928131530639,3
4864,densenet161,1.0,6
4865,mobilenetv2,0.4685879196662824,7
4866,vgg19,0.9938700985656802,16
4867,resnet34,1.0,6
4868,inceptionv3,1.0,10
4869,resnet18,0.9772814215247084,3
4870,vgg19,0.9938700985656802,16
4871,vgg19,0.783629319224574,17
4872,mobilenetv2,0.4648669037656601,6
4873,efficientnetb2,1.0,3
4874,inceptionv3,1.0,10
4875,resnet34,0.8120702549228033,7
4876,efficientnetb2,0.6509085704414946,4
4877,efficientnetb2,1.0,3
4878,resnet34,1.0,6
4879,vgg19,1.0,15
4880,densenet161,1.0,6
4881,alexnet,0.2991244697200437,5
4882,vgg16,0.8548072768189431,12
4883,resnet18,0.9772814215247084,3
4884,resnet18,0.9772814215247084,3
4885,resnet34,0.8120702549228033,7
4886,inceptionv3,1.0,10
4887,vgg19,1.0,15
4888,vgg16,0.986973209346794,14
4889,resnet50,0.8017819857800019,7
4890,inceptionv3,1.0,10
4891,resnet34,1.0,6
4892,alexnet,0.2991244697200437,5
4893,alexnet,0.293491136826713,4
4894,densenet121,1.0,6
4895,densenet161,1.0,6
4896,resnet34,0.8120702549228033,7
4897,densenet121,0.4858756243316292,5
4898,mobilenetv2,0.6117761346376276,5
4899,densenet121,1.0,6
4900,densenet161,1.0,6
4901,densenet121,0.390359012366206,7
4902,vgg19,0.9938700985656802,16
4903,efficientnetb0,1.0,3
4904,densenet121,0.4858756243316292,5
4905,inceptionv3,1.0,10
4906,densenet161,1.0,6
4907,resnet50,0.6400205520491736,8
4908,efficientnetb1,1.0,3
4909,efficientnetb2,1.0,3
4910,resnet50,0.6400205520491736,8
4911,efficientnetb2,1.0,3
4912,resnet18,0.9772814215247084,3
4913,mobilenetv2,0.4685879196662824,7
4914,densenet161,1.0,6
4915,inceptionv3,0.8003254803685758,11
4916,resnet50,0.6400205520491736,8
4917,alexnet,0.293491136826713,4
4918,vgg16,1.0,13
4919,alexnet,0.293491136826713,4
4920,vgg19,0.9938700985656802,16
4921,vgg16,0.8568556422949929,11
4922,inceptionv3,0.8003254803685758,11
4923,inceptionv3,0.8003254803685758,11
4924,vgg19,0.783629319224574,17
4925,mobilenetv2,0.4685879196662824,7
4926,densenet121,0.4858756243316292,5
4927,mobilenetv2,0.4648669037656601,6
4928,resnet34,1.0,6
4929,inceptionv3,0.8003254803685758,11
4930,efficientnetb0,1.0,3
4931,inceptionv3,1.0,10
4932,vgg19,0.9938700985656802,16
4933,efficientnetb1,1.0,3
4934,efficientnetb1,1.0,3
4935,densenet161,1.0,6
4936,resnet34,1.0,6
4937,alexnet,0.293491136826713,4
4938,densenet121,0.4858756243316292,5
4939,efficientnetb2,1.0,3
4940,mobilenetv2,0.4648669037656601,6
4941,efficientnetb1,1.0,3
4942,densenet121,1.0,6
4943,mobilenetv2,0.4648669037656601,6
4944,alexnet,0.2991244697200437,5
4945,inceptionv3,1.0,10
4946,vgg19,0.9938700985656802,16
4947,resnet18,0.9772814215247084,3
4948,resnet18,0.9772814215247084,3
4949,densenet121,1.0,6
4950,resnet34,1.0,6
4951,efficientnetb0,1.0,3
4952,resnet34,1.0,6
4953,resnet34,1.0,6
4954,efficientnetb0,1.0,3
4955,vgg16,1.0,13
4956,efficientnetb2,1.0,3
4957,vgg16,0.986973209346794,14
4958,vgg16,1.0,13
4959,resnet18,0.9772814215247084,3
4960,inceptionv3,1.0,10
4961,alexnet,0.2991244697200437,5
4962,densenet121,0.4858756243316292,5
4963,efficientnetb1,1.0,3
4964,efficientnetb0,1.0,3
4965,densenet161,1.0,6
4966,mobilenetv2,0.4648669037656601,6
4967,alexnet,0.293491136826713,4
4968,vgg19,1.0,15
4969,alexnet,0.293491136826713,4
4970,densenet121,1.0,6
4971,inceptionv3,1.0,10
4972,vgg16,0.986973209346794,14
4973,efficientnetb2,1.0,3
4974,efficientnetb2,1.0,3
4975,efficientnetb1,1.0,3
4976,densenet161,1.0,6
4977,resnet18,0.9772814215247084,3
4978,inceptionv3,0.3623001669335878,9
4979,alexnet,0.2991244697200437,5
4980,resnet18,0.9772814215247084,3
4981,mobilenetv2,0.4685879196662824,7
4982,efficientnetb2,1.0,3
4983,vgg16,0.986973209346794,14
4984,inceptionv3,1.0,10
4985,densenet161,1.0,6
4986,inceptionv3,1.0,10
4987,vgg16,1.0,13
4988,resnet50,1.0,6
4989,densenet121,0.4858756243316292,5
4990,densenet161,1.0,6
4991,densenet161,1.0,6
4992,efficientnetb2,1.0,3
4993,vgg16,0.986973209346794,14
4994,inceptionv3,0.3623001669335878,9
4995,efficientnetb2,1.0,3
4996,efficientnetb0,1.0,3
4997,densenet121,1.0,6
4998,mobilenetv2,0.4685879196662824,7
4999,vgg19,0.7512707723562208,18
5000,densenet121,1.0,6
5001,vgg19,0.783629319224574,17
5002,mobilenetv2,0.4685879196662824,7
5003,densenet161,1.0,6
5004,alexnet,0.2991244697200437,5
5005,vgg16,0.986973209346794,14
5006,densenet161,0.8028649279588222,7
5007,densenet161,1.0,6
5008,vgg16,0.5638100259338691,8
5009,resnet18,0.9772814215247084,3
5010,vgg16,0.7391812735874347,15
5011,efficientnetb1,1.0,3
5012,alexnet,0.2991244697200437,5
5013,mobilenetv2,0.4324170734073829,8
5014,resnet50,0.6400205520491736,8
5015,resnet34,1.0,6
5016,efficientnetb2,1.0,3
5017,inceptionv3,0.6194010667357964,12
5018,inceptionv3,1.0,10
5019,efficientnetb2,1.0,3
5020,vgg19,0.783629319224574,17
5021,resnet50,0.6400205520491736,8
5022,efficientnetb0,1.0,3
5023,densenet121,0.4858756243316292,5
5024,resnet50,0.6400205520491736,8
5025,efficientnetb1,1.0,3
5026,resnet18,0.9772814215247084,3
5027,efficientnetb0,1.0,3
5028,alexnet,0.2991244697200437,5
5029,densenet121,1.0,6
5030,efficientnetb0,1.0,3
5031,densenet121,1.0,6
5032,efficientnetb0,1.0,3
5033,efficientnetb2,1.0,3
5034,densenet161,1.0,6
5035,efficientnetb1,1.0,3
5036,resnet18,0.9772814215247084,3
5037,densenet161,1.0,6
5038,vgg16,1.0,13
5039,inceptionv3,0.8003254803685758,11
5040,densenet121,1.0,6
5041,resnet34,1.0,6
5042,alexnet,0.293491136826713,4
5043,efficientnetb0,1.0,3
5044,efficientnetb1,1.0,3
5045,efficientnetb0,1.0,3
5046,resnet50,0.6400205520491736,8
5047,efficientnetb1,1.0,3
5048,efficientnetb2,1.0,3
5049,efficientnetb1,1.0,3
5050,mobilenetv2,0.4324170734073829,8
5051,inceptionv3,0.8003254803685758,11
5052,resnet50,0.6400205520491736,8
5053,densenet161,1.0,6
5054,mobilenetv2,0.4685879196662824,7
5055,mobilenetv2,0.4648669037656601,6
5056,resnet18,0.9772814215247084,3
5057,resnet50,0.6400205520491736,8
5058,resnet18,0.9772814215247084,3
5059,mobilenetv2,0.4648669037656601,6
5060,alexnet,0.2991244697200437,5
5061,densenet121,0.4858756243316292,5
5062,inceptionv3,0.8003254803685758,11
5063,efficientnetb2,1.0,3
5064,densenet121,1.0,6
5065,resnet18,0.9772814215247084,3
5066,efficientnetb2,1.0,3
5067,mobilenetv2,0.4685879196662824,7
5068,efficientnetb1,1.0,3
5069,vgg16,0.986973209346794,14
5070,vgg19,0.783629319224574,17
5071,resnet34,1.0,6
5072,resnet50,0.6400205520491736,8
5073,inceptionv3,1.0,10
5074,inceptionv3,1.0,10
5075,densenet121,1.0,6
5076,efficientnetb0,1.0,3
5077,densenet121,1.0,6
5078,efficientnetb0,1.0,3
5079,vgg19,0.783629319224574,17
5080,vgg16,0.986973209346794,14
5081,efficientnetb0,1.0,3
5082,densenet161,1.0,6
5083,alexnet,0.293491136826713,4
5084,resnet50,0.6400205520491736,8
5085,resnet34,1.0,6
5086,efficientnetb1,1.0,3
5087,efficientnetb1,1.0,3
5088,efficientnetb0,1.0,3
5089,resnet50,0.6400205520491736,8
5090,densenet121,1.0,6
5091,inceptionv3,0.3623001669335878,9
5092,densenet121,1.0,6
5093,mobilenetv2,0.4648669037656601,6
5094,mobilenetv2,0.4648669037656601,6
5095,efficientnetb1,1.0,3
5096,efficientnetb1,1.0,3
5097,efficientnetb1,1.0,3
5098,resnet50,0.6400205520491736,8
5099,inceptionv3,0.2902176748165008,5
5100,inceptionv3,0.8003254803685758,11
5101,efficientnetb1,1.0,3
5102,resnet50,0.6400205520491736,8
5103,inceptionv3,1.0,10
5104,resnet50,0.8017819857800019,7
5105,vgg16,0.8548072768189431,12
5106,efficientnetb0,1.0,3
5107,vgg19,0.783629319224574,17
5108,densenet121,1.0,6
5109,vgg16,1.0,13
5110,densenet121,1.0,6
5111,efficientnetb2,1.0,3
5112,densenet161,0.8028649279588222,7
5113,efficientnetb1,1.0,3
5114,efficientnetb1,1.0,3
5115,densenet161,1.0,6
5116,alexnet,0.2991244697200437,5
5117,mobilenetv2,0.4685879196662824,7
5118,vgg16,1.0,13
5119,densenet121,1.0,6
5120,mobilenetv2,0.4685879196662824,7
5121,efficientnetb1,1.0,3
5122,efficientnetb1,1.0,3
5123,efficientnetb2,1.0,3
5124,resnet34,1.0,6
5125,densenet121,0.4858756243316292,5
5126,alexnet,0.293491136826713,4
5127,densenet121,1.0,6
5128,vgg19,0.9938700985656802,16
5129,resnet34,1.0,6
5130,resnet18,0.9772814215247084,3
5131,alexnet,0.2991244697200437,5
5132,resnet34,0.8120702549228033,7
5133,densenet161,1.0,6
5134,vgg16,0.986973209346794,14
5135,vgg19,0.783629319224574,17
5136,alexnet,0.2991244697200437,5
5137,vgg19,0.9938700985656802,16
5138,resnet50,0.6400205520491736,8
5139,vgg16,1.0,13
5140,vgg16,1.0,13
5141,vgg16,1.0,13
5142,densenet161,1.0,6
5143,resnet34,1.0,6
5144,efficientnetb2,1.0,3
5145,inceptionv3,1.0,10
5146,resnet18,0.9772814215247084,3
5147,mobilenetv2,0.6117761346376276,5
5148,vgg16,0.986973209346794,14
5149,resnet34,1.0,6
5150,densenet161,1.0,6
5151,resnet50,0.6400205520491736,8
5152,vgg19,1.0,15
5153,vgg16,1.0,13
5154,resnet34,1.0,6
5155,densenet121,0.4858756243316292,5
5156,efficientnetb1,1.0,3
5157,efficientnetb2,1.0,3
5158,inceptionv3,1.0,10
5159,resnet18,0.9772814215247084,3
5160,densenet161,1.0,6
5161,resnet18,0.9772814215247084,3
5162,densenet121,1.0,6
5163,resnet34,1.0,6
5164,densenet161,1.0,6
5165,resnet50,0.6400205520491736,8
5166,efficientnetb0,1.0,3
5167,vgg19,0.7512707723562208,18
5168,alexnet,0.2991244697200437,5
5169,efficientnetb0,1.0,3
5170,resnet50,0.8017819857800019,7
5171,mobilenetv2,0.4648669037656601,6
5172,inceptionv3,1.0,10
5173,vgg16,0.986973209346794,14
5174,resnet34,1.0,6
5175,efficientnetb0,1.0,3
5176,densenet121,1.0,6
5177,mobilenetv2,0.4648669037656601,6
5178,resnet50,0.8017819857800019,7
5179,efficientnetb0,1.0,3
5180,efficientnetb1,1.0,3
5181,alexnet,0.293491136826713,4
5182,mobilenetv2,0.4685879196662824,7
5183,resnet18,0.9772814215247084,3
5184,resnet18,0.9772814215247084,3
5185,alexnet,0.2991244697200437,5
5186,resnet18,0.9772814215247084,3
5187,alexnet,0.2991244697200437,5
5188,densenet161,1.0,6
5189,alexnet,0.2991244697200437,5
5190,vgg19,0.9938700985656802,16
5191,resnet34,1.0,6
5192,resnet18,0.9772814215247084,3
5193,vgg16,0.8548072768189431,12
5194,vgg19,0.9938700985656802,16
5195,densenet161,1.0,6
5196,efficientnetb0,1.0,3
5197,densenet121,0.4858756243316292,5
5198,efficientnetb2,1.0,3
5199,inceptionv3,0.8003254803685758,11
5200,efficientnetb2,1.0,3
5201,alexnet,0.293491136826713,4
5202,resnet18,0.9772814215247084,3
5203,vgg19,1.0,15
5204,densenet161,1.0,6
5205,efficientnetb1,1.0,3
5206,densenet161,1.0,6
5207,mobilenetv2,0.4685879196662824,7
5208,densenet161,1.0,6
5209,efficientnetb1,1.0,3
5210,efficientnetb0,1.0,3
5211,vgg19,1.0,15
5212,vgg19,1.0,15
5213,mobilenetv2,0.4648669037656601,6
5214,vgg16,1.0,13
5215,resnet34,0.8120702549228033,7
5216,resnet34,0.8120702549228033,7
5217,inceptionv3,1.0,10
5218,vgg16,1.0,13
5219,alexnet,0.293491136826713,4
5220,densenet121,0.4858756243316292,5
5221,alexnet,0.2991244697200437,5
5222,mobilenetv2,0.4685879196662824,7
5223,efficientnetb1,1.0,3
5224,resnet50,0.8017819857800019,7
5225,resnet18,0.9772814215247084,3
5226,resnet18,0.9772814215247084,3
5227,efficientnetb2,1.0,3
5228,resnet18,0.9772814215247084,3
5229,efficientnetb2,1.0,3
5230,resnet18,0.9772814215247084,3
5231,vgg16,0.8548072768189431,12
5232,efficientnetb2,1.0,3
5233,densenet121,1.0,6
5234,efficientnetb0,1.0,3
5235,alexnet,0.2991244697200437,5
5236,resnet50,0.6400205520491736,8
5237,resnet50,0.8017819857800019,7
5238,efficientnetb2,1.0,3
5239,alexnet,0.293491136826713,4
5240,densenet161,1.0,6
5241,mobilenetv2,0.4648669037656601,6
5242,efficientnetb2,1.0,3
5243,mobilenetv2,0.4648669037656601,6
5244,efficientnetb1,1.0,3
5245,resnet50,0.6400205520491736,8
5246,alexnet,0.293491136826713,4
5247,resnet18,0.9772814215247084,3
5248,vgg16,1.0,13
5249,efficientnetb1,1.0,3
5250,resnet50,0.8017819857800019,7
5251,vgg16,0.8548072768189431,12
5252,resnet34,0.8120702549228033,7
5253,resnet34,1.0,6
5254,efficientnetb2,1.0,3
5255,vgg16,0.8548072768189431,12
5256,densenet121,0.4858756243316292,5
5257,densenet121,1.0,6
5258,vgg19,0.9322438807363724,13
5259,densenet161,1.0,6
5260,vgg16,0.8548072768189431,12
5261,resnet18,0.9772814215247084,3
5262,densenet161,1.0,6
5263,vgg16,1.0,13
5264,efficientnetb2,1.0,3
5265,efficientnetb0,1.0,3
5266,efficientnetb1,1.0,3
5267,densenet121,1.0,6
5268,efficientnetb1,1.0,3
5269,inceptionv3,1.0,10
5270,alexnet,0.293491136826713,4
5271,efficientnetb0,1.0,3
5272,efficientnetb2,1.0,3
5273,vgg19,0.9938700985656802,16
5274,efficientnetb0,1.0,3
5275,efficientnetb2,1.0,3
5276,efficientnetb1,1.0,3
5277,efficientnetb1,1.0,3
5278,vgg16,0.986973209346794,14
5279,vgg16,1.0,13
5280,efficientnetb2,1.0,3
5281,inceptionv3,1.0,10
5282,densenet161,1.0,6
5283,inceptionv3,0.8003254803685758,11
5284,vgg19,0.9938700985656802,16
5285,vgg16,0.8568556422949929,11
5286,efficientnetb2,1.0,3
5287,vgg19,0.9938700985656802,16
5288,vgg16,1.0,13
5289,vgg16,1.0,13
5290,efficientnetb2,1.0,3
5291,resnet34,0.8120702549228033,7
5292,efficientnetb2,1.0,3
5293,vgg16,1.0,13
5294,resnet18,0.9772814215247084,3
5295,mobilenetv2,0.4648669037656601,6
5296,efficientnetb0,1.0,3
5297,resnet50,0.8017819857800019,7
5298,resnet18,0.9772814215247084,3
5299,alexnet,0.2991244697200437,5
5300,resnet50,0.6400205520491736,8
5301,resnet50,0.6400205520491736,8
5302,resnet50,0.6400205520491736,8
5303,efficientnetb1,1.0,3
5304,densenet121,1.0,6
5305,efficientnetb2,1.0,3
5306,vgg19,0.783629319224574,17
5307,efficientnetb2,1.0,3
5308,mobilenetv2,0.4685879196662824,7
5309,resnet34,0.8120702549228033,7
5310,alexnet,0.2991244697200437,5
5311,efficientnetb2,1.0,3
5312,densenet161,1.0,6
5313,vgg16,1.0,13
5314,vgg16,1.0,13
5315,densenet121,1.0,6
5316,densenet121,1.0,6
5317,densenet121,1.0,6
5318,resnet34,1.0,6
5319,alexnet,0.2991244697200437,5
5320,efficientnetb1,1.0,3
5321,resnet34,0.8120702549228033,7
5322,efficientnetb1,1.0,3
5323,resnet18,0.9772814215247084,3
5324,vgg19,0.9938700985656802,16
5325,resnet34,1.0,6
5326,resnet34,0.8120702549228033,7
5327,resnet18,0.9772814215247084,3
5328,efficientnetb2,1.0,3
5329,efficientnetb0,1.0,3
5330,efficientnetb2,1.0,3
5331,resnet50,0.6400205520491736,8
5332,densenet161,1.0,6
5333,efficientnetb2,1.0,3
5334,vgg19,0.9938700985656802,16
5335,efficientnetb0,1.0,3
5336,vgg16,0.8548072768189431,12
5337,mobilenetv2,0.4685879196662824,7
5338,efficientnetb2,1.0,3
5339,efficientnetb0,1.0,3
5340,mobilenetv2,0.4685879196662824,7
5341,vgg16,1.0,13
5342,inceptionv3,0.6533166673091002,8
5343,densenet161,1.0,6
5344,mobilenetv2,0.4685879196662824,7
5345,resnet34,0.8120702549228033,7
5346,vgg16,0.0,2
5347,resnet34,1.0,6
5348,resnet50,0.6400205520491736,8
5349,efficientnetb0,1.0,3
5350,resnet50,0.6400205520491736,8
5351,mobilenetv2,0.4648669037656601,6
5352,efficientnetb2,1.0,3
5353,vgg19,1.0,15
5354,efficientnetb2,1.0,3
5355,inceptionv3,0.3623001669335878,9
5356,resnet18,0.9772814215247084,3
5357,vgg19,0.958551617010162,14
5358,resnet18,0.9772814215247084,3
5359,resnet34,1.0,6
5360,vgg16,0.8568556422949929,11
5361,densenet121,0.4858756243316292,5
5362,resnet50,0.8017819857800019,7
5363,vgg19,1.0,15
5364,vgg19,0.9938700985656802,16
5365,vgg16,0.8568556422949929,11
5366,efficientnetb1,1.0,3
5367,vgg16,0.8548072768189431,12
5368,densenet161,1.0,6
5369,inceptionv3,0.5328326911526806,7
5370,densenet161,1.0,6
5371,alexnet,0.293491136826713,4
5372,efficientnetb2,1.0,3
5373,efficientnetb1,1.0,3
5374,efficientnetb1,1.0,3
5375,efficientnetb1,1.0,3
5376,inceptionv3,0.3623001669335878,9
5377,densenet161,1.0,6
5378,resnet18,0.9772814215247084,3
5379,efficientnetb0,1.0,3
5380,inceptionv3,1.0,10
5381,efficientnetb2,1.0,3
5382,densenet121,0.4858756243316292,5
5383,efficientnetb0,1.0,3
5384,vgg16,0.8548072768189431,12
5385,densenet121,0.4858756243316292,5
5386,alexnet,0.293491136826713,4
5387,mobilenetv2,0.4685879196662824,7
5388,mobilenetv2,0.4648669037656601,6
5389,resnet18,0.9772814215247084,3
5390,vgg19,0.958551617010162,14
5391,densenet121,0.4858756243316292,5
5392,efficientnetb1,1.0,3
5393,densenet161,1.0,6
5394,mobilenetv2,0.4648669037656601,6
5395,vgg19,0.9938700985656802,16
5396,resnet34,0.8527581774225047,5
5397,mobilenetv2,0.4648669037656601,6
5398,resnet50,0.8017819857800019,7
5399,inceptionv3,1.0,10
5400,densenet161,1.0,6
5401,vgg19,1.0,15
5402,efficientnetb2,1.0,3
5403,mobilenetv2,0.4648669037656601,6
5404,vgg19,0.958551617010162,14
5405,efficientnetb2,1.0,3
5406,alexnet,0.2991244697200437,5
5407,alexnet,0.293491136826713,4
5408,densenet161,1.0,6
5409,vgg16,0.8548072768189431,12
5410,resnet18,0.9772814215247084,3
5411,resnet50,0.8017819857800019,7
5412,resnet50,0.6400205520491736,8
5413,mobilenetv2,0.4648669037656601,6
5414,efficientnetb1,1.0,3
5415,resnet50,0.6400205520491736,8
5416,mobilenetv2,0.4685879196662824,7
5417,densenet161,1.0,6
5418,resnet50,0.8017819857800019,7
5419,resnet50,0.8017819857800019,7
5420,resnet50,0.8017819857800019,7
5421,inceptionv3,0.8003254803685758,11
5422,mobilenetv2,0.4685879196662824,7
5423,efficientnetb1,1.0,3
5424,densenet121,0.4858756243316292,5
5425,efficientnetb2,1.0,3
5426,densenet121,0.4858756243316292,5
5427,densenet121,0.4858756243316292,5
5428,densenet121,0.4858756243316292,5
5429,densenet161,1.0,6
5430,densenet121,1.0,6
5431,alexnet,0.2991244697200437,5
5432,alexnet,0.2991244697200437,5
5433,efficientnetb0,1.0,3
5434,resnet18,0.9772814215247084,3
5435,resnet34,1.0,6
5436,vgg19,0.9938700985656802,16
5437,alexnet,0.293491136826713,4
5438,vgg19,1.0,15
5439,resnet50,0.8017819857800019,7
5440,efficientnetb0,1.0,3
5441,resnet18,0.9772814215247084,3
5442,alexnet,0.293491136826713,4
5443,efficientnetb2,1.0,3
5444,alexnet,0.2991244697200437,5
5445,efficientnetb2,1.0,3
5446,resnet34,1.0,6
5447,resnet18,0.9772814215247084,3
5448,resnet18,0.9772814215247084,3
5449,resnet34,1.0,6
5450,vgg19,1.0,15
5451,vgg16,0.7455450313368192,10
5452,mobilenetv2,0.4648669037656601,6
5453,inceptionv3,0.8003254803685758,11
5454,densenet121,1.0,6
5455,efficientnetb0,1.0,3
5456,efficientnetb1,1.0,3
5457,vgg16,0.8568556422949929,11
5458,mobilenetv2,0.6117761346376276,5
5459,inceptionv3,0.8003254803685758,11
5460,alexnet,0.1458942907493161,3
5461,vgg16,0.8548072768189431,12
5462,vgg16,0.8548072768189431,12
5463,densenet161,1.0,6
5464,resnet34,1.0,6
5465,efficientnetb0,1.0,3
5466,efficientnetb1,1.0,3
5467,efficientnetb0,1.0,3
5468,vgg19,0.9938700985656802,16
5469,densenet121,0.4858756243316292,5
5470,efficientnetb2,1.0,3
5471,mobilenetv2,0.4685879196662824,7
5472,vgg19,1.0,15
5473,densenet161,1.0,6
5474,vgg19,0.9938700985656802,16
5475,resnet50,0.6400205520491736,8
5476,resnet18,0.9772814215247084,3
5477,mobilenetv2,0.4648669037656601,6
5478,resnet50,0.8017819857800019,7
5479,densenet121,0.4858756243316292,5
5480,alexnet,0.2991244697200437,5
5481,resnet18,0.9772814215247084,3
5482,resnet18,0.9772814215247084,3
5483,resnet34,0.8120702549228033,7
5484,mobilenetv2,0.4648669037656601,6
5485,resnet18,0.9772814215247084,3
5486,resnet34,0.8120702549228033,7
5487,alexnet,0.2991244697200437,5
5488,efficientnetb1,1.0,3
5489,efficientnetb0,1.0,3
5490,mobilenetv2,0.4685879196662824,7
5491,inceptionv3,0.8003254803685758,11
5492,vgg19,1.0,15
5493,resnet34,1.0,6
5494,efficientnetb2,1.0,3
5495,resnet50,0.6400205520491736,8
5496,alexnet,0.2991244697200437,5
5497,densenet121,0.4858756243316292,5
5498,efficientnetb2,1.0,3
5499,vgg16,0.986973209346794,14
5500,resnet50,0.8017819857800019,7
5501,efficientnetb0,1.0,3
5502,efficientnetb1,0.7039994792384792,4
5503,alexnet,0.2991244697200437,5
5504,efficientnetb1,1.0,3
5505,alexnet,0.2991244697200437,5
5506,efficientnetb2,1.0,3
5507,inceptionv3,0.6194010667357964,12
5508,efficientnetb2,1.0,3
5509,alexnet,0.2991244697200437,5
5510,alexnet,0.2991244697200437,5
5511,resnet34,0.8120702549228033,7
5512,inceptionv3,1.0,10
5513,densenet121,0.4858756243316292,5
5514,densenet161,1.0,6
5515,densenet121,0.4858756243316292,5
5516,inceptionv3,1.0,10
5517,efficientnetb0,1.0,3
5518,vgg16,0.8548072768189431,12
5519,densenet161,1.0,6
5520,resnet34,1.0,6
5521,mobilenetv2,0.4648669037656601,6
5522,resnet18,0.9772814215247084,3
5523,resnet34,0.8120702549228033,7
5524,efficientnetb2,1.0,3
5525,efficientnetb2,1.0,3
5526,alexnet,0.2991244697200437,5
5527,vgg16,0.986973209346794,14
5528,densenet121,1.0,6
5529,efficientnetb2,1.0,3
5530,inceptionv3,0.6194010667357964,12
5531,efficientnetb2,1.0,3
5532,efficientnetb0,1.0,3
5533,vgg16,0.8548072768189431,12
5534,efficientnetb1,1.0,3
5535,efficientnetb1,1.0,3
5536,resnet34,1.0,6
5537,mobilenetv2,0.4685879196662824,7
5538,densenet121,0.4858756243316292,5
5539,inceptionv3,1.0,10
5540,efficientnetb0,1.0,3
5541,resnet34,1.0,6
5542,efficientnetb1,1.0,3
5543,inceptionv3,1.0,10
5544,vgg16,0.8548072768189431,12
5545,inceptionv3,1.0,10
5546,resnet50,0.6400205520491736,8
5547,inceptionv3,1.0,10
5548,densenet161,1.0,6
5549,resnet18,0.9772814215247084,3
5550,efficientnetb1,1.0,3
5551,resnet18,0.9772814215247084,3
5552,resnet50,0.6400205520491736,8
5553,vgg16,1.0,13
5554,efficientnetb0,1.0,3
5555,resnet18,0.9772814215247084,3
5556,vgg19,0.9938700985656802,16
5557,resnet34,1.0,6
5558,densenet121,0.4858756243316292,5
5559,vgg16,0.8548072768189431,12
5560,mobilenetv2,0.4685879196662824,7
5561,alexnet,0.2991244697200437,5
5562,efficientnetb0,1.0,3
5563,densenet161,1.0,6
5564,resnet18,0.9772814215247084,3
5565,resnet34,1.0,6
5566,densenet161,1.0,6
5567,vgg19,1.0,15
5568,resnet18,0.9772814215247084,3
5569,alexnet,0.2991244697200437,5
5570,alexnet,0.1458942907493161,3
5571,efficientnetb2,1.0,3
5572,inceptionv3,1.0,10
5573,inceptionv3,0.3623001669335878,9
5574,efficientnetb1,1.0,3
5575,efficientnetb2,1.0,3
5576,densenet161,1.0,6
5577,mobilenetv2,0.4685879196662824,7
5578,inceptionv3,0.8003254803685758,11
5579,resnet50,0.6400205520491736,8
5580,efficientnetb0,1.0,3
5581,inceptionv3,0.3623001669335878,9
5582,resnet34,1.0,6
5583,resnet34,1.0,6
5584,inceptionv3,0.3623001669335878,9
5585,vgg16,0.8548072768189431,12
5586,efficientnetb2,1.0,3
5587,resnet18,0.9772814215247084,3
5588,densenet161,1.0,6
5589,vgg16,1.0,13
5590,vgg16,0.8548072768189431,12
5591,densenet161,1.0,6
5592,alexnet,0.2991244697200437,5
5593,inceptionv3,1.0,10
5594,mobilenetv2,0.4648669037656601,6
5595,alexnet,0.2991244697200437,5
5596,vgg16,0.8548072768189431,12
5597,vgg19,0.9938700985656802,16
5598,resnet50,0.6400205520491736,8
5599,efficientnetb2,1.0,3
5600,vgg19,1.0,15
5601,densenet121,1.0,6
5602,resnet34,1.0,6
5603,inceptionv3,1.0,10
5604,inceptionv3,1.0,10
5605,resnet50,0.6400205520491736,8
5606,alexnet,0.293491136826713,4
5607,alexnet,0.2991244697200437,5
5608,mobilenetv2,0.4648669037656601,6
5609,efficientnetb2,1.0,3
5610,efficientnetb2,1.0,3
5611,mobilenetv2,0.4648669037656601,6
5612,vgg19,0.9938700985656802,16
5613,vgg19,1.0,15
5614,densenet161,1.0,6
5615,efficientnetb1,1.0,3
5616,vgg16,0.8548072768189431,12
5617,resnet34,1.0,6
5618,inceptionv3,0.3623001669335878,9
5619,vgg19,0.9938700985656802,16
5620,vgg19,1.0,15
5621,mobilenetv2,0.4648669037656601,6
5622,inceptionv3,1.0,10
5623,densenet121,0.4858756243316292,5
5624,densenet121,0.4858756243316292,5
5625,densenet161,1.0,6
5626,vgg16,1.0,13
5627,densenet121,0.4858756243316292,5
5628,resnet34,1.0,6
5629,densenet161,1.0,6
5630,resnet50,0.8017819857800019,7
5631,densenet121,1.0,6
5632,efficientnetb2,1.0,3
5633,resnet50,0.6400205520491736,8
5634,mobilenetv2,0.4685879196662824,7
5635,inceptionv3,1.0,10
5636,mobilenetv2,0.4648669037656601,6
5637,resnet34,1.0,6
5638,resnet34,1.0,6
5639,alexnet,0.2991244697200437,5
5640,mobilenetv2,0.4648669037656601,6
5641,inceptionv3,1.0,10
5642,densenet121,0.4858756243316292,5
5643,efficientnetb1,1.0,3
5644,densenet161,1.0,6
5645,resnet50,0.6400205520491736,8
5646,efficientnetb1,1.0,3
5647,efficientnetb2,1.0,3
5648,densenet161,1.0,6
5649,mobilenetv2,0.4648669037656601,6
5650,efficientnetb1,1.0,3
5651,densenet121,0.4858756243316292,5
5652,resnet50,0.6400205520491736,8
5653,vgg19,1.0,15
5654,efficientnetb1,1.0,3
5655,alexnet,0.4184310756079495,6
5656,efficientnetb2,1.0,3
5657,resnet34,1.0,6
5658,mobilenetv2,0.4685879196662824,7
5659,densenet161,1.0,6
5660,densenet161,1.0,6
5661,inceptionv3,1.0,10
5662,densenet121,1.0,6
5663,densenet161,1.0,6
5664,alexnet,0.293491136826713,4
5665,inceptionv3,0.8003254803685758,11
5666,vgg16,0.8548072768189431,12
5667,efficientnetb2,1.0,3
5668,vgg19,0.9938700985656802,16
5669,alexnet,0.2991244697200437,5
5670,resnet34,1.0,6
5671,efficientnetb2,1.0,3
5672,efficientnetb0,1.0,3
5673,resnet50,0.6400205520491736,8
5674,resnet34,1.0,6
5675,efficientnetb1,1.0,3
5676,resnet34,1.0,6
5677,efficientnetb1,1.0,3
5678,resnet18,0.9772814215247084,3
5679,efficientnetb2,1.0,3
5680,vgg19,0.9938700985656802,16
5681,efficientnetb0,1.0,3
5682,efficientnetb0,1.0,3
5683,resnet34,0.8120702549228033,7
5684,resnet34,1.0,6
5685,efficientnetb1,1.0,3
5686,inceptionv3,0.6194010667357964,12
5687,densenet121,1.0,6
5688,efficientnetb2,1.0,3
5689,resnet34,1.0,6
5690,resnet18,0.9772814215247084,3
5691,densenet161,1.0,6
5692,vgg19,0.9938700985656802,16
5693,efficientnetb2,1.0,3
5694,efficientnetb2,1.0,3
5695,efficientnetb2,1.0,3
5696,densenet121,1.0,6
5697,mobilenetv2,0.4324170734073829,8
5698,efficientnetb0,1.0,3
5699,efficientnetb1,1.0,3
5700,alexnet,0.2991244697200437,5
5701,alexnet,0.2991244697200437,5
5702,efficientnetb2,1.0,3
5703,mobilenetv2,0.4685879196662824,7
5704,efficientnetb0,1.0,3
5705,densenet161,1.0,6
5706,densenet161,1.0,6
5707,mobilenetv2,0.4685879196662824,7
5708,inceptionv3,0.0589687489396947,2
5709,resnet50,0.6400205520491736,8
5710,densenet161,0.0,2
5711,vgg19,0.9938700985656802,16
5712,resnet18,0.9772814215247084,3
5713,vgg19,0.9938700985656802,16
5714,vgg16,0.986973209346794,14
5715,alexnet,0.2991244697200437,5
5716,efficientnetb0,1.0,3
5717,resnet18,0.9772814215247084,3
5718,efficientnetb0,1.0,3
5719,efficientnetb2,1.0,3
5720,densenet121,0.4858756243316292,5
5721,densenet121,0.4858756243316292,5
5722,resnet18,0.9772814215247084,3
5723,inceptionv3,1.0,10
5724,densenet161,1.0,6
5725,densenet161,1.0,6
5726,resnet50,0.8017819857800019,7
5727,efficientnetb1,1.0,3
5728,densenet161,1.0,6
5729,inceptionv3,1.0,10
5730,densenet161,1.0,6
5731,densenet161,1.0,6
5732,vgg19,0.9938700985656802,16
5733,inceptionv3,1.0,10
5734,densenet161,1.0,6
5735,resnet34,0.8120702549228033,7
5736,efficientnetb2,1.0,3
5737,alexnet,0.2991244697200437,5
5738,inceptionv3,1.0,10
5739,densenet121,0.4858756243316292,5
5740,densenet121,1.0,6
5741,alexnet,0.2991244697200437,5
5742,efficientnetb0,1.0,3
5743,efficientnetb0,1.0,3
5744,alexnet,0.293491136826713,4
5745,inceptionv3,1.0,10
5746,resnet50,0.8017819857800019,7
5747,efficientnetb1,1.0,3
5748,efficientnetb1,1.0,3
5749,efficientnetb2,1.0,3
5750,vgg16,0.4031740758458291,6
5751,efficientnetb0,1.0,3
5752,efficientnetb0,1.0,3
5753,resnet18,0.9772814215247084,3
5754,efficientnetb2,1.0,3
5755,efficientnetb2,1.0,3
5756,densenet161,1.0,6
5757,vgg19,0.9938700985656802,16
5758,vgg19,0.9938700985656802,16
5759,alexnet,0.293491136826713,4
5760,resnet18,0.9772814215247084,3
5761,densenet161,1.0,6
5762,vgg19,0.9938700985656802,16
5763,efficientnetb0,1.0,3
5764,resnet50,0.8017819857800019,7
5765,efficientnetb1,1.0,3
5766,efficientnetb1,1.0,3
5767,densenet161,1.0,6
5768,resnet34,1.0,6
5769,efficientnetb2,1.0,3
5770,vgg19,0.9938700985656802,16
5771,resnet34,1.0,6
5772,densenet161,1.0,6
5773,inceptionv3,1.0,10
5774,inceptionv3,1.0,10
5775,resnet50,0.8017819857800019,7
5776,efficientnetb2,1.0,3
5777,resnet18,0.9772814215247084,3
5778,alexnet,0.293491136826713,4
5779,vgg19,0.9938700985656802,16
5780,vgg19,0.9938700985656802,16
5781,efficientnetb2,1.0,3
5782,resnet50,0.8017819857800019,7
5783,vgg16,1.0,13
5784,efficientnetb0,1.0,3
5785,efficientnetb0,1.0,3
5786,vgg19,1.0,15
5787,resnet34,1.0,6
5788,inceptionv3,1.0,10
5789,alexnet,0.2991244697200437,5
5790,mobilenetv2,0.4648669037656601,6
5791,densenet161,1.0,6
5792,mobilenetv2,0.4685879196662824,7
5793,resnet34,1.0,6
5794,resnet34,0.8120702549228033,7
5795,resnet34,0.8120702549228033,7
5796,densenet121,1.0,6
5797,inceptionv3,0.3623001669335878,9
5798,vgg16,1.0,13
5799,efficientnetb1,1.0,3
5800,resnet18,0.9772814215247084,3
5801,resnet18,0.9772814215247084,3
5802,inceptionv3,1.0,10
5803,densenet121,1.0,6
5804,resnet18,0.9772814215247084,3
5805,densenet161,1.0,6
5806,resnet50,0.6400205520491736,8
5807,resnet18,0.9772814215247084,3
5808,resnet34,1.0,6
5809,vgg19,0.783629319224574,17
5810,inceptionv3,1.0,10
5811,resnet50,0.6400205520491736,8
5812,densenet121,1.0,6
5813,alexnet,0.2991244697200437,5
5814,efficientnetb2,1.0,3
5815,efficientnetb2,1.0,3
5816,efficientnetb1,1.0,3
5817,inceptionv3,1.0,10
5818,resnet50,0.6400205520491736,8
5819,densenet161,1.0,6
5820,densenet161,1.0,6
5821,efficientnetb2,1.0,3
5822,efficientnetb1,1.0,3
5823,efficientnetb0,1.0,3
5824,mobilenetv2,0.4648669037656601,6
5825,densenet161,1.0,6
5826,alexnet,0.2991244697200437,5
5827,efficientnetb0,1.0,3
5828,resnet34,1.0,6
5829,alexnet,0.2991244697200437,5
5830,efficientnetb0,1.0,3
5831,densenet121,1.0,6
5832,efficientnetb1,1.0,3
5833,densenet161,1.0,6
5834,efficientnetb0,1.0,3
5835,resnet50,0.6400205520491736,8
5836,mobilenetv2,0.4685879196662824,7
5837,resnet34,1.0,6
5838,efficientnetb1,1.0,3
5839,mobilenetv2,0.4685879196662824,7
5840,resnet34,0.8120702549228033,7
5841,mobilenetv2,0.4648669037656601,6
5842,inceptionv3,1.0,10
5843,densenet121,1.0,6
5844,efficientnetb2,1.0,3
5845,efficientnetb1,1.0,3
5846,efficientnetb1,1.0,3
5847,vgg19,0.7512707723562208,18
5848,efficientnetb0,1.0,3
5849,densenet121,1.0,6
5850,densenet121,1.0,6
5851,efficientnetb1,1.0,3
5852,resnet34,0.8120702549228033,7
5853,resnet50,0.6400205520491736,8
5854,resnet18,0.9772814215247084,3
5855,vgg16,1.0,13
5856,densenet121,1.0,6
5857,vgg19,0.9938700985656802,16
5858,vgg16,1.0,13
5859,densenet161,1.0,6
5860,resnet50,0.8017819857800019,7
5861,mobilenetv2,0.4685879196662824,7
5862,mobilenetv2,0.4685879196662824,7
5863,densenet121,1.0,6
5864,efficientnetb1,1.0,3
5865,resnet34,0.8120702549228033,7
5866,resnet34,0.8120702549228033,7
5867,efficientnetb0,1.0,3
5868,vgg16,0.986973209346794,14
5869,resnet34,1.0,6
5870,efficientnetb0,1.0,3
5871,vgg19,0.9938700985656802,16
5872,resnet34,0.8120702549228033,7
5873,resnet34,0.8120702549228033,7
5874,efficientnetb0,1.0,3
5875,efficientnetb2,1.0,3
5876,resnet18,0.9772814215247084,3
5877,resnet18,0.9772814215247084,3
5878,resnet18,0.9772814215247084,3
5879,efficientnetb1,1.0,3
5880,resnet34,0.8527581774225047,5
5881,vgg16,0.986973209346794,14
5882,efficientnetb2,1.0,3
5883,vgg19,1.0,15
5884,efficientnetb2,1.0,3
5885,mobilenetv2,0.4648669037656601,6
5886,resnet34,1.0,6
5887,efficientnetb2,1.0,3
5888,mobilenetv2,0.4685879196662824,7
5889,efficientnetb0,0.6801221238861833,4
5890,efficientnetb0,1.0,3
5891,resnet34,1.0,6
5892,efficientnetb2,1.0,3
5893,vgg19,0.9938700985656802,16
5894,resnet34,1.0,6
5895,inceptionv3,0.3623001669335878,9
5896,resnet50,0.6400205520491736,8
5897,vgg19,1.0,15
5898,efficientnetb0,1.0,3
5899,densenet161,1.0,6
5900,efficientnetb1,1.0,3
5901,efficientnetb1,1.0,3
5902,efficientnetb2,1.0,3
5903,resnet34,0.8120702549228033,7
5904,densenet121,0.4858756243316292,5
5905,efficientnetb2,1.0,3
5906,resnet34,1.0,6
5907,efficientnetb0,1.0,3
5908,vgg16,1.0,13
5909,densenet121,0.4858756243316292,5
5910,resnet50,0.8017819857800019,7
5911,alexnet,0.2991244697200437,5
5912,efficientnetb0,1.0,3
5913,inceptionv3,1.0,10
5914,alexnet,0.2991244697200437,5
5915,densenet121,1.0,6
5916,mobilenetv2,0.4648669037656601,6
5917,alexnet,0.293491136826713,4
5918,efficientnetb2,1.0,3
5919,alexnet,0.2991244697200437,5
5920,resnet18,0.9772814215247084,3
5921,vgg16,1.0,13
5922,resnet50,0.6400205520491736,8
5923,resnet50,0.6400205520491736,8
5924,mobilenetv2,0.4648669037656601,6
5925,vgg16,0.986973209346794,14
5926,efficientnetb2,1.0,3
5927,vgg16,1.0,13
5928,mobilenetv2,0.4648669037656601,6
5929,alexnet,0.2991244697200437,5
5930,resnet34,1.0,6
5931,resnet50,0.6400205520491736,8
5932,vgg16,1.0,13
5933,resnet18,0.9772814215247084,3
5934,resnet50,0.6400205520491736,8
5935,efficientnetb0,1.0,3
5936,alexnet,0.293491136826713,4
5937,vgg19,0.9938700985656802,16
5938,densenet161,1.0,6
5939,inceptionv3,1.0,10
5940,efficientnetb1,1.0,3
5941,efficientnetb2,1.0,3
5942,resnet34,1.0,6
5943,efficientnetb0,1.0,3
5944,resnet18,0.9772814215247084,3
5945,resnet34,1.0,6
5946,efficientnetb2,1.0,3
5947,efficientnetb0,1.0,3
5948,densenet121,0.4858756243316292,5
5949,resnet18,0.9772814215247084,3
5950,efficientnetb0,1.0,3
5951,resnet50,0.8017819857800019,7
5952,resnet50,0.6400205520491736,8
5953,resnet50,0.6400205520491736,8
5954,resnet34,1.0,6
5955,vgg16,1.0,13
5956,resnet34,1.0,6
5957,efficientnetb2,1.0,3
5958,alexnet,0.2991244697200437,5
5959,densenet121,1.0,6
5960,densenet121,1.0,6
5961,densenet121,1.0,6
5962,resnet50,0.8017819857800019,7
5963,efficientnetb2,1.0,3
5964,vgg19,0.9938700985656802,16
5965,efficientnetb0,1.0,3
5966,alexnet,0.293491136826713,4
5967,alexnet,0.293491136826713,4
5968,resnet34,0.8120702549228033,7
5969,vgg16,1.0,13
5970,resnet18,0.9772814215247084,3
5971,efficientnetb1,1.0,3
5972,resnet50,0.8017819857800019,7
5973,densenet161,1.0,6
5974,resnet18,0.9772814215247084,3
5975,efficientnetb2,1.0,3
5976,resnet34,1.0,6
5977,resnet34,1.0,6
5978,efficientnetb2,1.0,3
5979,vgg19,0.9938700985656802,16
5980,resnet50,0.8017819857800019,7
5981,efficientnetb1,1.0,3
5982,efficientnetb0,1.0,3
5983,resnet34,1.0,6
5984,efficientnetb1,1.0,3
5985,resnet18,0.9772814215247084,3
5986,resnet50,0.6400205520491736,8
5987,resnet34,1.0,6
5988,resnet18,0.9772814215247084,3
5989,vgg16,1.0,13
5990,densenet161,1.0,6
5991,mobilenetv2,0.4648669037656601,6
5992,efficientnetb2,1.0,3
5993,inceptionv3,1.0,10
5994,mobilenetv2,0.4685879196662824,7
5995,mobilenetv2,0.4648669037656601,6
5996,resnet34,1.0,6
5997,efficientnetb0,1.0,3
5998,inceptionv3,0.8003254803685758,11
5999,densenet121,0.4858756243316292,5
6000,alexnet,0.2991244697200437,5
6001,densenet121,1.0,6
6002,vgg16,1.0,13
6003,efficientnetb0,1.0,3
6004,vgg16,1.0,13
6005,mobilenetv2,0.4685879196662824,7
6006,mobilenetv2,0.4648669037656601,6
6007,efficientnetb1,1.0,3
6008,vgg16,0.8548072768189431,12
6009,alexnet,0.2991244697200437,5
6010,vgg19,0.9938700985656802,16
6011,densenet161,1.0,6
6012,resnet34,1.0,6
6013,mobilenetv2,0.4685879196662824,7
6014,alexnet,0.2991244697200437,5
6015,mobilenetv2,0.4648669037656601,6
6016,vgg19,1.0,15
6017,efficientnetb1,1.0,3
6018,alexnet,0.2991244697200437,5
6019,resnet50,0.8017819857800019,7
6020,efficientnetb2,1.0,3
6021,efficientnetb1,1.0,3
6022,efficientnetb2,1.0,3
6023,vgg16,0.986973209346794,14
6024,densenet161,1.0,6
6025,resnet50,0.6400205520491736,8
6026,efficientnetb1,1.0,3
6027,efficientnetb0,1.0,3
6028,vgg19,1.0,15
6029,inceptionv3,1.0,10
6030,resnet50,0.6400205520491736,8
6031,resnet34,1.0,6
6032,vgg19,0.9938700985656802,16
6033,efficientnetb0,1.0,3
6034,resnet18,0.9772814215247084,3
6035,mobilenetv2,0.4685879196662824,7
6036,efficientnetb0,1.0,3
6037,inceptionv3,1.0,10
6038,resnet50,0.6400205520491736,8
6039,efficientnetb0,1.0,3
6040,mobilenetv2,0.4648669037656601,6
6041,densenet121,1.0,6
6042,efficientnetb0,1.0,3
6043,efficientnetb0,1.0,3
6044,densenet121,0.4858756243316292,5
6045,inceptionv3,1.0,10
6046,vgg19,0.9938700985656802,16
6047,resnet18,0.9772814215247084,3
6048,resnet18,0.9772814215247084,3
6049,efficientnetb2,1.0,3
6050,vgg19,0.9938700985656802,16
6051,vgg19,0.9938700985656802,16
6052,vgg19,0.9938700985656802,16
6053,vgg16,1.0,13
6054,resnet18,0.9772814215247084,3
6055,resnet50,0.8017819857800019,7
6056,efficientnetb1,1.0,3
6057,efficientnetb0,1.0,3
6058,densenet161,1.0,6
6059,efficientnetb0,1.0,3
6060,resnet50,0.8017819857800019,7
6061,efficientnetb2,1.0,3
6062,alexnet,0.293491136826713,4
6063,inceptionv3,0.3623001669335878,9
6064,efficientnetb2,1.0,3
6065,vgg19,0.9938700985656802,16
6066,densenet161,1.0,6
6067,resnet18,0.9772814215247084,3
6068,efficientnetb2,1.0,3
6069,efficientnetb1,1.0,3
6070,efficientnetb1,1.0,3
6071,resnet18,0.9772814215247084,3
6072,alexnet,0.293491136826713,4
6073,efficientnetb2,1.0,3
6074,vgg19,0.9938700985656802,16
6075,densenet121,0.4858756243316292,5
6076,resnet50,0.6400205520491736,8
6077,inceptionv3,0.8003254803685758,11
6078,densenet121,0.4858756243316292,5
6079,vgg16,0.8548072768189431,12
6080,efficientnetb0,1.0,3
6081,resnet34,1.0,6
6082,vgg16,1.0,13
6083,alexnet,0.293491136826713,4
6084,efficientnetb0,1.0,3
6085,resnet50,0.6400205520491736,8
6086,vgg19,0.9938700985656802,16
6087,efficientnetb0,1.0,3
6088,resnet50,0.6400205520491736,8
6089,efficientnetb0,1.0,3
6090,densenet161,1.0,6
6091,densenet161,1.0,6
6092,alexnet,0.2991244697200437,5
6093,vgg16,1.0,13
6094,efficientnetb2,1.0,3
6095,resnet18,0.9772814215247084,3
6096,vgg19,0.9938700985656802,16
6097,efficientnetb0,1.0,3
6098,inceptionv3,0.8003254803685758,11
6099,inceptionv3,1.0,10
6100,mobilenetv2,0.4648669037656601,6
6101,resnet50,0.6400205520491736,8
6102,efficientnetb0,1.0,3
6103,efficientnetb0,1.0,3
6104,alexnet,0.2991244697200437,5
6105,efficientnetb2,1.0,3
6106,inceptionv3,1.0,10
6107,resnet18,0.9772814215247084,3
6108,efficientnetb2,1.0,3
6109,efficientnetb2,1.0,3
6110,resnet50,0.6400205520491736,8
6111,resnet18,0.9772814215247084,3
6112,efficientnetb2,1.0,3
6113,densenet121,1.0,6
6114,inceptionv3,0.8003254803685758,11
6115,resnet18,0.9772814215247084,3
6116,efficientnetb0,1.0,3
6117,resnet34,1.0,6
6118,resnet34,1.0,6
6119,resnet50,0.8017819857800019,7
6120,densenet121,0.4858756243316292,5
6121,efficientnetb2,1.0,3
6122,inceptionv3,0.6533166673091002,8
6123,resnet34,1.0,6
6124,efficientnetb2,1.0,3
6125,mobilenetv2,1.0,3
6126,alexnet,0.293491136826713,4
6127,densenet161,1.0,6
6128,resnet34,1.0,6
6129,vgg19,0.783629319224574,17
6130,alexnet,0.293491136826713,4
6131,inceptionv3,0.8003254803685758,11
6132,inceptionv3,1.0,10
6133,alexnet,0.2991244697200437,5
6134,mobilenetv2,0.4648669037656601,6
6135,resnet50,0.6400205520491736,8
6136,vgg16,1.0,13
6137,efficientnetb0,1.0,3
6138,inceptionv3,1.0,10
6139,efficientnetb1,1.0,3
6140,resnet18,0.9772814215247084,3
6141,vgg16,0.8548072768189431,12
6142,densenet121,1.0,6
6143,densenet121,1.0,6
6144,densenet161,1.0,6
6145,efficientnetb2,1.0,3
6146,densenet121,0.4858756243316292,5
6147,densenet121,1.0,6
6148,vgg19,0.783629319224574,17
6149,alexnet,0.2991244697200437,5
6150,densenet121,0.4858756243316292,5
6151,efficientnetb2,1.0,3
6152,inceptionv3,1.0,10
6153,efficientnetb0,1.0,3
6154,alexnet,0.2991244697200437,5
6155,efficientnetb2,1.0,3
6156,resnet34,1.0,6
6157,efficientnetb1,1.0,3
6158,inceptionv3,1.0,10
6159,resnet50,0.6400205520491736,8
6160,resnet34,1.0,6
6161,efficientnetb1,1.0,3
6162,alexnet,0.2991244697200437,5
6163,resnet34,1.0,6
6164,inceptionv3,1.0,10
6165,vgg19,0.9938700985656802,16
6166,efficientnetb0,1.0,3
6167,inceptionv3,1.0,10
6168,vgg16,0.986973209346794,14
6169,resnet50,0.8017819857800019,7
6170,efficientnetb2,1.0,3
6171,vgg16,0.986973209346794,14
6172,efficientnetb1,1.0,3
6173,inceptionv3,1.0,10
6174,vgg16,0.986973209346794,14
6175,resnet50,0.4611727687596107,9
6176,densenet161,1.0,6
6177,densenet121,1.0,6
6178,densenet121,0.4858756243316292,5
6179,efficientnetb2,1.0,3
6180,alexnet,0.2991244697200437,5
6181,densenet161,1.0,6
6182,mobilenetv2,0.4648669037656601,6
6183,efficientnetb0,1.0,3
6184,resnet18,0.9772814215247084,3
6185,mobilenetv2,0.4648669037656601,6
6186,resnet34,1.0,6
6187,densenet121,0.4858756243316292,5
6188,resnet50,0.6400205520491736,8
6189,resnet50,0.6400205520491736,8
6190,efficientnetb0,1.0,3
6191,vgg16,0.986973209346794,14
6192,efficientnetb2,1.0,3
6193,mobilenetv2,0.4648669037656601,6
6194,vgg16,1.0,13
6195,efficientnetb2,1.0,3
6196,resnet50,0.6400205520491736,8
6197,resnet34,1.0,6
6198,efficientnetb2,1.0,3
6199,vgg19,0.783629319224574,17
6200,alexnet,0.2991244697200437,5
6201,efficientnetb0,1.0,3
6202,efficientnetb0,1.0,3
6203,mobilenetv2,0.4648669037656601,6
6204,inceptionv3,0.8003254803685758,11
6205,alexnet,0.2991244697200437,5
6206,alexnet,0.293491136826713,4
6207,efficientnetb1,1.0,3
6208,efficientnetb1,1.0,3
6209,densenet121,1.0,6
6210,efficientnetb0,1.0,3
6211,efficientnetb0,1.0,3
6212,inceptionv3,1.0,10
6213,vgg16,0.986973209346794,14
6214,resnet18,0.9772814215247084,3
6215,resnet34,1.0,6
6216,resnet34,1.0,6
6217,resnet34,1.0,6
6218,vgg19,0.783629319224574,17
6219,resnet18,0.9772814215247084,3
6220,densenet121,1.0,6
6221,efficientnetb2,1.0,3
6222,efficientnetb0,1.0,3
6223,mobilenetv2,0.4648669037656601,6
6224,mobilenetv2,0.4685879196662824,7
6225,mobilenetv2,0.4648669037656601,6
6226,resnet18,0.9772814215247084,3
6227,efficientnetb1,1.0,3
6228,vgg16,0.986973209346794,14
6229,resnet18,0.9772814215247084,3
6230,inceptionv3,1.0,10
6231,mobilenetv2,0.4648669037656601,6
6232,efficientnetb2,1.0,3
6233,resnet50,0.6400205520491736,8
6234,efficientnetb1,1.0,3
6235,alexnet,0.293491136826713,4
6236,resnet50,0.6400205520491736,8
6237,efficientnetb0,1.0,3
6238,densenet161,1.0,6
6239,efficientnetb2,0.0,1
6240,efficientnetb0,1.0,3
6241,inceptionv3,1.0,10
6242,vgg16,0.986973209346794,14
6243,efficientnetb2,1.0,3
6244,inceptionv3,1.0,10
6245,vgg16,0.986973209346794,14
6246,inceptionv3,0.3623001669335878,9
6247,resnet18,0.9772814215247084,3
6248,resnet34,1.0,6
6249,efficientnetb1,1.0,3
6250,densenet161,1.0,6
6251,vgg19,0.783629319224574,17
6252,vgg19,0.783629319224574,17
6253,mobilenetv2,0.4648669037656601,6
6254,efficientnetb2,1.0,3
6255,efficientnetb2,1.0,3
6256,resnet18,0.9772814215247084,3
6257,inceptionv3,1.0,10
6258,vgg16,0.986973209346794,14
6259,efficientnetb1,1.0,3
6260,inceptionv3,1.0,10
6261,resnet18,0.9772814215247084,3
6262,vgg19,0.783629319224574,17
6263,densenet161,1.0,6
6264,densenet161,1.0,6
6265,vgg19,0.783629319224574,17
6266,efficientnetb1,1.0,3
6267,efficientnetb2,1.0,3
6268,vgg16,0.986973209346794,14
6269,resnet34,1.0,6
6270,efficientnetb1,1.0,3
6271,mobilenetv2,0.4685879196662824,7
6272,efficientnetb1,1.0,3
6273,efficientnetb1,1.0,3
6274,vgg19,0.7512707723562208,18
6275,resnet50,0.6400205520491736,8
6276,vgg19,0.7512707723562208,18
6277,densenet121,1.0,6
6278,mobilenetv2,0.4648669037656601,6
6279,alexnet,0.2991244697200437,5
6280,vgg19,0.9938700985656802,16
6281,resnet18,0.9772814215247084,3
6282,resnet50,0.6400205520491736,8
6283,resnet18,0.9772814215247084,3
6284,resnet34,0.8120702549228033,7
6285,resnet34,1.0,6
6286,efficientnetb2,1.0,3
6287,densenet121,1.0,6
6288,vgg16,0.8568556422949929,11
6289,vgg19,0.783629319224574,17
6290,mobilenetv2,0.4685879196662824,7
6291,efficientnetb2,1.0,3
6292,resnet34,1.0,6
6293,vgg19,0.7512707723562208,18
6294,densenet161,1.0,6
6295,densenet161,1.0,6
6296,densenet161,1.0,6
6297,vgg19,0.7512707723562208,18
6298,resnet50,0.6400205520491736,8
6299,vgg16,0.7391812735874347,15
6300,densenet161,0.8028649279588222,7
6301,efficientnetb0,1.0,3
6302,inceptionv3,1.0,10
6303,mobilenetv2,0.4685879196662824,7
6304,efficientnetb2,1.0,3
6305,efficientnetb1,1.0,3
6306,inceptionv3,1.0,10
6307,vgg16,0.986973209346794,14
6308,mobilenetv2,0.4685879196662824,7
6309,efficientnetb0,1.0,3
6310,resnet18,0.9772814215247084,3
6311,vgg16,0.986973209346794,14
6312,resnet34,1.0,6
6313,efficientnetb2,1.0,3
6314,inceptionv3,1.0,10
6315,resnet34,0.8120702549228033,7
6316,inceptionv3,1.0,10
6317,alexnet,0.2991244697200437,5
6318,efficientnetb0,1.0,3
6319,efficientnetb2,1.0,3
6320,alexnet,0.2991244697200437,5
6321,efficientnetb1,1.0,3
6322,efficientnetb1,1.0,3
6323,densenet121,1.0,6
6324,resnet50,0.6400205520491736,8
6325,efficientnetb1,1.0,3
6326,resnet18,0.9772814215247084,3
6327,alexnet,0.293491136826713,4
6328,efficientnetb0,1.0,3
6329,vgg16,0.986973209346794,14
6330,efficientnetb0,1.0,3
6331,efficientnetb0,1.0,3
6332,densenet161,1.0,6
6333,efficientnetb2,1.0,3
6334,resnet50,0.6400205520491736,8
6335,mobilenetv2,0.4648669037656601,6
6336,vgg19,0.9938700985656802,16
6337,densenet121,1.0,6
6338,resnet18,0.9772814215247084,3
6339,resnet50,0.6400205520491736,8
6340,efficientnetb1,1.0,3
6341,resnet34,1.0,6
6342,vgg16,1.0,13
6343,mobilenetv2,0.4685879196662824,7
6344,densenet161,1.0,6
6345,efficientnetb0,1.0,3
6346,efficientnetb0,1.0,3
6347,inceptionv3,1.0,10
6348,densenet121,1.0,6
6349,vgg19,0.783629319224574,17
6350,efficientnetb0,1.0,3
6351,alexnet,0.2991244697200437,5
6352,efficientnetb2,1.0,3
6353,resnet18,0.9772814215247084,3
6354,resnet50,0.8017819857800019,7
6355,efficientnetb1,1.0,3
6356,efficientnetb2,1.0,3
6357,mobilenetv2,0.4685879196662824,7
6358,resnet50,0.6400205520491736,8
6359,efficientnetb0,1.0,3
6360,mobilenetv2,0.4648669037656601,6
6361,densenet161,1.0,6
6362,mobilenetv2,0.4648669037656601,6
6363,mobilenetv2,0.4648669037656601,6
6364,efficientnetb1,1.0,3
6365,efficientnetb1,1.0,3
6366,efficientnetb2,1.0,3
6367,mobilenetv2,0.4648669037656601,6
6368,resnet34,0.8527581774225047,5
6369,resnet34,1.0,6
6370,densenet161,1.0,6
6371,vgg19,1.0,15
6372,alexnet,0.293491136826713,4
6373,resnet18,0.9772814215247084,3
6374,resnet50,0.8017819857800019,7
6375,densenet161,1.0,6
6376,resnet18,0.9772814215247084,3
6377,inceptionv3,0.3623001669335878,9
6378,vgg16,0.986973209346794,14
6379,vgg19,0.9938700985656802,16
6380,resnet18,0.9772814215247084,3
6381,alexnet,0.293491136826713,4
6382,efficientnetb2,1.0,3
6383,resnet18,0.9772814215247084,3
6384,efficientnetb0,1.0,3
6385,resnet50,0.6400205520491736,8
6386,vgg19,0.9938700985656802,16
6387,densenet121,0.4858756243316292,5
6388,densenet161,1.0,6
6389,densenet161,1.0,6
6390,alexnet,0.293491136826713,4
6391,alexnet,0.293491136826713,4
6392,efficientnetb2,1.0,3
6393,vgg19,1.0,15
6394,inceptionv3,1.0,10
6395,resnet34,1.0,6
6396,efficientnetb0,1.0,3
6397,efficientnetb2,1.0,3
6398,vgg16,0.8548072768189431,12
6399,resnet34,1.0,6
6400,vgg16,0.8548072768189431,12
6401,efficientnetb1,1.0,3
6402,efficientnetb0,1.0,3
6403,efficientnetb1,1.0,3
6404,mobilenetv2,0.4685879196662824,7
6405,densenet121,0.4858756243316292,5
6406,efficientnetb2,1.0,3
6407,densenet121,0.4858756243316292,5
6408,vgg19,0.9938700985656802,16
6409,efficientnetb1,1.0,3
6410,efficientnetb2,1.0,3
6411,inceptionv3,1.0,10
6412,efficientnetb0,1.0,3
6413,vgg16,0.8548072768189431,12
6414,densenet121,1.0,6
6415,resnet18,0.9772814215247084,3
6416,efficientnetb0,1.0,3
6417,densenet121,0.4858756243316292,5
6418,vgg19,1.0,15
6419,vgg19,1.0,15
6420,densenet161,1.0,6
6421,resnet50,0.6400205520491736,8
6422,densenet161,1.0,6
6423,efficientnetb1,1.0,3
6424,alexnet,0.293491136826713,4
6425,efficientnetb0,1.0,3
6426,mobilenetv2,0.4648669037656601,6
6427,densenet161,1.0,6
6428,mobilenetv2,0.4648669037656601,6
6429,resnet18,0.9772814215247084,3
6430,inceptionv3,1.0,10
6431,efficientnetb0,1.0,3
6432,efficientnetb2,1.0,3
6433,vgg16,0.8548072768189431,12
6434,resnet18,0.9772814215247084,3
6435,mobilenetv2,0.4648669037656601,6
6436,mobilenetv2,0.4648669037656601,6
6437,mobilenetv2,0.4685879196662824,7
6438,vgg19,0.9938700985656802,16
6439,efficientnetb1,1.0,3
6440,resnet34,1.0,6
6441,inceptionv3,1.0,10
6442,efficientnetb2,1.0,3
6443,resnet18,0.9772814215247084,3
6444,densenet121,0.4858756243316292,5
6445,resnet50,0.6400205520491736,8
6446,vgg19,0.9938700985656802,16
6447,resnet34,1.0,6
6448,inceptionv3,0.0589687489396947,2
6449,densenet161,1.0,6
6450,efficientnetb2,1.0,3
6451,densenet161,1.0,6
6452,densenet161,1.0,6
6453,resnet18,0.9772814215247084,3
6454,efficientnetb1,1.0,3
6455,mobilenetv2,0.4685879196662824,7
6456,efficientnetb2,1.0,3
6457,densenet121,1.0,6
6458,alexnet,0.2991244697200437,5
6459,resnet18,0.9772814215247084,3
6460,alexnet,0.293491136826713,4
6461,mobilenetv2,0.4685879196662824,7
6462,efficientnetb1,1.0,3
6463,efficientnetb1,1.0,3
6464,mobilenetv2,0.4685879196662824,7
6465,mobilenetv2,0.4685879196662824,7
6466,efficientnetb2,1.0,3
6467,efficientnetb0,1.0,3
6468,alexnet,0.2991244697200437,5
6469,efficientnetb1,1.0,3
6470,mobilenetv2,0.4685879196662824,7
6471,alexnet,0.2991244697200437,5
6472,mobilenetv2,0.4685879196662824,7
6473,vgg16,1.0,13
6474,mobilenetv2,0.4648669037656601,6
6475,efficientnetb0,1.0,3
6476,densenet121,1.0,6
6477,efficientnetb1,1.0,3
6478,efficientnetb1,1.0,3
6479,efficientnetb2,1.0,3
6480,alexnet,0.2991244697200437,5
6481,resnet34,1.0,6
6482,resnet34,1.0,6
6483,efficientnetb2,1.0,3
6484,vgg16,1.0,13
6485,inceptionv3,1.0,10
6486,resnet18,0.9772814215247084,3
6487,densenet161,1.0,6
6488,efficientnetb1,1.0,3
6489,densenet161,1.0,6
6490,densenet161,1.0,6
6491,mobilenetv2,0.4648669037656601,6
6492,resnet18,0.9772814215247084,3
6493,densenet121,1.0,6
6494,efficientnetb1,1.0,3
6495,mobilenetv2,0.4648669037656601,6
6496,resnet50,0.8017819857800019,7
6497,efficientnetb1,1.0,3
6498,resnet50,0.8017819857800019,7
6499,mobilenetv2,0.4648669037656601,6
6500,efficientnetb1,1.0,3
6501,efficientnetb2,1.0,3
6502,efficientnetb0,1.0,3
6503,vgg16,1.0,13
6504,mobilenetv2,0.4648669037656601,6
6505,resnet34,1.0,6
6506,efficientnetb2,1.0,3
6507,vgg19,0.9938700985656802,16
6508,densenet161,1.0,6
6509,efficientnetb1,1.0,3
6510,efficientnetb1,1.0,3
6511,inceptionv3,1.0,10
6512,resnet18,0.9772814215247084,3
6513,densenet121,0.4858756243316292,5
6514,densenet121,1.0,6
6515,mobilenetv2,0.4648669037656601,6
6516,inceptionv3,1.0,10
6517,alexnet,0.2991244697200437,5
6518,resnet18,0.9772814215247084,3
6519,efficientnetb0,1.0,3
6520,efficientnetb0,1.0,3
6521,efficientnetb2,1.0,3
6522,densenet121,1.0,6
6523,mobilenetv2,0.4648669037656601,6
6524,efficientnetb1,1.0,3
6525,inceptionv3,1.0,10
6526,mobilenetv2,0.4648669037656601,6
6527,densenet161,1.0,6
6528,efficientnetb1,1.0,3
6529,efficientnetb1,1.0,3
6530,alexnet,0.2991244697200437,5
6531,resnet50,0.8017819857800019,7
6532,efficientnetb0,1.0,3
6533,efficientnetb0,1.0,3
6534,resnet50,0.6400205520491736,8
6535,inceptionv3,1.0,10
6536,inceptionv3,0.8003254803685758,11
6537,densenet161,1.0,6
6538,efficientnetb2,1.0,3
6539,mobilenetv2,0.4685879196662824,7
6540,efficientnetb1,1.0,3
6541,efficientnetb0,1.0,3
6542,alexnet,0.2991244697200437,5
6543,resnet50,0.6400205520491736,8
6544,efficientnetb2,1.0,3
6545,efficientnetb2,1.0,3
6546,densenet121,1.0,6
6547,efficientnetb0,1.0,3
6548,densenet121,1.0,6
6549,vgg19,0.783629319224574,17
6550,alexnet,0.2991244697200437,5
6551,resnet34,1.0,6
6552,efficientnetb0,1.0,3
6553,densenet121,1.0,6
6554,resnet18,0.9772814215247084,3
6555,resnet50,0.6400205520491736,8
6556,densenet161,1.0,6
6557,resnet50,0.6400205520491736,8
6558,resnet50,0.8017819857800019,7
6559,densenet121,1.0,6
6560,vgg19,0.9938700985656802,16
6561,efficientnetb1,1.0,3
6562,resnet50,0.6400205520491736,8
6563,resnet34,1.0,6
6564,resnet50,0.6400205520491736,8
6565,resnet34,0.8120702549228033,7
6566,efficientnetb1,1.0,3
6567,inceptionv3,1.0,10
6568,densenet121,1.0,6
6569,mobilenetv2,0.4685879196662824,7
6570,vgg16,0.8548072768189431,12
6571,densenet161,1.0,6
6572,resnet50,0.6400205520491736,8
6573,resnet18,0.9772814215247084,3
6574,inceptionv3,1.0,10
6575,vgg16,0.986973209346794,14
6576,efficientnetb1,1.0,3
6577,efficientnetb0,1.0,3
6578,densenet121,1.0,6
6579,vgg16,0.986973209346794,14
6580,resnet18,0.9772814215247084,3
6581,alexnet,0.2991244697200437,5
6582,resnet34,1.0,6
6583,resnet34,1.0,6
6584,resnet50,0.6400205520491736,8
6585,alexnet,0.2991244697200437,5
6586,efficientnetb1,1.0,3
6587,efficientnetb0,1.0,3
6588,inceptionv3,1.0,10
6589,efficientnetb0,1.0,3
6590,alexnet,0.2991244697200437,5
6591,densenet121,1.0,6
6592,efficientnetb2,1.0,3
6593,resnet18,0.9772814215247084,3
6594,resnet34,0.8120702549228033,7
6595,resnet50,0.6400205520491736,8
6596,vgg19,0.783629319224574,17
6597,densenet121,1.0,6
6598,vgg19,0.9938700985656802,16
6599,inceptionv3,1.0,10
6600,mobilenetv2,0.4648669037656601,6
6601,densenet121,1.0,6
6602,efficientnetb2,1.0,3
6603,efficientnetb1,1.0,3
6604,vgg16,1.0,13
6605,vgg16,0.8548072768189431,12
6606,efficientnetb0,1.0,3
6607,densenet121,1.0,6
6608,efficientnetb1,1.0,3
6609,vgg19,1.0,15
6610,efficientnetb1,1.0,3
6611,vgg16,0.986973209346794,14
6612,efficientnetb2,1.0,3
6613,densenet121,1.0,6
6614,resnet50,0.6400205520491736,8
6615,resnet18,0.9772814215247084,3
6616,densenet121,1.0,6
6617,efficientnetb0,1.0,3
6618,resnet50,0.6400205520491736,8
6619,efficientnetb0,1.0,3
6620,densenet161,1.0,6
6621,mobilenetv2,0.4648669037656601,6
6622,vgg19,1.0,15
6623,efficientnetb0,1.0,3
6624,efficientnetb0,1.0,3
6625,densenet161,1.0,6
6626,vgg16,1.0,13
6627,vgg16,1.0,13
6628,efficientnetb1,1.0,3
6629,vgg19,0.9938700985656802,16
6630,resnet50,0.6400205520491736,8
6631,resnet34,1.0,6
6632,densenet121,1.0,6
6633,resnet34,0.8120702549228033,7
6634,mobilenetv2,0.4648669037656601,6
6635,efficientnetb2,1.0,3
6636,inceptionv3,0.3623001669335878,9
6637,resnet34,1.0,6
6638,resnet18,0.9772814215247084,3
6639,densenet161,1.0,6
6640,resnet50,0.8017819857800019,7
6641,resnet34,1.0,6
6642,mobilenetv2,0.4648669037656601,6
6643,inceptionv3,1.0,10
6644,resnet18,0.9772814215247084,3
6645,efficientnetb0,1.0,3
6646,densenet121,1.0,6
6647,resnet50,0.6400205520491736,8
6648,vgg19,0.9938700985656802,16
6649,resnet50,0.6400205520491736,8
6650,efficientnetb0,1.0,3
6651,efficientnetb1,1.0,3
6652,resnet34,1.0,6
6653,efficientnetb2,1.0,3
6654,resnet34,1.0,6
6655,alexnet,0.2991244697200437,5
6656,mobilenetv2,0.4648669037656601,6
6657,densenet121,1.0,6
6658,efficientnetb2,1.0,3
6659,alexnet,0.2991244697200437,5
6660,resnet50,0.6400205520491736,8
6661,inceptionv3,1.0,10
6662,mobilenetv2,0.4648669037656601,6
6663,densenet161,1.0,6
6664,efficientnetb1,1.0,3
6665,densenet121,1.0,6
6666,inceptionv3,1.0,10
6667,inceptionv3,1.0,10
6668,vgg16,1.0,13
6669,resnet18,0.9772814215247084,3
6670,vgg19,1.0,15
6671,inceptionv3,1.0,10
6672,efficientnetb1,1.0,3
6673,alexnet,0.293491136826713,4
6674,resnet34,1.0,6
6675,densenet121,1.0,6
6676,densenet121,0.4858756243316292,5
6677,efficientnetb1,1.0,3
6678,efficientnetb2,1.0,3
6679,efficientnetb0,1.0,3
6680,vgg16,1.0,13
6681,resnet34,1.0,6
6682,efficientnetb1,1.0,3
6683,alexnet,0.2991244697200437,5
6684,resnet50,0.8017819857800019,7
6685,mobilenetv2,0.4648669037656601,6
6686,efficientnetb2,1.0,3
6687,densenet161,1.0,6
6688,densenet161,1.0,6
6689,alexnet,0.2991244697200437,5
6690,resnet18,0.9772814215247084,3
6691,efficientnetb2,1.0,3
6692,resnet50,0.8017819857800019,7
6693,efficientnetb0,1.0,3
6694,vgg16,0.8548072768189431,12
6695,resnet18,0.9772814215247084,3
6696,alexnet,0.293491136826713,4
6697,resnet50,0.6400205520491736,8
6698,efficientnetb1,1.0,3
6699,efficientnetb0,1.0,3
6700,efficientnetb0,1.0,3
6701,resnet34,1.0,6
6702,resnet18,0.9772814215247084,3
6703,efficientnetb1,1.0,3
6704,mobilenetv2,0.4648669037656601,6
6705,efficientnetb2,1.0,3
6706,alexnet,0.2991244697200437,5
6707,vgg19,0.9938700985656802,16
6708,resnet18,0.9772814215247084,3
6709,efficientnetb2,1.0,3
6710,alexnet,0.2991244697200437,5
6711,mobilenetv2,0.4648669037656601,6
6712,inceptionv3,1.0,10
6713,vgg16,1.0,13
6714,resnet50,0.6400205520491736,8
6715,densenet121,1.0,6
6716,vgg19,0.9938700985656802,16
6717,efficientnetb2,1.0,3
6718,densenet121,1.0,6
6719,densenet121,1.0,6
6720,efficientnetb1,1.0,3
6721,resnet18,0.9772814215247084,3
6722,efficientnetb0,1.0,3
6723,alexnet,0.293491136826713,4
6724,resnet34,1.0,6
6725,resnet34,1.0,6
6726,inceptionv3,1.0,10
6727,inceptionv3,1.0,10
6728,efficientnetb0,1.0,3
6729,vgg16,0.986973209346794,14
6730,resnet34,1.0,6
6731,efficientnetb0,1.0,3
6732,efficientnetb1,1.0,3
6733,vgg19,0.958551617010162,14
6734,vgg19,1.0,15
6735,vgg16,1.0,13
6736,resnet18,0.9772814215247084,3
6737,efficientnetb1,1.0,3
6738,resnet18,0.9772814215247084,3
6739,densenet161,1.0,6
6740,densenet121,1.0,6
6741,efficientnetb1,1.0,3
6742,alexnet,0.2991244697200437,5
6743,vgg16,1.0,13
6744,mobilenetv2,0.4685879196662824,7
6745,densenet121,1.0,6
6746,efficientnetb0,1.0,3
6747,inceptionv3,1.0,10
6748,efficientnetb0,1.0,3
6749,inceptionv3,1.0,10
6750,efficientnetb0,1.0,3
6751,vgg16,0.986973209346794,14
6752,vgg19,0.783629319224574,17
6753,inceptionv3,1.0,10
6754,resnet50,0.6400205520491736,8
6755,efficientnetb0,1.0,3
6756,vgg16,0.986973209346794,14
6757,efficientnetb0,1.0,3
6758,resnet50,0.6400205520491736,8
6759,efficientnetb1,1.0,3
6760,vgg16,1.0,13
6761,resnet34,1.0,6
6762,densenet161,1.0,6
6763,densenet121,1.0,6
6764,efficientnetb1,1.0,3
6765,densenet161,1.0,6
6766,resnet50,0.6400205520491736,8
6767,resnet18,0.9772814215247084,3
6768,resnet50,0.6400205520491736,8
6769,vgg19,0.9938700985656802,16
6770,resnet50,0.6400205520491736,8
6771,densenet161,1.0,6
6772,efficientnetb2,1.0,3
6773,densenet161,1.0,6
6774,efficientnetb1,1.0,3
6775,alexnet,0.2991244697200437,5
6776,densenet161,1.0,6
6777,inceptionv3,1.0,10
6778,vgg16,0.8548072768189431,12
6779,inceptionv3,1.0,10
6780,densenet121,1.0,6
6781,efficientnetb2,1.0,3
6782,resnet50,0.6400205520491736,8
6783,resnet18,0.9772814215247084,3
6784,efficientnetb2,1.0,3
6785,resnet34,1.0,6
6786,resnet18,0.9772814215247084,3
6787,resnet50,0.6400205520491736,8
6788,vgg19,0.958551617010162,14
6789,densenet121,1.0,6
6790,vgg19,0.9938700985656802,16
6791,efficientnetb0,1.0,3
6792,efficientnetb0,1.0,3
6793,alexnet,0.2991244697200437,5
6794,resnet34,1.0,6
6795,vgg16,0.4187967673445678,7
6796,resnet18,0.9772814215247084,3
6797,vgg16,1.0,13
6798,inceptionv3,0.3623001669335878,9
6799,densenet121,1.0,6
6800,efficientnetb2,1.0,3
6801,resnet34,1.0,6
6802,vgg19,0.9938700985656802,16
6803,inceptionv3,1.0,10
6804,efficientnetb0,1.0,3
6805,mobilenetv2,0.4648669037656601,6
6806,densenet161,1.0,6
6807,vgg19,0.9938700985656802,16
6808,vgg19,0.9938700985656802,16
6809,resnet18,0.9772814215247084,3
6810,efficientnetb1,1.0,3
6811,vgg16,0.8548072768189431,12
6812,mobilenetv2,0.4648669037656601,6
6813,resnet34,1.0,6
6814,efficientnetb2,1.0,3
6815,resnet18,0.9772814215247084,3
6816,densenet161,1.0,6
6817,resnet34,0.8527581774225047,5
6818,resnet18,0.9772814215247084,3
6819,resnet18,0.9772814215247084,3
6820,resnet34,1.0,6
6821,resnet18,0.9772814215247084,3
6822,vgg16,0.8548072768189431,12
6823,resnet18,0.9772814215247084,3
6824,resnet18,0.9772814215247084,3
6825,resnet18,0.9772814215247084,3
6826,resnet18,0.9772814215247084,3
6827,efficientnetb1,1.0,3
6828,vgg19,0.9938700985656802,16
6829,mobilenetv2,0.4648669037656601,6
6830,resnet50,0.8017819857800019,7
6831,inceptionv3,1.0,10
6832,inceptionv3,1.0,10
6833,inceptionv3,1.0,10
6834,efficientnetb2,1.0,3
6835,efficientnetb2,1.0,3
6836,densenet161,1.0,6
6837,efficientnetb1,1.0,3
6838,alexnet,0.2991244697200437,5
6839,resnet50,0.6400205520491736,8
6840,efficientnetb0,1.0,3
6841,alexnet,0.2991244697200437,5
6842,densenet161,1.0,6
6843,vgg19,0.9938700985656802,16
6844,efficientnetb1,1.0,3
6845,vgg19,0.783629319224574,17
6846,densenet161,1.0,6
6847,efficientnetb1,1.0,3
6848,vgg16,1.0,13
6849,densenet161,1.0,6
6850,mobilenetv2,0.4648669037656601,6
6851,resnet50,0.6400205520491736,8
6852,efficientnetb0,1.0,3
6853,vgg16,0.8548072768189431,12
6854,densenet121,1.0,6
6855,resnet18,0.9772814215247084,3
6856,resnet50,0.6400205520491736,8
6857,efficientnetb1,1.0,3
6858,mobilenetv2,0.4648669037656601,6
6859,alexnet,0.293491136826713,4
6860,efficientnetb0,1.0,3
6861,resnet50,0.6400205520491736,8
6862,densenet121,1.0,6
6863,densenet161,1.0,6
6864,efficientnetb0,1.0,3
6865,alexnet,0.293491136826713,4
6866,efficientnetb0,1.0,3
6867,vgg19,0.9938700985656802,16
6868,densenet121,1.0,6
6869,efficientnetb2,1.0,3
6870,resnet50,0.6400205520491736,8
6871,mobilenetv2,0.4648669037656601,6
6872,densenet161,1.0,6
6873,inceptionv3,1.0,10
6874,resnet34,1.0,6
6875,efficientnetb0,1.0,3
6876,densenet161,1.0,6
6877,vgg19,0.9938700985656802,16
6878,resnet34,1.0,6
6879,alexnet,0.293491136826713,4
6880,alexnet,0.2991244697200437,5
6881,efficientnetb2,1.0,3
6882,resnet18,0.9772814215247084,3
6883,densenet121,1.0,6
6884,efficientnetb1,1.0,3
6885,inceptionv3,1.0,10
6886,vgg19,0.9938700985656802,16
6887,vgg19,0.783629319224574,17
6888,efficientnetb1,1.0,3
6889,vgg16,1.0,13
6890,mobilenetv2,0.4648669037656601,6
6891,efficientnetb0,1.0,3
6892,vgg16,0.986973209346794,14
6893,resnet18,0.9772814215247084,3
6894,vgg16,1.0,13
6895,densenet161,1.0,6
6896,efficientnetb1,1.0,3
6897,vgg19,0.9938700985656802,16
6898,vgg19,0.9938700985656802,16
6899,mobilenetv2,0.4648669037656601,6
6900,densenet161,1.0,6
6901,densenet121,1.0,6
6902,resnet18,0.9772814215247084,3
6903,densenet121,1.0,6
6904,resnet34,1.0,6
6905,resnet50,0.6400205520491736,8
6906,vgg19,0.783629319224574,17
6907,vgg19,0.7512707723562208,18
6908,densenet121,1.0,6
6909,vgg16,0.986973209346794,14
6910,densenet161,1.0,6
6911,mobilenetv2,0.4685879196662824,7
6912,efficientnetb1,1.0,3
6913,mobilenetv2,0.4685879196662824,7
6914,efficientnetb1,1.0,3
6915,efficientnetb2,1.0,3
6916,resnet18,0.9772814215247084,3
6917,inceptionv3,1.0,10
6918,resnet34,1.0,6
6919,vgg16,0.986973209346794,14
6920,resnet50,0.6400205520491736,8
6921,resnet18,0.9772814215247084,3
6922,efficientnetb0,1.0,3
6923,densenet121,1.0,6
6924,densenet121,1.0,6
6925,resnet18,0.9772814215247084,3
6926,mobilenetv2,0.4685879196662824,7
6927,resnet50,0.6400205520491736,8
6928,resnet34,1.0,6
6929,mobilenetv2,0.4648669037656601,6
6930,densenet161,1.0,6
6931,resnet50,0.6400205520491736,8
6932,alexnet,0.2991244697200437,5
6933,mobilenetv2,0.4685879196662824,7
6934,densenet121,1.0,6
6935,densenet161,1.0,6
6936,mobilenetv2,0.4685879196662824,7
6937,efficientnetb2,1.0,3
6938,efficientnetb0,1.0,3
6939,efficientnetb0,1.0,3
6940,resnet34,1.0,6
6941,vgg19,0.783629319224574,17
6942,resnet50,0.6400205520491736,8
6943,densenet161,1.0,6
6944,vgg16,1.0,13
6945,vgg16,0.986973209346794,14
6946,efficientnetb0,1.0,3
6947,efficientnetb1,1.0,3
6948,alexnet,0.293491136826713,4
6949,densenet121,1.0,6
6950,inceptionv3,1.0,10
6951,resnet34,1.0,6
6952,mobilenetv2,0.4685879196662824,7
6953,alexnet,0.2991244697200437,5
6954,resnet18,0.9772814215247084,3
6955,vgg16,1.0,13
6956,densenet161,1.0,6
6957,efficientnetb2,1.0,3
6958,inceptionv3,1.0,10
6959,densenet161,1.0,6
6960,resnet34,1.0,6
6961,vgg19,0.9938700985656802,16
6962,vgg16,0.986973209346794,14
6963,vgg19,0.9938700985656802,16
6964,vgg19,0.9938700985656802,16
6965,efficientnetb0,1.0,3
6966,efficientnetb0,1.0,3
6967,resnet50,0.6400205520491736,8
6968,vgg16,1.0,13
6969,vgg19,0.9938700985656802,16
6970,alexnet,0.2991244697200437,5
6971,densenet121,1.0,6
6972,inceptionv3,1.0,10
6973,vgg19,0.9938700985656802,16
6974,efficientnetb2,1.0,3
6975,efficientnetb1,1.0,3
6976,resnet18,0.9772814215247084,3
6977,efficientnetb1,1.0,3
6978,efficientnetb1,1.0,3
6979,efficientnetb2,1.0,3
6980,efficientnetb2,1.0,3
6981,efficientnetb0,1.0,3
6982,mobilenetv2,0.4685879196662824,7
6983,resnet50,0.6400205520491736,8
6984,vgg16,1.0,13
6985,vgg19,0.9938700985656802,16
6986,vgg19,0.9938700985656802,16
6987,efficientnetb2,1.0,3
6988,efficientnetb0,1.0,3
6989,densenet161,1.0,6
6990,resnet50,0.6400205520491736,8
6991,resnet34,1.0,6
6992,densenet161,1.0,6
6993,inceptionv3,0.3623001669335878,9
6994,densenet121,1.0,6
6995,efficientnetb1,1.0,3
6996,vgg16,0.986973209346794,14
6997,densenet161,1.0,6
6998,efficientnetb2,1.0,3
6999,mobilenetv2,0.4648669037656601,6
7000,mobilenetv2,0.4685879196662824,7
7001,efficientnetb2,1.0,3
7002,resnet50,0.6400205520491736,8
7003,vgg19,0.9938700985656802,16
7004,densenet121,1.0,6
7005,efficientnetb2,1.0,3
7006,efficientnetb1,1.0,3
7007,efficientnetb1,1.0,3
7008,densenet121,0.4858756243316292,5
7009,inceptionv3,1.0,10
7010,inceptionv3,1.0,10
7011,mobilenetv2,0.4648669037656601,6
7012,vgg19,0.9938700985656802,16
7013,resnet18,0.9772814215247084,3
7014,vgg19,0.958551617010162,14
7015,vgg19,0.9938700985656802,16
7016,efficientnetb2,1.0,3
7017,vgg16,0.8548072768189431,12
7018,resnet34,1.0,6
7019,vgg16,1.0,13
7020,efficientnetb1,1.0,3
7021,efficientnetb2,1.0,3
7022,densenet121,1.0,6
7023,vgg16,0.8548072768189431,12
7024,densenet161,1.0,6
7025,resnet50,0.6400205520491736,8
7026,vgg19,0.9938700985656802,16
7027,resnet34,1.0,6
7028,efficientnetb1,1.0,3
7029,efficientnetb0,1.0,3
7030,densenet161,1.0,6
7031,densenet121,0.4858756243316292,5
7032,mobilenetv2,0.4648669037656601,6
7033,mobilenetv2,0.4648669037656601,6
7034,alexnet,0.2991244697200437,5
7035,mobilenetv2,0.4648669037656601,6
7036,resnet34,1.0,6
7037,resnet18,0.9772814215247084,3
7038,efficientnetb2,1.0,3
7039,vgg16,1.0,13
7040,resnet34,1.0,6
7041,resnet34,0.8120702549228033,7
7042,resnet34,1.0,6
7043,inceptionv3,1.0,10
7044,resnet18,0.9772814215247084,3
7045,mobilenetv2,0.4324170734073829,8
7046,densenet121,1.0,6
7047,inceptionv3,1.0,10
7048,inceptionv3,1.0,10
7049,inceptionv3,1.0,10
7050,densenet161,1.0,6
7051,efficientnetb0,1.0,3
7052,alexnet,0.2991244697200437,5
7053,alexnet,0.2991244697200437,5
7054,resnet50,0.8017819857800019,7
7055,densenet121,1.0,6
7056,efficientnetb0,1.0,3
7057,resnet50,0.6400205520491736,8
7058,inceptionv3,1.0,10
7059,inceptionv3,1.0,10
7060,vgg16,1.0,13
7061,efficientnetb1,1.0,3
7062,mobilenetv2,0.4648669037656601,6
7063,inceptionv3,1.0,10
7064,efficientnetb2,1.0,3
7065,densenet121,1.0,6
7066,vgg16,1.0,13
7067,resnet18,0.9772814215247084,3
7068,resnet18,0.9772814215247084,3
7069,resnet34,1.0,6
7070,vgg16,1.0,13
7071,densenet161,1.0,6
7072,efficientnetb2,1.0,3
7073,mobilenetv2,0.4648669037656601,6
7074,mobilenetv2,0.4685879196662824,7
7075,efficientnetb0,1.0,3
7076,mobilenetv2,0.4685879196662824,7
7077,alexnet,0.2991244697200437,5
7078,alexnet,0.293491136826713,4
7079,efficientnetb2,1.0,3
7080,vgg19,0.9938700985656802,16
7081,vgg19,0.9938700985656802,16
7082,densenet161,1.0,6
7083,densenet161,1.0,6
7084,efficientnetb0,1.0,3
7085,vgg16,0.8548072768189431,12
7086,efficientnetb0,1.0,3
7087,densenet161,1.0,6
7088,mobilenetv2,0.4648669037656601,6
7089,resnet34,1.0,6
7090,efficientnetb0,1.0,3
7091,mobilenetv2,0.4648669037656601,6
7092,efficientnetb1,1.0,3
7093,efficientnetb1,1.0,3
7094,densenet161,1.0,6
7095,efficientnetb2,1.0,3
7096,resnet34,1.0,6
7097,efficientnetb2,1.0,3
7098,efficientnetb1,1.0,3
7099,densenet121,1.0,6
7100,efficientnetb0,1.0,3
7101,efficientnetb2,1.0,3
7102,efficientnetb2,1.0,3
7103,efficientnetb0,0.6801221238861833,4
7104,vgg16,0.986973209346794,14
7105,vgg19,0.9938700985656802,16
7106,densenet161,1.0,6
7107,efficientnetb0,1.0,3
7108,resnet18,0.9772814215247084,3
7109,resnet50,0.8017819857800019,7
7110,inceptionv3,1.0,10
7111,densenet161,1.0,6
7112,vgg16,1.0,13
7113,vgg19,0.783629319224574,17
7114,densenet121,1.0,6
7115,vgg16,1.0,13
7116,mobilenetv2,0.4685879196662824,7
7117,vgg16,1.0,13
7118,alexnet,0.2991244697200437,5
7119,alexnet,0.2991244697200437,5
7120,efficientnetb0,1.0,3
7121,resnet50,0.6400205520491736,8
7122,mobilenetv2,0.4648669037656601,6
7123,vgg19,0.783629319224574,17
7124,vgg16,1.0,13
7125,densenet161,1.0,6
7126,efficientnetb0,1.0,3
7127,alexnet,0.2991244697200437,5
7128,resnet34,1.0,6
7129,densenet161,1.0,6
7130,resnet50,0.6400205520491736,8
7131,densenet161,1.0,6
7132,vgg16,0.986973209346794,14
7133,alexnet,0.293491136826713,4
7134,resnet50,0.6400205520491736,8
7135,densenet121,1.0,6
7136,resnet50,0.6400205520491736,8
7137,vgg16,0.986973209346794,14
7138,efficientnetb1,1.0,3
7139,resnet18,0.9772814215247084,3
7140,resnet50,0.6400205520491736,8
7141,alexnet,0.2991244697200437,5
7142,efficientnetb0,1.0,3
7143,vgg19,0.9938700985656802,16
7144,resnet18,0.9772814215247084,3
7145,densenet121,1.0,6
7146,efficientnetb0,1.0,3
7147,densenet121,1.0,6
7148,densenet121,1.0,6
7149,resnet18,0.9772814215247084,3
7150,mobilenetv2,0.4648669037656601,6
7151,resnet34,1.0,6
7152,resnet34,1.0,6
7153,efficientnetb2,1.0,3
7154,densenet121,1.0,6
7155,densenet121,1.0,6
7156,resnet18,0.9772814215247084,3
7157,vgg16,0.986973209346794,14
7158,inceptionv3,1.0,10
7159,densenet121,1.0,6
7160,efficientnetb2,1.0,3
7161,resnet18,0.9772814215247084,3
7162,efficientnetb0,1.0,3
7163,resnet50,0.6400205520491736,8
7164,resnet50,0.6400205520491736,8
7165,efficientnetb1,1.0,3
7166,resnet50,1.0,6
7167,resnet34,0.8120702549228033,7
7168,efficientnetb2,1.0,3
7169,vgg16,1.0,13
7170,vgg16,0.986973209346794,14
7171,efficientnetb2,1.0,3
7172,resnet34,1.0,6
7173,efficientnetb0,1.0,3
7174,resnet50,0.6400205520491736,8
7175,vgg16,1.0,13
7176,densenet121,1.0,6
7177,resnet18,0.9772814215247084,3
7178,inceptionv3,1.0,10
7179,mobilenetv2,0.4685879196662824,7
7180,mobilenetv2,0.4648669037656601,6
7181,vgg16,0.8548072768189431,12
7182,inceptionv3,1.0,10
7183,efficientnetb2,1.0,3
7184,densenet161,1.0,6
7185,efficientnetb1,1.0,3
7186,densenet161,1.0,6
7187,vgg16,1.0,13
7188,resnet34,1.0,6
7189,efficientnetb1,1.0,3
7190,densenet161,1.0,6
7191,resnet18,0.9772814215247084,3
7192,vgg19,0.9322438807363724,13
7193,alexnet,0.2991244697200437,5
7194,mobilenetv2,0.4648669037656601,6
7195,alexnet,0.2991244697200437,5
7196,efficientnetb0,1.0,3
7197,alexnet,0.2991244697200437,5
7198,mobilenetv2,0.4648669037656601,6
7199,inceptionv3,0.2596914260161562,4
7200,vgg16,1.0,13
7201,vgg16,1.0,13
7202,mobilenetv2,0.4648669037656601,6
7203,resnet34,1.0,6
7204,densenet161,1.0,6
7205,resnet34,1.0,6
7206,alexnet,0.293491136826713,4
7207,resnet18,0.9772814215247084,3
7208,inceptionv3,1.0,10
7209,mobilenetv2,0.4648669037656601,6
7210,alexnet,0.1458942907493161,3
7211,densenet161,1.0,6
7212,resnet18,0.9772814215247084,3
7213,vgg19,0.783629319224574,17
7214,densenet121,1.0,6
7215,vgg16,1.0,13
7216,resnet50,0.8017819857800019,7
7217,resnet50,0.8017819857800019,7
7218,densenet161,1.0,6
7219,vgg19,0.9938700985656802,16
7220,densenet161,1.0,6
7221,resnet34,1.0,6
7222,resnet50,0.8017819857800019,7
7223,alexnet,0.293491136826713,4
7224,vgg19,0.9938700985656802,16
7225,inceptionv3,1.0,10
7226,resnet50,0.6400205520491736,8
7227,mobilenetv2,0.4648669037656601,6
7228,alexnet,0.293491136826713,4
7229,vgg16,1.0,13
7230,resnet50,0.6400205520491736,8
7231,densenet121,0.4858756243316292,5
7232,inceptionv3,0.8003254803685758,11
7233,efficientnetb0,1.0,3
7234,densenet161,1.0,6
7235,mobilenetv2,0.4648669037656601,6
7236,resnet18,0.9772814215247084,3
7237,vgg16,1.0,13
7238,densenet121,1.0,6
7239,alexnet,0.2991244697200437,5
7240,inceptionv3,1.0,10
7241,resnet50,0.6400205520491736,8
7242,resnet34,1.0,6
7243,resnet18,0.9772814215247084,3
7244,densenet121,1.0,6
7245,resnet50,0.8017819857800019,7
7246,densenet161,1.0,6
7247,resnet18,0.9772814215247084,3
7248,resnet34,1.0,6
7249,alexnet,0.2991244697200437,5
7250,resnet18,0.9772814215247084,3
7251,densenet161,1.0,6
7252,resnet34,1.0,6
7253,resnet50,0.6400205520491736,8
7254,inceptionv3,1.0,10
7255,efficientnetb0,1.0,3
7256,efficientnetb2,1.0,3
7257,resnet18,0.9772814215247084,3
7258,densenet161,1.0,6
7259,densenet121,1.0,6
7260,efficientnetb2,1.0,3
7261,vgg16,1.0,13
7262,vgg19,0.783629319224574,17
7263,mobilenetv2,0.4685879196662824,7
7264,efficientnetb2,1.0,3
7265,resnet34,0.8120702549228033,7
7266,alexnet,0.2991244697200437,5
7267,resnet34,1.0,6
7268,efficientnetb0,1.0,3
7269,efficientnetb0,1.0,3
7270,inceptionv3,0.6533166673091002,8
7271,vgg16,1.0,13
7272,densenet161,1.0,6
7273,efficientnetb2,1.0,3
7274,vgg16,0.986973209346794,14
7275,resnet18,0.9772814215247084,3
7276,vgg19,0.9938700985656802,16
7277,alexnet,0.2991244697200437,5
7278,efficientnetb2,1.0,3
7279,resnet18,0.9772814215247084,3
7280,inceptionv3,1.0,10
7281,resnet18,0.9772814215247084,3
7282,efficientnetb2,1.0,3
7283,densenet121,1.0,6
7284,vgg19,0.9938700985656802,16
7285,alexnet,0.2991244697200437,5
7286,mobilenetv2,0.4685879196662824,7
7287,resnet50,0.6400205520491736,8
7288,vgg16,1.0,13
7289,efficientnetb1,1.0,3
7290,inceptionv3,1.0,10
7291,densenet121,1.0,6
7292,resnet50,0.6400205520491736,8
7293,resnet18,0.9772814215247084,3
7294,alexnet,0.2991244697200437,5
7295,alexnet,0.293491136826713,4
7296,efficientnetb1,1.0,3
7297,resnet50,0.8017819857800019,7
7298,resnet34,1.0,6
7299,densenet161,1.0,6
7300,resnet34,1.0,6
7301,efficientnetb1,1.0,3
7302,mobilenetv2,0.4648669037656601,6
7303,vgg19,0.7512707723562208,18
7304,resnet50,0.8017819857800019,7
7305,inceptionv3,1.0,10
7306,resnet18,0.9772814215247084,3
7307,mobilenetv2,0.4648669037656601,6
7308,densenet161,1.0,6
7309,inceptionv3,1.0,10
7310,efficientnetb2,1.0,3
7311,efficientnetb1,1.0,3
7312,vgg19,0.783629319224574,17
7313,resnet50,0.8017819857800019,7
7314,efficientnetb2,1.0,3
7315,alexnet,0.293491136826713,4
7316,alexnet,0.2991244697200437,5
7317,vgg19,0.9938700985656802,16
7318,efficientnetb2,1.0,3
7319,mobilenetv2,0.4648669037656601,6
7320,resnet34,1.0,6
7321,efficientnetb0,1.0,3
7322,resnet50,0.6400205520491736,8
7323,inceptionv3,1.0,10
7324,mobilenetv2,0.4648669037656601,6
7325,densenet161,1.0,6
7326,resnet18,0.9772814215247084,3
7327,vgg19,0.9938700985656802,16
7328,efficientnetb0,1.0,3
7329,resnet50,0.6400205520491736,8
7330,efficientnetb2,1.0,3
7331,resnet50,0.8017819857800019,7
7332,vgg19,0.9938700985656802,16
7333,resnet50,0.6400205520491736,8
7334,densenet161,1.0,6
7335,resnet34,1.0,6
7336,resnet18,0.9772814215247084,3
7337,alexnet,0.2991244697200437,5
7338,resnet34,1.0,6
7339,densenet121,1.0,6
7340,vgg19,0.9938700985656802,16
7341,resnet34,1.0,6
7342,mobilenetv2,0.4685879196662824,7
7343,vgg16,0.8548072768189431,12
7344,alexnet,0.2991244697200437,5
7345,densenet161,1.0,6
7346,resnet34,1.0,6
7347,densenet161,1.0,6
7348,efficientnetb0,1.0,3
7349,vgg16,0.986973209346794,14
7350,efficientnetb0,1.0,3
7351,resnet34,1.0,6
7352,densenet161,1.0,6
7353,resnet18,0.9772814215247084,3
7354,efficientnetb1,1.0,3
7355,mobilenetv2,0.4648669037656601,6
7356,efficientnetb0,1.0,3
7357,vgg19,0.9938700985656802,16
7358,vgg19,0.9938700985656802,16
7359,resnet34,1.0,6
7360,densenet161,1.0,6
7361,vgg16,1.0,13
7362,efficientnetb1,1.0,3
7363,efficientnetb0,1.0,3
7364,mobilenetv2,0.4648669037656601,6
7365,inceptionv3,1.0,10
7366,efficientnetb0,1.0,3
7367,mobilenetv2,0.4648669037656601,6
7368,densenet161,1.0,6
7369,vgg16,1.0,13
7370,vgg16,1.0,13
7371,efficientnetb0,1.0,3
7372,vgg19,0.053642035656265,3
7373,densenet161,1.0,6
7374,alexnet,0.2991244697200437,5
7375,resnet50,0.6400205520491736,8
7376,efficientnetb2,1.0,3
7377,efficientnetb0,1.0,3
7378,densenet121,1.0,6
7379,resnet34,1.0,6
7380,mobilenetv2,0.4648669037656601,6
7381,alexnet,0.293491136826713,4
7382,efficientnetb1,1.0,3
7383,vgg19,0.9938700985656802,16
7384,resnet50,0.8017819857800019,7
7385,efficientnetb1,1.0,3
7386,resnet18,0.9772814215247084,3
7387,vgg19,0.9938700985656802,16
7388,resnet34,1.0,6
7389,inceptionv3,1.0,10
7390,efficientnetb2,1.0,3
7391,efficientnetb0,1.0,3
7392,densenet121,1.0,6
7393,resnet18,0.9772814215247084,3
7394,efficientnetb0,1.0,3
7395,efficientnetb2,1.0,3
7396,densenet161,1.0,6
7397,resnet50,0.6400205520491736,8
7398,efficientnetb0,1.0,3
7399,mobilenetv2,0.4648669037656601,6
7400,efficientnetb1,1.0,3
7401,vgg16,1.0,13
7402,vgg19,0.9938700985656802,16
7403,densenet121,0.4858756243316292,5
7404,efficientnetb2,1.0,3
7405,vgg19,0.783629319224574,17
7406,inceptionv3,1.0,10
7407,inceptionv3,1.0,10
7408,efficientnetb0,1.0,3
7409,efficientnetb2,1.0,3
7410,inceptionv3,1.0,10
7411,alexnet,0.2991244697200437,5
7412,mobilenetv2,0.4648669037656601,6
7413,mobilenetv2,0.4648669037656601,6
7414,alexnet,0.4184310756079495,6
7415,resnet18,0.9772814215247084,3
7416,inceptionv3,1.0,10
7417,densenet161,1.0,6
7418,resnet18,0.9772814215247084,3
7419,inceptionv3,1.0,10
7420,alexnet,0.2991244697200437,5
7421,efficientnetb1,1.0,3
7422,efficientnetb2,1.0,3
7423,densenet121,1.0,6
7424,efficientnetb2,1.0,3
7425,densenet161,1.0,6
7426,efficientnetb0,1.0,3
7427,efficientnetb1,1.0,3
7428,resnet34,0.8120702549228033,7
7429,efficientnetb1,1.0,3
7430,vgg16,0.986973209346794,14
7431,alexnet,0.2991244697200437,5
7432,vgg19,0.9938700985656802,16
7433,resnet18,0.9772814215247084,3
7434,efficientnetb1,1.0,3
7435,resnet34,1.0,6
7436,inceptionv3,1.0,10
7437,alexnet,0.2991244697200437,5
7438,resnet18,0.9772814215247084,3
7439,efficientnetb2,1.0,3
7440,densenet161,1.0,6
7441,inceptionv3,1.0,10
7442,densenet161,1.0,6
7443,resnet50,0.6400205520491736,8
7444,efficientnetb2,1.0,3
7445,alexnet,0.2991244697200437,5
7446,vgg19,0.7512707723562208,18
7447,efficientnetb0,1.0,3
7448,resnet34,1.0,6
7449,densenet121,1.0,6
7450,vgg19,0.7512707723562208,18
7451,resnet50,0.6400205520491736,8
7452,resnet34,1.0,6
7453,alexnet,0.2991244697200437,5
7454,efficientnetb1,1.0,3
7455,vgg16,0.986973209346794,14
7456,efficientnetb0,1.0,3
7457,alexnet,0.2991244697200437,5
7458,resnet34,0.8120702549228033,7
7459,inceptionv3,1.0,10
7460,vgg16,0.986973209346794,14
7461,inceptionv3,1.0,10
7462,resnet18,0.9772814215247084,3
7463,efficientnetb0,1.0,3
7464,inceptionv3,1.0,10
7465,inceptionv3,1.0,10
7466,resnet34,1.0,6
7467,resnet18,0.9772814215247084,3
7468,efficientnetb0,1.0,3
7469,densenet121,1.0,6
7470,resnet18,0.9772814215247084,3
7471,resnet18,0.9772814215247084,3
7472,efficientnetb0,1.0,3
7473,efficientnetb2,1.0,3
7474,resnet18,0.9772814215247084,3
7475,efficientnetb1,1.0,3
7476,efficientnetb2,1.0,3
7477,mobilenetv2,0.4648669037656601,6
7478,efficientnetb0,1.0,3
7479,resnet34,1.0,6
7480,efficientnetb0,1.0,3
7481,densenet121,1.0,6
7482,resnet34,1.0,6
7483,inceptionv3,1.0,10
7484,resnet50,0.6400205520491736,8
7485,efficientnetb2,1.0,3
7486,efficientnetb1,1.0,3
7487,vgg19,0.9938700985656802,16
7488,efficientnetb2,1.0,3
7489,densenet161,1.0,6
7490,resnet34,1.0,6
7491,efficientnetb2,1.0,3
7492,densenet121,1.0,6
7493,inceptionv3,1.0,10
7494,mobilenetv2,0.4648669037656601,6
7495,resnet50,0.6400205520491736,8
7496,mobilenetv2,0.4648669037656601,6
7497,efficientnetb0,1.0,3
7498,densenet121,1.0,6
7499,efficientnetb0,1.0,3
7500,vgg19,1.0,15
7501,efficientnetb2,1.0,3
7502,mobilenetv2,0.4648669037656601,6
7503,efficientnetb0,1.0,3
7504,efficientnetb1,1.0,3
7505,densenet161,1.0,6
7506,vgg19,0.783629319224574,17
7507,vgg19,0.9938700985656802,16
7508,efficientnetb0,1.0,3
7509,vgg19,0.9938700985656802,16
7510,vgg19,0.9938700985656802,16
7511,densenet121,0.4858756243316292,5
7512,resnet50,0.6400205520491736,8
7513,efficientnetb2,1.0,3
7514,densenet121,1.0,6
7515,resnet34,1.0,6
7516,vgg19,0.9938700985656802,16
7517,efficientnetb1,1.0,3
7518,resnet18,0.9772814215247084,3
7519,efficientnetb1,1.0,3
7520,efficientnetb0,1.0,3
7521,resnet18,0.9772814215247084,3
7522,densenet121,1.0,6
7523,resnet50,0.6400205520491736,8
7524,efficientnetb0,1.0,3
7525,resnet34,1.0,6
7526,vgg16,0.986973209346794,14
7527,vgg19,0.9938700985656802,16
7528,densenet161,1.0,6
7529,densenet161,1.0,6
7530,densenet121,1.0,6
7531,alexnet,0.2991244697200437,5
7532,resnet34,1.0,6
7533,alexnet,0.2991244697200437,5
7534,vgg16,1.0,13
7535,efficientnetb1,1.0,3
7536,alexnet,0.2991244697200437,5
7537,efficientnetb0,1.0,3
7538,mobilenetv2,0.4648669037656601,6
7539,vgg16,0.8548072768189431,12
7540,alexnet,0.2991244697200437,5
7541,vgg16,1.0,13
7542,resnet18,0.9772814215247084,3
7543,resnet18,0.9772814215247084,3
7544,vgg19,1.0,15
7545,alexnet,0.2991244697200437,5
7546,resnet50,0.8017819857800019,7
7547,resnet34,1.0,6
7548,vgg16,1.0,13
7549,efficientnetb0,1.0,3
7550,efficientnetb0,1.0,3
7551,efficientnetb0,1.0,3
7552,efficientnetb1,1.0,3
7553,efficientnetb1,1.0,3
7554,mobilenetv2,0.4648669037656601,6
7555,inceptionv3,1.0,10
7556,alexnet,0.2991244697200437,5
7557,densenet161,1.0,6
7558,vgg19,0.9938700985656802,16
7559,mobilenetv2,0.4648669037656601,6
7560,mobilenetv2,0.4648669037656601,6
7561,vgg16,1.0,13
7562,vgg19,0.783629319224574,17
7563,efficientnetb1,1.0,3
7564,resnet18,0.9772814215247084,3
7565,resnet18,0.9772814215247084,3
7566,vgg16,0.8548072768189431,12
7567,resnet50,0.8017819857800019,7
7568,vgg16,0.8548072768189431,12
7569,inceptionv3,1.0,10
7570,efficientnetb1,1.0,3
7571,densenet121,1.0,6
7572,efficientnetb1,1.0,3
7573,resnet18,0.9772814215247084,3
7574,resnet34,1.0,6
7575,inceptionv3,1.0,10
7576,resnet34,1.0,6
7577,vgg19,0.9938700985656802,16
7578,resnet50,0.8017819857800019,7
7579,densenet161,1.0,6
7580,mobilenetv2,0.4648669037656601,6
7581,densenet161,1.0,6
7582,resnet34,1.0,6
7583,resnet34,1.0,6
7584,efficientnetb1,1.0,3
7585,inceptionv3,1.0,10
7586,efficientnetb1,1.0,3
7587,efficientnetb2,1.0,3
7588,vgg16,1.0,13
7589,alexnet,0.293491136826713,4
7590,resnet34,1.0,6
7591,resnet50,0.6400205520491736,8
7592,efficientnetb1,1.0,3
7593,densenet121,1.0,6
7594,inceptionv3,1.0,10
7595,resnet50,0.8017819857800019,7
7596,alexnet,0.293491136826713,4
7597,resnet50,0.8017819857800019,7
7598,vgg19,1.0,15
7599,vgg19,0.9938700985656802,16
7600,densenet121,1.0,6
7601,densenet121,1.0,6
7602,inceptionv3,1.0,10
7603,resnet50,0.8017819857800019,7
7604,resnet18,0.9772814215247084,3
7605,resnet34,1.0,6
7606,efficientnetb2,1.0,3
7607,efficientnetb1,1.0,3
7608,alexnet,0.293491136826713,4
7609,efficientnetb2,1.0,3
7610,resnet50,0.6400205520491736,8
7611,efficientnetb2,1.0,3
7612,densenet121,1.0,6
7613,alexnet,0.2991244697200437,5
7614,vgg16,0.8548072768189431,12
7615,efficientnetb0,1.0,3
7616,alexnet,0.2991244697200437,5
7617,vgg19,0.9938700985656802,16
7618,efficientnetb0,1.0,3
7619,efficientnetb1,1.0,3
7620,mobilenetv2,0.4648669037656601,6
7621,vgg19,0.783629319224574,17
7622,efficientnetb0,1.0,3
7623,resnet34,1.0,6
7624,resnet18,0.9772814215247084,3
7625,mobilenetv2,0.4685879196662824,7
7626,alexnet,0.2991244697200437,5
7627,efficientnetb2,1.0,3
7628,resnet34,1.0,6
7629,densenet121,0.4858756243316292,5
7630,densenet161,1.0,6
7631,resnet50,0.6400205520491736,8
7632,efficientnetb1,1.0,3
7633,efficientnetb1,1.0,3
7634,efficientnetb0,1.0,3
7635,inceptionv3,0.2596914260161562,4
7636,resnet18,0.9772814215247084,3
7637,densenet121,1.0,6
7638,vgg16,1.0,13
7639,resnet50,0.6400205520491736,8
7640,densenet121,1.0,6
7641,mobilenetv2,0.4685879196662824,7
7642,mobilenetv2,0.4685879196662824,7
7643,vgg19,0.783629319224574,17
7644,inceptionv3,1.0,10
7645,densenet161,1.0,6
7646,efficientnetb1,1.0,3
7647,resnet34,0.8527581774225047,5
7648,alexnet,0.2991244697200437,5
7649,efficientnetb0,1.0,3
7650,densenet121,1.0,6
7651,vgg16,1.0,13
7652,inceptionv3,1.0,10
7653,densenet121,1.0,6
7654,efficientnetb0,1.0,3
7655,densenet121,1.0,6
7656,resnet50,0.6400205520491736,8
7657,resnet34,1.0,6
7658,mobilenetv2,0.4685879196662824,7
7659,resnet50,0.6400205520491736,8
7660,mobilenetv2,0.4685879196662824,7
7661,densenet161,1.0,6
7662,efficientnetb0,1.0,3
7663,resnet18,0.9772814215247084,3
7664,densenet161,1.0,6
7665,densenet121,0.4858756243316292,5
7666,efficientnetb2,1.0,3
7667,efficientnetb1,1.0,3
7668,resnet18,0.9772814215247084,3
7669,efficientnetb0,1.0,3
7670,efficientnetb1,1.0,3
7671,resnet34,0.8120702549228033,7
7672,efficientnetb0,1.0,3
7673,resnet18,0.9772814215247084,3
7674,resnet18,0.9772814215247084,3
7675,inceptionv3,1.0,10
7676,vgg16,0.8548072768189431,12
7677,resnet50,0.6400205520491736,8
7678,densenet121,1.0,6
7679,vgg19,0.9938700985656802,16
7680,efficientnetb2,1.0,3
7681,efficientnetb1,1.0,3
7682,inceptionv3,1.0,10
7683,inceptionv3,1.0,10
7684,efficientnetb2,1.0,3
7685,densenet121,1.0,6
7686,densenet121,1.0,6
7687,vgg19,0.9938700985656802,16
7688,vgg19,0.3144631067328258,6
7689,resnet18,0.9772814215247084,3
7690,vgg19,0.9938700985656802,16
7691,vgg19,0.9938700985656802,16
7692,efficientnetb1,1.0,3
7693,efficientnetb2,1.0,3
7694,alexnet,0.2991244697200437,5
7695,resnet50,0.8017819857800019,7
7696,vgg16,0.986973209346794,14
7697,mobilenetv2,0.4648669037656601,6
7698,vgg19,0.783629319224574,17
7699,efficientnetb1,1.0,3
7700,resnet50,0.6400205520491736,8
7701,densenet161,1.0,6
7702,efficientnetb1,1.0,3
7703,mobilenetv2,0.4685879196662824,7
7704,densenet161,1.0,6
7705,alexnet,0.2991244697200437,5
7706,resnet18,0.9772814215247084,3
7707,resnet18,0.9772814215247084,3
7708,efficientnetb2,1.0,3
7709,vgg19,0.9938700985656802,16
7710,mobilenetv2,0.4685879196662824,7
7711,resnet50,0.8017819857800019,7
7712,resnet34,1.0,6
7713,inceptionv3,1.0,10
7714,inceptionv3,1.0,10
7715,resnet34,1.0,6
7716,alexnet,0.2991244697200437,5
7717,resnet18,0.9772814215247084,3
7718,efficientnetb1,1.0,3
7719,mobilenetv2,0.4648669037656601,6
7720,vgg16,0.5638100259338691,8
7721,alexnet,0.293491136826713,4
7722,vgg19,0.9938700985656802,16
7723,resnet34,1.0,6
7724,resnet50,0.6400205520491736,8
7725,inceptionv3,1.0,10
7726,vgg16,1.0,13
7727,densenet161,1.0,6
7728,densenet161,1.0,6
7729,alexnet,0.293491136826713,4
7730,vgg19,0.9938700985656802,16
7731,resnet18,0.9772814215247084,3
7732,resnet34,1.0,6
7733,efficientnetb0,1.0,3
7734,resnet18,0.9772814215247084,3
7735,resnet18,0.9772814215247084,3
7736,efficientnetb0,1.0,3
7737,efficientnetb0,1.0,3
7738,resnet50,0.8017819857800019,7
7739,vgg16,1.0,13
7740,efficientnetb0,1.0,3
7741,densenet161,1.0,6
7742,efficientnetb1,1.0,3
7743,resnet34,1.0,6
7744,mobilenetv2,0.4685879196662824,7
7745,resnet34,1.0,6
7746,resnet34,1.0,6
7747,efficientnetb2,1.0,3
7748,alexnet,0.293491136826713,4
7749,densenet121,1.0,6
7750,efficientnetb1,1.0,3
7751,efficientnetb2,1.0,3
7752,efficientnetb0,1.0,3
7753,alexnet,0.2991244697200437,5
7754,vgg16,0.8568556422949929,11
7755,mobilenetv2,0.4648669037656601,6
7756,alexnet,0.2991244697200437,5
7757,vgg16,0.8548072768189431,12
7758,resnet18,0.9772814215247084,3
7759,resnet50,0.6400205520491736,8
7760,resnet34,1.0,6
7761,efficientnetb1,1.0,3
7762,vgg16,1.0,13
7763,alexnet,0.2991244697200437,5
7764,densenet161,1.0,6
7765,efficientnetb2,1.0,3
7766,alexnet,0.293491136826713,4
7767,inceptionv3,1.0,10
7768,densenet121,1.0,6
7769,efficientnetb2,1.0,3
7770,vgg16,0.8548072768189431,12
7771,efficientnetb2,1.0,3
7772,efficientnetb2,1.0,3
7773,vgg19,0.9938700985656802,16
7774,inceptionv3,1.0,10
7775,alexnet,0.2991244697200437,5
7776,vgg16,0.8548072768189431,12
7777,efficientnetb2,1.0,3
7778,densenet121,0.4858756243316292,5
7779,resnet18,0.9772814215247084,3
7780,densenet121,1.0,6
7781,efficientnetb0,1.0,3
7782,resnet34,1.0,6
7783,inceptionv3,1.0,10
7784,vgg19,0.9938700985656802,16
7785,densenet161,1.0,6
7786,efficientnetb1,1.0,3
7787,efficientnetb0,1.0,3
7788,inceptionv3,1.0,10
7789,mobilenetv2,0.4648669037656601,6
7790,resnet18,0.9772814215247084,3
7791,efficientnetb0,1.0,3
7792,densenet161,1.0,6
7793,efficientnetb0,1.0,3
7794,resnet34,1.0,6
7795,alexnet,0.2991244697200437,5
7796,alexnet,0.293491136826713,4
7797,resnet18,0.9772814215247084,3
7798,efficientnetb0,1.0,3
7799,vgg16,1.0,13
7800,vgg19,0.9938700985656802,16
7801,densenet161,1.0,6
7802,densenet121,1.0,6
7803,resnet34,1.0,6
7804,mobilenetv2,0.4648669037656601,6
7805,alexnet,0.293491136826713,4
7806,vgg19,0.783629319224574,17
7807,efficientnetb2,1.0,3
7808,vgg19,0.9938700985656802,16
7809,vgg19,0.9938700985656802,16
7810,efficientnetb2,1.0,3
7811,vgg16,1.0,13
7812,resnet18,0.9772814215247084,3
7813,efficientnetb0,1.0,3
7814,vgg16,1.0,13
7815,resnet50,0.6400205520491736,8
7816,alexnet,0.2991244697200437,5
7817,efficientnetb2,1.0,3
7818,vgg16,1.0,13
7819,densenet121,1.0,6
7820,alexnet,0.293491136826713,4
7821,efficientnetb0,1.0,3
7822,vgg16,1.0,13
7823,resnet18,0.9772814215247084,3
7824,mobilenetv2,0.4648669037656601,6
7825,vgg19,0.9938700985656802,16
7826,densenet121,1.0,6
7827,efficientnetb2,1.0,3
7828,mobilenetv2,0.4685879196662824,7
7829,inceptionv3,1.0,10
7830,resnet34,0.8527581774225047,5
7831,densenet121,0.4858756243316292,5
7832,efficientnetb0,1.0,3
7833,efficientnetb2,1.0,3
7834,efficientnetb1,1.0,3
7835,efficientnetb2,1.0,3
7836,efficientnetb2,1.0,3
7837,resnet18,0.9772814215247084,3
7838,densenet121,1.0,6
7839,resnet18,0.9772814215247084,3
7840,efficientnetb1,1.0,3
7841,mobilenetv2,0.4685879196662824,7
7842,densenet121,0.4858756243316292,5
7843,vgg16,1.0,13
7844,efficientnetb1,1.0,3
7845,vgg19,0.9938700985656802,16
7846,densenet161,1.0,6
7847,efficientnetb0,1.0,3
7848,mobilenetv2,0.4648669037656601,6
7849,resnet18,0.9772814215247084,3
7850,efficientnetb2,1.0,3
7851,mobilenetv2,0.4648669037656601,6
7852,efficientnetb1,1.0,3
7853,efficientnetb0,1.0,3
7854,efficientnetb2,1.0,3
7855,resnet50,0.6400205520491736,8
7856,resnet18,0.9772814215247084,3
7857,mobilenetv2,0.4685879196662824,7
7858,vgg16,0.986973209346794,14
7859,resnet34,1.0,6
7860,resnet34,1.0,6
7861,efficientnetb0,1.0,3
7862,mobilenetv2,0.4648669037656601,6
7863,densenet121,0.4858756243316292,5
7864,resnet50,0.6400205520491736,8
7865,mobilenetv2,0.4648669037656601,6
7866,efficientnetb2,1.0,3
7867,efficientnetb1,1.0,3
7868,mobilenetv2,0.4648669037656601,6
7869,vgg19,0.9938700985656802,16
7870,inceptionv3,1.0,10
7871,efficientnetb0,1.0,3
7872,efficientnetb0,1.0,3
7873,resnet34,1.0,6
7874,inceptionv3,1.0,10
7875,mobilenetv2,0.4648669037656601,6
7876,vgg19,0.9938700985656802,16
7877,mobilenetv2,0.4685879196662824,7
7878,resnet34,1.0,6
7879,alexnet,0.2991244697200437,5
7880,resnet50,0.6400205520491736,8
7881,vgg19,0.783629319224574,17
7882,densenet121,1.0,6
7883,densenet121,1.0,6
7884,vgg16,0.986973209346794,14
7885,densenet161,1.0,6
7886,resnet34,1.0,6
7887,efficientnetb2,1.0,3
7888,resnet34,1.0,6
7889,vgg16,0.986973209346794,14
7890,mobilenetv2,0.4685879196662824,7
7891,resnet50,0.6400205520491736,8
7892,resnet18,0.9772814215247084,3
7893,inceptionv3,1.0,10
7894,mobilenetv2,0.4685879196662824,7
7895,mobilenetv2,0.4685879196662824,7
7896,alexnet,0.2991244697200437,5
7897,resnet50,0.6400205520491736,8
7898,efficientnetb1,1.0,3
7899,efficientnetb1,1.0,3
7900,vgg16,0.986973209346794,14
7901,efficientnetb1,1.0,3
7902,efficientnetb1,1.0,3
7903,efficientnetb1,1.0,3
7904,resnet18,0.9772814215247084,3
7905,efficientnetb1,1.0,3
7906,resnet18,0.9772814215247084,3
7907,resnet18,0.9772814215247084,3
7908,efficientnetb2,1.0,3
7909,alexnet,0.2991244697200437,5
7910,vgg19,0.783629319224574,17
7911,inceptionv3,0.8003254803685758,11
7912,resnet34,1.0,6
7913,resnet50,0.6400205520491736,8
7914,densenet161,1.0,6
7915,mobilenetv2,0.4648669037656601,6
7916,efficientnetb0,1.0,3
7917,efficientnetb1,1.0,3
7918,densenet161,1.0,6
7919,resnet34,1.0,6
7920,efficientnetb2,1.0,3
7921,vgg19,0.9938700985656802,16
7922,mobilenetv2,0.4685879196662824,7
7923,densenet121,0.4858756243316292,5
7924,densenet161,1.0,6
7925,densenet161,1.0,6
7926,mobilenetv2,0.4648669037656601,6
7927,mobilenetv2,0.4648669037656601,6
7928,resnet18,0.9772814215247084,3
7929,resnet18,0.9772814215247084,3
7930,alexnet,0.2991244697200437,5
7931,densenet121,1.0,6
7932,resnet50,0.6400205520491736,8
7933,alexnet,0.293491136826713,4
7934,vgg16,1.0,13
7935,densenet121,1.0,6
7936,resnet18,0.9772814215247084,3
7937,resnet34,1.0,6
7938,efficientnetb2,1.0,3
7939,resnet18,0.9772814215247084,3
7940,resnet50,0.6400205520491736,8
7941,resnet18,0.9772814215247084,3
7942,inceptionv3,1.0,10
7943,mobilenetv2,0.4648669037656601,6
7944,densenet161,1.0,6
7945,efficientnetb1,1.0,3
7946,densenet161,1.0,6
7947,resnet34,1.0,6
7948,vgg19,0.783629319224574,17
7949,densenet161,1.0,6
7950,resnet18,0.9772814215247084,3
7951,densenet121,1.0,6
7952,densenet121,1.0,6
7953,resnet50,0.6400205520491736,8
7954,alexnet,0.293491136826713,4
7955,efficientnetb1,1.0,3
7956,resnet34,1.0,6
7957,densenet121,1.0,6
7958,resnet34,0.8527581774225047,5
7959,vgg19,0.7512707723562208,18
7960,densenet121,1.0,6
7961,efficientnetb1,1.0,3
7962,resnet34,1.0,6
7963,efficientnetb1,1.0,3
7964,efficientnetb1,1.0,3
7965,efficientnetb0,1.0,3
7966,efficientnetb0,1.0,3
7967,efficientnetb2,1.0,3
7968,resnet34,1.0,6
7969,resnet50,0.6400205520491736,8
7970,alexnet,0.2991244697200437,5
7971,efficientnetb0,1.0,3
7972,inceptionv3,1.0,10
7973,densenet161,1.0,6
7974,densenet161,1.0,6
7975,alexnet,0.2991244697200437,5
7976,resnet18,0.9772814215247084,3
7977,efficientnetb0,1.0,3
7978,efficientnetb0,1.0,3
7979,densenet121,1.0,6
7980,resnet34,1.0,6
7981,alexnet,0.2991244697200437,5
7982,efficientnetb0,1.0,3
7983,densenet121,1.0,6
7984,efficientnetb0,1.0,3
7985,resnet50,0.6400205520491736,8
7986,efficientnetb2,1.0,3
7987,alexnet,0.2991244697200437,5
7988,resnet18,0.9772814215247084,3
7989,vgg16,0.986973209346794,14
7990,densenet161,1.0,6
7991,densenet121,1.0,6
7992,vgg16,0.986973209346794,14
7993,resnet50,0.6400205520491736,8
7994,vgg16,1.0,13
7995,densenet161,1.0,6
7996,mobilenetv2,0.4648669037656601,6
7997,densenet121,1.0,6
7998,vgg16,0.986973209346794,14
7999,efficientnetb1,1.0,3
8000,alexnet,0.293491136826713,4
8001,resnet34,1.0,6
8002,efficientnetb0,1.0,3
8003,mobilenetv2,0.4685879196662824,7
8004,densenet161,1.0,6
8005,efficientnetb2,1.0,3
8006,densenet161,1.0,6
8007,inceptionv3,0.3623001669335878,9
8008,resnet34,1.0,6
8009,efficientnetb0,1.0,3
8010,inceptionv3,1.0,10
8011,mobilenetv2,0.4648669037656601,6
8012,resnet50,0.6400205520491736,8
8013,efficientnetb1,1.0,3
8014,resnet34,0.8527581774225047,5
8015,efficientnetb0,1.0,3
8016,mobilenetv2,0.4648669037656601,6
8017,densenet121,0.4858756243316292,5
8018,densenet121,1.0,6
8019,vgg19,0.9938700985656802,16
8020,densenet161,1.0,6
8021,alexnet,0.2991244697200437,5
8022,mobilenetv2,0.4648669037656601,6
8023,densenet161,1.0,6
8024,efficientnetb1,1.0,3
8025,resnet34,1.0,6
8026,resnet18,0.9772814215247084,3
8027,densenet161,1.0,6
8028,inceptionv3,1.0,10
8029,vgg16,0.8548072768189431,12
8030,vgg19,0.9938700985656802,16
8031,resnet34,1.0,6
8032,efficientnetb2,1.0,3
8033,resnet34,1.0,6
8034,resnet50,0.8017819857800019,7
8035,mobilenetv2,0.4648669037656601,6
8036,resnet34,0.8527581774225047,5
8037,resnet34,1.0,6
8038,inceptionv3,1.0,10
8039,inceptionv3,1.0,10
8040,inceptionv3,1.0,10
8041,resnet34,1.0,6
8042,densenet161,1.0,6
8043,efficientnetb2,1.0,3
8044,vgg19,0.9938700985656802,16
8045,inceptionv3,1.0,10
8046,efficientnetb0,1.0,3
8047,resnet34,1.0,6
8048,densenet121,1.0,6
8049,resnet34,1.0,6
8050,resnet50,0.8017819857800019,7
8051,efficientnetb0,1.0,3
8052,efficientnetb1,1.0,3
8053,mobilenetv2,0.4648669037656601,6
8054,densenet121,0.4858756243316292,5
8055,efficientnetb0,1.0,3
8056,densenet121,1.0,6
8057,alexnet,0.293491136826713,4
8058,resnet50,0.6400205520491736,8
8059,mobilenetv2,0.4648669037656601,6
8060,vgg19,1.0,15
8061,efficientnetb1,1.0,3
8062,efficientnetb2,1.0,3
8063,mobilenetv2,0.4648669037656601,6
8064,mobilenetv2,0.4648669037656601,6
8065,mobilenetv2,0.4685879196662824,7
8066,mobilenetv2,0.4648669037656601,6
8067,resnet50,0.6400205520491736,8
8068,resnet34,1.0,6
8069,alexnet,0.293491136826713,4
8070,densenet121,1.0,6
8071,vgg16,1.0,13
8072,vgg16,1.0,13
8073,resnet34,1.0,6
8074,resnet50,0.8017819857800019,7
8075,densenet161,1.0,6
8076,vgg16,1.0,13
8077,efficientnetb2,1.0,3
8078,mobilenetv2,0.4648669037656601,6
8079,inceptionv3,0.8003254803685758,11
8080,mobilenetv2,0.4648669037656601,6
8081,resnet18,0.9772814215247084,3
8082,alexnet,0.293491136826713,4
8083,efficientnetb1,1.0,3
8084,resnet50,0.8017819857800019,7
8085,vgg16,1.0,13
8086,alexnet,0.293491136826713,4
8087,densenet161,1.0,6
8088,densenet161,1.0,6
8089,densenet161,1.0,6
8090,efficientnetb0,1.0,3
8091,resnet50,0.6400205520491736,8
8092,alexnet,0.293491136826713,4
8093,efficientnetb1,1.0,3
8094,densenet161,1.0,6
8095,resnet18,0.9772814215247084,3
8096,resnet18,0.9772814215247084,3
8097,efficientnetb1,1.0,3
8098,efficientnetb2,1.0,3
8099,densenet161,1.0,6
8100,densenet161,1.0,6
8101,densenet121,1.0,6
8102,densenet161,1.0,6
8103,inceptionv3,1.0,10
8104,efficientnetb1,1.0,3
8105,efficientnetb1,1.0,3
8106,alexnet,0.2991244697200437,5
8107,resnet18,0.9772814215247084,3
8108,efficientnetb0,1.0,3
8109,vgg16,0.8548072768189431,12
8110,efficientnetb1,1.0,3
8111,efficientnetb2,1.0,3
8112,efficientnetb0,1.0,3
8113,resnet18,0.9772814215247084,3
8114,alexnet,0.2991244697200437,5
8115,mobilenetv2,0.4648669037656601,6
8116,mobilenetv2,0.4685879196662824,7
8117,alexnet,0.2991244697200437,5
8118,efficientnetb2,1.0,3
8119,vgg19,0.783629319224574,17
8120,alexnet,0.2991244697200437,5
8121,mobilenetv2,0.0,1
8122,alexnet,0.2991244697200437,5
8123,efficientnetb2,1.0,3
8124,efficientnetb1,1.0,3
8125,efficientnetb1,1.0,3
8126,vgg16,0.986973209346794,14
8127,vgg19,0.7512707723562208,18
8128,inceptionv3,1.0,10
8129,alexnet,0.293491136826713,4
8130,inceptionv3,1.0,10
8131,densenet121,1.0,6
8132,mobilenetv2,0.4648669037656601,6
8133,mobilenetv2,0.4648669037656601,6
8134,efficientnetb2,1.0,3
8135,vgg16,0.986973209346794,14
8136,efficientnetb1,1.0,3
8137,efficientnetb2,1.0,3
8138,resnet34,1.0,6
8139,resnet34,1.0,6
8140,efficientnetb1,1.0,3
8141,efficientnetb1,1.0,3
8142,resnet50,0.6400205520491736,8
8143,efficientnetb0,1.0,3
8144,mobilenetv2,0.4648669037656601,6
8145,densenet161,1.0,6
8146,resnet34,1.0,6
8147,efficientnetb1,1.0,3
8148,vgg19,0.783629319224574,17
8149,alexnet,0.2991244697200437,5
8150,inceptionv3,1.0,10
8151,resnet50,0.6400205520491736,8
8152,vgg16,0.986973209346794,14
8153,vgg19,0.9938700985656802,16
8154,vgg19,0.7512707723562208,18
8155,densenet121,1.0,6
8156,inceptionv3,1.0,10
8157,resnet50,0.6400205520491736,8
8158,densenet121,1.0,6
8159,efficientnetb0,1.0,3
8160,inceptionv3,1.0,10
8161,vgg16,0.986973209346794,14
8162,densenet161,1.0,6
8163,mobilenetv2,0.4685879196662824,7
8164,inceptionv3,1.0,10
8165,resnet34,1.0,6
8166,vgg16,1.0,13
8167,vgg19,0.7512707723562208,18
8168,efficientnetb0,1.0,3
8169,densenet121,1.0,6
8170,efficientnetb0,1.0,3
8171,resnet18,0.9772814215247084,3
8172,resnet34,1.0,6
8173,resnet18,0.9772814215247084,3
8174,efficientnetb1,1.0,3
8175,alexnet,0.2991244697200437,5
8176,inceptionv3,1.0,10
8177,efficientnetb1,1.0,3
8178,resnet34,1.0,6
8179,efficientnetb2,1.0,3
8180,efficientnetb0,1.0,3
8181,inceptionv3,1.0,10
8182,densenet161,1.0,6
8183,resnet34,1.0,6
8184,resnet34,1.0,6
8185,efficientnetb1,1.0,3
8186,resnet50,0.8017819857800019,7
8187,resnet34,1.0,6
8188,vgg16,0.986973209346794,14
8189,densenet121,1.0,6
8190,efficientnetb1,1.0,3
8191,vgg19,0.9938700985656802,16
8192,vgg16,1.0,13
8193,efficientnetb0,1.0,3
8194,efficientnetb1,1.0,3
8195,efficientnetb1,1.0,3
8196,vgg19,0.9938700985656802,16
8197,mobilenetv2,0.4648669037656601,6
8198,efficientnetb1,1.0,3
8199,efficientnetb1,1.0,3
8200,densenet161,1.0,6
8201,efficientnetb0,1.0,3
8202,resnet34,1.0,6
8203,efficientnetb2,1.0,3
8204,densenet161,1.0,6
8205,densenet161,1.0,6
8206,resnet50,0.8017819857800019,7
8207,mobilenetv2,0.4685879196662824,7
8208,efficientnetb1,1.0,3
8209,resnet18,0.9772814215247084,3
8210,resnet34,1.0,6
8211,vgg16,0.8548072768189431,12
8212,resnet18,0.9772814215247084,3
8213,alexnet,0.293491136826713,4
8214,inceptionv3,1.0,10
8215,alexnet,0.293491136826713,4
8216,densenet161,1.0,6
8217,efficientnetb2,1.0,3
8218,resnet50,0.6400205520491736,8
8219,inceptionv3,1.0,10
8220,resnet34,1.0,6
8221,resnet18,0.9772814215247084,3
8222,resnet50,0.8017819857800019,7
8223,efficientnetb1,1.0,3
8224,densenet121,0.4858756243316292,5
8225,densenet121,1.0,6
8226,alexnet,0.293491136826713,4
8227,vgg19,0.9938700985656802,16
8228,vgg19,0.9938700985656802,16
8229,efficientnetb0,1.0,3
8230,resnet50,0.6400205520491736,8
8231,efficientnetb2,1.0,3
8232,resnet18,0.9772814215247084,3
8233,alexnet,0.293491136826713,4
8234,efficientnetb2,1.0,3
8235,resnet18,0.9772814215247084,3
8236,resnet34,1.0,6
8237,vgg16,0.986973209346794,14
8238,vgg16,1.0,13
8239,resnet50,0.6400205520491736,8
8240,inceptionv3,1.0,10
8241,vgg16,0.8548072768189431,12
8242,vgg16,1.0,13
8243,efficientnetb0,1.0,3
8244,efficientnetb0,1.0,3
8245,vgg19,0.9938700985656802,16
8246,resnet50,0.8017819857800019,7
8247,alexnet,0.293491136826713,4
8248,inceptionv3,1.0,10
8249,efficientnetb2,1.0,3
8250,vgg19,0.9938700985656802,16
8251,vgg19,0.9938700985656802,16
8252,densenet121,1.0,6
8253,resnet34,1.0,6
8254,efficientnetb1,1.0,3
8255,efficientnetb1,1.0,3
8256,alexnet,0.293491136826713,4
8257,mobilenetv2,0.4648669037656601,6
8258,resnet18,0.9772814215247084,3
8259,vgg19,0.9938700985656802,16
8260,vgg19,0.9938700985656802,16
8261,efficientnetb2,1.0,3
8262,densenet161,1.0,6
8263,densenet161,1.0,6
8264,resnet50,0.6400205520491736,8
8265,alexnet,0.1458942907493161,3
8266,efficientnetb2,1.0,3
8267,mobilenetv2,0.4648669037656601,6
8268,densenet161,1.0,6
8269,mobilenetv2,0.4648669037656601,6
8270,efficientnetb2,1.0,3
8271,densenet161,1.0,6
8272,efficientnetb0,1.0,3
8273,vgg19,0.9938700985656802,16
8274,densenet161,1.0,6
8275,resnet50,0.6400205520491736,8
8276,densenet121,1.0,6
8277,resnet34,1.0,6
8278,alexnet,0.2991244697200437,5
8279,efficientnetb0,1.0,3
8280,vgg16,0.986973209346794,14
8281,efficientnetb1,1.0,3
8282,resnet34,1.0,6
8283,efficientnetb2,1.0,3
8284,vgg19,0.783629319224574,17
8285,efficientnetb0,1.0,3
8286,efficientnetb0,1.0,3
8287,alexnet,0.2991244697200437,5
8288,resnet18,0.9772814215247084,3
8289,efficientnetb1,1.0,3
8290,efficientnetb2,1.0,3
8291,vgg19,0.9938700985656802,16
8292,resnet50,0.6400205520491736,8
8293,resnet50,0.6400205520491736,8
8294,vgg19,0.783629319224574,17
8295,inceptionv3,1.0,10
8296,mobilenetv2,0.4685879196662824,7
8297,vgg16,0.986973209346794,14
8298,alexnet,0.2991244697200437,5
8299,vgg19,0.9938700985656802,16
8300,densenet121,1.0,6
8301,efficientnetb2,1.0,3
8302,efficientnetb0,1.0,3
8303,mobilenetv2,0.4685879196662824,7
8304,efficientnetb1,1.0,3
8305,efficientnetb1,1.0,3
8306,densenet121,0.4858756243316292,5
8307,mobilenetv2,0.4685879196662824,7
8308,efficientnetb1,1.0,3
8309,inceptionv3,1.0,10
8310,resnet50,0.6400205520491736,8
8311,resnet50,0.8017819857800019,7
8312,vgg16,1.0,13
8313,resnet34,1.0,6
8314,vgg19,0.9938700985656802,16
8315,resnet34,1.0,6
8316,alexnet,0.2991244697200437,5
8317,vgg16,1.0,13
8318,densenet121,1.0,6
8319,inceptionv3,1.0,10
8320,densenet161,1.0,6
8321,resnet18,0.9772814215247084,3
8322,vgg19,0.9938700985656802,16
8323,densenet161,1.0,6
8324,vgg16,0.986973209346794,14
8325,resnet18,0.9772814215247084,3
8326,efficientnetb0,1.0,3
8327,vgg16,1.0,13
8328,mobilenetv2,0.4648669037656601,6
8329,inceptionv3,1.0,10
8330,vgg19,0.9938700985656802,16
8331,resnet50,0.8017819857800019,7
8332,alexnet,0.2991244697200437,5
8333,resnet50,0.6400205520491736,8
8334,resnet18,0.9772814215247084,3
8335,inceptionv3,1.0,10
8336,densenet161,1.0,6
8337,efficientnetb0,1.0,3
8338,alexnet,0.2991244697200437,5
8339,resnet50,0.6400205520491736,8
8340,densenet161,1.0,6
8341,efficientnetb0,1.0,3
8342,mobilenetv2,0.4648669037656601,6
8343,resnet18,0.9772814215247084,3
8344,vgg19,0.9938700985656802,16
8345,densenet161,1.0,6
8346,resnet34,1.0,6
8347,efficientnetb0,1.0,3
8348,vgg16,0.8548072768189431,12
8349,resnet50,0.8017819857800019,7
8350,vgg19,0.9938700985656802,16
8351,mobilenetv2,0.4648669037656601,6
8352,resnet50,0.6400205520491736,8
8353,inceptionv3,1.0,10
8354,efficientnetb0,1.0,3
8355,efficientnetb2,1.0,3
8356,mobilenetv2,0.4648669037656601,6
8357,resnet18,0.9772814215247084,3
8358,resnet34,1.0,6
8359,alexnet,0.2991244697200437,5
8360,densenet161,1.0,6
8361,densenet121,1.0,6
8362,resnet34,1.0,6
8363,efficientnetb0,1.0,3
8364,inceptionv3,1.0,10
8365,alexnet,0.293491136826713,4
8366,vgg16,0.8548072768189431,12
8367,alexnet,0.293491136826713,4
8368,efficientnetb2,1.0,3
8369,efficientnetb1,1.0,3
8370,inceptionv3,1.0,10
8371,vgg19,0.9938700985656802,16
8372,densenet161,1.0,6
8373,alexnet,0.293491136826713,4
8374,inceptionv3,1.0,10
8375,efficientnetb0,1.0,3
8376,resnet50,0.8017819857800019,7
8377,efficientnetb2,1.0,3
8378,resnet34,1.0,6
8379,vgg16,1.0,13
8380,alexnet,0.2991244697200437,5
8381,efficientnetb1,1.0,3
8382,resnet50,0.8017819857800019,7
8383,vgg16,1.0,13
8384,efficientnetb2,1.0,3
8385,resnet18,0.9772814215247084,3
8386,vgg19,0.9938700985656802,16
8387,resnet18,0.9772814215247084,3
8388,resnet18,0.9772814215247084,3
8389,vgg16,1.0,13
8390,vgg16,0.986973209346794,14
8391,efficientnetb0,1.0,3
8392,vgg19,0.9938700985656802,16
8393,resnet50,0.6400205520491736,8
8394,densenet161,1.0,6
8395,efficientnetb2,1.0,3
8396,inceptionv3,0.0589687489396947,2
8397,vgg16,1.0,13
8398,mobilenetv2,0.4648669037656601,6
8399,mobilenetv2,0.4648669037656601,6
8400,vgg16,0.986973209346794,14
8401,inceptionv3,1.0,10
8402,alexnet,0.293491136826713,4
8403,efficientnetb1,1.0,3
8404,efficientnetb0,1.0,3
8405,efficientnetb0,1.0,3
8406,inceptionv3,1.0,10
8407,resnet18,0.9772814215247084,3
8408,efficientnetb0,1.0,3
8409,vgg19,0.9938700985656802,16
8410,efficientnetb0,1.0,3
8411,vgg19,0.783629319224574,17
8412,vgg16,1.0,13
8413,mobilenetv2,0.4648669037656601,6
8414,resnet34,1.0,6
8415,resnet50,0.6400205520491736,8
8416,vgg16,1.0,13
8417,efficientnetb1,1.0,3
8418,resnet18,0.9772814215247084,3
8419,mobilenetv2,0.4648669037656601,6
8420,inceptionv3,1.0,10
8421,vgg16,0.986973209346794,14
8422,efficientnetb1,1.0,3
8423,vgg19,0.783629319224574,17
8424,efficientnetb0,1.0,3
8425,densenet161,1.0,6
8426,alexnet,0.2991244697200437,5
8427,mobilenetv2,0.4685879196662824,7
8428,alexnet,0.2991244697200437,5
8429,densenet161,1.0,6
8430,efficientnetb2,1.0,3
8431,alexnet,0.293491136826713,4
8432,inceptionv3,1.0,10
8433,densenet121,1.0,6
8434,alexnet,0.2991244697200437,5
8435,inceptionv3,1.0,10
8436,densenet121,0.4858756243316292,5
8437,densenet121,1.0,6
8438,mobilenetv2,0.4685879196662824,7
8439,resnet34,1.0,6
8440,efficientnetb1,1.0,3
8441,efficientnetb1,1.0,3
8442,efficientnetb2,1.0,3
8443,resnet34,0.8120702549228033,7
8444,resnet34,1.0,6
8445,densenet161,1.0,6
8446,efficientnetb1,1.0,3
8447,vgg19,0.783629319224574,17
8448,vgg16,0.986973209346794,14
8449,vgg19,0.783629319224574,17
8450,resnet18,0.9772814215247084,3
8451,resnet34,1.0,6
8452,resnet50,0.6400205520491736,8
8453,efficientnetb2,1.0,3
8454,resnet50,0.6400205520491736,8
8455,efficientnetb0,1.0,3
8456,inceptionv3,1.0,10
8457,resnet50,0.6400205520491736,8
8458,resnet50,0.6400205520491736,8
8459,densenet161,1.0,6
8460,efficientnetb1,1.0,3
8461,mobilenetv2,0.4648669037656601,6
8462,inceptionv3,1.0,10
8463,resnet50,0.6400205520491736,8
8464,resnet34,1.0,6
8465,densenet161,1.0,6
8466,inceptionv3,1.0,10
8467,densenet161,1.0,6
8468,vgg16,0.986973209346794,14
8469,efficientnetb2,1.0,3
8470,efficientnetb2,1.0,3
8471,resnet34,1.0,6
8472,resnet50,0.6400205520491736,8
8473,densenet161,1.0,6
8474,densenet161,1.0,6
8475,resnet18,0.9772814215247084,3
8476,resnet18,0.9772814215247084,3
8477,mobilenetv2,0.4685879196662824,7
8478,efficientnetb1,1.0,3
8479,vgg16,0.986973209346794,14
8480,vgg19,0.9938700985656802,16
8481,densenet121,1.0,6
8482,mobilenetv2,0.4685879196662824,7
8483,resnet34,1.0,6
8484,efficientnetb2,1.0,3
8485,vgg19,0.9938700985656802,16
8486,resnet50,0.6400205520491736,8
8487,vgg19,0.9938700985656802,16
8488,densenet161,1.0,6
8489,densenet161,1.0,6
8490,alexnet,0.2991244697200437,5
8491,inceptionv3,1.0,10
8492,densenet161,1.0,6
8493,inceptionv3,1.0,10
8494,vgg19,0.9938700985656802,16
8495,densenet161,1.0,6
8496,densenet161,1.0,6
8497,mobilenetv2,0.4685879196662824,7
8498,vgg16,1.0,13
8499,resnet50,0.6400205520491736,8
8500,vgg19,0.9938700985656802,16
8501,efficientnetb1,1.0,3
8502,efficientnetb1,1.0,3
8503,mobilenetv2,0.4648669037656601,6
8504,efficientnetb0,1.0,3
8505,inceptionv3,1.0,10
8506,densenet121,1.0,6
8507,resnet34,1.0,6
8508,resnet50,0.6400205520491736,8
8509,inceptionv3,1.0,10
8510,vgg19,0.9938700985656802,16
8511,efficientnetb0,1.0,3
8512,efficientnetb2,1.0,3
8513,inceptionv3,1.0,10
8514,resnet50,0.6400205520491736,8
8515,vgg16,1.0,13
8516,efficientnetb0,1.0,3
8517,densenet161,1.0,6
8518,densenet121,1.0,6
8519,efficientnetb1,1.0,3
8520,densenet121,1.0,6
8521,resnet18,0.9772814215247084,3
8522,efficientnetb1,1.0,3
8523,resnet18,0.9772814215247084,3
8524,efficientnetb0,1.0,3
8525,mobilenetv2,0.4648669037656601,6
8526,densenet161,1.0,6
8527,densenet121,1.0,6
8528,inceptionv3,1.0,10
8529,vgg19,0.9938700985656802,16
8530,resnet18,0.9772814215247084,3
8531,resnet34,1.0,6
8532,efficientnetb1,1.0,3
8533,densenet121,1.0,6
8534,resnet50,0.6400205520491736,8
8535,densenet121,0.4858756243316292,5
8536,efficientnetb1,1.0,3
8537,resnet50,0.6400205520491736,8
8538,vgg19,1.0,15
8539,efficientnetb0,1.0,3
8540,resnet34,1.0,6
8541,resnet18,0.9772814215247084,3
8542,mobilenetv2,0.4648669037656601,6
8543,efficientnetb2,1.0,3
8544,efficientnetb2,1.0,3
8545,inceptionv3,1.0,10
8546,resnet34,1.0,6
8547,resnet34,1.0,6
8548,efficientnetb1,1.0,3
8549,densenet161,1.0,6
8550,inceptionv3,1.0,10
8551,efficientnetb1,1.0,3
8552,efficientnetb1,1.0,3
8553,densenet161,1.0,6
8554,vgg19,1.0,15
8555,efficientnetb0,1.0,3
8556,inceptionv3,1.0,10
8557,densenet161,1.0,6
8558,mobilenetv2,0.4648669037656601,6
8559,vgg16,0.8548072768189431,12
8560,densenet121,1.0,6
8561,inceptionv3,1.0,10
8562,efficientnetb1,1.0,3
8563,inceptionv3,1.0,10
8564,efficientnetb2,1.0,3
8565,efficientnetb1,1.0,3
8566,resnet50,0.8017819857800019,7
8567,densenet121,1.0,6
8568,vgg19,0.9938700985656802,16
8569,densenet161,1.0,6
8570,efficientnetb2,1.0,3
8571,efficientnetb2,1.0,3
8572,alexnet,0.2991244697200437,5
8573,inceptionv3,1.0,10
8574,resnet18,0.9772814215247084,3
8575,mobilenetv2,0.4648669037656601,6
8576,efficientnetb1,1.0,3
8577,resnet50,0.6400205520491736,8
8578,efficientnetb2,1.0,3
8579,resnet50,0.6400205520491736,8
8580,alexnet,0.293491136826713,4
8581,resnet50,0.6400205520491736,8
8582,mobilenetv2,0.4685879196662824,7
8583,efficientnetb2,1.0,3
8584,mobilenetv2,0.4648669037656601,6
8585,densenet161,1.0,6
8586,efficientnetb0,1.0,3
8587,vgg16,1.0,13
8588,densenet121,1.0,6
8589,efficientnetb1,1.0,3
8590,efficientnetb1,1.0,3
8591,densenet161,1.0,6
8592,resnet18,0.9772814215247084,3
8593,resnet18,0.9772814215247084,3
8594,efficientnetb2,1.0,3
8595,vgg19,0.9938700985656802,16
8596,vgg16,1.0,13
8597,efficientnetb1,1.0,3
8598,resnet50,0.8017819857800019,7
8599,efficientnetb2,1.0,3
8600,vgg16,1.0,13
8601,densenet121,1.0,6
8602,resnet34,1.0,6
8603,vgg19,0.9938700985656802,16
8604,inceptionv3,1.0,10
8605,efficientnetb1,1.0,3
8606,alexnet,0.2991244697200437,5
8607,efficientnetb1,1.0,3
8608,efficientnetb0,1.0,3
8609,densenet121,1.0,6
8610,mobilenetv2,0.4648669037656601,6
8611,vgg16,0.4187967673445678,7
8612,alexnet,0.2991244697200437,5
8613,vgg19,0.9938700985656802,16
8614,efficientnetb0,1.0,3
8615,alexnet,0.2991244697200437,5
8616,alexnet,0.2991244697200437,5
8617,resnet34,1.0,6
8618,efficientnetb0,1.0,3
8619,vgg19,1.0,15
8620,inceptionv3,1.0,10
8621,vgg16,1.0,13
8622,alexnet,0.293491136826713,4
8623,resnet18,0.9772814215247084,3
8624,densenet121,0.4858756243316292,5
8625,resnet34,0.8120702549228033,7
8626,efficientnetb1,1.0,3
8627,densenet121,1.0,6
8628,efficientnetb2,1.0,3
8629,vgg19,0.053642035656265,3
8630,resnet34,1.0,6
8631,densenet121,1.0,6
8632,densenet121,1.0,6
8633,densenet121,1.0,6
8634,densenet121,1.0,6
8635,efficientnetb0,1.0,3
8636,resnet18,0.9772814215247084,3
8637,efficientnetb2,1.0,3
8638,mobilenetv2,0.4648669037656601,6
8639,densenet161,1.0,6
8640,mobilenetv2,0.4685879196662824,7
8641,resnet18,0.9772814215247084,3
8642,efficientnetb0,1.0,3
8643,densenet121,1.0,6
8644,vgg19,0.9938700985656802,16
8645,densenet121,1.0,6
8646,mobilenetv2,0.4648669037656601,6
8647,vgg16,0.986973209346794,14
8648,efficientnetb2,1.0,3
8649,mobilenetv2,0.4685879196662824,7
8650,mobilenetv2,0.4685879196662824,7
8651,alexnet,0.2991244697200437,5
8652,inceptionv3,1.0,10
8653,efficientnetb2,1.0,3
8654,alexnet,0.2991244697200437,5
8655,mobilenetv2,0.4648669037656601,6
8656,resnet34,1.0,6
8657,densenet161,1.0,6
8658,efficientnetb2,1.0,3
8659,densenet121,1.0,6
8660,mobilenetv2,0.4685879196662824,7
8661,inceptionv3,1.0,10
8662,mobilenetv2,0.6117761346376276,5
8663,efficientnetb2,1.0,3
8664,resnet50,0.6400205520491736,8
8665,densenet121,1.0,6
8666,densenet161,1.0,6
8667,resnet50,0.6400205520491736,8
8668,resnet34,0.8120702549228033,7
8669,efficientnetb1,1.0,3
8670,densenet121,1.0,6
8671,efficientnetb1,1.0,3
8672,mobilenetv2,0.4685879196662824,7
8673,densenet161,1.0,6
8674,efficientnetb0,1.0,3
8675,densenet121,1.0,6
8676,efficientnetb0,1.0,3
8677,densenet161,1.0,6
8678,densenet121,1.0,6
8679,vgg19,0.783629319224574,17
8680,resnet18,0.9772814215247084,3
8681,mobilenetv2,0.4685879196662824,7
8682,densenet121,1.0,6
8683,efficientnetb1,1.0,3
8684,alexnet,0.2991244697200437,5
8685,efficientnetb1,1.0,3
8686,densenet161,1.0,6
8687,resnet34,1.0,6
8688,resnet18,0.9772814215247084,3
8689,resnet34,0.8120702549228033,7
8690,efficientnetb0,1.0,3
8691,vgg16,0.986973209346794,14
8692,densenet121,1.0,6
8693,efficientnetb0,1.0,3
8694,efficientnetb1,1.0,3
8695,vgg19,0.783629319224574,17
8696,alexnet,0.2991244697200437,5
8697,alexnet,0.2991244697200437,5
8698,efficientnetb1,1.0,3
8699,densenet161,1.0,6
8700,resnet34,1.0,6
8701,vgg19,0.783629319224574,17
8702,inceptionv3,1.0,10
8703,efficientnetb1,1.0,3
8704,densenet161,1.0,6
8705,resnet34,1.0,6
8706,inceptionv3,1.0,10
8707,mobilenetv2,0.4685879196662824,7
8708,resnet34,1.0,6
8709,resnet34,0.8120702549228033,7
8710,efficientnetb0,1.0,3
8711,resnet50,0.6400205520491736,8
8712,resnet50,0.6400205520491736,8
8713,vgg16,1.0,13
8714,densenet161,1.0,6
8715,efficientnetb0,1.0,3
8716,inceptionv3,1.0,10
8717,efficientnetb0,1.0,3
8718,efficientnetb1,1.0,3
8719,inceptionv3,1.0,10
8720,resnet18,0.9772814215247084,3
8721,densenet161,1.0,6
8722,efficientnetb2,1.0,3
8723,resnet34,1.0,6
8724,efficientnetb2,1.0,3
8725,efficientnetb2,1.0,3
8726,inceptionv3,1.0,10
8727,efficientnetb2,1.0,3
8728,efficientnetb2,1.0,3
8729,efficientnetb0,1.0,3
8730,resnet50,0.6400205520491736,8
8731,efficientnetb1,1.0,3
8732,vgg16,1.0,13
8733,efficientnetb1,1.0,3
8734,alexnet,0.2991244697200437,5
8735,vgg19,0.9938700985656802,16
8736,efficientnetb0,1.0,3
8737,resnet50,0.6400205520491736,8
8738,alexnet,0.2991244697200437,5
8739,densenet161,1.0,6
8740,densenet161,1.0,6
8741,efficientnetb0,1.0,3
8742,densenet161,1.0,6
8743,efficientnetb1,1.0,3
8744,resnet34,1.0,6
8745,vgg19,0.9938700985656802,16
8746,densenet121,1.0,6
8747,vgg19,1.0,15
8748,resnet50,0.8017819857800019,7
8749,vgg16,1.0,13
8750,vgg16,0.8548072768189431,12
8751,mobilenetv2,0.4648669037656601,6
8752,alexnet,0.293491136826713,4
8753,resnet34,1.0,6
8754,efficientnetb1,1.0,3
8755,resnet34,1.0,6
8756,vgg16,0.8548072768189431,12
8757,resnet34,1.0,6
8758,resnet50,0.8017819857800019,7
8759,efficientnetb1,1.0,3
8760,vgg16,0.8548072768189431,12
8761,alexnet,0.293491136826713,4
8762,efficientnetb2,1.0,3
8763,densenet161,1.0,6
8764,efficientnetb1,1.0,3
8765,mobilenetv2,0.4648669037656601,6
8766,efficientnetb1,1.0,3
8767,alexnet,0.2991244697200437,5
8768,efficientnetb2,1.0,3
8769,vgg16,0.8548072768189431,12
8770,resnet50,0.8017819857800019,7
8771,resnet34,1.0,6
8772,efficientnetb1,1.0,3
8773,alexnet,0.293491136826713,4
8774,vgg16,0.8548072768189431,12
8775,densenet161,0.2994714122049385,4
8776,inceptionv3,1.0,10
8777,mobilenetv2,0.4648669037656601,6
8778,efficientnetb0,1.0,3
8779,inceptionv3,1.0,10
8780,resnet50,0.8017819857800019,7
8781,vgg16,0.8548072768189431,12
8782,vgg16,1.0,13
8783,mobilenetv2,0.4648669037656601,6
8784,efficientnetb1,1.0,3
8785,vgg16,0.8548072768189431,12
8786,vgg16,0.8548072768189431,12
8787,vgg16,0.8548072768189431,12
8788,alexnet,0.293491136826713,4
8789,resnet34,1.0,6
8790,inceptionv3,1.0,10
8791,efficientnetb1,1.0,3
8792,mobilenetv2,0.4648669037656601,6
8793,efficientnetb1,1.0,3
8794,resnet34,1.0,6
8795,mobilenetv2,0.4648669037656601,6
8796,efficientnetb2,1.0,3
8797,densenet161,1.0,6
8798,vgg19,0.9938700985656802,16
8799,resnet50,0.8017819857800019,7
8800,mobilenetv2,0.4685879196662824,7
8801,vgg16,0.8548072768189431,12
8802,resnet50,0.8017819857800019,7
8803,resnet34,1.0,6
8804,resnet18,0.9772814215247084,3
8805,densenet161,1.0,6
8806,mobilenetv2,0.4648669037656601,6
8807,resnet50,0.6400205520491736,8
8808,efficientnetb0,1.0,3
8809,alexnet,0.293491136826713,4
8810,vgg19,0.9938700985656802,16
8811,inceptionv3,1.0,10
8812,mobilenetv2,0.4648669037656601,6
8813,efficientnetb1,1.0,3
8814,mobilenetv2,0.4648669037656601,6
8815,densenet161,1.0,6
8816,resnet50,0.6400205520491736,8
8817,densenet121,1.0,6
8818,resnet50,0.6400205520491736,8
8819,densenet121,0.4858756243316292,5
8820,resnet18,0.9772814215247084,3
8821,efficientnetb2,1.0,3
8822,densenet161,1.0,6
8823,resnet34,1.0,6
8824,efficientnetb2,1.0,3
8825,mobilenetv2,0.4685879196662824,7
8826,resnet18,0.9772814215247084,3
8827,efficientnetb1,1.0,3
8828,resnet34,1.0,6
8829,vgg19,0.9938700985656802,16
8830,alexnet,0.2991244697200437,5
8831,efficientnetb2,1.0,3
8832,vgg16,0.986973209346794,14
8833,resnet50,0.6400205520491736,8
8834,inceptionv3,1.0,10
8835,alexnet,0.2991244697200437,5
8836,mobilenetv2,0.4685879196662824,7
8837,densenet161,1.0,6
8838,densenet121,1.0,6
8839,densenet161,1.0,6
8840,vgg16,0.8548072768189431,12
8841,densenet161,1.0,6
8842,resnet34,1.0,6
8843,resnet50,0.6400205520491736,8
8844,efficientnetb0,1.0,3
8845,resnet18,0.9772814215247084,3
8846,densenet121,1.0,6
8847,efficientnetb2,1.0,3
8848,resnet34,1.0,6
8849,densenet121,1.0,6
8850,densenet161,1.0,6
8851,vgg16,0.986973209346794,14
8852,mobilenetv2,0.4648669037656601,6
8853,efficientnetb0,1.0,3
8854,densenet121,1.0,6
8855,alexnet,0.293491136826713,4
8856,vgg16,0.986973209346794,14
8857,resnet50,0.6400205520491736,8
8858,densenet161,1.0,6
8859,densenet121,1.0,6
8860,efficientnetb2,1.0,3
8861,vgg19,0.7512707723562208,18
8862,efficientnetb0,1.0,3
8863,efficientnetb2,1.0,3
8864,alexnet,0.2991244697200437,5
8865,inceptionv3,1.0,10
8866,efficientnetb0,1.0,3
8867,efficientnetb2,1.0,3
8868,vgg19,0.783629319224574,17
8869,densenet121,1.0,6
8870,efficientnetb1,1.0,3
8871,efficientnetb2,1.0,3
8872,vgg16,0.986973209346794,14
8873,vgg19,0.783629319224574,17
8874,vgg16,0.986973209346794,14
8875,vgg16,1.0,13
8876,resnet50,0.6400205520491736,8
8877,inceptionv3,1.0,10
8878,vgg16,0.8548072768189431,12
8879,efficientnetb2,1.0,3
8880,efficientnetb1,1.0,3
8881,densenet121,1.0,6
8882,densenet161,1.0,6
8883,resnet50,0.6400205520491736,8
8884,efficientnetb2,1.0,3
8885,resnet34,1.0,6
8886,resnet18,0.9772814215247084,3
8887,resnet34,1.0,6
8888,efficientnetb2,1.0,3
8889,efficientnetb1,1.0,3
8890,resnet50,0.6400205520491736,8
8891,resnet18,0.9772814215247084,3
8892,efficientnetb0,1.0,3
8893,vgg19,0.9938700985656802,16
8894,efficientnetb2,1.0,3
8895,resnet34,1.0,6
8896,mobilenetv2,0.4648669037656601,6
8897,vgg19,0.9938700985656802,16
8898,efficientnetb0,1.0,3
8899,alexnet,0.2991244697200437,5
8900,efficientnetb2,1.0,3
8901,alexnet,0.293491136826713,4
8902,inceptionv3,1.0,10
8903,alexnet,0.2991244697200437,5
8904,densenet121,1.0,6
8905,inceptionv3,1.0,10
8906,efficientnetb0,1.0,3
8907,inceptionv3,1.0,10
8908,efficientnetb2,1.0,3
8909,densenet161,1.0,6
8910,vgg19,0.9938700985656802,16
8911,resnet18,0.9772814215247084,3
8912,resnet34,1.0,6
8913,vgg16,0.8548072768189431,12
8914,vgg16,0.986973209346794,14
8915,resnet18,0.9772814215247084,3
8916,alexnet,0.293491136826713,4
8917,alexnet,0.293491136826713,4
8918,efficientnetb1,1.0,3
8919,inceptionv3,1.0,10
8920,alexnet,0.293491136826713,4
8921,efficientnetb1,1.0,3
8922,efficientnetb2,1.0,3
8923,resnet18,0.9772814215247084,3
8924,efficientnetb1,1.0,3
8925,efficientnetb2,1.0,3
8926,inceptionv3,1.0,10
8927,resnet34,1.0,6
8928,inceptionv3,1.0,10
8929,inceptionv3,1.0,10
8930,efficientnetb1,1.0,3
8931,mobilenetv2,0.4648669037656601,6
8932,densenet121,0.4858756243316292,5
8933,efficientnetb2,1.0,3
8934,resnet50,0.8017819857800019,7
8935,efficientnetb2,1.0,3
8936,efficientnetb1,1.0,3
8937,resnet50,0.8017819857800019,7
8938,mobilenetv2,0.4648669037656601,6
8939,inceptionv3,1.0,10
8940,resnet34,1.0,6
8941,mobilenetv2,0.4648669037656601,6
8942,vgg16,0.8548072768189431,12
8943,vgg16,0.8548072768189431,12
8944,densenet161,1.0,6
8945,efficientnetb2,1.0,3
8946,inceptionv3,1.0,10
8947,efficientnetb2,1.0,3
8948,densenet161,1.0,6
8949,vgg16,0.8548072768189431,12
8950,resnet50,0.8017819857800019,7
8951,densenet121,1.0,6
8952,resnet34,1.0,6
8953,efficientnetb2,1.0,3
8954,resnet50,0.8017819857800019,7
8955,resnet50,0.8017819857800019,7
8956,vgg19,0.9938700985656802,16
8957,vgg16,0.986973209346794,14
8958,mobilenetv2,0.4648669037656601,6
8959,resnet50,0.8017819857800019,7
8960,inceptionv3,1.0,10
8961,vgg16,1.0,13
8962,resnet50,0.8017819857800019,7
8963,alexnet,0.293491136826713,4
8964,densenet121,0.4858756243316292,5
8965,densenet121,1.0,6
8966,vgg19,0.9938700985656802,16
8967,alexnet,0.293491136826713,4
8968,vgg16,0.8548072768189431,12
8969,vgg16,1.0,13
8970,mobilenetv2,0.4648669037656601,6
8971,densenet161,1.0,6
8972,inceptionv3,1.0,10
8973,densenet161,1.0,6
8974,resnet18,0.9772814215247084,3
8975,efficientnetb1,1.0,3
8976,densenet121,1.0,6
8977,mobilenetv2,0.4685879196662824,7
8978,efficientnetb2,1.0,3
8979,densenet161,1.0,6
8980,inceptionv3,1.0,10
8981,mobilenetv2,0.4685879196662824,7
8982,efficientnetb0,1.0,3
8983,resnet50,0.8017819857800019,7
8984,densenet121,1.0,6
8985,resnet18,0.9772814215247084,3
8986,efficientnetb1,1.0,3
8987,efficientnetb2,1.0,3
8988,inceptionv3,1.0,10
8989,densenet161,1.0,6
8990,resnet34,1.0,6
8991,vgg16,0.986973209346794,14
8992,inceptionv3,1.0,10
8993,alexnet,0.293491136826713,4
8994,inceptionv3,1.0,10
8995,inceptionv3,1.0,10
8996,efficientnetb1,1.0,3
8997,resnet34,1.0,6
8998,vgg16,0.986973209346794,14
8999,resnet50,0.6400205520491736,8
9000,densenet161,1.0,6
9001,alexnet,0.2991244697200437,5
9002,densenet161,1.0,6
9003,mobilenetv2,0.4648669037656601,6
9004,efficientnetb2,1.0,3
9005,efficientnetb2,1.0,3
9006,alexnet,0.2991244697200437,5
9007,alexnet,0.2991244697200437,5
9008,efficientnetb2,1.0,3
9009,densenet121,1.0,6
9010,vgg16,0.986973209346794,14
9011,mobilenetv2,0.4648669037656601,6
9012,resnet34,1.0,6
9013,vgg19,0.7512707723562208,18
9014,densenet121,1.0,6
9015,efficientnetb1,1.0,3
9016,alexnet,0.2991244697200437,5
9017,efficientnetb0,1.0,3
9018,resnet34,0.8120702549228033,7
9019,resnet50,0.6400205520491736,8
9020,densenet161,1.0,6
9021,densenet161,1.0,6
9022,densenet121,1.0,6
9023,densenet121,1.0,6
9024,resnet34,1.0,6
9025,resnet50,0.6400205520491736,8
9026,resnet50,0.6400205520491736,8
9027,resnet50,0.6400205520491736,8
9028,inceptionv3,1.0,10
9029,efficientnetb0,1.0,3
9030,resnet18,0.9772814215247084,3
9031,alexnet,0.2991244697200437,5
9032,densenet121,1.0,6
9033,resnet34,1.0,6
9034,resnet50,0.6400205520491736,8
9035,densenet161,1.0,6
9036,inceptionv3,1.0,10
9037,efficientnetb1,1.0,3
9038,efficientnetb0,1.0,3
9039,vgg19,0.783629319224574,17
9040,vgg19,0.7512707723562208,18
9041,efficientnetb2,1.0,3
9042,vgg16,0.986973209346794,14
9043,densenet121,1.0,6
9044,alexnet,0.2991244697200437,5
9045,efficientnetb2,1.0,3
9046,efficientnetb2,1.0,3
9047,inceptionv3,1.0,10
9048,vgg19,0.9938700985656802,16
9049,efficientnetb0,1.0,3
9050,vgg19,0.9938700985656802,16
9051,inceptionv3,1.0,10
9052,densenet161,1.0,6
9053,resnet50,0.6400205520491736,8
9054,resnet50,0.6400205520491736,8
9055,vgg16,0.986973209346794,14
9056,efficientnetb2,1.0,3
9057,resnet18,0.9772814215247084,3
9058,mobilenetv2,0.4685879196662824,7
9059,efficientnetb0,1.0,3
9060,alexnet,0.293491136826713,4
9061,densenet121,1.0,6
9062,efficientnetb2,1.0,3
9063,resnet18,0.9772814215247084,3
9064,vgg16,0.986973209346794,14
9065,resnet34,1.0,6
9066,densenet121,1.0,6
9067,inceptionv3,1.0,10
9068,efficientnetb2,1.0,3
9069,resnet34,1.0,6
9070,vgg19,0.9938700985656802,16
9071,densenet161,1.0,6
9072,inceptionv3,1.0,10
9073,efficientnetb2,1.0,3
9074,densenet161,1.0,6
9075,resnet34,1.0,6
9076,resnet18,0.9772814215247084,3
9077,mobilenetv2,0.4648669037656601,6
9078,alexnet,0.293491136826713,4
9079,resnet18,0.9772814215247084,3
9080,alexnet,0.293491136826713,4
9081,resnet34,1.0,6
9082,efficientnetb1,1.0,3
9083,resnet18,0.9772814215247084,3
9084,densenet161,1.0,6
9085,densenet121,1.0,6
9086,inceptionv3,1.0,10
9087,resnet50,0.6400205520491736,8
9088,efficientnetb0,1.0,3
9089,efficientnetb2,1.0,3
9090,vgg16,1.0,13
9091,densenet161,1.0,6
9092,efficientnetb0,1.0,3
9093,resnet50,0.6400205520491736,8
9094,densenet161,1.0,6
9095,alexnet,0.2991244697200437,5
9096,alexnet,0.293491136826713,4
9097,vgg19,0.9938700985656802,16
9098,alexnet,0.2991244697200437,5
9099,vgg19,0.783629319224574,17
9100,resnet50,0.6400205520491736,8
9101,resnet34,1.0,6
9102,alexnet,0.293491136826713,4
9103,densenet121,1.0,6
9104,inceptionv3,1.0,10
9105,resnet18,0.9772814215247084,3
9106,resnet50,0.6400205520491736,8
9107,efficientnetb2,1.0,3
9108,efficientnetb2,1.0,3
9109,efficientnetb0,1.0,3
9110,densenet161,1.0,6
9111,efficientnetb2,1.0,3
9112,efficientnetb0,1.0,3
9113,mobilenetv2,0.4648669037656601,6
9114,resnet34,1.0,6
9115,efficientnetb1,1.0,3
9116,resnet18,0.9772814215247084,3
9117,inceptionv3,1.0,10
9118,alexnet,0.293491136826713,4
9119,resnet34,1.0,6
9120,mobilenetv2,0.4648669037656601,6
9121,densenet161,0.2831929044634787,5
9122,efficientnetb2,1.0,3
9123,alexnet,0.293491136826713,4
9124,densenet161,1.0,6
9125,efficientnetb1,1.0,3
9126,alexnet,0.293491136826713,4
9127,resnet18,0.9772814215247084,3
9128,resnet34,1.0,6
9129,efficientnetb2,1.0,3
9130,mobilenetv2,0.4648669037656601,6
9131,alexnet,0.293491136826713,4
9132,mobilenetv2,0.4648669037656601,6
9133,efficientnetb2,1.0,3
9134,alexnet,0.293491136826713,4
9135,vgg16,1.0,13
9136,resnet50,0.6400205520491736,8
9137,inceptionv3,1.0,10
9138,densenet161,1.0,6
9139,efficientnetb1,1.0,3
9140,mobilenetv2,0.4648669037656601,6
9141,efficientnetb1,1.0,3
9142,inceptionv3,1.0,10
9143,inceptionv3,1.0,10
9144,inceptionv3,1.0,10
9145,densenet161,1.0,6
9146,efficientnetb1,1.0,3
9147,resnet50,0.6400205520491736,8
9148,efficientnetb1,1.0,3
9149,resnet18,0.9772814215247084,3
9150,inceptionv3,1.0,10
9151,resnet50,0.6400205520491736,8
9152,resnet18,0.9772814215247084,3
9153,densenet121,1.0,6
9154,vgg19,0.9938700985656802,16
9155,resnet50,0.6400205520491736,8
9156,resnet34,1.0,6
9157,efficientnetb2,1.0,3
9158,densenet121,1.0,6
9159,vgg19,0.783629319224574,17
9160,inceptionv3,1.0,10
9161,efficientnetb2,1.0,3
9162,efficientnetb1,1.0,3
9163,efficientnetb0,1.0,3
9164,mobilenetv2,0.4648669037656601,6
9165,vgg19,0.9938700985656802,16
9166,resnet50,0.6400205520491736,8
9167,resnet18,0.9772814215247084,3
9168,resnet50,0.6400205520491736,8
9169,alexnet,0.2991244697200437,5
9170,efficientnetb1,1.0,3
9171,mobilenetv2,0.4648669037656601,6
9172,vgg19,0.9938700985656802,16
9173,inceptionv3,1.0,10
9174,inceptionv3,1.0,10
9175,vgg16,0.986973209346794,14
9176,mobilenetv2,0.4648669037656601,6
9177,resnet50,0.6400205520491736,8
9178,densenet121,1.0,6
9179,mobilenetv2,0.4685879196662824,7
9180,resnet34,1.0,6
9181,vgg19,0.9938700985656802,16
9182,efficientnetb0,1.0,3
9183,mobilenetv2,0.4685879196662824,7
9184,densenet161,1.0,6
9185,resnet18,0.9772814215247084,3
9186,efficientnetb1,1.0,3
9187,alexnet,0.2991244697200437,5
9188,mobilenetv2,0.4685879196662824,7
9189,inceptionv3,1.0,10
9190,resnet50,0.6400205520491736,8
9191,efficientnetb2,1.0,3
9192,efficientnetb1,1.0,3
9193,densenet121,1.0,6
9194,resnet50,0.6400205520491736,8
9195,mobilenetv2,0.4648669037656601,6
9196,alexnet,0.2991244697200437,5
9197,densenet161,1.0,6
9198,inceptionv3,1.0,10
9199,alexnet,0.2991244697200437,5
9200,alexnet,0.2991244697200437,5
9201,mobilenetv2,0.4648669037656601,6
9202,inceptionv3,1.0,10
9203,resnet34,0.8120702549228033,7
9204,efficientnetb2,1.0,3
9205,efficientnetb1,1.0,3
9206,vgg16,1.0,13
9207,densenet121,1.0,6
9208,resnet34,1.0,6
9209,resnet50,0.6400205520491736,8
9210,resnet50,0.6400205520491736,8
9211,resnet50,0.6400205520491736,8
9212,densenet161,1.0,6
9213,resnet34,1.0,6
9214,mobilenetv2,0.4648669037656601,6
9215,resnet18,0.9772814215247084,3
9216,mobilenetv2,0.4685879196662824,7
9217,efficientnetb2,1.0,3
9218,vgg16,1.0,13
9219,efficientnetb0,1.0,3
9220,densenet161,1.0,6
9221,densenet121,1.0,6
9222,resnet18,0.9772814215247084,3
9223,mobilenetv2,0.4685879196662824,7
9224,efficientnetb1,1.0,3
9225,resnet34,1.0,6
9226,alexnet,0.2991244697200437,5
9227,efficientnetb1,1.0,3
9228,mobilenetv2,0.4648669037656601,6
9229,resnet34,0.8120702549228033,7
9230,densenet161,1.0,6
9231,efficientnetb1,1.0,3
9232,inceptionv3,1.0,10
9233,efficientnetb2,1.0,3
9234,resnet50,0.6400205520491736,8
9235,vgg16,0.8548072768189431,12
9236,vgg19,0.9938700985656802,16
9237,densenet121,1.0,6
9238,alexnet,0.2991244697200437,5
9239,efficientnetb0,1.0,3
9240,resnet18,0.9772814215247084,3
9241,resnet18,0.9772814215247084,3
9242,inceptionv3,1.0,10
9243,efficientnetb0,1.0,3
9244,inceptionv3,1.0,10
9245,efficientnetb1,1.0,3
9246,vgg19,0.9938700985656802,16
9247,resnet50,0.6400205520491736,8
9248,efficientnetb0,1.0,3
9249,efficientnetb0,1.0,3
9250,resnet18,0.9772814215247084,3
9251,densenet161,1.0,6
9252,resnet50,0.6400205520491736,8
9253,efficientnetb2,1.0,3
9254,efficientnetb2,1.0,3
9255,resnet18,0.9772814215247084,3
9256,vgg16,1.0,13
9257,alexnet,0.2991244697200437,5
9258,resnet18,0.9772814215247084,3
9259,inceptionv3,1.0,10
9260,resnet50,0.8017819857800019,7
9261,mobilenetv2,0.4648669037656601,6
9262,efficientnetb2,1.0,3
9263,densenet161,1.0,6
9264,densenet161,1.0,6
9265,mobilenetv2,0.4685879196662824,7
9266,mobilenetv2,0.4648669037656601,6
9267,efficientnetb2,1.0,3
9268,alexnet,0.2991244697200437,5
9269,alexnet,0.2991244697200437,5
9270,efficientnetb2,1.0,3
9271,vgg19,0.9938700985656802,16
9272,vgg16,1.0,13
9273,resnet18,0.9772814215247084,3
9274,densenet121,0.4858756243316292,5
9275,vgg16,1.0,13
9276,vgg19,0.9938700985656802,16
9277,efficientnetb1,1.0,3
9278,resnet50,0.6400205520491736,8
9279,resnet50,0.8017819857800019,7
9280,densenet161,1.0,6
9281,alexnet,0.293491136826713,4
9282,inceptionv3,1.0,10
9283,resnet34,1.0,6
9284,alexnet,0.293491136826713,4
9285,efficientnetb0,1.0,3
9286,mobilenetv2,0.4648669037656601,6
9287,mobilenetv2,0.4648669037656601,6
9288,resnet50,0.6400205520491736,8
9289,alexnet,0.2991244697200437,5
9290,densenet161,1.0,6
9291,efficientnetb0,1.0,3
9292,inceptionv3,0.3623001669335878,9
9293,inceptionv3,1.0,10
9294,resnet18,0.9772814215247084,3
9295,resnet34,0.8527581774225047,5
9296,densenet161,1.0,6
9297,efficientnetb1,1.0,3
9298,efficientnetb1,1.0,3
9299,vgg19,0.9938700985656802,16
9300,densenet121,1.0,6
9301,resnet18,0.9772814215247084,3
9302,resnet34,1.0,6
9303,efficientnetb2,1.0,3
9304,vgg19,0.958551617010162,14
9305,resnet18,0.9772814215247084,3
9306,resnet50,0.8017819857800019,7
9307,inceptionv3,1.0,10
9308,vgg19,1.0,15
9309,resnet18,0.9772814215247084,3
9310,inceptionv3,1.0,10
9311,resnet18,0.9772814215247084,3
9312,resnet34,1.0,6
9313,densenet121,0.4858756243316292,5
9314,resnet18,0.9772814215247084,3
9315,densenet121,0.4858756243316292,5
9316,resnet18,0.9772814215247084,3
9317,inceptionv3,1.0,10
9318,densenet161,1.0,6
9319,efficientnetb1,1.0,3
9320,densenet161,1.0,6
9321,alexnet,0.293491136826713,4
9322,densenet121,0.4858756243316292,5
9323,mobilenetv2,0.4648669037656601,6
9324,resnet18,0.9772814215247084,3
9325,efficientnetb1,1.0,3
9326,densenet161,1.0,6
9327,mobilenetv2,0.4648669037656601,6
9328,densenet121,1.0,6
9329,vgg19,1.0,15
9330,mobilenetv2,0.4648669037656601,6
9331,densenet161,1.0,6
9332,resnet34,1.0,6
9333,resnet18,0.9772814215247084,3
9334,efficientnetb2,1.0,3
9335,vgg19,1.0,15
9336,vgg16,0.8548072768189431,12
9337,resnet18,0.9772814215247084,3
9338,vgg19,1.0,15
9339,mobilenetv2,0.4648669037656601,6
9340,alexnet,0.293491136826713,4
9341,resnet34,1.0,6
9342,efficientnetb1,1.0,3
9343,alexnet,0.293491136826713,4
9344,vgg16,0.8548072768189431,12
9345,mobilenetv2,0.4685879196662824,7
9346,inceptionv3,1.0,10
9347,densenet161,1.0,6
9348,densenet161,1.0,6
9349,densenet121,0.4858756243316292,5
9350,mobilenetv2,0.4648669037656601,6
9351,resnet50,0.6400205520491736,8
9352,vgg19,0.9938700985656802,16
9353,resnet18,0.9772814215247084,3
9354,vgg16,0.8548072768189431,12
9355,efficientnetb1,1.0,3
9356,mobilenetv2,0.4648669037656601,6
9357,resnet50,0.6400205520491736,8
9358,resnet50,0.6400205520491736,8
9359,efficientnetb2,1.0,3
9360,efficientnetb1,1.0,3
9361,mobilenetv2,0.4648669037656601,6
9362,efficientnetb1,1.0,3
9363,efficientnetb0,1.0,3
9364,resnet18,0.9772814215247084,3
9365,inceptionv3,1.0,10
9366,densenet121,1.0,6
9367,efficientnetb0,1.0,3
9368,densenet161,1.0,6
9369,resnet18,0.9772814215247084,3
9370,efficientnetb1,1.0,3
9371,densenet161,1.0,6
9372,densenet161,1.0,6
9373,vgg16,0.8568556422949929,11
9374,alexnet,0.293491136826713,4
9375,resnet34,1.0,6
9376,densenet121,1.0,6
9377,resnet34,1.0,6
9378,resnet18,0.9772814215247084,3
9379,resnet18,0.9772814215247084,3
9380,vgg19,0.9938700985656802,16
9381,densenet121,0.4858756243316292,5
9382,efficientnetb1,1.0,3
9383,resnet18,0.9772814215247084,3
9384,efficientnetb1,1.0,3
9385,mobilenetv2,0.4648669037656601,6
9386,efficientnetb1,1.0,3
9387,alexnet,0.2991244697200437,5
9388,densenet121,1.0,6
9389,alexnet,0.2991244697200437,5
9390,alexnet,0.293491136826713,4
9391,densenet161,1.0,6
9392,resnet34,1.0,6
9393,resnet50,0.6400205520491736,8
9394,efficientnetb0,1.0,3
9395,alexnet,0.2991244697200437,5
9396,densenet121,1.0,6
9397,efficientnetb0,1.0,3
9398,densenet121,1.0,6
9399,densenet161,1.0,6
9400,resnet50,0.8017819857800019,7
9401,resnet50,0.6400205520491736,8
9402,resnet34,1.0,6
9403,inceptionv3,1.0,10
9404,densenet161,1.0,6
9405,densenet161,1.0,6
9406,resnet18,0.9772814215247084,3
9407,inceptionv3,1.0,10
9408,efficientnetb0,1.0,3
9409,resnet50,0.6400205520491736,8
9410,alexnet,0.2991244697200437,5
9411,resnet34,1.0,6
9412,resnet34,0.8120702549228033,7
9413,densenet121,1.0,6
9414,resnet18,0.9772814215247084,3
9415,mobilenetv2,0.4685879196662824,7
9416,vgg19,0.9938700985656802,16
9417,vgg16,0.986973209346794,14
9418,resnet18,0.9772814215247084,3
9419,efficientnetb2,1.0,3
9420,inceptionv3,1.0,10
9421,alexnet,0.2991244697200437,5
9422,densenet161,1.0,6
9423,efficientnetb2,1.0,3
9424,vgg16,0.8548072768189431,12
9425,mobilenetv2,0.4648669037656601,6
9426,resnet34,1.0,6
9427,densenet161,1.0,6
9428,efficientnetb1,1.0,3
9429,resnet34,1.0,6
9430,efficientnetb1,1.0,3
9431,alexnet,0.2991244697200437,5
9432,densenet161,1.0,6
9433,densenet161,1.0,6
9434,resnet50,0.6400205520491736,8
9435,mobilenetv2,0.4685879196662824,7
9436,resnet34,1.0,6
9437,densenet121,1.0,6
9438,mobilenetv2,0.4685879196662824,7
9439,resnet50,0.6400205520491736,8
9440,vgg19,0.9938700985656802,16
9441,efficientnetb2,1.0,3
9442,densenet161,1.0,6
9443,resnet34,1.0,6
9444,efficientnetb2,1.0,3
9445,alexnet,0.2991244697200437,5
9446,efficientnetb2,1.0,3
9447,inceptionv3,1.0,10
9448,densenet121,1.0,6
9449,resnet34,1.0,6
9450,vgg19,0.9938700985656802,16
9451,efficientnetb0,1.0,3
9452,alexnet,0.2991244697200437,5
9453,vgg16,0.8548072768189431,12
9454,densenet121,1.0,6
9455,resnet50,0.6400205520491736,8
9456,vgg16,1.0,13
9457,resnet34,1.0,6
9458,efficientnetb1,1.0,3
9459,efficientnetb0,1.0,3
9460,efficientnetb1,1.0,3
9461,resnet50,0.6400205520491736,8
9462,resnet18,0.9772814215247084,3
9463,resnet50,0.6400205520491736,8
9464,efficientnetb2,1.0,3
9465,inceptionv3,1.0,10
9466,efficientnetb1,1.0,3
9467,vgg19,0.9938700985656802,16
9468,resnet34,1.0,6
9469,alexnet,0.2991244697200437,5
9470,efficientnetb0,1.0,3
9471,efficientnetb2,1.0,3
9472,vgg19,0.9938700985656802,16
9473,alexnet,0.2991244697200437,5
9474,inceptionv3,1.0,10
9475,densenet121,1.0,6
9476,vgg19,0.9938700985656802,16
9477,densenet161,1.0,6
9478,efficientnetb1,1.0,3
9479,alexnet,0.293491136826713,4
9480,vgg19,0.9938700985656802,16
9481,vgg19,0.9938700985656802,16
9482,mobilenetv2,0.4648669037656601,6
9483,efficientnetb2,1.0,3
9484,efficientnetb0,1.0,3
9485,resnet34,1.0,6
9486,inceptionv3,1.0,10
9487,efficientnetb0,1.0,3
9488,resnet34,1.0,6
9489,resnet50,0.8017819857800019,7
9490,resnet18,0.9772814215247084,3
9491,mobilenetv2,0.4648669037656601,6
9492,vgg19,0.9938700985656802,16
9493,resnet18,0.9772814215247084,3
9494,efficientnetb0,1.0,3
9495,inceptionv3,1.0,10
9496,efficientnetb2,1.0,3
9497,densenet161,1.0,6
9498,resnet34,0.8120702549228033,7
9499,resnet50,0.6400205520491736,8
9500,efficientnetb1,1.0,3
9501,resnet34,1.0,6
9502,resnet18,0.9772814215247084,3
9503,resnet50,0.6400205520491736,8
9504,resnet34,1.0,6
9505,resnet50,0.6400205520491736,8
9506,resnet18,0.9772814215247084,3
9507,vgg19,0.9938700985656802,16
9508,vgg19,0.9938700985656802,16
9509,vgg16,0.8548072768189431,12
9510,efficientnetb0,1.0,3
9511,efficientnetb2,1.0,3
9512,densenet121,1.0,6
9513,vgg16,1.0,13
9514,alexnet,0.293491136826713,4
9515,inceptionv3,1.0,10
9516,vgg19,0.9938700985656802,16
9517,vgg19,0.9938700985656802,16
9518,densenet161,1.0,6
9519,densenet161,1.0,6
9520,efficientnetb0,1.0,3
9521,efficientnetb0,1.0,3
9522,inceptionv3,1.0,10
9523,densenet161,1.0,6
9524,resnet34,1.0,6
9525,efficientnetb0,1.0,3
9526,efficientnetb2,1.0,3
9527,efficientnetb0,1.0,3
9528,vgg16,0.8548072768189431,12
9529,densenet161,1.0,6
9530,efficientnetb1,1.0,3
9531,vgg19,0.9938700985656802,16
9532,resnet50,0.8017819857800019,7
9533,efficientnetb2,1.0,3
9534,resnet34,1.0,6
9535,resnet50,0.8017819857800019,7
9536,inceptionv3,1.0,10
9537,resnet18,0.9772814215247084,3
9538,densenet161,1.0,6
9539,inceptionv3,1.0,10
9540,inceptionv3,1.0,10
9541,densenet121,1.0,6
9542,mobilenetv2,0.4648669037656601,6
9543,vgg16,0.986973209346794,14
9544,inceptionv3,1.0,10
9545,inceptionv3,1.0,10
9546,mobilenetv2,0.4648669037656601,6
9547,vgg16,1.0,13
9548,inceptionv3,1.0,10
9549,resnet34,1.0,6
9550,mobilenetv2,0.4648669037656601,6
9551,densenet161,1.0,6
9552,mobilenetv2,0.4648669037656601,6
9553,resnet18,0.9772814215247084,3
9554,efficientnetb0,1.0,3
9555,efficientnetb2,1.0,3
9556,alexnet,0.2991244697200437,5
9557,vgg16,0.986973209346794,14
9558,densenet121,1.0,6
9559,efficientnetb2,1.0,3
9560,efficientnetb0,1.0,3
9561,mobilenetv2,0.4685879196662824,7
9562,densenet161,1.0,6
9563,vgg19,0.9938700985656802,16
9564,densenet121,1.0,6
9565,densenet161,1.0,6
9566,resnet34,1.0,6
9567,efficientnetb2,1.0,3
9568,alexnet,0.2991244697200437,5
9569,vgg16,0.986973209346794,14
9570,resnet18,0.9772814215247084,3
9571,inceptionv3,1.0,10
9572,alexnet,0.293491136826713,4
9573,resnet50,0.6400205520491736,8
9574,resnet18,0.9772814215247084,3
9575,efficientnetb0,1.0,3
9576,efficientnetb2,1.0,3
9577,vgg19,0.783629319224574,17
9578,densenet121,1.0,6
9579,efficientnetb1,1.0,3
9580,vgg19,0.9938700985656802,16
9581,efficientnetb2,1.0,3
9582,efficientnetb2,1.0,3
9583,resnet50,0.6400205520491736,8
9584,vgg19,0.9938700985656802,16
9585,densenet161,1.0,6
9586,efficientnetb1,1.0,3
9587,efficientnetb2,1.0,3
9588,resnet34,1.0,6
9589,efficientnetb0,1.0,3
9590,efficientnetb0,1.0,3
9591,densenet161,1.0,6
9592,densenet161,1.0,6
9593,vgg16,0.986973209346794,14
9594,efficientnetb1,1.0,3
9595,mobilenetv2,0.4685879196662824,7
9596,resnet50,0.6400205520491736,8
9597,vgg16,1.0,13
9598,mobilenetv2,0.4685879196662824,7
9599,resnet50,0.6400205520491736,8
9600,vgg16,0.8548072768189431,12
9601,resnet18,0.9772814215247084,3
9602,densenet161,1.0,6
9603,vgg19,0.9938700985656802,16
9604,vgg16,0.986973209346794,14
9605,resnet50,0.6400205520491736,8
9606,alexnet,0.2991244697200437,5
9607,mobilenetv2,0.4648669037656601,6
9608,vgg19,0.783629319224574,17
9609,vgg16,1.0,13
9610,densenet161,1.0,6
9611,mobilenetv2,0.4648669037656601,6
9612,efficientnetb1,1.0,3
9613,mobilenetv2,0.4648669037656601,6
9614,resnet34,1.0,6
9615,efficientnetb0,1.0,3
9616,vgg16,0.986973209346794,14
9617,mobilenetv2,0.4685879196662824,7
9618,mobilenetv2,0.4648669037656601,6
9619,resnet34,1.0,6
9620,resnet34,1.0,6
9621,efficientnetb2,1.0,3
9622,resnet50,0.8017819857800019,7
9623,mobilenetv2,0.4648669037656601,6
9624,mobilenetv2,0.4685879196662824,7
9625,resnet18,0.9772814215247084,3
9626,inceptionv3,1.0,10
9627,alexnet,0.293491136826713,4
9628,vgg19,0.9938700985656802,16
9629,efficientnetb1,1.0,3
9630,mobilenetv2,0.4685879196662824,7
9631,densenet161,1.0,6
9632,vgg16,1.0,13
9633,vgg19,0.9938700985656802,16
9634,mobilenetv2,0.4648669037656601,6
9635,resnet18,0.9772814215247084,3
9636,efficientnetb0,1.0,3
9637,resnet34,1.0,6
9638,alexnet,0.293491136826713,4
9639,efficientnetb2,1.0,3
9640,vgg19,0.9938700985656802,16
9641,vgg19,0.9938700985656802,16
9642,mobilenetv2,0.4648669037656601,6
9643,vgg19,0.9938700985656802,16
9644,densenet161,1.0,6
9645,efficientnetb0,1.0,3
9646,mobilenetv2,0.4648669037656601,6
9647,efficientnetb0,1.0,3
9648,vgg16,0.8548072768189431,12
9649,inceptionv3,1.0,10
9650,alexnet,0.2991244697200437,5
9651,densenet121,0.4858756243316292,5
9652,densenet161,1.0,6
9653,resnet50,0.8017819857800019,7
9654,mobilenetv2,0.4648669037656601,6
9655,densenet161,1.0,6
9656,vgg19,0.9938700985656802,16
9657,mobilenetv2,0.4648669037656601,6
9658,alexnet,0.293491136826713,4
9659,resnet34,1.0,6
9660,efficientnetb0,1.0,3
9661,efficientnetb0,1.0,3
9662,vgg19,0.9938700985656802,16
9663,efficientnetb2,1.0,3
9664,resnet34,1.0,6
9665,vgg16,0.8548072768189431,12
9666,densenet161,1.0,6
9667,vgg16,0.8548072768189431,12
9668,resnet50,0.8017819857800019,7
9669,efficientnetb1,1.0,3
9670,efficientnetb2,1.0,3
9671,mobilenetv2,0.4648669037656601,6
9672,resnet50,0.6400205520491736,8
9673,efficientnetb1,1.0,3
9674,resnet34,1.0,6
9675,densenet161,1.0,6
9676,vgg19,0.9938700985656802,16
9677,resnet34,1.0,6
9678,inceptionv3,1.0,10
9679,resnet34,1.0,6
9680,densenet161,1.0,6
9681,alexnet,0.293491136826713,4
9682,mobilenetv2,0.4648669037656601,6
9683,efficientnetb2,1.0,3
9684,efficientnetb0,1.0,3
9685,inceptionv3,1.0,10
9686,vgg16,1.0,13
9687,alexnet,0.293491136826713,4
9688,densenet121,0.4858756243316292,5
9689,efficientnetb1,1.0,3
9690,resnet18,0.9772814215247084,3
9691,densenet161,1.0,6
9692,vgg19,0.9938700985656802,16
9693,inceptionv3,1.0,10
9694,vgg19,0.9938700985656802,16
9695,alexnet,0.293491136826713,4
9696,efficientnetb1,1.0,3
9697,efficientnetb2,1.0,3
9698,resnet18,0.9772814215247084,3
9699,efficientnetb1,1.0,3
9700,efficientnetb0,1.0,3
9701,resnet18,0.9772814215247084,3
9702,resnet50,0.8017819857800019,7
9703,resnet50,0.6400205520491736,8
9704,vgg16,0.986973209346794,14
9705,resnet18,0.9772814215247084,3
9706,alexnet,0.2991244697200437,5
9707,inceptionv3,1.0,10
9708,efficientnetb0,1.0,3
9709,densenet161,1.0,6
9710,efficientnetb2,1.0,3
9711,efficientnetb2,1.0,3
9712,inceptionv3,0.4094316093258586,6
9713,efficientnetb0,1.0,3
9714,densenet121,1.0,6
9715,resnet18,0.9772814215247084,3
9716,densenet161,1.0,6
9717,vgg19,0.7512707723562208,18
9718,efficientnetb1,1.0,3
9719,efficientnetb1,1.0,3
9720,efficientnetb0,1.0,3
9721,alexnet,0.2991244697200437,5
9722,efficientnetb2,1.0,3
9723,vgg19,0.9938700985656802,16
9724,densenet121,1.0,6
9725,mobilenetv2,0.4685879196662824,7
9726,resnet34,1.0,6
9727,densenet121,1.0,6
9728,vgg19,0.783629319224574,17
9729,densenet121,1.0,6
9730,vgg19,0.9938700985656802,16
9731,alexnet,0.293491136826713,4
9732,vgg16,0.986973209346794,14
9733,vgg19,0.9938700985656802,16
9734,vgg19,0.9938700985656802,16
9735,vgg16,0.986973209346794,14
9736,densenet161,1.0,6
9737,efficientnetb0,1.0,3
9738,inceptionv3,1.0,10
9739,resnet18,0.9772814215247084,3
9740,resnet34,1.0,6
9741,densenet161,1.0,6
9742,resnet34,1.0,6
9743,densenet121,1.0,6
9744,resnet50,0.6400205520491736,8
9745,densenet161,1.0,6
9746,vgg16,0.986973209346794,14
9747,mobilenetv2,0.4685879196662824,7
9748,resnet50,0.6400205520491736,8
9749,resnet34,1.0,6
9750,densenet121,1.0,6
9751,resnet34,1.0,6
9752,densenet121,1.0,6
9753,mobilenetv2,0.4685879196662824,7
9754,efficientnetb1,1.0,3
9755,efficientnetb1,1.0,3
9756,inceptionv3,1.0,10
9757,mobilenetv2,0.4685879196662824,7
9758,resnet18,0.9772814215247084,3
9759,vgg16,0.986973209346794,14
9760,densenet161,1.0,6
9761,efficientnetb0,1.0,3
9762,vgg19,0.9938700985656802,16
9763,inceptionv3,1.0,10
9764,efficientnetb1,1.0,3
9765,resnet50,0.6400205520491736,8
9766,densenet121,1.0,6
9767,inceptionv3,1.0,10
9768,alexnet,0.293491136826713,4
9769,densenet121,1.0,6
9770,efficientnetb2,1.0,3
9771,vgg16,1.0,13
9772,densenet121,1.0,6
9773,mobilenetv2,0.4685879196662824,7
9774,efficientnetb0,1.0,3
9775,densenet161,1.0,6
9776,resnet34,1.0,6
9777,efficientnetb1,1.0,3
9778,resnet50,0.8017819857800019,7
9779,mobilenetv2,0.4648669037656601,6
9780,resnet18,0.9772814215247084,3
9781,mobilenetv2,0.4648669037656601,6
9782,densenet121,1.0,6
9783,vgg16,0.8548072768189431,12
9784,efficientnetb0,1.0,3
9785,densenet161,1.0,6
9786,alexnet,0.293491136826713,4
9787,vgg16,1.0,13
9788,efficientnetb1,1.0,3
9789,vgg16,1.0,13
9790,densenet161,1.0,6
9791,efficientnetb0,1.0,3
9792,resnet34,1.0,6
9793,densenet161,1.0,6
9794,resnet18,0.9772814215247084,3
9795,alexnet,0.293491136826713,4
9796,resnet50,0.6400205520491736,8
9797,alexnet,0.293491136826713,4
9798,mobilenetv2,0.4648669037656601,6
9799,vgg16,1.0,13
9800,vgg16,1.0,13
9801,efficientnetb2,1.0,3
9802,efficientnetb2,1.0,3
9803,densenet161,1.0,6
9804,inceptionv3,1.0,10
9805,efficientnetb2,1.0,3
9806,efficientnetb2,1.0,3
9807,vgg16,1.0,13
9808,densenet121,0.4858756243316292,5
9809,mobilenetv2,0.4648669037656601,6
9810,densenet161,1.0,6
9811,resnet34,1.0,6
9812,efficientnetb2,1.0,3
9813,resnet18,0.9772814215247084,3
9814,alexnet,0.293491136826713,4
9815,inceptionv3,1.0,10
9816,resnet50,0.8017819857800019,7
9817,vgg16,1.0,13
9818,densenet161,1.0,6
9819,inceptionv3,0.8003254803685758,11
9820,efficientnetb1,1.0,3
9821,resnet34,1.0,6
9822,vgg19,0.9938700985656802,16
9823,efficientnetb1,1.0,3
9824,densenet161,1.0,6
9825,efficientnetb1,1.0,3
9826,densenet121,1.0,6
9827,vgg16,1.0,13
9828,efficientnetb2,1.0,3
9829,efficientnetb2,1.0,3
9830,densenet161,1.0,6
9831,resnet34,1.0,6
9832,inceptionv3,1.0,10
9833,vgg19,0.9938700985656802,16
9834,efficientnetb0,1.0,3
9835,resnet34,1.0,6
9836,efficientnetb1,1.0,3
9837,alexnet,0.2991244697200437,5
9838,vgg16,0.986973209346794,14
9839,mobilenetv2,0.4648669037656601,6
9840,efficientnetb1,1.0,3
9841,alexnet,0.2991244697200437,5
9842,mobilenetv2,0.4648669037656601,6
9843,vgg19,0.783629319224574,17
9844,densenet161,1.0,6
9845,resnet34,1.0,6
9846,mobilenetv2,0.4648669037656601,6
9847,vgg19,0.9938700985656802,16
9848,mobilenetv2,0.4685879196662824,7
9849,alexnet,0.2991244697200437,5
9850,vgg16,1.0,13
9851,vgg19,0.9938700985656802,16
9852,densenet121,1.0,6
9853,efficientnetb2,1.0,3
9854,vgg19,0.9938700985656802,16
9855,alexnet,0.2991244697200437,5
9856,vgg16,1.0,13
9857,vgg16,0.986973209346794,14
9858,efficientnetb0,1.0,3
9859,efficientnetb2,1.0,3
9860,inceptionv3,1.0,10
9861,efficientnetb0,1.0,3
9862,resnet18,0.9772814215247084,3
9863,resnet50,0.6400205520491736,8
9864,efficientnetb2,1.0,3
9865,mobilenetv2,0.4685879196662824,7
9866,resnet50,0.6400205520491736,8
9867,inceptionv3,1.0,10
9868,efficientnetb1,1.0,3
9869,resnet50,0.6400205520491736,8
9870,mobilenetv2,0.4685879196662824,7
9871,efficientnetb0,1.0,3
9872,vgg19,0.9938700985656802,16
9873,vgg19,1.0,15
9874,efficientnetb2,1.0,3
9875,resnet50,0.6400205520491736,8
9876,vgg16,0.8548072768189431,12
9877,vgg16,0.8548072768189431,12
9878,efficientnetb2,1.0,3
9879,resnet34,1.0,6
9880,resnet34,1.0,6
9881,vgg19,0.9938700985656802,16
9882,inceptionv3,1.0,10
9883,efficientnetb0,1.0,3
9884,efficientnetb1,1.0,3
9885,vgg19,0.9938700985656802,16
9886,mobilenetv2,0.4685879196662824,7
9887,alexnet,0.2991244697200437,5
9888,mobilenetv2,0.4685879196662824,7
9889,efficientnetb0,1.0,3
9890,vgg16,1.0,13
9891,vgg19,0.9938700985656802,16
9892,resnet50,0.8017819857800019,7
9893,densenet161,1.0,6
9894,densenet121,0.4858756243316292,5
9895,vgg19,0.9938700985656802,16
9896,mobilenetv2,0.4648669037656601,6
9897,inceptionv3,1.0,10
9898,resnet18,0.9772814215247084,3
9899,mobilenetv2,0.4648669037656601,6
9900,efficientnetb0,1.0,3
9901,resnet18,0.9772814215247084,3
9902,resnet18,0.9772814215247084,3
9903,resnet50,0.8017819857800019,7
9904,efficientnetb0,1.0,3
9905,efficientnetb1,1.0,3
9906,resnet34,1.0,6
9907,efficientnetb0,1.0,3
9908,efficientnetb0,1.0,3
9909,resnet34,1.0,6
9910,efficientnetb0,1.0,3
9911,resnet34,1.0,6
9912,resnet50,0.8017819857800019,7
9913,resnet50,0.6400205520491736,8
9914,inceptionv3,1.0,10
9915,densenet121,1.0,6
9916,densenet161,1.0,6
9917,inceptionv3,1.0,10
9918,inceptionv3,1.0,10
9919,mobilenetv2,0.4648669037656601,6
9920,alexnet,0.2991244697200437,5
9921,densenet161,1.0,6
9922,vgg19,0.9938700985656802,16
9923,vgg16,1.0,13
9924,resnet34,1.0,6
9925,vgg19,0.9938700985656802,16
9926,mobilenetv2,0.4648669037656601,6
9927,densenet161,1.0,6
9928,efficientnetb1,1.0,3
9929,efficientnetb0,1.0,3
9930,resnet50,0.8017819857800019,7
9931,vgg19,0.9938700985656802,16
9932,mobilenetv2,0.4648669037656601,6
9933,resnet34,1.0,6
9934,vgg16,1.0,13
9935,alexnet,0.293491136826713,4
9936,resnet34,1.0,6
9937,inceptionv3,1.0,10
9938,resnet18,0.9772814215247084,3
9939,mobilenetv2,0.4648669037656601,6
9940,resnet34,1.0,6
9941,mobilenetv2,0.4648669037656601,6
9942,resnet34,1.0,6
9943,resnet18,0.9772814215247084,3
9944,vgg16,0.8548072768189431,12
9945,mobilenetv2,0.4648669037656601,6
9946,resnet18,0.9772814215247084,3
9947,mobilenetv2,0.4648669037656601,6
9948,inceptionv3,0.8003254803685758,11
9949,densenet121,1.0,6
9950,resnet34,1.0,6
9951,resnet50,0.8017819857800019,7
9952,resnet50,0.8017819857800019,7
9953,inceptionv3,1.0,10
9954,inceptionv3,1.0,10
9955,alexnet,0.1458942907493161,3
9956,resnet50,0.8017819857800019,7
9957,densenet161,1.0,6
9958,resnet50,0.6400205520491736,8
9959,densenet121,1.0,6
9960,alexnet,0.293491136826713,4
9961,resnet18,0.9772814215247084,3
9962,inceptionv3,1.0,10
9963,alexnet,0.2991244697200437,5
9964,resnet50,0.8017819857800019,7
9965,efficientnetb2,1.0,3
9966,efficientnetb0,1.0,3
9967,efficientnetb1,1.0,3
9968,alexnet,0.293491136826713,4
9969,densenet161,1.0,6
9970,inceptionv3,1.0,10
9971,vgg16,0.986973209346794,14
9972,alexnet,0.2991244697200437,5
9973,inceptionv3,1.0,10
9974,vgg16,1.0,13
9975,efficientnetb2,1.0,3
9976,alexnet,0.293491136826713,4
9977,resnet50,0.6400205520491736,8
9978,inceptionv3,1.0,10
9979,resnet50,0.6400205520491736,8
9980,inceptionv3,1.0,10
9981,efficientnetb1,1.0,3
9982,resnet18,0.9772814215247084,3
9983,efficientnetb1,1.0,3
9984,resnet18,0.9772814215247084,3
9985,mobilenetv2,0.4648669037656601,6
9986,efficientnetb2,1.0,3
9987,vgg19,0.783629319224574,17
9988,alexnet,0.2991244697200437,5
9989,inceptionv3,1.0,10
9990,mobilenetv2,0.4685879196662824,7
9991,resnet34,1.0,6
9992,vgg16,0.986973209346794,14
9993,efficientnetb1,1.0,3
9994,vgg19,0.783629319224574,17
9995,vgg19,0.9938700985656802,16
9996,mobilenetv2,0.4685879196662824,7
9997,efficientnetb0,1.0,3
9998,resnet50,0.6400205520491736,8
9999,resnet34,0.8120702549228033,7
10000,efficientnetb1,1.0,3
10001,resnet18,0.9772814215247084,3
10002,efficientnetb0,1.0,3
10003,efficientnetb1,1.0,3
10004,inceptionv3,1.0,10
10005,inceptionv3,1.0,10
10006,efficientnetb1,1.0,3
10007,resnet50,0.6400205520491736,8
10008,alexnet,0.2991244697200437,5
10009,efficientnetb0,1.0,3
10010,resnet18,0.9772814215247084,3
10011,resnet34,1.0,6
10012,resnet18,0.9772814215247084,3
10013,vgg16,0.986973209346794,14
10014,mobilenetv2,0.4685879196662824,7
10015,resnet50,0.6400205520491736,8
10016,efficientnetb0,1.0,3
10017,alexnet,0.293491136826713,4
10018,resnet34,1.0,6
10019,inceptionv3,1.0,10
10020,resnet18,0.9772814215247084,3
10021,efficientnetb0,1.0,3
10022,resnet34,0.8120702549228033,7
10023,densenet161,1.0,6
10024,vgg19,0.9938700985656802,16
10025,resnet34,1.0,6
10026,efficientnetb1,1.0,3
10027,mobilenetv2,0.4685879196662824,7
10028,densenet161,1.0,6
10029,efficientnetb2,1.0,3
10030,inceptionv3,1.0,10
10031,mobilenetv2,0.4685879196662824,7
10032,vgg19,0.783629319224574,17
10033,densenet121,1.0,6
10034,densenet121,1.0,6
10035,resnet18,0.9772814215247084,3
10036,efficientnetb0,1.0,3
10037,resnet18,0.9772814215247084,3
10038,densenet121,1.0,6
10039,inceptionv3,1.0,10
10040,resnet50,0.6400205520491736,8
10041,vgg19,0.9938700985656802,16
10042,inceptionv3,1.0,10
10043,densenet161,1.0,6
10044,inceptionv3,1.0,10
10045,efficientnetb0,1.0,3
10046,mobilenetv2,0.4685879196662824,7
10047,densenet161,1.0,6
10048,resnet50,0.6400205520491736,8
10049,vgg19,1.0,15
10050,resnet34,1.0,6
10051,vgg16,0.986973209346794,14
10052,efficientnetb0,1.0,3
10053,resnet34,1.0,6
10054,alexnet,0.293491136826713,4
10055,inceptionv3,1.0,10
10056,vgg19,0.9938700985656802,16
10057,densenet161,1.0,6
10058,inceptionv3,1.0,10
10059,densenet121,0.4858756243316292,5
10060,vgg16,1.0,13
10061,densenet161,1.0,6
10062,efficientnetb1,1.0,3
10063,resnet34,1.0,6
10064,vgg16,1.0,13
10065,efficientnetb2,1.0,3
10066,densenet161,1.0,6
10067,resnet18,0.9772814215247084,3
10068,efficientnetb0,1.0,3
10069,densenet121,1.0,6
10070,vgg16,1.0,13
10071,densenet121,1.0,6
10072,resnet18,0.9772814215247084,3
10073,inceptionv3,1.0,10
10074,resnet50,0.6400205520491736,8
10075,densenet161,1.0,6
10076,efficientnetb2,1.0,3
10077,vgg19,0.9938700985656802,16
10078,mobilenetv2,0.4648669037656601,6
10079,alexnet,0.2991244697200437,5
10080,efficientnetb2,1.0,3
10081,densenet161,1.0,6
10082,efficientnetb2,1.0,3
10083,inceptionv3,1.0,10
10084,densenet121,1.0,6
10085,densenet161,1.0,6
10086,efficientnetb0,1.0,3
10087,efficientnetb2,1.0,3
10088,efficientnetb2,1.0,3
10089,inceptionv3,1.0,10
10090,inceptionv3,1.0,10
10091,mobilenetv2,0.4685879196662824,7
10092,densenet121,1.0,6
10093,densenet121,1.0,6
10094,resnet34,1.0,6
10095,efficientnetb1,1.0,3
10096,inceptionv3,1.0,10
10097,resnet34,1.0,6
10098,mobilenetv2,0.4648669037656601,6
10099,inceptionv3,1.0,10
10100,vgg19,0.9938700985656802,16
10101,resnet18,0.9772814215247084,3
10102,vgg19,0.9938700985656802,16
10103,resnet18,0.9772814215247084,3
10104,efficientnetb1,1.0,3
10105,densenet121,1.0,6
10106,inceptionv3,1.0,10
10107,resnet18,0.9772814215247084,3
10108,densenet121,0.4858756243316292,5
10109,resnet34,1.0,6
10110,densenet161,1.0,6
10111,vgg16,1.0,13
10112,resnet50,0.8017819857800019,7
10113,resnet34,1.0,6
10114,resnet50,0.6400205520491736,8
10115,efficientnetb1,1.0,3
10116,efficientnetb1,1.0,3
10117,vgg16,0.8548072768189431,12
10118,resnet50,0.6400205520491736,8
10119,resnet50,0.6400205520491736,8
10120,resnet50,0.6400205520491736,8
10121,efficientnetb2,1.0,3
10122,densenet121,1.0,6
10123,vgg19,0.9938700985656802,16
10124,densenet161,1.0,6
10125,efficientnetb2,1.0,3
10126,efficientnetb1,1.0,3
10127,densenet121,1.0,6
10128,densenet161,1.0,6
10129,efficientnetb0,1.0,3
10130,vgg16,1.0,13
10131,mobilenetv2,0.4685879196662824,7
10132,resnet50,0.6400205520491736,8
10133,densenet161,1.0,6
10134,inceptionv3,1.0,10
10135,inceptionv3,1.0,10
10136,vgg16,1.0,13
10137,densenet161,1.0,6
10138,densenet161,1.0,6
10139,resnet18,0.9772814215247084,3
10140,efficientnetb2,1.0,3
10141,mobilenetv2,0.4685879196662824,7
10142,alexnet,0.2991244697200437,5
10143,inceptionv3,1.0,10
10144,resnet34,1.0,6
10145,alexnet,0.293491136826713,4
10146,inceptionv3,1.0,10
10147,densenet161,1.0,6
10148,efficientnetb2,1.0,3
10149,alexnet,0.293491136826713,4
10150,mobilenetv2,0.4648669037656601,6
10151,densenet121,1.0,6
10152,efficientnetb1,1.0,3
10153,efficientnetb2,1.0,3
10154,vgg19,0.9938700985656802,16
10155,mobilenetv2,0.4648669037656601,6
10156,vgg16,1.0,13
10157,efficientnetb1,1.0,3
10158,efficientnetb1,1.0,3
10159,inceptionv3,1.0,10
10160,resnet50,0.6400205520491736,8
10161,inceptionv3,1.0,10
10162,efficientnetb2,1.0,3
10163,resnet50,0.6400205520491736,8
10164,efficientnetb0,1.0,3
10165,resnet50,0.6400205520491736,8
10166,densenet161,1.0,6
10167,resnet50,0.6400205520491736,8
10168,densenet161,1.0,6
10169,resnet18,0.9772814215247084,3
10170,vgg16,1.0,13
10171,efficientnetb2,1.0,3
10172,densenet161,1.0,6
10173,densenet161,1.0,6
10174,efficientnetb0,1.0,3
10175,vgg16,1.0,13
10176,efficientnetb0,1.0,3
10177,vgg19,0.9938700985656802,16
10178,resnet50,0.6400205520491736,8
10179,efficientnetb0,1.0,3
10180,efficientnetb0,1.0,3
10181,alexnet,0.2991244697200437,5
10182,resnet50,0.6400205520491736,8
10183,alexnet,0.2991244697200437,5
10184,densenet121,1.0,6
10185,inceptionv3,1.0,10
10186,densenet121,1.0,6
10187,densenet161,1.0,6
10188,vgg19,0.9938700985656802,16
10189,densenet121,1.0,6
10190,densenet161,1.0,6
10191,densenet161,1.0,6
10192,alexnet,0.2991244697200437,5
10193,alexnet,0.293491136826713,4
10194,mobilenetv2,0.4685879196662824,7
10195,efficientnetb0,1.0,3
10196,efficientnetb2,1.0,3
10197,resnet50,0.8017819857800019,7
10198,vgg16,0.8548072768189431,12
10199,resnet34,1.0,6
10200,mobilenetv2,0.4648669037656601,6
10201,densenet161,1.0,6
10202,densenet121,1.0,6
10203,mobilenetv2,0.4648669037656601,6
10204,vgg16,1.0,13
10205,resnet34,1.0,6
10206,densenet121,0.4858756243316292,5
10207,densenet161,1.0,6
10208,resnet50,0.6400205520491736,8
10209,inceptionv3,1.0,10
10210,efficientnetb1,1.0,3
10211,efficientnetb2,1.0,3
10212,densenet161,1.0,6
10213,efficientnetb2,1.0,3
10214,efficientnetb0,1.0,3
10215,efficientnetb2,1.0,3
10216,efficientnetb0,1.0,3
10217,efficientnetb1,1.0,3
10218,densenet161,1.0,6
10219,densenet161,1.0,6
10220,efficientnetb0,1.0,3
10221,mobilenetv2,0.4648669037656601,6
10222,efficientnetb0,1.0,3
10223,alexnet,0.2991244697200437,5
10224,densenet121,1.0,6
10225,vgg16,0.8548072768189431,12
10226,densenet161,1.0,6
10227,efficientnetb1,1.0,3
10228,densenet121,1.0,6
10229,efficientnetb1,1.0,3
10230,efficientnetb2,1.0,3
10231,vgg19,0.9938700985656802,16
10232,resnet50,0.8017819857800019,7
10233,vgg16,1.0,13
10234,vgg19,1.0,15
10235,alexnet,0.2991244697200437,5
10236,alexnet,0.2991244697200437,5
10237,efficientnetb1,1.0,3
10238,alexnet,0.2991244697200437,5
10239,mobilenetv2,0.4648669037656601,6
10240,vgg19,0.9938700985656802,16
10241,vgg19,1.0,15
10242,resnet50,0.8017819857800019,7
10243,resnet34,1.0,6
10244,efficientnetb1,1.0,3
10245,alexnet,0.293491136826713,4
10246,resnet50,0.8017819857800019,7
10247,efficientnetb2,1.0,3
10248,vgg19,0.9938700985656802,16
10249,densenet121,1.0,6
10250,inceptionv3,1.0,10
10251,densenet121,1.0,6
10252,vgg19,0.9938700985656802,16
10253,vgg19,1.0,15
10254,densenet121,1.0,6
10255,vgg19,1.0,15
10256,alexnet,0.293491136826713,4
10257,efficientnetb2,1.0,3
10258,resnet18,0.9772814215247084,3
10259,resnet18,0.9772814215247084,3
10260,resnet18,0.9772814215247084,3
10261,efficientnetb2,1.0,3
10262,vgg16,0.8548072768189431,12
10263,efficientnetb1,1.0,3
10264,inceptionv3,1.0,10
10265,resnet34,1.0,6
10266,inceptionv3,1.0,10
10267,vgg16,1.0,13
10268,inceptionv3,1.0,10
10269,vgg19,0.9938700985656802,16
10270,mobilenetv2,0.4648669037656601,6
10271,alexnet,0.293491136826713,4
10272,efficientnetb0,1.0,3
10273,vgg19,1.0,15
10274,alexnet,0.293491136826713,4
10275,densenet161,1.0,6
10276,efficientnetb2,1.0,3
10277,densenet121,1.0,6
10278,efficientnetb1,1.0,3
10279,efficientnetb0,1.0,3
10280,densenet121,1.0,6
10281,vgg16,1.0,13
10282,alexnet,0.2991244697200437,5
10283,resnet34,1.0,6
10284,densenet161,1.0,6
10285,efficientnetb1,1.0,3
10286,alexnet,0.2991244697200437,5
10287,vgg19,0.9938700985656802,16
10288,densenet121,1.0,6
10289,efficientnetb1,1.0,3
10290,densenet121,1.0,6
10291,vgg19,0.9938700985656802,16
10292,efficientnetb1,1.0,3
10293,inceptionv3,1.0,10
10294,resnet50,0.6400205520491736,8
10295,densenet161,1.0,6
10296,inceptionv3,1.0,10
10297,resnet34,1.0,6
10298,efficientnetb2,1.0,3
10299,resnet18,0.9772814215247084,3
10300,vgg19,0.9938700985656802,16
10301,densenet161,1.0,6
10302,efficientnetb0,1.0,3
10303,resnet50,0.6400205520491736,8
10304,resnet50,0.6400205520491736,8
10305,efficientnetb2,1.0,3
10306,vgg19,0.9938700985656802,16
10307,mobilenetv2,0.4648669037656601,6
10308,efficientnetb1,1.0,3
10309,vgg16,0.986973209346794,14
10310,vgg19,0.9938700985656802,16
10311,densenet121,1.0,6
10312,resnet18,0.9772814215247084,3
10313,densenet161,1.0,6
10314,efficientnetb2,1.0,3
10315,resnet50,0.6400205520491736,8
10316,inceptionv3,1.0,10
10317,efficientnetb0,1.0,3
10318,resnet18,0.9772814215247084,3
10319,vgg16,1.0,13
10320,vgg16,1.0,13
10321,alexnet,0.2991244697200437,5
10322,vgg16,1.0,13
10323,efficientnetb1,1.0,3
10324,densenet121,1.0,6
10325,resnet50,0.6400205520491736,8
10326,resnet18,0.9772814215247084,3
10327,efficientnetb1,1.0,3
10328,resnet34,1.0,6
10329,inceptionv3,1.0,10
10330,resnet34,1.0,6
10331,efficientnetb1,1.0,3
10332,inceptionv3,1.0,10
10333,efficientnetb1,1.0,3
10334,vgg19,1.0,15
10335,vgg16,1.0,13
10336,inceptionv3,1.0,10
10337,efficientnetb1,1.0,3
10338,resnet50,0.4611727687596107,9
10339,efficientnetb0,1.0,3
10340,densenet161,1.0,6
10341,densenet121,1.0,6
10342,resnet18,0.9772814215247084,3
10343,vgg19,0.9938700985656802,16
10344,resnet50,0.6400205520491736,8
10345,inceptionv3,1.0,10
10346,efficientnetb2,1.0,3
10347,vgg16,0.8548072768189431,12
10348,efficientnetb0,1.0,3
10349,resnet50,0.6400205520491736,8
10350,vgg16,0.8548072768189431,12
10351,densenet121,1.0,6
10352,efficientnetb2,1.0,3
10353,efficientnetb0,1.0,3
10354,vgg19,0.9938700985656802,16
10355,resnet18,0.9772814215247084,3
10356,densenet121,0.4858756243316292,5
10357,densenet121,0.4858756243316292,5
10358,vgg16,0.8548072768189431,12
10359,efficientnetb1,1.0,3
10360,efficientnetb0,1.0,3
10361,densenet161,1.0,6
10362,efficientnetb2,1.0,3
10363,resnet50,0.8017819857800019,7
10364,efficientnetb0,1.0,3
10365,mobilenetv2,0.4648669037656601,6
10366,alexnet,0.2991244697200437,5
10367,efficientnetb2,1.0,3
10368,resnet34,1.0,6
10369,efficientnetb0,1.0,3
10370,mobilenetv2,0.4648669037656601,6
10371,efficientnetb1,1.0,3
10372,densenet161,1.0,6
10373,resnet18,0.9772814215247084,3
10374,efficientnetb2,1.0,3
10375,resnet34,1.0,6
10376,densenet161,1.0,6
10377,vgg16,0.8548072768189431,12
10378,efficientnetb2,1.0,3
10379,efficientnetb0,1.0,3
10380,resnet50,0.8017819857800019,7
10381,efficientnetb1,1.0,3
10382,resnet50,0.6400205520491736,8
10383,densenet121,0.4858756243316292,5
10384,efficientnetb1,1.0,3
10385,resnet34,1.0,6
10386,efficientnetb2,1.0,3
10387,alexnet,0.293491136826713,4
10388,efficientnetb0,1.0,3
10389,resnet18,0.9772814215247084,3
10390,vgg19,0.9938700985656802,16
10391,densenet161,1.0,6
10392,mobilenetv2,0.4648669037656601,6
10393,resnet18,0.9772814215247084,3
10394,mobilenetv2,0.4648669037656601,6
10395,resnet34,1.0,6
10396,efficientnetb2,1.0,3
10397,resnet50,0.8017819857800019,7
10398,vgg16,1.0,13
10399,densenet121,1.0,6
10400,densenet121,0.4858756243316292,5
10401,vgg19,0.9938700985656802,16
10402,inceptionv3,1.0,10
10403,efficientnetb2,1.0,3
10404,resnet18,0.9772814215247084,3
10405,densenet121,1.0,6
10406,vgg16,1.0,13
10407,vgg16,0.8548072768189431,12
10408,efficientnetb2,1.0,3
10409,mobilenetv2,0.4648669037656601,6
10410,vgg16,1.0,13
10411,efficientnetb2,1.0,3
10412,efficientnetb1,1.0,3
10413,resnet18,0.9772814215247084,3
10414,densenet121,1.0,6
10415,resnet18,0.9772814215247084,3
10416,inceptionv3,1.0,10
10417,mobilenetv2,0.4648669037656601,6
10418,resnet18,0.9772814215247084,3
10419,alexnet,0.293491136826713,4
10420,resnet18,0.9772814215247084,3
10421,resnet50,0.6400205520491736,8
10422,vgg16,1.0,13
10423,densenet161,1.0,6
10424,densenet161,1.0,6
10425,efficientnetb0,1.0,3
10426,densenet121,1.0,6
10427,densenet121,1.0,6
10428,efficientnetb2,1.0,3
10429,alexnet,0.293491136826713,4
10430,resnet18,0.9772814215247084,3
10431,mobilenetv2,0.4648669037656601,6
10432,vgg16,1.0,13
10433,mobilenetv2,0.4685879196662824,7
10434,alexnet,0.2991244697200437,5
10435,vgg16,1.0,13
10436,resnet50,0.6400205520491736,8
10437,resnet50,0.6400205520491736,8
10438,vgg16,0.986973209346794,14
10439,efficientnetb2,1.0,3
10440,efficientnetb0,1.0,3
10441,mobilenetv2,0.4685879196662824,7
10442,efficientnetb2,1.0,3
10443,alexnet,0.2991244697200437,5
10444,resnet34,1.0,6
10445,densenet161,1.0,6
10446,resnet50,0.6400205520491736,8
10447,alexnet,0.2991244697200437,5
10448,alexnet,0.2991244697200437,5
10449,inceptionv3,1.0,10
10450,vgg19,0.9938700985656802,16
10451,efficientnetb1,1.0,3
10452,vgg16,1.0,13
10453,inceptionv3,1.0,10
10454,densenet121,1.0,6
10455,vgg19,0.783629319224574,17
10456,efficientnetb2,1.0,3
10457,efficientnetb2,1.0,3
10458,inceptionv3,1.0,10
10459,densenet121,1.0,6
10460,resnet34,0.8120702549228033,7
10461,mobilenetv2,0.4685879196662824,7
10462,resnet18,0.9772814215247084,3
10463,inceptionv3,1.0,10
10464,efficientnetb1,1.0,3
10465,resnet34,1.0,6
10466,efficientnetb0,1.0,3
10467,inceptionv3,1.0,10
10468,efficientnetb0,1.0,3
10469,efficientnetb2,1.0,3
10470,efficientnetb1,1.0,3
10471,resnet50,0.6400205520491736,8
10472,efficientnetb0,1.0,3
10473,vgg16,1.0,13
10474,densenet161,1.0,6
10475,inceptionv3,1.0,10
10476,resnet18,0.9772814215247084,3
10477,efficientnetb1,1.0,3
10478,inceptionv3,1.0,10
10479,resnet50,0.6400205520491736,8
10480,resnet50,0.6400205520491736,8
10481,vgg19,0.783629319224574,17
10482,vgg19,0.783629319224574,17
10483,efficientnetb1,1.0,3
10484,resnet34,0.8120702549228033,7
10485,densenet121,1.0,6
10486,resnet50,0.6400205520491736,8
10487,resnet34,1.0,6
10488,resnet34,1.0,6
10489,resnet18,0.9772814215247084,3
10490,densenet121,1.0,6
10491,resnet18,0.9772814215247084,3
10492,mobilenetv2,0.4685879196662824,7
10493,inceptionv3,1.0,10
10494,mobilenetv2,0.4685879196662824,7
10495,resnet18,0.9772814215247084,3
10496,vgg16,1.0,13
10497,densenet161,1.0,6
10498,densenet121,1.0,6
10499,vgg16,0.986973209346794,14
10500,efficientnetb1,1.0,3
10501,alexnet,0.2991244697200437,5
10502,densenet161,1.0,6
10503,efficientnetb0,1.0,3
10504,vgg19,0.9938700985656802,16
10505,resnet34,1.0,6
10506,inceptionv3,1.0,10
10507,vgg19,0.9938700985656802,16
10508,efficientnetb0,1.0,3
10509,densenet121,1.0,6
10510,densenet161,1.0,6
10511,efficientnetb2,1.0,3
10512,resnet18,0.9772814215247084,3
10513,vgg16,1.0,13
10514,resnet50,0.6400205520491736,8
10515,mobilenetv2,0.4685879196662824,7
10516,vgg19,0.9938700985656802,16
10517,densenet161,1.0,6
10518,resnet34,1.0,6
10519,vgg19,0.9938700985656802,16
10520,vgg16,0.8548072768189431,12
10521,alexnet,0.293491136826713,4
10522,efficientnetb2,1.0,3
10523,efficientnetb1,1.0,3
10524,alexnet,0.293491136826713,4
10525,resnet34,1.0,6
10526,efficientnetb2,1.0,3
10527,resnet50,0.6400205520491736,8
10528,alexnet,0.2991244697200437,5
10529,resnet34,1.0,6
10530,resnet50,0.6400205520491736,8
10531,efficientnetb2,1.0,3
10532,resnet18,0.9772814215247084,3
10533,vgg16,1.0,13
10534,efficientnetb0,1.0,3
10535,densenet121,1.0,6
10536,vgg16,1.0,13
10537,efficientnetb2,1.0,3
10538,resnet34,1.0,6
10539,vgg19,0.9938700985656802,16
10540,resnet50,0.6400205520491736,8
10541,efficientnetb2,1.0,3
10542,inceptionv3,1.0,10
10543,efficientnetb0,1.0,3
10544,resnet18,0.9772814215247084,3
10545,densenet161,1.0,6
10546,densenet121,1.0,6
10547,alexnet,0.2991244697200437,5
10548,densenet121,1.0,6
10549,vgg16,1.0,13
10550,vgg16,1.0,13
10551,inceptionv3,1.0,10
10552,resnet50,0.8017819857800019,7
10553,resnet18,0.9772814215247084,3
10554,vgg16,0.4031740758458291,6
10555,resnet18,0.9772814215247084,3
10556,mobilenetv2,0.4648669037656601,6
10557,densenet161,1.0,6
10558,efficientnetb2,1.0,3
10559,vgg19,0.9938700985656802,16
10560,resnet50,0.6400205520491736,8
10561,resnet50,0.6400205520491736,8
10562,efficientnetb2,1.0,3
10563,densenet121,1.0,6
10564,resnet50,0.6400205520491736,8
10565,alexnet,0.293491136826713,4
10566,vgg16,1.0,13
10567,inceptionv3,1.0,10
10568,resnet50,0.8017819857800019,7
10569,densenet161,1.0,6
10570,densenet161,1.0,6
10571,resnet34,1.0,6
10572,densenet121,1.0,6
10573,vgg19,0.9938700985656802,16
10574,resnet34,1.0,6
10575,densenet121,1.0,6
10576,inceptionv3,1.0,10
10577,mobilenetv2,0.4648669037656601,6
10578,resnet34,1.0,6
10579,vgg16,1.0,13
10580,efficientnetb0,1.0,3
10581,inceptionv3,1.0,10
10582,vgg19,0.9938700985656802,16
10583,densenet121,1.0,6
10584,efficientnetb1,1.0,3
10585,resnet34,1.0,6
10586,efficientnetb0,1.0,3
10587,resnet34,0.8120702549228033,7
10588,vgg19,0.9938700985656802,16
10589,densenet161,1.0,6
10590,resnet34,1.0,6
10591,alexnet,0.2991244697200437,5
10592,resnet50,0.6400205520491736,8
10593,alexnet,0.293491136826713,4
10594,efficientnetb2,1.0,3
10595,efficientnetb2,1.0,3
10596,mobilenetv2,0.4648669037656601,6
10597,efficientnetb2,1.0,3
10598,densenet161,1.0,6
10599,resnet50,0.8017819857800019,7
10600,efficientnetb2,1.0,3
10601,mobilenetv2,0.4648669037656601,6
10602,alexnet,0.2991244697200437,5
10603,densenet121,1.0,6
10604,resnet18,0.9772814215247084,3
10605,efficientnetb2,1.0,3
10606,vgg16,0.8548072768189431,12
10607,vgg19,0.9938700985656802,16
10608,efficientnetb1,1.0,3
10609,inceptionv3,1.0,10
10610,inceptionv3,1.0,10
10611,mobilenetv2,0.4648669037656601,6
10612,resnet18,0.9772814215247084,3
10613,efficientnetb0,1.0,3
10614,resnet34,1.0,6
10615,resnet50,0.6400205520491736,8
10616,efficientnetb2,1.0,3
10617,resnet50,0.6400205520491736,8
10618,mobilenetv2,0.4685879196662824,7
10619,efficientnetb1,1.0,3
10620,efficientnetb2,1.0,3
10621,densenet121,1.0,6
10622,resnet50,0.6400205520491736,8
10623,vgg19,0.783629319224574,17
10624,densenet161,1.0,6
10625,densenet161,1.0,6
10626,resnet34,1.0,6
10627,mobilenetv2,0.4685879196662824,7
10628,vgg16,0.986973209346794,14
10629,mobilenetv2,0.4648669037656601,6
10630,efficientnetb2,1.0,3
10631,efficientnetb1,1.0,3
10632,vgg19,0.783629319224574,17
10633,resnet50,0.6400205520491736,8
10634,vgg16,0.986973209346794,14
10635,resnet18,0.9772814215247084,3
10636,inceptionv3,1.0,10
10637,densenet121,1.0,6
10638,vgg19,0.783629319224574,17
10639,mobilenetv2,0.4685879196662824,7
10640,densenet121,1.0,6
10641,densenet121,1.0,6
10642,efficientnetb1,1.0,3
10643,resnet18,0.9772814215247084,3
10644,alexnet,0.2991244697200437,5
10645,alexnet,0.2991244697200437,5
10646,efficientnetb0,1.0,3
10647,efficientnetb2,1.0,3
10648,efficientnetb1,1.0,3
10649,efficientnetb2,1.0,3
10650,resnet18,0.9772814215247084,3
10651,inceptionv3,1.0,10
10652,densenet161,1.0,6
10653,resnet18,0.9772814215247084,3
10654,vgg16,0.986973209346794,14
10655,resnet34,0.8120702549228033,7
10656,mobilenetv2,0.4648669037656601,6
10657,alexnet,0.2991244697200437,5
10658,densenet121,1.0,6
10659,efficientnetb1,1.0,3
10660,densenet121,1.0,6
10661,efficientnetb1,1.0,3
10662,vgg16,0.986973209346794,14
10663,mobilenetv2,0.4685879196662824,7
10664,inceptionv3,1.0,10
10665,vgg19,0.783629319224574,17
10666,mobilenetv2,0.4685879196662824,7
10667,efficientnetb1,1.0,3
10668,inceptionv3,1.0,10
10669,alexnet,0.2991244697200437,5
10670,resnet34,1.0,6
10671,efficientnetb0,1.0,3
10672,densenet121,1.0,6
10673,resnet50,0.6400205520491736,8
10674,densenet161,1.0,6
10675,efficientnetb2,1.0,3
10676,densenet161,1.0,6
10677,inceptionv3,1.0,10
10678,resnet18,0.9772814215247084,3
10679,resnet34,0.8120702549228033,7
10680,resnet18,0.9772814215247084,3
10681,resnet18,0.9772814215247084,3
10682,resnet50,0.8017819857800019,7
10683,vgg16,1.0,13
10684,vgg16,1.0,13
10685,resnet34,1.0,6
10686,densenet161,1.0,6
10687,densenet121,1.0,6
10688,mobilenetv2,0.4685879196662824,7
10689,densenet121,1.0,6
10690,resnet18,0.9772814215247084,3
10691,efficientnetb1,1.0,3
10692,resnet18,0.9772814215247084,3
10693,vgg16,1.0,13
10694,resnet34,1.0,6
10695,efficientnetb2,1.0,3
10696,resnet18,0.9772814215247084,3
10697,densenet121,1.0,6
10698,mobilenetv2,0.4648669037656601,6
10699,densenet121,1.0,6
10700,resnet50,0.6400205520491736,8
10701,mobilenetv2,0.4685879196662824,7
10702,alexnet,0.2991244697200437,5
10703,vgg16,1.0,13
10704,vgg16,1.0,13
10705,resnet18,0.9772814215247084,3
10706,efficientnetb1,1.0,3
10707,densenet161,1.0,6
10708,resnet18,0.9772814215247084,3
10709,vgg19,0.783629319224574,17
10710,efficientnetb1,1.0,3
10711,efficientnetb2,1.0,3
10712,efficientnetb2,1.0,3
10713,densenet161,1.0,6
10714,inceptionv3,1.0,10
10715,alexnet,0.2991244697200437,5
10716,densenet161,0.0018556587877228,3
10717,mobilenetv2,0.4648669037656601,6
10718,vgg19,0.783629319224574,17
10719,resnet34,1.0,6
10720,densenet121,1.0,6
10721,efficientnetb2,1.0,3
10722,resnet18,0.9772814215247084,3
10723,resnet34,1.0,6
10724,densenet121,1.0,6
10725,resnet34,1.0,6
10726,densenet121,1.0,6
10727,resnet34,1.0,6
10728,efficientnetb1,1.0,3
10729,vgg16,1.0,13
10730,inceptionv3,1.0,10
10731,inceptionv3,1.0,10
10732,efficientnetb0,1.0,3
10733,alexnet,0.2991244697200437,5
10734,alexnet,0.293491136826713,4
10735,vgg19,0.9938700985656802,16
10736,resnet18,0.9772814215247084,3
10737,densenet161,1.0,6
10738,vgg19,0.9938700985656802,16
10739,efficientnetb1,1.0,3
10740,efficientnetb2,1.0,3
10741,resnet50,0.6400205520491736,8
10742,efficientnetb1,1.0,3
10743,resnet34,1.0,6
10744,resnet34,1.0,6
10745,resnet50,0.8017819857800019,7
10746,alexnet,0.293491136826713,4
10747,alexnet,0.293491136826713,4
10748,vgg16,1.0,13
10749,efficientnetb0,1.0,3
10750,efficientnetb1,1.0,3
10751,densenet121,1.0,6
10752,vgg16,1.0,13
10753,densenet121,1.0,6
10754,efficientnetb2,1.0,3
10755,vgg19,0.9938700985656802,16
10756,mobilenetv2,0.4648669037656601,6
10757,efficientnetb0,1.0,3
10758,alexnet,0.293491136826713,4
10759,efficientnetb1,1.0,3
10760,mobilenetv2,0.4648669037656601,6
10761,vgg16,0.8548072768189431,12
10762,mobilenetv2,0.4648669037656601,6
10763,efficientnetb0,1.0,3
10764,densenet161,1.0,6
10765,vgg19,0.9938700985656802,16
10766,densenet161,1.0,6
10767,mobilenetv2,0.4648669037656601,6
10768,inceptionv3,1.0,10
10769,vgg19,0.9938700985656802,16
10770,resnet34,1.0,6
10771,efficientnetb0,1.0,3
10772,densenet121,0.4858756243316292,5
10773,mobilenetv2,0.4685879196662824,7
10774,vgg16,1.0,13
10775,inceptionv3,1.0,10
10776,vgg19,0.9938700985656802,16
10777,alexnet,0.2991244697200437,5
10778,mobilenetv2,0.4648669037656601,6
10779,densenet161,1.0,6
10780,vgg16,1.0,13
10781,resnet34,1.0,6
10782,vgg19,0.9938700985656802,16
10783,densenet121,1.0,6
10784,vgg16,1.0,13
10785,vgg16,0.986973209346794,14
10786,efficientnetb1,1.0,3
10787,resnet50,0.8017819857800019,7
10788,vgg16,1.0,13
10789,efficientnetb0,1.0,3
10790,vgg19,0.9938700985656802,16
10791,densenet121,1.0,6
10792,mobilenetv2,0.4685879196662824,7
10793,vgg19,0.9938700985656802,16
10794,resnet34,1.0,6
10795,densenet161,1.0,6
10796,resnet50,0.6400205520491736,8
10797,mobilenetv2,0.4685879196662824,7
10798,efficientnetb0,1.0,3
10799,efficientnetb2,1.0,3
10800,efficientnetb2,1.0,3
10801,resnet50,0.6400205520491736,8
10802,densenet161,1.0,6
10803,alexnet,0.2991244697200437,5
10804,resnet18,0.9772814215247084,3
10805,mobilenetv2,0.4685879196662824,7
10806,alexnet,0.293491136826713,4
10807,resnet18,0.9772814215247084,3
10808,mobilenetv2,0.4648669037656601,6
10809,alexnet,0.2991244697200437,5
10810,densenet161,1.0,6
10811,vgg16,0.986973209346794,14
10812,mobilenetv2,0.4648669037656601,6
10813,resnet34,1.0,6
10814,densenet161,1.0,6
10815,densenet121,1.0,6
10816,inceptionv3,1.0,10
10817,densenet161,1.0,6
10818,alexnet,0.293491136826713,4
10819,densenet161,1.0,6
10820,vgg19,0.783629319224574,17
10821,resnet34,1.0,6
10822,efficientnetb0,1.0,3
10823,densenet161,1.0,6
10824,densenet161,1.0,6
10825,densenet161,1.0,6
10826,inceptionv3,1.0,10
10827,resnet34,1.0,6
10828,mobilenetv2,0.4685879196662824,7
10829,inceptionv3,1.0,10
10830,vgg19,0.783629319224574,17
10831,inceptionv3,1.0,10
10832,resnet18,0.9772814215247084,3
10833,vgg16,1.0,13
10834,mobilenetv2,0.4685879196662824,7
10835,mobilenetv2,0.4685879196662824,7
10836,resnet34,1.0,6
10837,efficientnetb0,1.0,3
10838,vgg16,0.986973209346794,14
10839,efficientnetb1,1.0,3
10840,efficientnetb2,1.0,3
10841,efficientnetb1,1.0,3
10842,resnet18,0.9772814215247084,3
10843,efficientnetb1,1.0,3
10844,alexnet,0.2991244697200437,5
10845,efficientnetb0,1.0,3
10846,resnet50,0.6400205520491736,8
10847,efficientnetb1,1.0,3
10848,mobilenetv2,0.4685879196662824,7
10849,densenet121,1.0,6
10850,inceptionv3,1.0,10
10851,resnet18,0.9772814215247084,3
10852,resnet50,0.6400205520491736,8
10853,densenet161,1.0,6
10854,efficientnetb2,1.0,3
10855,inceptionv3,1.0,10
10856,vgg19,0.783629319224574,17
10857,alexnet,0.2991244697200437,5
10858,vgg16,0.986973209346794,14
10859,efficientnetb2,1.0,3
10860,efficientnetb2,1.0,3
10861,inceptionv3,1.0,10
10862,densenet121,1.0,6
10863,vgg19,0.783629319224574,17
10864,efficientnetb1,1.0,3
10865,inceptionv3,1.0,10
10866,vgg19,0.783629319224574,17
10867,mobilenetv2,0.4648669037656601,6
10868,alexnet,0.2991244697200437,5
10869,inceptionv3,1.0,10
10870,densenet161,1.0,6
10871,resnet34,1.0,6
10872,efficientnetb2,1.0,3
10873,densenet161,1.0,6
10874,densenet161,1.0,6
10875,efficientnetb2,1.0,3
10876,vgg16,1.0,13
10877,efficientnetb1,1.0,3
10878,efficientnetb2,1.0,3
10879,alexnet,0.293491136826713,4
10880,vgg19,0.9938700985656802,16
10881,alexnet,0.293491136826713,4
10882,efficientnetb2,1.0,3
10883,efficientnetb1,1.0,3
10884,densenet161,1.0,6
10885,vgg19,0.9938700985656802,16
10886,resnet34,0.8527581774225047,5
10887,resnet34,1.0,6
10888,resnet50,0.6400205520491736,8
10889,efficientnetb1,1.0,3
10890,mobilenetv2,0.4648669037656601,6
10891,resnet18,0.9772814215247084,3
10892,alexnet,0.293491136826713,4
10893,resnet50,0.8017819857800019,7
10894,efficientnetb2,1.0,3
10895,vgg16,1.0,13
10896,vgg19,0.9938700985656802,16
10897,resnet50,0.6400205520491736,8
10898,alexnet,0.293491136826713,4
10899,resnet34,1.0,6
10900,inceptionv3,1.0,10
10901,efficientnetb0,1.0,3
10902,efficientnetb1,1.0,3
10903,densenet121,1.0,6
10904,inceptionv3,1.0,10
10905,densenet121,1.0,6
10906,vgg16,0.986973209346794,14
10907,mobilenetv2,0.4648669037656601,6
10908,resnet18,0.9772814215247084,3
10909,resnet50,0.6400205520491736,8
10910,densenet121,1.0,6
10911,inceptionv3,1.0,10
10912,alexnet,0.2991244697200437,5
10913,resnet18,0.9772814215247084,3
10914,mobilenetv2,0.4685879196662824,7
10915,densenet121,1.0,6
10916,resnet50,0.6400205520491736,8
10917,densenet121,1.0,6
10918,vgg16,0.986973209346794,14
10919,efficientnetb2,1.0,3
10920,resnet50,0.6400205520491736,8
10921,efficientnetb2,1.0,3
10922,mobilenetv2,0.4648669037656601,6
10923,inceptionv3,1.0,10
10924,vgg16,0.986973209346794,14
10925,densenet161,1.0,6
10926,resnet50,0.6400205520491736,8
10927,densenet121,1.0,6
10928,resnet34,1.0,6
10929,resnet50,0.6400205520491736,8
10930,vgg16,0.986973209346794,14
10931,efficientnetb2,1.0,3
10932,efficientnetb1,1.0,3
10933,mobilenetv2,0.4685879196662824,7
10934,vgg19,0.783629319224574,17
10935,efficientnetb2,1.0,3
10936,inceptionv3,1.0,10
10937,vgg19,0.9938700985656802,16
10938,efficientnetb0,1.0,3
10939,resnet18,0.9772814215247084,3
10940,densenet161,1.0,6
10941,densenet161,1.0,6
10942,densenet121,1.0,6
10943,densenet161,1.0,6
10944,vgg16,0.986973209346794,14
10945,efficientnetb1,1.0,3
10946,efficientnetb1,1.0,3
10947,densenet121,1.0,6
10948,inceptionv3,1.0,10
10949,resnet50,0.6400205520491736,8
10950,densenet121,1.0,6
10951,resnet50,0.6400205520491736,8
10952,vgg19,0.9938700985656802,16
10953,efficientnetb1,1.0,3
10954,mobilenetv2,0.4685879196662824,7
10955,densenet121,1.0,6
10956,efficientnetb2,1.0,3
10957,densenet121,1.0,6
10958,inceptionv3,1.0,10
10959,alexnet,0.2991244697200437,5
10960,efficientnetb0,1.0,3
10961,vgg19,0.783629319224574,17
10962,densenet161,1.0,6
10963,efficientnetb2,1.0,3
10964,resnet18,0.9772814215247084,3
10965,efficientnetb2,1.0,3
10966,efficientnetb2,1.0,3
10967,resnet34,0.8120702549228033,7
10968,mobilenetv2,0.4648669037656601,6
10969,densenet161,1.0,6
10970,efficientnetb0,1.0,3
10971,efficientnetb2,1.0,3
10972,efficientnetb2,1.0,3
10973,efficientnetb0,1.0,3
10974,inceptionv3,1.0,10
10975,vgg16,0.986973209346794,14
10976,densenet161,1.0,6
10977,densenet121,1.0,6
10978,inceptionv3,1.0,10
10979,resnet50,0.6400205520491736,8
10980,densenet161,1.0,6
10981,vgg16,0.986973209346794,14
10982,mobilenetv2,0.4685879196662824,7
10983,mobilenetv2,0.4685879196662824,7
10984,efficientnetb2,1.0,3
10985,vgg16,0.986973209346794,14
10986,resnet18,0.9772814215247084,3
10987,efficientnetb0,1.0,3
10988,densenet121,1.0,6
10989,vgg16,0.986973209346794,14
10990,efficientnetb1,1.0,3
10991,alexnet,0.293491136826713,4
10992,efficientnetb0,1.0,3
10993,inceptionv3,1.0,10
10994,alexnet,0.2991244697200437,5
10995,efficientnetb0,1.0,3
10996,inceptionv3,1.0,10
10997,efficientnetb0,1.0,3
10998,densenet121,1.0,6
10999,densenet121,1.0,6
11000,inceptionv3,1.0,10
11001,densenet161,1.0,6
11002,efficientnetb2,1.0,3
11003,resnet34,1.0,6
11004,efficientnetb1,1.0,3
11005,vgg16,0.986973209346794,14
11006,vgg19,0.783629319224574,17
11007,vgg16,0.986973209346794,14
11008,efficientnetb1,1.0,3
11009,inceptionv3,1.0,10
11010,resnet50,0.6400205520491736,8
11011,efficientnetb0,1.0,3
11012,alexnet,0.2991244697200437,5
11013,inceptionv3,1.0,10
11014,resnet34,0.8120702549228033,7
11015,efficientnetb2,1.0,3
11016,densenet161,1.0,6
11017,mobilenetv2,0.4685879196662824,7
11018,resnet50,0.6400205520491736,8
11019,mobilenetv2,0.4685879196662824,7
11020,densenet121,1.0,6
11021,alexnet,0.2991244697200437,5
11022,inceptionv3,1.0,10
11023,densenet121,1.0,6
11024,resnet34,1.0,6
11025,vgg16,0.986973209346794,14
11026,vgg19,0.783629319224574,17
11027,efficientnetb1,1.0,3
11028,resnet34,1.0,6
11029,densenet161,1.0,6
11030,resnet50,0.6400205520491736,8
11031,efficientnetb2,1.0,3
11032,densenet161,1.0,6
11033,efficientnetb1,1.0,3
11034,resnet50,0.6400205520491736,8
11035,vgg16,0.986973209346794,14
11036,vgg19,0.783629319224574,17
11037,resnet50,0.6400205520491736,8
11038,mobilenetv2,0.4685879196662824,7
11039,resnet18,0.9772814215247084,3
11040,mobilenetv2,0.4685879196662824,7
11041,inceptionv3,1.0,10
11042,resnet34,0.8120702549228033,7
11043,efficientnetb1,1.0,3
11044,vgg16,0.986973209346794,14
11045,efficientnetb2,1.0,3
11046,inceptionv3,1.0,10
11047,densenet121,1.0,6
11048,efficientnetb0,1.0,3
11049,alexnet,0.2991244697200437,5
11050,alexnet,0.2991244697200437,5
11051,densenet121,1.0,6
11052,inceptionv3,1.0,10
11053,alexnet,0.293491136826713,4
11054,mobilenetv2,0.4685879196662824,7
11055,efficientnetb2,1.0,3
11056,densenet161,1.0,6
11057,densenet161,1.0,6
11058,resnet34,0.3385797164144236,2
11059,densenet121,1.0,6
11060,efficientnetb2,1.0,3
11061,resnet34,1.0,6
11062,efficientnetb1,1.0,3
11063,resnet34,1.0,6
11064,densenet161,1.0,6
11065,vgg16,0.986973209346794,14
11066,efficientnetb1,1.0,3
11067,efficientnetb1,1.0,3
11068,vgg19,0.9938700985656802,16
11069,resnet34,1.0,6
11070,efficientnetb2,1.0,3
11071,resnet34,1.0,6
11072,efficientnetb2,1.0,3
11073,densenet121,1.0,6
11074,resnet50,0.6400205520491736,8
11075,vgg16,1.0,13
11076,inceptionv3,1.0,10
11077,mobilenetv2,0.4648669037656601,6
11078,mobilenetv2,0.4685879196662824,7
11079,alexnet,0.293491136826713,4
11080,resnet18,0.9772814215247084,3
11081,inceptionv3,1.0,10
11082,alexnet,0.2991244697200437,5
11083,resnet34,1.0,6
11084,resnet18,0.9772814215247084,3
11085,alexnet,0.2991244697200437,5
11086,resnet18,0.9772814215247084,3
11087,densenet161,1.0,6
11088,efficientnetb2,1.0,3
11089,mobilenetv2,0.4648669037656601,6
11090,efficientnetb2,1.0,3
11091,resnet18,0.9772814215247084,3
11092,densenet121,1.0,6
11093,efficientnetb2,1.0,3
11094,resnet50,0.6400205520491736,8
11095,efficientnetb0,1.0,3
11096,resnet18,0.9772814215247084,3
11097,inceptionv3,1.0,10
11098,vgg16,1.0,13
11099,resnet50,0.6400205520491736,8
11100,densenet161,1.0,6
11101,mobilenetv2,0.4648669037656601,6
11102,densenet161,1.0,6
11103,densenet121,1.0,6
11104,alexnet,0.293491136826713,4
11105,inceptionv3,1.0,10
11106,mobilenetv2,0.4648669037656601,6
11107,mobilenetv2,0.4648669037656601,6
11108,resnet34,1.0,6
11109,resnet34,1.0,6
11110,densenet161,1.0,6
11111,densenet161,1.0,6
11112,densenet161,1.0,6
11113,alexnet,0.293491136826713,4
11114,densenet161,1.0,6
11115,efficientnetb1,1.0,3
11116,resnet18,0.9772814215247084,3
11117,resnet18,0.9772814215247084,3
11118,vgg16,0.986973209346794,14
11119,efficientnetb1,1.0,3
11120,densenet121,0.4858756243316292,5
11121,alexnet,0.293491136826713,4
11122,vgg19,0.9938700985656802,16
11123,alexnet,0.293491136826713,4
11124,inceptionv3,1.0,10
11125,efficientnetb2,1.0,3
11126,resnet34,1.0,6
11127,densenet121,1.0,6
11128,densenet121,1.0,6
11129,densenet161,1.0,6
11130,resnet34,1.0,6
11131,efficientnetb1,1.0,3
11132,efficientnetb1,1.0,3
11133,resnet34,1.0,6
11134,efficientnetb0,1.0,3
11135,vgg16,1.0,13
11136,alexnet,0.293491136826713,4
11137,densenet161,1.0,6
11138,densenet121,1.0,6
11139,densenet161,1.0,6
11140,efficientnetb0,1.0,3
11141,efficientnetb1,1.0,3
11142,resnet34,1.0,6
11143,efficientnetb1,1.0,3
11144,efficientnetb2,1.0,3
11145,densenet161,1.0,6
11146,resnet18,0.9772814215247084,3
11147,resnet34,1.0,6
11148,alexnet,0.293491136826713,4
11149,efficientnetb0,1.0,3
11150,alexnet,0.293491136826713,4
11151,densenet121,1.0,6
11152,efficientnetb1,1.0,3
11153,vgg19,0.9938700985656802,16
11154,efficientnetb0,1.0,3
11155,inceptionv3,1.0,10
11156,vgg16,1.0,13
11157,efficientnetb2,1.0,3
11158,densenet121,1.0,6
11159,densenet161,1.0,6
11160,inceptionv3,1.0,10
11161,densenet161,1.0,6
11162,efficientnetb1,1.0,3
11163,efficientnetb2,1.0,3
11164,vgg19,0.9938700985656802,16
11165,densenet161,1.0,6
11166,resnet34,1.0,6
11167,densenet121,1.0,6
11168,alexnet,0.2991244697200437,5
11169,mobilenetv2,0.4648669037656601,6
11170,vgg16,1.0,13
11171,resnet34,1.0,6
11172,resnet18,0.9772814215247084,3
11173,densenet161,1.0,6
11174,vgg19,0.9938700985656802,16
11175,densenet161,1.0,6
11176,resnet18,0.9772814215247084,3
11177,efficientnetb0,1.0,3
11178,resnet18,0.9772814215247084,3
11179,efficientnetb1,1.0,3
11180,efficientnetb2,1.0,3
11181,vgg19,0.9938700985656802,16
11182,efficientnetb1,1.0,3
11183,resnet34,1.0,6
11184,efficientnetb2,1.0,3
11185,densenet161,1.0,6
11186,mobilenetv2,0.4648669037656601,6
11187,vgg16,0.8548072768189431,12
11188,resnet34,1.0,6
11189,resnet34,1.0,6
11190,densenet121,1.0,6
11191,densenet121,1.0,6
11192,efficientnetb2,1.0,3
11193,efficientnetb2,1.0,3
11194,resnet34,1.0,6
11195,vgg19,0.9938700985656802,16
11196,resnet50,0.8017819857800019,7
11197,densenet161,1.0,6
11198,resnet50,0.6400205520491736,8
11199,mobilenetv2,0.4685879196662824,7
11200,efficientnetb1,1.0,3
11201,resnet18,0.9772814215247084,3
11202,vgg16,0.8548072768189431,12
11203,resnet34,1.0,6
11204,resnet34,1.0,6
11205,inceptionv3,1.0,10
11206,efficientnetb2,1.0,3
11207,densenet161,1.0,6
11208,mobilenetv2,0.4648669037656601,6
11209,mobilenetv2,0.4648669037656601,6
11210,resnet18,0.9772814215247084,3
11211,mobilenetv2,0.4648669037656601,6
11212,efficientnetb1,1.0,3
11213,densenet161,1.0,6
11214,inceptionv3,1.0,10
11215,resnet50,0.6400205520491736,8
11216,densenet121,1.0,6
11217,densenet161,1.0,6
11218,vgg16,1.0,13
11219,resnet18,0.9772814215247084,3
11220,resnet18,0.9772814215247084,3
11221,efficientnetb0,1.0,3
11222,alexnet,0.2991244697200437,5
11223,alexnet,0.293491136826713,4
11224,vgg19,0.9938700985656802,16
11225,vgg16,1.0,13
11226,vgg19,0.9938700985656802,16
11227,efficientnetb2,1.0,3
11228,mobilenetv2,0.4648669037656601,6
11229,mobilenetv2,0.4648669037656601,6
11230,efficientnetb0,1.0,3
11231,alexnet,0.293491136826713,4
11232,resnet50,0.6400205520491736,8
11233,inceptionv3,1.0,10
11234,vgg19,0.9938700985656802,16
11235,densenet121,1.0,6
11236,inceptionv3,1.0,10
11237,efficientnetb1,1.0,3
11238,resnet18,0.9772814215247084,3
11239,inceptionv3,1.0,10
11240,efficientnetb0,1.0,3
11241,resnet18,0.9772814215247084,3
11242,densenet161,1.0,6
11243,vgg16,0.986973209346794,14
11244,vgg19,0.9938700985656802,16
11245,resnet50,0.6400205520491736,8
11246,vgg19,0.9938700985656802,16
11247,resnet50,0.6400205520491736,8
11248,alexnet,0.2991244697200437,5
11249,resnet50,0.6400205520491736,8
11250,efficientnetb0,1.0,3
11251,vgg16,0.986973209346794,14
11252,mobilenetv2,0.4648669037656601,6
11253,resnet34,1.0,6
11254,efficientnetb0,1.0,3
11255,efficientnetb1,1.0,3
11256,efficientnetb2,1.0,3
11257,inceptionv3,1.0,10
11258,resnet34,0.8120702549228033,7
11259,alexnet,0.2991244697200437,5
11260,densenet161,1.0,6
11261,resnet50,0.6400205520491736,8
11262,densenet161,1.0,6
11263,resnet50,0.6400205520491736,8
11264,inceptionv3,1.0,10
11265,inceptionv3,1.0,10
11266,resnet50,0.6400205520491736,8
11267,efficientnetb1,1.0,3
11268,efficientnetb1,1.0,3
11269,resnet50,0.6400205520491736,8
11270,inceptionv3,1.0,10
11271,efficientnetb0,1.0,3
11272,alexnet,0.2991244697200437,5
11273,efficientnetb0,1.0,3
11274,inceptionv3,1.0,10
11275,mobilenetv2,0.4685879196662824,7
11276,efficientnetb2,1.0,3
11277,inceptionv3,1.0,10
11278,resnet18,0.9772814215247084,3
11279,vgg19,0.783629319224574,17
11280,mobilenetv2,0.4685879196662824,7
11281,resnet34,0.8120702549228033,7
11282,vgg16,0.986973209346794,14
11283,resnet34,0.8120702549228033,7
11284,densenet161,1.0,6
11285,resnet50,0.6400205520491736,8
11286,efficientnetb0,1.0,3
11287,densenet161,1.0,6
11288,resnet34,0.8120702549228033,7
11289,inceptionv3,1.0,10
11290,mobilenetv2,0.4685879196662824,7
11291,efficientnetb2,1.0,3
11292,vgg19,0.783629319224574,17
11293,vgg19,0.9938700985656802,16
11294,mobilenetv2,0.4685879196662824,7
11295,inceptionv3,1.0,10
11296,resnet18,0.9772814215247084,3
11297,densenet161,1.0,6
11298,densenet121,1.0,6
11299,resnet50,0.6400205520491736,8
11300,resnet50,0.6400205520491736,8
11301,alexnet,0.2991244697200437,5
11302,resnet18,0.9772814215247084,3
11303,resnet50,0.6400205520491736,8
11304,densenet161,1.0,6
11305,vgg19,0.9938700985656802,16
11306,vgg16,0.986973209346794,14
11307,efficientnetb0,1.0,3
11308,mobilenetv2,0.4685879196662824,7
11309,inceptionv3,1.0,10
11310,vgg16,0.986973209346794,14
11311,vgg19,0.9938700985656802,16
11312,resnet34,1.0,6
11313,resnet50,0.6400205520491736,8
11314,densenet121,1.0,6
11315,vgg19,0.783629319224574,17
11316,efficientnetb2,1.0,3
11317,efficientnetb2,1.0,3
11318,resnet18,0.9772814215247084,3
11319,mobilenetv2,0.4685879196662824,7
11320,resnet50,0.6400205520491736,8
11321,resnet50,0.6400205520491736,8
11322,efficientnetb0,1.0,3
11323,densenet121,1.0,6
11324,resnet50,0.6400205520491736,8
11325,resnet18,0.9772814215247084,3
11326,mobilenetv2,0.4648669037656601,6
11327,resnet50,0.6400205520491736,8
11328,densenet121,1.0,6
11329,densenet121,1.0,6
11330,densenet121,1.0,6
11331,densenet161,1.0,6
11332,efficientnetb0,1.0,3
11333,resnet50,0.6400205520491736,8
11334,efficientnetb2,1.0,3
11335,vgg19,0.9938700985656802,16
11336,alexnet,0.2991244697200437,5
11337,densenet161,1.0,6
11338,mobilenetv2,0.4648669037656601,6
11339,resnet50,0.6400205520491736,8
11340,alexnet,0.2991244697200437,5
11341,resnet34,1.0,6
11342,resnet50,0.6400205520491736,8
11343,efficientnetb0,1.0,3
11344,inceptionv3,1.0,10
11345,inceptionv3,1.0,10
11346,vgg19,0.9938700985656802,16
11347,vgg19,0.9938700985656802,16
11348,densenet121,0.4858756243316292,5
11349,resnet50,0.6400205520491736,8
11350,mobilenetv2,0.4648669037656601,6
11351,densenet121,1.0,6
11352,alexnet,0.293491136826713,4
11353,densenet121,1.0,6
11354,resnet50,0.6400205520491736,8
11355,alexnet,0.2991244697200437,5
11356,efficientnetb2,1.0,3
11357,efficientnetb2,1.0,3
11358,mobilenetv2,0.4648669037656601,6
11359,efficientnetb1,1.0,3
11360,alexnet,0.293491136826713,4
11361,efficientnetb2,1.0,3
11362,resnet34,1.0,6
11363,resnet50,0.6400205520491736,8
11364,efficientnetb2,1.0,3
11365,efficientnetb0,1.0,3
11366,vgg16,0.8548072768189431,12
11367,densenet121,1.0,6
11368,densenet121,1.0,6
11369,efficientnetb2,1.0,3
11370,resnet34,1.0,6
11371,efficientnetb0,0.0,1
11372,vgg16,1.0,13
11373,resnet34,1.0,6
11374,resnet34,1.0,6
11375,vgg19,0.9938700985656802,16
11376,vgg19,0.9938700985656802,16
11377,alexnet,0.2991244697200437,5
11378,vgg16,0.8548072768189431,12
11379,efficientnetb0,1.0,3
11380,efficientnetb1,1.0,3
11381,mobilenetv2,0.4648669037656601,6
11382,resnet34,1.0,6
11383,densenet121,1.0,6
11384,densenet161,1.0,6
11385,efficientnetb2,1.0,3
11386,resnet18,0.9772814215247084,3
11387,efficientnetb0,1.0,3
11388,efficientnetb1,1.0,3
11389,resnet50,0.6400205520491736,8
11390,efficientnetb1,1.0,3
11391,efficientnetb2,1.0,3
11392,densenet161,1.0,6
11393,resnet34,1.0,6
11394,vgg19,0.9938700985656802,16
11395,resnet50,0.6400205520491736,8
11396,resnet50,0.8017819857800019,7
11397,efficientnetb2,1.0,3
11398,densenet121,0.4858756243316292,5
11399,resnet50,0.6400205520491736,8
11400,resnet18,0.9772814215247084,3
11401,vgg16,0.8548072768189431,12
11402,inceptionv3,1.0,10
11403,alexnet,0.293491136826713,4
11404,efficientnetb0,1.0,3
11405,vgg19,0.9938700985656802,16
11406,densenet121,0.4858756243316292,5
11407,resnet34,1.0,6
11408,resnet34,1.0,6
11409,resnet34,1.0,6
11410,mobilenetv2,0.4648669037656601,6
11411,efficientnetb0,1.0,3
11412,efficientnetb0,1.0,3
11413,vgg16,0.8548072768189431,12
11414,resnet18,0.9772814215247084,3
11415,inceptionv3,1.0,10
11416,efficientnetb0,1.0,3
11417,efficientnetb0,1.0,3
11418,vgg16,0.8548072768189431,12
11419,efficientnetb0,1.0,3
11420,vgg19,0.9938700985656802,16
11421,resnet50,0.8017819857800019,7
11422,efficientnetb2,1.0,3
11423,mobilenetv2,0.4648669037656601,6
11424,alexnet,0.293491136826713,4
11425,alexnet,0.293491136826713,4
11426,resnet50,0.6400205520491736,8
11427,efficientnetb0,1.0,3
11428,efficientnetb1,1.0,3
11429,vgg16,0.8548072768189431,12
11430,resnet18,0.9772814215247084,3
11431,resnet50,0.8017819857800019,7
11432,vgg16,0.8548072768189431,12
11433,resnet34,1.0,6
11434,densenet121,0.4858756243316292,5
11435,efficientnetb0,1.0,3
11436,inceptionv3,1.0,10
11437,resnet34,0.8527581774225047,5
11438,alexnet,0.2991244697200437,5
11439,vgg19,0.9938700985656802,16
11440,vgg16,1.0,13
11441,efficientnetb2,1.0,3
11442,efficientnetb0,1.0,3
11443,vgg19,0.9938700985656802,16
11444,inceptionv3,1.0,10
11445,alexnet,0.2991244697200437,5
11446,resnet50,0.8017819857800019,7
11447,efficientnetb2,1.0,3
11448,inceptionv3,1.0,10
11449,densenet161,1.0,6
11450,vgg16,0.986973209346794,14
11451,efficientnetb1,1.0,3
11452,resnet34,1.0,6
11453,alexnet,0.293491136826713,4
11454,densenet161,1.0,6
11455,vgg19,0.9938700985656802,16
11456,resnet18,0.9772814215247084,3
11457,resnet50,0.6400205520491736,8
11458,resnet34,1.0,6
11459,efficientnetb1,1.0,3
11460,efficientnetb1,1.0,3
11461,resnet34,1.0,6
11462,efficientnetb2,1.0,3
11463,efficientnetb2,1.0,3
11464,efficientnetb0,1.0,3
11465,efficientnetb1,1.0,3
11466,resnet18,0.9772814215247084,3
11467,vgg19,0.9938700985656802,16
11468,vgg16,0.8548072768189431,12
11469,vgg16,1.0,13
11470,efficientnetb2,1.0,3
11471,resnet50,0.6400205520491736,8
11472,resnet34,1.0,6
11473,efficientnetb1,1.0,3
11474,efficientnetb2,1.0,3
11475,mobilenetv2,0.4685879196662824,7
11476,resnet34,1.0,6
11477,densenet121,0.4858756243316292,5
11478,efficientnetb0,1.0,3
11479,resnet34,1.0,6
11480,resnet18,0.9772814215247084,3
11481,inceptionv3,1.0,10
11482,vgg19,0.783629319224574,17
11483,efficientnetb0,1.0,3
11484,efficientnetb1,1.0,3
11485,resnet18,0.9772814215247084,3
11486,resnet50,0.6400205520491736,8
11487,vgg19,0.9938700985656802,16
11488,densenet161,1.0,6
11489,inceptionv3,1.0,10
11490,mobilenetv2,0.4648669037656601,6
11491,resnet34,1.0,6
11492,densenet121,1.0,6
11493,densenet121,1.0,6
11494,inceptionv3,1.0,10
11495,inceptionv3,1.0,10
11496,alexnet,0.293491136826713,4
11497,densenet121,1.0,6
11498,mobilenetv2,0.4648669037656601,6
11499,densenet161,1.0,6
11500,resnet18,0.9772814215247084,3
11501,densenet161,1.0,6
11502,inceptionv3,1.0,10
11503,vgg19,0.9938700985656802,16
11504,efficientnetb2,1.0,3
11505,efficientnetb0,1.0,3
11506,densenet121,1.0,6
11507,efficientnetb1,1.0,3
11508,efficientnetb0,1.0,3
11509,efficientnetb0,1.0,3
11510,resnet50,0.6400205520491736,8
11511,densenet121,1.0,6
11512,vgg16,0.8548072768189431,12
11513,efficientnetb1,1.0,3
11514,densenet161,1.0,6
11515,efficientnetb2,1.0,3
11516,densenet121,1.0,6
11517,densenet161,1.0,6
11518,resnet34,1.0,6
11519,densenet161,1.0,6
11520,resnet34,1.0,6
11521,densenet121,1.0,6
11522,mobilenetv2,0.4648669037656601,6
11523,mobilenetv2,0.4648669037656601,6
11524,efficientnetb0,1.0,3
11525,mobilenetv2,0.4648669037656601,6
11526,densenet161,1.0,6
11527,resnet34,1.0,6
11528,densenet161,1.0,6
11529,mobilenetv2,0.4648669037656601,6
11530,resnet34,1.0,6
11531,efficientnetb0,1.0,3
11532,efficientnetb0,1.0,3
11533,inceptionv3,1.0,10
11534,resnet34,1.0,6
11535,resnet18,0.9772814215247084,3
11536,densenet161,1.0,6
11537,densenet161,1.0,6
11538,alexnet,0.2991244697200437,5
11539,resnet34,1.0,6
11540,mobilenetv2,0.4685879196662824,7
11541,efficientnetb0,1.0,3
11542,vgg19,0.9938700985656802,16
11543,inceptionv3,1.0,10
11544,efficientnetb1,1.0,3
11545,densenet121,1.0,6
11546,inceptionv3,1.0,10
11547,inceptionv3,1.0,10
11548,vgg19,0.9938700985656802,16
11549,efficientnetb1,1.0,3
11550,vgg16,0.8548072768189431,12
11551,alexnet,0.2991244697200437,5
11552,efficientnetb0,1.0,3
11553,mobilenetv2,0.4685879196662824,7
11554,inceptionv3,1.0,10
11555,vgg19,0.9938700985656802,16
11556,vgg16,0.986973209346794,14
11557,vgg19,0.783629319224574,17
11558,vgg16,0.986973209346794,14
11559,vgg16,0.7391812735874347,15
11560,densenet161,1.0,6
11561,alexnet,0.2991244697200437,5
11562,resnet50,0.4611727687596107,9
11563,mobilenetv2,0.4685879196662824,7
11564,mobilenetv2,0.4685879196662824,7
11565,resnet50,0.6400205520491736,8
11566,efficientnetb1,1.0,3
11567,densenet121,1.0,6
11568,alexnet,0.2991244697200437,5
11569,vgg16,1.0,13
11570,vgg16,0.8548072768189431,12
11571,resnet18,0.9772814215247084,3
11572,mobilenetv2,0.4648669037656601,6
11573,resnet34,0.8120702549228033,7
11574,densenet161,1.0,6
11575,alexnet,0.293491136826713,4
11576,inceptionv3,1.0,10
11577,efficientnetb0,1.0,3
11578,vgg19,0.9938700985656802,16
11579,inceptionv3,1.0,10
11580,alexnet,0.293491136826713,4
11581,densenet121,1.0,6
11582,densenet161,1.0,6
11583,efficientnetb1,1.0,3
11584,vgg16,1.0,13
11585,efficientnetb1,1.0,3
11586,densenet161,1.0,6
11587,vgg19,0.9938700985656802,16
11588,resnet50,0.6400205520491736,8
11589,densenet121,1.0,6
11590,densenet161,1.0,6
11591,resnet34,1.0,6
11592,efficientnetb1,1.0,3
11593,mobilenetv2,0.4685879196662824,7
11594,resnet50,0.6400205520491736,8
11595,mobilenetv2,0.4685879196662824,7
11596,efficientnetb0,0.6801221238861833,4
11597,efficientnetb2,1.0,3
11598,densenet161,1.0,6
11599,resnet50,0.6400205520491736,8
11600,densenet161,1.0,6
11601,efficientnetb2,1.0,3
11602,densenet161,1.0,6
11603,mobilenetv2,0.4648669037656601,6
11604,resnet34,1.0,6
11605,vgg19,0.9938700985656802,16
11606,inceptionv3,1.0,10
11607,resnet50,0.6400205520491736,8
11608,efficientnetb1,1.0,3
11609,efficientnetb2,1.0,3
11610,efficientnetb1,1.0,3
11611,densenet121,1.0,6
11612,densenet121,1.0,6
11613,resnet18,0.9772814215247084,3
11614,densenet121,0.4858756243316292,5
11615,vgg19,0.9938700985656802,16
11616,efficientnetb0,1.0,3
11617,alexnet,0.2991244697200437,5
11618,efficientnetb2,1.0,3
11619,densenet161,1.0,6
11620,resnet34,1.0,6
11621,vgg16,1.0,13
11622,efficientnetb2,1.0,3
11623,inceptionv3,1.0,10
11624,mobilenetv2,0.4685879196662824,7
11625,resnet34,1.0,6
11626,alexnet,0.2991244697200437,5
11627,efficientnetb1,1.0,3
11628,efficientnetb2,1.0,3
11629,resnet50,0.8017819857800019,7
11630,resnet50,0.8017819857800019,7
11631,resnet34,1.0,6
11632,vgg16,0.8548072768189431,12
11633,efficientnetb0,1.0,3
11634,efficientnetb2,1.0,3
11635,inceptionv3,1.0,10
11636,efficientnetb2,1.0,3
11637,efficientnetb0,1.0,3
11638,inceptionv3,1.0,10
11639,resnet18,0.9772814215247084,3
11640,efficientnetb1,1.0,3
11641,efficientnetb0,1.0,3
11642,efficientnetb1,1.0,3
11643,resnet50,0.8017819857800019,7
11644,alexnet,0.4184310756079495,6
11645,efficientnetb1,1.0,3
11646,efficientnetb0,1.0,3
11647,resnet18,0.9772814215247084,3
11648,resnet50,0.8017819857800019,7
11649,densenet161,1.0,6
11650,efficientnetb0,1.0,3
11651,alexnet,0.293491136826713,4
11652,inceptionv3,1.0,10
11653,efficientnetb2,1.0,3
11654,efficientnetb0,1.0,3
11655,mobilenetv2,0.4648669037656601,6
11656,alexnet,0.293491136826713,4
11657,vgg16,0.8548072768189431,12
11658,resnet50,0.6400205520491736,8
11659,resnet18,0.9772814215247084,3
11660,resnet18,0.9772814215247084,3
11661,resnet34,1.0,6
11662,efficientnetb1,1.0,3
11663,densenet161,1.0,6
11664,inceptionv3,1.0,10
11665,resnet50,0.8017819857800019,7
11666,efficientnetb0,1.0,3
11667,efficientnetb1,1.0,3
11668,vgg19,0.958551617010162,14
11669,densenet121,1.0,6
11670,efficientnetb1,1.0,3
11671,alexnet,0.293491136826713,4
11672,densenet161,1.0,6
11673,alexnet,0.293491136826713,4
11674,vgg19,0.9938700985656802,16
11675,densenet121,0.133680659859905,4
11676,mobilenetv2,0.4648669037656601,6
11677,densenet121,0.4858756243316292,5
11678,alexnet,0.293491136826713,4
11679,efficientnetb0,1.0,3
11680,vgg19,0.9938700985656802,16
11681,densenet121,0.4858756243316292,5
11682,vgg16,0.8548072768189431,12
11683,inceptionv3,1.0,10
11684,inceptionv3,1.0,10
11685,inceptionv3,0.0074999869015191,1
11686,efficientnetb0,1.0,3
11687,mobilenetv2,0.4648669037656601,6
11688,vgg16,0.8548072768189431,12
11689,mobilenetv2,0.4648669037656601,6
11690,mobilenetv2,0.4685879196662824,7
11691,vgg16,0.8548072768189431,12
11692,resnet50,0.6400205520491736,8
11693,inceptionv3,1.0,10
11694,mobilenetv2,0.4648669037656601,6
11695,vgg16,0.8548072768189431,12
11696,densenet121,0.4858756243316292,5
11697,efficientnetb2,1.0,3
11698,mobilenetv2,0.4648669037656601,6
11699,alexnet,0.293491136826713,4
11700,efficientnetb1,1.0,3
11701,vgg19,0.958551617010162,14
11702,mobilenetv2,0.4685879196662824,7
11703,alexnet,0.2991244697200437,5
11704,resnet34,1.0,6
11705,alexnet,0.293491136826713,4
11706,vgg16,0.8548072768189431,12
11707,densenet121,0.4858756243316292,5
11708,inceptionv3,1.0,10
11709,vgg19,1.0,15
11710,mobilenetv2,0.4648669037656601,6
11711,densenet121,1.0,6
11712,vgg19,0.9938700985656802,16
11713,vgg16,0.8548072768189431,12
11714,densenet121,0.4858756243316292,5
11715,inceptionv3,1.0,10
11716,alexnet,0.2991244697200437,5
11717,resnet18,0.9772814215247084,3
11718,resnet18,0.9772814215247084,3
11719,resnet50,0.8017819857800019,7
11720,efficientnetb1,1.0,3
11721,efficientnetb1,1.0,3
11722,resnet18,0.9772814215247084,3
11723,densenet161,1.0,6
11724,efficientnetb0,1.0,3
11725,resnet50,0.6400205520491736,8
11726,efficientnetb0,1.0,3
11727,densenet121,1.0,6
11728,inceptionv3,1.0,10
11729,vgg16,0.8548072768189431,12
11730,alexnet,0.293491136826713,4
11731,vgg19,1.0,15
11732,densenet161,1.0,6
11733,efficientnetb0,1.0,3
11734,densenet121,0.4858756243316292,5
11735,inceptionv3,1.0,10
11736,densenet161,1.0,6
11737,alexnet,0.2991244697200437,5
11738,densenet121,1.0,6
11739,efficientnetb2,1.0,3
11740,resnet18,0.9772814215247084,3
11741,alexnet,0.293491136826713,4
11742,vgg16,0.8548072768189431,12
11743,efficientnetb0,1.0,3
11744,efficientnetb1,1.0,3
11745,efficientnetb2,1.0,3
11746,inceptionv3,1.0,10
11747,resnet18,0.9772814215247084,3
11748,resnet50,0.6400205520491736,8
11749,efficientnetb0,1.0,3
11750,efficientnetb2,1.0,3
11751,resnet50,0.8017819857800019,7
11752,mobilenetv2,0.4648669037656601,6
11753,vgg16,1.0,13
11754,efficientnetb1,1.0,3
11755,densenet121,0.4858756243316292,5
11756,densenet161,1.0,6
11757,inceptionv3,1.0,10
11758,efficientnetb2,1.0,3
11759,efficientnetb0,1.0,3
11760,resnet18,0.9772814215247084,3
11761,resnet50,0.6400205520491736,8
11762,mobilenetv2,0.4648669037656601,6
11763,vgg19,0.9938700985656802,16
11764,efficientnetb0,1.0,3
11765,mobilenetv2,0.4648669037656601,6
11766,resnet50,0.6400205520491736,8
11767,resnet18,0.9772814215247084,3
11768,efficientnetb0,1.0,3
11769,densenet121,1.0,6
11770,efficientnetb0,1.0,3
11771,densenet161,1.0,6
11772,alexnet,0.293491136826713,4
11773,alexnet,0.2991244697200437,5
11774,densenet161,1.0,6
11775,efficientnetb1,1.0,3
11776,vgg16,0.8548072768189431,12
11777,efficientnetb2,1.0,3
11778,mobilenetv2,0.4648669037656601,6
11779,alexnet,0.2991244697200437,5
11780,alexnet,0.2991244697200437,5
11781,densenet161,1.0,6
11782,vgg16,1.0,13
11783,efficientnetb1,1.0,3
11784,vgg16,0.8548072768189431,12
11785,efficientnetb2,1.0,3
11786,densenet121,1.0,6
11787,vgg19,0.9938700985656802,16
11788,efficientnetb2,1.0,3
11789,resnet18,0.9772814215247084,3
11790,efficientnetb1,1.0,3
11791,efficientnetb0,1.0,3
11792,vgg16,0.986973209346794,14
11793,alexnet,0.293491136826713,4
11794,mobilenetv2,0.4648669037656601,6
11795,resnet34,1.0,6
11796,efficientnetb0,1.0,3
11797,efficientnetb1,1.0,3
11798,inceptionv3,1.0,10
11799,vgg16,1.0,13
11800,inceptionv3,1.0,10
11801,densenet121,1.0,6
11802,resnet34,1.0,6
11803,inceptionv3,1.0,10
11804,mobilenetv2,0.4648669037656601,6
11805,resnet34,1.0,6
11806,efficientnetb0,1.0,3
11807,vgg16,1.0,13
11808,densenet121,1.0,6
11809,resnet18,0.9772814215247084,3
11810,efficientnetb1,1.0,3
11811,efficientnetb0,1.0,3
11812,resnet50,0.6400205520491736,8
11813,vgg19,0.9938700985656802,16
11814,efficientnetb2,1.0,3
11815,vgg19,0.9938700985656802,16
11816,efficientnetb2,1.0,3
11817,vgg16,0.8548072768189431,12
11818,resnet50,0.6400205520491736,8
11819,resnet34,1.0,6
11820,densenet161,1.0,6
11821,vgg16,0.986973209346794,14
11822,resnet18,0.9772814215247084,3
11823,efficientnetb2,1.0,3
11824,vgg19,0.9938700985656802,16
11825,vgg19,0.9938700985656802,16
11826,resnet18,0.9772814215247084,3
11827,densenet161,1.0,6
11828,efficientnetb1,1.0,3
11829,vgg19,0.783629319224574,17
11830,alexnet,0.2991244697200437,5
11831,resnet34,1.0,6
11832,mobilenetv2,0.4685879196662824,7
11833,efficientnetb2,1.0,3
11834,alexnet,0.2991244697200437,5
11835,efficientnetb1,1.0,3
11836,densenet161,1.0,6
11837,alexnet,0.2991244697200437,5
11838,alexnet,0.2991244697200437,5
11839,efficientnetb2,1.0,3
11840,mobilenetv2,0.4648669037656601,6
11841,densenet121,1.0,6
11842,efficientnetb0,1.0,3
11843,resnet34,1.0,6
11844,resnet34,1.0,6
11845,densenet161,1.0,6
11846,resnet50,0.6400205520491736,8
11847,densenet121,1.0,6
11848,efficientnetb0,1.0,3
11849,inceptionv3,1.0,10
11850,resnet50,0.6400205520491736,8
11851,efficientnetb2,1.0,3
11852,efficientnetb2,1.0,3
11853,inceptionv3,1.0,10
11854,efficientnetb0,1.0,3
11855,alexnet,0.2991244697200437,5
11856,efficientnetb2,1.0,3
11857,densenet161,1.0,6
11858,efficientnetb2,1.0,3
11859,inceptionv3,1.0,10
11860,vgg19,0.783629319224574,17
11861,densenet121,1.0,6
11862,efficientnetb1,1.0,3
11863,vgg19,0.9938700985656802,16
11864,densenet121,1.0,6
11865,mobilenetv2,0.4685879196662824,7
11866,resnet50,0.6400205520491736,8
11867,resnet50,0.6400205520491736,8
11868,resnet34,1.0,6
11869,alexnet,0.2991244697200437,5
11870,inceptionv3,1.0,10
11871,densenet161,1.0,6
11872,vgg19,0.9938700985656802,16
11873,resnet18,0.9772814215247084,3
11874,densenet161,1.0,6
11875,alexnet,0.2991244697200437,5
11876,resnet18,0.9772814215247084,3
11877,resnet34,1.0,6
11878,alexnet,0.293491136826713,4
11879,resnet50,0.6400205520491736,8
11880,vgg16,1.0,13
11881,efficientnetb2,1.0,3
11882,resnet34,1.0,6
11883,vgg19,0.9938700985656802,16
11884,resnet18,0.9772814215247084,3
11885,inceptionv3,1.0,10
11886,efficientnetb1,1.0,3
11887,efficientnetb2,1.0,3
11888,vgg16,0.986973209346794,14
11889,resnet50,0.6400205520491736,8
11890,resnet34,1.0,6
11891,resnet18,0.9772814215247084,3
11892,resnet18,0.9772814215247084,3
11893,densenet161,1.0,6
11894,vgg19,0.9938700985656802,16
11895,alexnet,0.2991244697200437,5
11896,vgg16,1.0,13
11897,densenet161,1.0,6
11898,resnet34,1.0,6
11899,resnet34,1.0,6
11900,efficientnetb1,1.0,3
11901,resnet18,0.9772814215247084,3
11902,alexnet,0.293491136826713,4
11903,resnet18,0.9772814215247084,3
11904,efficientnetb2,1.0,3
11905,densenet121,0.4858756243316292,5
11906,inceptionv3,1.0,10
11907,vgg16,0.8548072768189431,12
11908,efficientnetb1,1.0,3
11909,efficientnetb0,1.0,3
11910,densenet161,1.0,6
11911,mobilenetv2,0.4648669037656601,6
11912,efficientnetb0,1.0,3
11913,resnet18,0.9772814215247084,3
11914,efficientnetb2,1.0,3
11915,resnet34,1.0,6
11916,efficientnetb1,1.0,3
11917,efficientnetb2,1.0,3
11918,efficientnetb2,1.0,3
11919,efficientnetb1,1.0,3
11920,efficientnetb1,1.0,3
11921,mobilenetv2,0.4648669037656601,6
11922,inceptionv3,1.0,10
11923,efficientnetb1,1.0,3
11924,mobilenetv2,0.4685879196662824,7
11925,resnet34,1.0,6
11926,inceptionv3,1.0,10
11927,mobilenetv2,0.4685879196662824,7
11928,vgg16,0.8568556422949929,11
11929,efficientnetb1,1.0,3
11930,resnet18,0.9772814215247084,3
11931,efficientnetb0,1.0,3
11932,resnet34,1.0,6
11933,resnet50,0.6400205520491736,8
11934,vgg16,1.0,13
11935,resnet18,0.9772814215247084,3
11936,efficientnetb2,1.0,3
11937,alexnet,0.293491136826713,4
11938,resnet34,1.0,6
11939,efficientnetb2,1.0,3
11940,efficientnetb0,1.0,3
11941,efficientnetb1,1.0,3
11942,vgg16,1.0,13
11943,efficientnetb2,1.0,3
11944,efficientnetb0,1.0,3
11945,densenet161,1.0,6
11946,alexnet,0.293491136826713,4
11947,densenet121,1.0,6
11948,efficientnetb2,1.0,3
11949,efficientnetb2,1.0,3
11950,efficientnetb2,1.0,3
11951,alexnet,0.293491136826713,4
11952,vgg19,0.9938700985656802,16
11953,densenet121,1.0,6
11954,densenet121,0.4858756243316292,5
11955,vgg16,1.0,13
11956,inceptionv3,1.0,10
11957,efficientnetb2,1.0,3
11958,efficientnetb0,1.0,3
11959,densenet161,1.0,6
11960,densenet161,1.0,6
11961,vgg19,0.9938700985656802,16
11962,efficientnetb0,1.0,3
11963,resnet50,0.8017819857800019,7
11964,alexnet,0.293491136826713,4
11965,resnet34,1.0,6
11966,resnet18,0.9772814215247084,3
11967,alexnet,0.293491136826713,4
11968,vgg16,1.0,13
11969,densenet121,1.0,6
11970,efficientnetb0,1.0,3
11971,densenet161,0.2831929044634787,5
11972,vgg19,0.9938700985656802,16
11973,alexnet,0.2991244697200437,5
11974,densenet121,1.0,6
11975,resnet18,0.9772814215247084,3
11976,vgg19,0.9938700985656802,16
11977,inceptionv3,1.0,10
11978,efficientnetb1,1.0,3
11979,resnet50,0.6400205520491736,8
11980,alexnet,0.293491136826713,4
11981,resnet34,1.0,6
11982,resnet18,0.9772814215247084,3
11983,resnet34,1.0,6
11984,densenet121,1.0,6
11985,inceptionv3,1.0,10
11986,resnet18,0.9772814215247084,3
11987,resnet18,0.9772814215247084,3
11988,mobilenetv2,0.4648669037656601,6
11989,vgg19,0.783629319224574,17
11990,vgg16,0.986973209346794,14
11991,inceptionv3,1.0,10
11992,efficientnetb2,1.0,3
11993,efficientnetb2,1.0,3
11994,inceptionv3,1.0,10
11995,alexnet,0.2991244697200437,5
11996,densenet161,1.0,6
11997,densenet121,1.0,6
11998,resnet50,0.6400205520491736,8
11999,alexnet,0.293491136826713,4
12000,efficientnetb1,1.0,3
12001,resnet50,0.6400205520491736,8
12002,efficientnetb2,1.0,3
12003,vgg19,0.783629319224574,17
12004,vgg16,0.986973209346794,14
12005,resnet18,0.9772814215247084,3
12006,inceptionv3,1.0,10
12007,densenet161,1.0,6
12008,resnet18,0.9772814215247084,3
12009,vgg19,0.9938700985656802,16
12010,alexnet,0.293491136826713,4
12011,vgg19,0.783629319224574,17
12012,efficientnetb0,1.0,3
12013,resnet50,0.6400205520491736,8
12014,resnet18,0.9772814215247084,3
12015,inceptionv3,1.0,10
12016,resnet50,0.6400205520491736,8
12017,efficientnetb1,1.0,3
12018,efficientnetb1,1.0,3
12019,densenet161,1.0,6
12020,resnet50,0.8017819857800019,7
12021,inceptionv3,1.0,10
12022,efficientnetb2,1.0,3
12023,densenet161,1.0,6
12024,efficientnetb1,1.0,3
12025,inceptionv3,1.0,10
12026,inceptionv3,1.0,10
12027,alexnet,0.2991244697200437,5
12028,alexnet,0.2991244697200437,5
12029,densenet121,1.0,6
12030,vgg19,0.783629319224574,17
12031,resnet34,0.8120702549228033,7
12032,inceptionv3,1.0,10
12033,resnet50,0.6400205520491736,8
12034,mobilenetv2,0.4648669037656601,6
12035,alexnet,0.2991244697200437,5
12036,resnet50,0.6400205520491736,8
12037,densenet161,1.0,6
12038,alexnet,0.2991244697200437,5
12039,vgg16,0.986973209346794,14
12040,efficientnetb1,1.0,3
12041,efficientnetb2,1.0,3
12042,densenet121,1.0,6
12043,inceptionv3,1.0,10
12044,inceptionv3,1.0,10
12045,efficientnetb2,1.0,3
12046,alexnet,0.2991244697200437,5
12047,efficientnetb0,1.0,3
12048,alexnet,0.2991244697200437,5
12049,vgg16,0.986973209346794,14
12050,densenet121,1.0,6
12051,densenet121,1.0,6
12052,inceptionv3,1.0,10
12053,efficientnetb1,1.0,3
12054,resnet50,0.6400205520491736,8
12055,densenet121,1.0,6
12056,resnet18,0.9772814215247084,3
12057,efficientnetb1,1.0,3
12058,resnet50,0.6400205520491736,8
12059,efficientnetb2,1.0,3
12060,efficientnetb1,1.0,3
12061,alexnet,0.2991244697200437,5
12062,densenet161,1.0,6
12063,densenet121,1.0,6
12064,densenet161,1.0,6
12065,resnet50,0.6400205520491736,8
12066,densenet121,1.0,6
12067,efficientnetb1,1.0,3
12068,efficientnetb1,1.0,3
12069,inceptionv3,1.0,10
12070,vgg19,0.783629319224574,17
12071,efficientnetb2,1.0,3
12072,efficientnetb2,1.0,3
12073,resnet50,0.6400205520491736,8
12074,alexnet,0.2991244697200437,5
12075,densenet161,1.0,6
12076,efficientnetb0,1.0,3
12077,vgg19,0.783629319224574,17
12078,efficientnetb1,1.0,3
12079,resnet18,0.9772814215247084,3
12080,inceptionv3,1.0,10
12081,inceptionv3,1.0,10
12082,alexnet,0.2991244697200437,5
12083,efficientnetb1,1.0,3
12084,resnet34,1.0,6
12085,inceptionv3,1.0,10
12086,efficientnetb1,1.0,3
12087,resnet50,0.6400205520491736,8
12088,resnet18,0.9772814215247084,3
12089,efficientnetb1,1.0,3
12090,mobilenetv2,0.4685879196662824,7
12091,efficientnetb2,1.0,3
12092,efficientnetb0,1.0,3
12093,vgg16,0.986973209346794,14
12094,vgg19,0.783629319224574,17
12095,densenet121,1.0,6
12096,densenet161,1.0,6
12097,resnet34,0.8120702549228033,7
12098,efficientnetb1,1.0,3
12099,densenet161,1.0,6
12100,mobilenetv2,0.4648669037656601,6
12101,resnet18,0.9772814215247084,3
12102,mobilenetv2,0.4685879196662824,7
12103,resnet50,0.6400205520491736,8
12104,alexnet,0.2991244697200437,5
12105,alexnet,0.2991244697200437,5
12106,mobilenetv2,0.4685879196662824,7
12107,vgg16,0.986973209346794,14
12108,efficientnetb1,1.0,3
12109,densenet121,1.0,6
12110,efficientnetb0,1.0,3
12111,efficientnetb2,1.0,3
12112,resnet50,0.6400205520491736,8
12113,vgg19,0.7512707723562208,18
12114,vgg16,0.7391812735874347,15
12115,efficientnetb1,1.0,3
12116,efficientnetb0,1.0,3
12117,resnet50,0.6400205520491736,8
12118,mobilenetv2,0.4685879196662824,7
12119,mobilenetv2,0.4685879196662824,7
12120,densenet161,1.0,6
12121,vgg16,0.0,2
12122,efficientnetb1,1.0,3
12123,vgg19,0.7512707723562208,18
12124,vgg16,0.986973209346794,14
12125,vgg19,0.783629319224574,17
12126,alexnet,0.2991244697200437,5
12127,efficientnetb0,1.0,3
12128,efficientnetb1,1.0,3
12129,efficientnetb2,1.0,3
12130,efficientnetb2,1.0,3
12131,mobilenetv2,0.4648669037656601,6
12132,alexnet,0.293491136826713,4
12133,resnet18,0.9772814215247084,3
12134,efficientnetb0,1.0,3
12135,efficientnetb0,1.0,3
12136,alexnet,0.293491136826713,4
12137,densenet121,1.0,6
12138,vgg19,0.7512707723562208,18
12139,resnet18,0.9772814215247084,3
12140,resnet18,0.9772814215247084,3
12141,efficientnetb2,1.0,3
12142,resnet18,0.9772814215247084,3
12143,resnet50,0.6400205520491736,8
12144,inceptionv3,1.0,10
12145,vgg19,0.7512707723562208,18
12146,resnet18,0.9772814215247084,3
12147,efficientnetb2,1.0,3
12148,densenet161,1.0,6
12149,resnet34,1.0,6
12150,resnet34,0.8120702549228033,7
12151,densenet161,1.0,6
12152,efficientnetb1,1.0,3
12153,resnet34,1.0,6
12154,vgg19,0.783629319224574,17
12155,efficientnetb1,1.0,3
12156,efficientnetb1,1.0,3
12157,vgg19,0.783629319224574,17
12158,efficientnetb1,1.0,3
12159,vgg16,1.0,13
12160,densenet121,1.0,6
12161,vgg19,0.783629319224574,17
12162,mobilenetv2,0.4648669037656601,6
12163,inceptionv3,1.0,10
12164,densenet161,1.0,6
12165,resnet50,0.6400205520491736,8
12166,alexnet,0.1458942907493161,3
12167,densenet161,1.0,6
12168,resnet18,0.9772814215247084,3
12169,alexnet,0.293491136826713,4
12170,efficientnetb2,1.0,3
12171,resnet18,0.9772814215247084,3
12172,resnet34,1.0,6
12173,resnet18,0.9772814215247084,3
12174,densenet161,1.0,6
12175,efficientnetb1,1.0,3
12176,resnet18,0.9772814215247084,3
12177,resnet18,0.9772814215247084,3
12178,densenet161,1.0,6
12179,resnet34,1.0,6
12180,resnet50,0.6400205520491736,8
12181,vgg19,0.4910509157637427,8
12182,resnet50,0.6400205520491736,8
12183,resnet34,1.0,6
12184,densenet121,1.0,6
12185,resnet18,0.9772814215247084,3
12186,densenet121,1.0,6
12187,mobilenetv2,0.4648669037656601,6
12188,alexnet,0.293491136826713,4
12189,vgg19,0.9938700985656802,16
12190,alexnet,0.2991244697200437,5
12191,inceptionv3,1.0,10
12192,vgg19,0.9938700985656802,16
12193,alexnet,0.293491136826713,4
12194,efficientnetb0,1.0,3
12195,inceptionv3,1.0,10
12196,mobilenetv2,0.4685879196662824,7
12197,vgg16,0.8548072768189431,12
12198,densenet161,1.0,6
12199,resnet18,0.9772814215247084,3
12200,efficientnetb2,1.0,3
12201,efficientnetb1,1.0,3
12202,resnet50,0.6400205520491736,8
12203,vgg19,0.9938700985656802,16
12204,alexnet,0.293491136826713,4
12205,alexnet,0.2991244697200437,5
12206,resnet18,0.9772814215247084,3
12207,resnet18,0.9772814215247084,3
12208,vgg16,0.8548072768189431,12
12209,mobilenetv2,0.4648669037656601,6
12210,resnet18,0.9772814215247084,3
12211,vgg16,0.8548072768189431,12
12212,resnet34,1.0,6
12213,mobilenetv2,0.4648669037656601,6
12214,vgg19,1.0,15
12215,efficientnetb0,1.0,3
12216,resnet18,0.9772814215247084,3
12217,mobilenetv2,0.4648669037656601,6
12218,resnet18,0.9772814215247084,3
12219,alexnet,0.293491136826713,4
12220,mobilenetv2,0.4648669037656601,6
12221,vgg16,0.8548072768189431,12
12222,inceptionv3,1.0,10
12223,alexnet,0.2991244697200437,5
12224,efficientnetb2,1.0,3
12225,mobilenetv2,0.4648669037656601,6
12226,densenet121,0.4858756243316292,5
12227,efficientnetb2,1.0,3
12228,resnet50,0.6400205520491736,8
12229,inceptionv3,1.0,10
12230,vgg19,1.0,15
12231,resnet18,0.9772814215247084,3
12232,vgg16,0.8548072768189431,12
12233,densenet161,1.0,6
12234,resnet18,0.9772814215247084,3
12235,vgg19,0.9938700985656802,16
12236,resnet50,0.8017819857800019,7
12237,vgg19,0.958551617010162,14
12238,efficientnetb2,1.0,3
12239,mobilenetv2,0.4648669037656601,6
12240,efficientnetb0,1.0,3
12241,resnet50,0.8017819857800019,7
12242,efficientnetb1,1.0,3
12243,densenet121,0.4858756243316292,5
12244,resnet34,1.0,6
12245,inceptionv3,1.0,10
12246,inceptionv3,0.0307928131530639,3
12247,mobilenetv2,0.4648669037656601,6
12248,mobilenetv2,0.4648669037656601,6
12249,resnet50,0.8017819857800019,7
12250,resnet18,0.9772814215247084,3
12251,resnet18,0.9772814215247084,3
12252,efficientnetb0,1.0,3
12253,densenet121,0.4858756243316292,5
12254,resnet34,1.0,6
12255,vgg19,1.0,15
12256,vgg19,0.958551617010162,14
12257,efficientnetb1,1.0,3
12258,densenet121,0.4858756243316292,5
12259,efficientnetb2,1.0,3
12260,resnet18,0.9772814215247084,3
12261,alexnet,0.293491136826713,4
12262,resnet50,0.8017819857800019,7
12263,efficientnetb1,1.0,3
12264,efficientnetb1,1.0,3
12265,resnet18,0.9772814215247084,3
12266,efficientnetb0,1.0,3
12267,vgg16,0.8548072768189431,12
12268,resnet50,0.8017819857800019,7
12269,mobilenetv2,0.4648669037656601,6
12270,vgg19,1.0,15
12271,resnet18,0.9772814215247084,3
12272,alexnet,0.293491136826713,4
12273,efficientnetb2,1.0,3
12274,resnet50,0.8017819857800019,7
12275,vgg16,0.8548072768189431,12
12276,mobilenetv2,0.4648669037656601,6
12277,efficientnetb0,1.0,3
12278,efficientnetb1,1.0,3
12279,densenet161,1.0,6
12280,resnet18,0.9772814215247084,3
12281,resnet34,1.0,6
12282,inceptionv3,1.0,10
12283,resnet50,0.8017819857800019,7
12284,densenet161,1.0,6
12285,resnet50,0.8017819857800019,7
12286,efficientnetb2,1.0,3
12287,efficientnetb1,1.0,3
12288,inceptionv3,1.0,10
12289,mobilenetv2,0.4648669037656601,6
12290,efficientnetb0,1.0,3
12291,densenet121,0.4858756243316292,5
12292,resnet50,0.8017819857800019,7
12293,efficientnetb2,1.0,3
12294,resnet50,0.8017819857800019,7
12295,efficientnetb0,1.0,3
12296,vgg19,1.0,15
12297,densenet161,1.0,6
12298,efficientnetb0,1.0,3
12299,densenet161,0.2994714122049385,4
12300,mobilenetv2,0.4648669037656601,6
12301,vgg19,1.0,15
12302,resnet34,1.0,6
12303,vgg19,0.958551617010162,14
12304,efficientnetb0,1.0,3
12305,resnet34,1.0,6
12306,densenet161,1.0,6
12307,resnet34,1.0,6
12308,densenet161,1.0,6
12309,densenet161,1.0,6
12310,vgg16,0.8548072768189431,12
12311,efficientnetb1,1.0,3
12312,densenet121,0.4858756243316292,5
12313,efficientnetb2,1.0,3
12314,resnet50,0.6400205520491736,8
12315,efficientnetb1,1.0,3
12316,efficientnetb2,1.0,3
12317,alexnet,0.293491136826713,4
12318,resnet18,0.9772814215247084,3
12319,resnet18,0.9772814215247084,3
12320,resnet18,0.9772814215247084,3
12321,densenet161,1.0,6
12322,resnet18,0.9772814215247084,3
12323,densenet121,1.0,6
12324,resnet18,0.9772814215247084,3
12325,vgg16,0.8548072768189431,12
12326,densenet121,1.0,6
12327,densenet121,0.4858756243316292,5
12328,efficientnetb1,1.0,3
12329,mobilenetv2,0.4648669037656601,6
12330,vgg19,1.0,15
12331,vgg16,0.8548072768189431,12
12332,efficientnetb0,1.0,3
12333,inceptionv3,1.0,10
12334,mobilenetv2,0.4685879196662824,7
12335,resnet50,0.6400205520491736,8
12336,inceptionv3,1.0,10
12337,vgg16,0.8548072768189431,12
12338,densenet161,1.0,6
12339,efficientnetb0,1.0,3
12340,vgg19,1.0,15
12341,resnet18,0.9772814215247084,3
12342,efficientnetb1,1.0,3
12343,alexnet,0.293491136826713,4
12344,densenet161,1.0,6
12345,efficientnetb0,1.0,3
12346,efficientnetb1,1.0,3
12347,vgg19,1.0,15
12348,densenet121,1.0,6
12349,densenet161,1.0,6
12350,densenet161,1.0,6
12351,densenet121,1.0,6
12352,densenet121,1.0,6
12353,vgg19,1.0,15
12354,resnet50,0.6400205520491736,8
12355,densenet161,1.0,6
12356,vgg19,0.9938700985656802,16
12357,vgg16,1.0,13
12358,densenet121,1.0,6
12359,alexnet,0.2991244697200437,5
12360,mobilenetv2,0.4685879196662824,7
12361,densenet161,1.0,6
12362,resnet18,0.9772814215247084,3
12363,vgg16,0.8548072768189431,12
12364,efficientnetb2,1.0,3
12365,inceptionv3,0.3623001669335878,9
12366,vgg19,0.9938700985656802,16
12367,inceptionv3,1.0,10
12368,vgg16,1.0,13
12369,efficientnetb0,1.0,3
12370,efficientnetb0,1.0,3
12371,efficientnetb0,1.0,3
12372,efficientnetb2,1.0,3
12373,inceptionv3,1.0,10
12374,resnet50,0.6400205520491736,8
12375,vgg16,0.986973209346794,14
12376,resnet18,0.9772814215247084,3
12377,inceptionv3,1.0,10
12378,inceptionv3,1.0,10
12379,inceptionv3,1.0,10
12380,vgg19,0.9938700985656802,16
12381,alexnet,0.2991244697200437,5
12382,efficientnetb0,1.0,3
12383,resnet18,0.9772814215247084,3
12384,vgg19,0.9938700985656802,16
12385,resnet18,0.9772814215247084,3
12386,efficientnetb2,1.0,3
12387,vgg19,0.9938700985656802,16
12388,vgg16,1.0,13
12389,vgg16,1.0,13
12390,resnet34,1.0,6
12391,resnet50,0.6400205520491736,8
12392,efficientnetb2,1.0,3
12393,vgg16,0.8548072768189431,12
12394,resnet18,0.9772814215247084,3
12395,resnet34,1.0,6
12396,efficientnetb1,1.0,3
12397,mobilenetv2,0.4648669037656601,6
12398,resnet50,0.6400205520491736,8
12399,resnet34,1.0,6
12400,resnet34,1.0,6
12401,efficientnetb0,1.0,3
12402,vgg16,1.0,13
12403,alexnet,0.293491136826713,4
12404,resnet50,0.6400205520491736,8
12405,vgg16,0.986973209346794,14
12406,vgg16,0.986973209346794,14
12407,vgg19,0.9938700985656802,16
12408,resnet50,0.6400205520491736,8
12409,densenet121,1.0,6
12410,densenet121,1.0,6
12411,efficientnetb1,1.0,3
12412,resnet50,0.6400205520491736,8
12413,efficientnetb2,1.0,3
12414,alexnet,0.2991244697200437,5
12415,densenet161,1.0,6
12416,efficientnetb2,1.0,3
12417,efficientnetb0,1.0,3
12418,resnet50,0.6400205520491736,8
12419,mobilenetv2,0.4685879196662824,7
12420,densenet121,1.0,6
12421,resnet18,0.9772814215247084,3
12422,resnet18,0.9772814215247084,3
12423,resnet34,1.0,6
12424,resnet34,0.8120702549228033,7
12425,resnet18,0.9772814215247084,3
12426,densenet161,1.0,6
12427,resnet18,0.9772814215247084,3
12428,efficientnetb0,1.0,3
12429,efficientnetb1,1.0,3
12430,resnet50,0.6400205520491736,8
12431,efficientnetb0,1.0,3
12432,resnet50,0.4611727687596107,9
12433,densenet161,1.0,6
12434,resnet34,0.8120702549228033,7
12435,densenet161,1.0,6
12436,vgg19,0.9938700985656802,16
12437,resnet50,0.6400205520491736,8
12438,inceptionv3,0.8003254803685758,11
12439,vgg19,0.783629319224574,17
12440,resnet18,0.9772814215247084,3
12441,densenet121,1.0,6
12442,resnet50,0.6400205520491736,8
12443,resnet34,0.8120702549228033,7
12444,densenet121,1.0,6
12445,resnet18,0.9772814215247084,3
12446,densenet161,1.0,6
12447,densenet161,1.0,6
12448,efficientnetb0,1.0,3
12449,alexnet,0.2991244697200437,5
12450,vgg19,0.9938700985656802,16
12451,mobilenetv2,0.4685879196662824,7
12452,efficientnetb1,1.0,3
12453,mobilenetv2,0.4685879196662824,7
12454,vgg16,1.0,13
12455,resnet34,0.8120702549228033,7
12456,alexnet,0.2991244697200437,5
12457,densenet161,1.0,6
12458,resnet50,0.6400205520491736,8
12459,efficientnetb2,1.0,3
12460,vgg19,0.9938700985656802,16
12461,vgg19,0.9938700985656802,16
12462,resnet18,0.9772814215247084,3
12463,densenet121,1.0,6
12464,densenet121,1.0,6
12465,efficientnetb2,1.0,3
12466,resnet50,0.6400205520491736,8
12467,densenet121,1.0,6
12468,resnet50,0.6400205520491736,8
12469,resnet50,0.6400205520491736,8
12470,resnet34,0.8120702549228033,7
12471,efficientnetb0,1.0,3
12472,vgg16,1.0,13
12473,vgg19,0.9938700985656802,16
12474,efficientnetb1,1.0,3
12475,alexnet,0.293491136826713,4
12476,efficientnetb1,1.0,3
12477,resnet50,0.8017819857800019,7
12478,alexnet,0.293491136826713,4
12479,mobilenetv2,0.4685879196662824,7
12480,mobilenetv2,0.4648669037656601,6
12481,vgg19,0.9938700985656802,16
12482,efficientnetb1,1.0,3
12483,efficientnetb2,1.0,3
12484,resnet50,0.6400205520491736,8
12485,efficientnetb1,1.0,3
12486,efficientnetb1,1.0,3
12487,efficientnetb1,1.0,3
12488,densenet121,1.0,6
12489,densenet121,1.0,6
12490,resnet18,0.9772814215247084,3
12491,densenet121,0.4858756243316292,5
12492,inceptionv3,1.0,10
12493,efficientnetb0,1.0,3
12494,densenet121,1.0,6
12495,resnet18,0.9772814215247084,3
12496,densenet161,1.0,6
12497,inceptionv3,1.0,10
12498,vgg19,1.0,15
12499,efficientnetb1,1.0,3
12500,densenet161,1.0,6
12501,efficientnetb2,1.0,3
12502,vgg16,1.0,13
12503,inceptionv3,0.8003254803685758,11
12504,mobilenetv2,0.4648669037656601,6
12505,inceptionv3,1.0,10
12506,efficientnetb2,1.0,3
12507,efficientnetb0,1.0,3
12508,mobilenetv2,0.4685879196662824,7
12509,alexnet,0.2991244697200437,5
12510,resnet34,0.8120702549228033,7
12511,efficientnetb1,1.0,3
12512,densenet161,1.0,6
12513,alexnet,0.293491136826713,4
12514,mobilenetv2,0.4648669037656601,6
12515,resnet18,0.9772814215247084,3
12516,inceptionv3,1.0,10
12517,densenet121,1.0,6
12518,vgg16,0.8548072768189431,12
12519,resnet18,0.9772814215247084,3
12520,resnet18,0.9772814215247084,3
12521,vgg16,1.0,13
12522,efficientnetb2,1.0,3
12523,efficientnetb0,1.0,3
12524,inceptionv3,0.3623001669335878,9
12525,densenet161,1.0,6
12526,alexnet,0.293491136826713,4
12527,vgg19,0.9938700985656802,16
12528,efficientnetb0,1.0,3
12529,alexnet,0.2991244697200437,5
12530,mobilenetv2,0.4648669037656601,6
12531,vgg19,0.9938700985656802,16
12532,densenet121,1.0,6
12533,densenet121,1.0,6
12534,mobilenetv2,0.4648669037656601,6
12535,inceptionv3,1.0,10
12536,mobilenetv2,0.4685879196662824,7
12537,efficientnetb0,1.0,3
12538,densenet121,1.0,6
12539,densenet161,1.0,6
12540,resnet34,1.0,6
12541,inceptionv3,1.0,10
12542,densenet121,1.0,6
12543,resnet18,0.9772814215247084,3
12544,mobilenetv2,0.4648669037656601,6
12545,resnet18,0.9772814215247084,3
12546,vgg16,1.0,13
12547,densenet121,1.0,6
12548,resnet34,1.0,6
12549,efficientnetb2,1.0,3
12550,densenet161,1.0,6
12551,mobilenetv2,0.4648669037656601,6
12552,efficientnetb1,1.0,3
12553,efficientnetb1,1.0,3
12554,vgg16,0.986973209346794,14
12555,efficientnetb1,1.0,3
12556,resnet18,0.9772814215247084,3
12557,efficientnetb0,1.0,3
12558,resnet34,1.0,6
12559,efficientnetb2,1.0,3
12560,densenet161,1.0,6
12561,vgg16,0.986973209346794,14
12562,resnet18,0.9772814215247084,3
12563,alexnet,0.293491136826713,4
12564,mobilenetv2,0.4648669037656601,6
12565,densenet161,1.0,6
12566,inceptionv3,1.0,10
12567,densenet121,1.0,6
12568,efficientnetb1,1.0,3
12569,resnet50,0.6400205520491736,8
12570,resnet18,0.9772814215247084,3
12571,efficientnetb0,1.0,3
12572,vgg19,0.783629319224574,17
12573,efficientnetb1,1.0,3
12574,densenet161,1.0,6
12575,densenet161,1.0,6
12576,densenet161,1.0,6
12577,efficientnetb1,1.0,3
12578,alexnet,0.293491136826713,4
12579,resnet34,0.8120702549228033,7
12580,inceptionv3,1.0,10
12581,vgg16,1.0,13
12582,efficientnetb2,1.0,3
12583,densenet161,1.0,6
12584,vgg19,0.7512707723562208,18
12585,resnet34,1.0,6
12586,resnet34,1.0,6
12587,resnet50,0.6400205520491736,8
12588,vgg16,0.986973209346794,14
12589,densenet121,1.0,6
12590,efficientnetb1,1.0,3
12591,resnet50,0.6400205520491736,8
12592,mobilenetv2,0.4685879196662824,7
12593,densenet121,1.0,6
12594,resnet18,0.9772814215247084,3
12595,mobilenetv2,0.4685879196662824,7
12596,efficientnetb1,1.0,3
12597,resnet34,0.8120702549228033,7
12598,densenet121,1.0,6
12599,densenet161,1.0,6
12600,densenet121,1.0,6
12601,efficientnetb2,1.0,3
12602,mobilenetv2,0.4685879196662824,7
12603,resnet34,0.8120702549228033,7
12604,efficientnetb1,1.0,3
12605,inceptionv3,1.0,10
12606,densenet121,1.0,6
12607,resnet34,1.0,6
12608,alexnet,0.2991244697200437,5
12609,resnet18,0.9772814215247084,3
12610,mobilenetv2,0.4685879196662824,7
12611,vgg16,0.986973209346794,14
12612,efficientnetb2,1.0,3
12613,efficientnetb0,1.0,3
12614,vgg16,1.0,13
12615,efficientnetb2,1.0,3
12616,inceptionv3,1.0,10
12617,resnet34,1.0,6
12618,resnet34,1.0,6
12619,resnet34,1.0,6
12620,resnet18,0.9772814215247084,3
12621,densenet161,1.0,6
12622,densenet121,1.0,6
12623,resnet50,0.6400205520491736,8
12624,efficientnetb0,1.0,3
12625,inceptionv3,1.0,10
12626,vgg19,0.9938700985656802,16
12627,inceptionv3,1.0,10
12628,resnet50,0.6400205520491736,8
12629,inceptionv3,1.0,10
12630,efficientnetb0,1.0,3
12631,resnet50,0.6400205520491736,8
12632,resnet50,0.6400205520491736,8
12633,vgg19,0.9938700985656802,16
12634,densenet121,1.0,6
12635,densenet161,1.0,6
12636,mobilenetv2,0.4648669037656601,6
12637,vgg16,0.8548072768189431,12
12638,resnet18,0.9772814215247084,3
12639,efficientnetb0,1.0,3
12640,alexnet,0.293491136826713,4
12641,densenet161,1.0,6
12642,alexnet,0.293491136826713,4
12643,inceptionv3,1.0,10
12644,efficientnetb2,1.0,3
12645,resnet34,1.0,6
12646,efficientnetb2,1.0,3
12647,resnet34,1.0,6
12648,densenet161,1.0,6
12649,densenet121,1.0,6
12650,vgg19,0.9938700985656802,16
12651,resnet34,1.0,6
12652,densenet121,1.0,6
12653,resnet18,0.9772814215247084,3
12654,densenet121,1.0,6
12655,alexnet,0.2991244697200437,5
12656,alexnet,0.2991244697200437,5
12657,vgg16,1.0,13
12658,inceptionv3,1.0,10
12659,resnet34,1.0,6
12660,mobilenetv2,0.4648669037656601,6
12661,vgg19,0.9938700985656802,16
12662,efficientnetb2,1.0,3
12663,resnet34,1.0,6
12664,densenet161,1.0,6
12665,densenet161,1.0,6
12666,densenet161,1.0,6
12667,inceptionv3,1.0,10
12668,inceptionv3,1.0,10
12669,efficientnetb0,1.0,3
12670,efficientnetb2,1.0,3
12671,resnet18,0.9772814215247084,3
12672,resnet34,0.8120702549228033,7
12673,densenet161,1.0,6
12674,mobilenetv2,0.4648669037656601,6
12675,densenet161,1.0,6
12676,vgg16,1.0,13
12677,mobilenetv2,0.4648669037656601,6
12678,mobilenetv2,0.4648669037656601,6
12679,alexnet,0.293491136826713,4
12680,efficientnetb1,1.0,3
12681,inceptionv3,1.0,10
12682,mobilenetv2,0.4648669037656601,6
12683,vgg16,0.8548072768189431,12
12684,inceptionv3,1.0,10
12685,efficientnetb0,1.0,3
12686,resnet34,1.0,6
12687,densenet121,1.0,6
12688,mobilenetv2,0.4648669037656601,6
12689,inceptionv3,1.0,10
12690,efficientnetb2,1.0,3
12691,resnet50,0.6400205520491736,8
12692,alexnet,0.293491136826713,4
12693,efficientnetb2,1.0,3
12694,vgg16,1.0,13
12695,mobilenetv2,0.4648669037656601,6
12696,densenet161,1.0,6
12697,vgg19,0.9938700985656802,16
12698,mobilenetv2,0.4648669037656601,6
12699,resnet18,0.9772814215247084,3
12700,resnet34,1.0,6
12701,alexnet,0.293491136826713,4
12702,efficientnetb2,1.0,3
12703,efficientnetb0,1.0,3
12704,resnet18,0.9772814215247084,3
12705,densenet161,1.0,6
12706,resnet34,1.0,6
12707,alexnet,0.293491136826713,4
12708,efficientnetb2,1.0,3
12709,resnet50,0.6400205520491736,8
12710,efficientnetb0,1.0,3
12711,efficientnetb2,1.0,3
12712,efficientnetb2,1.0,3
12713,resnet34,1.0,6
12714,efficientnetb2,1.0,3
12715,inceptionv3,1.0,10
12716,densenet121,1.0,6
12717,resnet34,1.0,6
12718,vgg16,0.986973209346794,14
12719,densenet161,1.0,6
12720,alexnet,0.293491136826713,4
12721,efficientnetb1,1.0,3
12722,alexnet,0.293491136826713,4
12723,alexnet,0.2991244697200437,5
12724,resnet50,0.6400205520491736,8
12725,densenet121,1.0,6
12726,resnet50,0.6400205520491736,8
12727,resnet18,0.9772814215247084,3
12728,resnet18,0.9772814215247084,3
12729,vgg19,0.783629319224574,17
12730,resnet18,0.9772814215247084,3
12731,resnet18,0.9772814215247084,3
12732,inceptionv3,1.0,10
12733,alexnet,0.2991244697200437,5
12734,densenet121,1.0,6
12735,alexnet,0.2991244697200437,5
12736,alexnet,0.2991244697200437,5
12737,vgg19,0.783629319224574,17
12738,resnet18,0.9772814215247084,3
12739,efficientnetb2,1.0,3
12740,efficientnetb2,1.0,3
12741,inceptionv3,1.0,10
12742,resnet18,0.9772814215247084,3
12743,inceptionv3,1.0,10
12744,resnet50,0.6400205520491736,8
12745,efficientnetb2,1.0,3
12746,mobilenetv2,0.4685879196662824,7
12747,resnet34,1.0,6
12748,mobilenetv2,0.4685879196662824,7
12749,alexnet,0.2991244697200437,5
12750,densenet121,1.0,6
12751,efficientnetb0,1.0,3
12752,inceptionv3,1.0,10
12753,vgg19,0.783629319224574,17
12754,vgg19,0.9938700985656802,16
12755,efficientnetb0,1.0,3
12756,efficientnetb2,1.0,3
12757,resnet18,0.9772814215247084,3
12758,efficientnetb1,1.0,3
12759,resnet18,0.9772814215247084,3
12760,efficientnetb0,1.0,3
12761,densenet121,1.0,6
12762,densenet121,0.390359012366206,7
12763,inceptionv3,1.0,10
12764,resnet18,0.9772814215247084,3
12765,resnet18,0.9772814215247084,3
12766,inceptionv3,1.0,10
12767,vgg19,0.783629319224574,17
12768,vgg19,0.783629319224574,17
12769,mobilenetv2,0.4648669037656601,6
12770,alexnet,0.2991244697200437,5
12771,densenet121,1.0,6
12772,efficientnetb2,1.0,3
12773,vgg19,0.783629319224574,17
12774,alexnet,0.2991244697200437,5
12775,densenet121,1.0,6
12776,resnet18,0.9772814215247084,3
12777,densenet161,1.0,6
12778,resnet18,0.9772814215247084,3
12779,inceptionv3,1.0,10
12780,efficientnetb2,1.0,3
12781,vgg16,0.986973209346794,14
12782,efficientnetb2,1.0,3
12783,efficientnetb1,1.0,3
12784,vgg19,0.783629319224574,17
12785,alexnet,0.2991244697200437,5
12786,inceptionv3,1.0,10
12787,resnet18,0.9772814215247084,3
12788,densenet121,1.0,6
12789,vgg16,0.986973209346794,14
12790,resnet50,0.6400205520491736,8
12791,efficientnetb1,1.0,3
12792,densenet161,1.0,6
12793,inceptionv3,1.0,10
12794,resnet34,1.0,6
12795,efficientnetb0,1.0,3
12796,resnet50,0.6400205520491736,8
12797,efficientnetb1,1.0,3
12798,mobilenetv2,0.4648669037656601,6
12799,vgg16,0.986973209346794,14
12800,inceptionv3,1.0,10
12801,efficientnetb1,1.0,3
12802,vgg19,0.9938700985656802,16
12803,efficientnetb2,1.0,3
12804,resnet34,1.0,6
12805,densenet121,1.0,6
12806,efficientnetb2,1.0,3
12807,resnet50,0.6400205520491736,8
12808,resnet34,0.8120702549228033,7
12809,mobilenetv2,0.4648669037656601,6
12810,vgg19,0.783629319224574,17
12811,mobilenetv2,0.4685879196662824,7
12812,efficientnetb2,1.0,3
12813,resnet50,0.6400205520491736,8
12814,resnet34,1.0,6
12815,vgg19,0.9938700985656802,16
12816,efficientnetb2,1.0,3
12817,densenet161,1.0,6
12818,inceptionv3,1.0,10
12819,vgg19,0.783629319224574,17
12820,alexnet,0.2991244697200437,5
12821,efficientnetb1,1.0,3
12822,efficientnetb1,1.0,3
12823,densenet161,1.0,6
12824,densenet121,1.0,6
12825,efficientnetb0,1.0,3
12826,efficientnetb2,1.0,3
12827,resnet34,1.0,6
12828,resnet18,0.9772814215247084,3
12829,efficientnetb0,1.0,3
12830,efficientnetb1,1.0,3
12831,resnet34,0.8120702549228033,7
12832,alexnet,0.293491136826713,4
12833,resnet18,0.9772814215247084,3
12834,alexnet,0.2991244697200437,5
12835,efficientnetb1,1.0,3
12836,resnet50,0.6400205520491736,8
12837,inceptionv3,1.0,10
12838,vgg16,0.986973209346794,14
12839,resnet18,0.9772814215247084,3
12840,resnet34,0.8120702549228033,7
12841,densenet121,1.0,6
12842,resnet50,0.6400205520491736,8
12843,resnet18,0.9772814215247084,3
12844,efficientnetb1,1.0,3
12845,inceptionv3,1.0,10
12846,alexnet,0.2991244697200437,5
12847,mobilenetv2,0.4685879196662824,7
12848,vgg19,0.9938700985656802,16
12849,densenet161,1.0,6
12850,vgg16,0.986973209346794,14
12851,resnet18,0.9772814215247084,3
12852,mobilenetv2,0.4685879196662824,7
12853,densenet121,1.0,6
12854,resnet18,0.9772814215247084,3
12855,efficientnetb2,1.0,3
12856,alexnet,0.293491136826713,4
12857,resnet18,0.9772814215247084,3
12858,resnet34,1.0,6
12859,efficientnetb1,1.0,3
12860,densenet161,1.0,6
12861,resnet34,1.0,6
12862,vgg19,0.9938700985656802,16
12863,mobilenetv2,0.4648669037656601,6
12864,vgg16,0.8548072768189431,12
12865,vgg19,0.9938700985656802,16
12866,efficientnetb2,1.0,3
12867,resnet50,0.6400205520491736,8
12868,resnet50,0.6400205520491736,8
12869,alexnet,0.293491136826713,4
12870,efficientnetb0,1.0,3
12871,resnet50,0.6400205520491736,8
12872,densenet121,1.0,6
12873,efficientnetb2,1.0,3
12874,vgg16,1.0,13
12875,resnet50,0.6400205520491736,8
12876,alexnet,0.2991244697200437,5
12877,resnet18,0.9772814215247084,3
12878,resnet34,1.0,6
12879,vgg19,0.783629319224574,17
12880,vgg19,0.9938700985656802,16
12881,resnet18,0.9772814215247084,3
12882,resnet18,0.9772814215247084,3
12883,efficientnetb0,1.0,3
12884,alexnet,0.293491136826713,4
12885,efficientnetb2,1.0,3
12886,resnet18,0.9772814215247084,3
12887,resnet50,0.6400205520491736,8
12888,efficientnetb2,1.0,3
12889,resnet34,1.0,6
12890,resnet34,1.0,6
12891,resnet18,0.9772814215247084,3
12892,efficientnetb1,1.0,3
12893,densenet121,1.0,6
12894,efficientnetb0,1.0,3
12895,vgg19,0.9938700985656802,16
12896,mobilenetv2,0.4648669037656601,6
12897,densenet161,1.0,6
12898,efficientnetb2,1.0,3
12899,alexnet,0.2991244697200437,5
12900,inceptionv3,1.0,10
12901,densenet161,1.0,6
12902,inceptionv3,1.0,10
12903,resnet18,0.9772814215247084,3
12904,alexnet,0.2991244697200437,5
12905,efficientnetb2,1.0,3
12906,mobilenetv2,0.4685879196662824,7
12907,resnet18,0.9772814215247084,3
12908,mobilenetv2,0.4648669037656601,6
12909,inceptionv3,1.0,10
12910,mobilenetv2,0.4648669037656601,6
12911,efficientnetb1,1.0,3
12912,efficientnetb0,1.0,3
12913,resnet50,0.6400205520491736,8
12914,resnet18,0.9772814215247084,3
12915,resnet18,0.9772814215247084,3
12916,efficientnetb0,1.0,3
12917,inceptionv3,1.0,10
12918,densenet121,1.0,6
12919,resnet34,1.0,6
12920,densenet161,1.0,6
12921,vgg16,1.0,13
12922,mobilenetv2,0.4648669037656601,6
12923,resnet34,1.0,6
12924,resnet18,0.9772814215247084,3
12925,resnet18,0.9772814215247084,3
12926,densenet121,1.0,6
12927,mobilenetv2,0.4685879196662824,7
12928,efficientnetb1,1.0,3
12929,resnet18,0.9772814215247084,3
12930,vgg16,0.8548072768189431,12
12931,vgg16,0.8548072768189431,12
12932,efficientnetb1,1.0,3
12933,densenet161,1.0,6
12934,efficientnetb2,1.0,3
12935,resnet18,0.9772814215247084,3
12936,vgg16,1.0,13
12937,resnet50,0.6400205520491736,8
12938,densenet161,1.0,6
12939,inceptionv3,1.0,10
12940,vgg19,0.783629319224574,17
12941,densenet121,1.0,6
12942,densenet121,1.0,6
12943,mobilenetv2,0.4648669037656601,6
12944,densenet161,1.0,6
12945,densenet161,1.0,6
12946,densenet121,1.0,6
12947,efficientnetb0,1.0,3
12948,efficientnetb1,1.0,3
12949,resnet34,1.0,6
12950,densenet121,1.0,6
12951,resnet50,0.6400205520491736,8
12952,mobilenetv2,0.4648669037656601,6
12953,resnet50,0.6400205520491736,8
12954,densenet161,1.0,6
12955,alexnet,0.293491136826713,4
12956,resnet50,0.6400205520491736,8
12957,densenet121,1.0,6
12958,densenet121,1.0,6
12959,inceptionv3,1.0,10
12960,resnet50,0.6400205520491736,8
12961,vgg16,1.0,13
12962,efficientnetb1,1.0,3
12963,efficientnetb0,1.0,3
12964,mobilenetv2,0.4648669037656601,6
12965,efficientnetb0,1.0,3
12966,resnet34,1.0,6
12967,mobilenetv2,0.4648669037656601,6
12968,vgg16,1.0,13
12969,densenet121,1.0,6
12970,densenet161,1.0,6
12971,vgg16,0.986973209346794,14
12972,densenet161,1.0,6
12973,vgg16,0.986973209346794,14
12974,densenet121,1.0,6
12975,efficientnetb0,1.0,3
12976,efficientnetb1,1.0,3
12977,densenet161,1.0,6
12978,inceptionv3,1.0,10
12979,vgg19,0.9938700985656802,16
12980,mobilenetv2,0.4648669037656601,6
12981,resnet34,1.0,6
12982,densenet161,1.0,6
12983,resnet18,0.9772814215247084,3
12984,mobilenetv2,0.4648669037656601,6
12985,resnet18,0.9772814215247084,3
12986,alexnet,0.2991244697200437,5
12987,alexnet,0.2991244697200437,5
12988,efficientnetb0,1.0,3
12989,resnet34,1.0,6
12990,resnet34,1.0,6
12991,vgg19,0.7512707723562208,18
12992,densenet161,1.0,6
12993,densenet121,1.0,6
12994,densenet121,1.0,6
12995,densenet121,1.0,6
12996,resnet34,1.0,6
12997,vgg19,0.9938700985656802,16
12998,densenet121,1.0,6
12999,densenet161,1.0,6
13000,vgg16,0.986973209346794,14
13001,efficientnetb2,1.0,3
13002,efficientnetb1,1.0,3
13003,inceptionv3,1.0,10
13004,densenet121,1.0,6
13005,alexnet,0.2991244697200437,5
13006,inceptionv3,1.0,10
13007,densenet121,1.0,6
13008,efficientnetb1,1.0,3
13009,mobilenetv2,0.4685879196662824,7
13010,resnet18,0.9772814215247084,3
13011,resnet50,0.6400205520491736,8
13012,densenet121,1.0,6
13013,vgg16,0.986973209346794,14
13014,resnet50,0.6400205520491736,8
13015,resnet50,0.6400205520491736,8
13016,resnet34,1.0,6
13017,vgg19,0.783629319224574,17
13018,efficientnetb0,1.0,3
13019,resnet34,1.0,6
13020,densenet161,1.0,6
13021,efficientnetb2,1.0,3
13022,resnet34,1.0,6
13023,vgg19,0.9938700985656802,16
13024,resnet34,1.0,6
13025,alexnet,0.293491136826713,4
13026,efficientnetb2,1.0,3
13027,densenet121,1.0,6
13028,densenet121,1.0,6
13029,resnet34,1.0,6
13030,resnet18,0.9772814215247084,3
13031,resnet18,0.666846850715217,4
13032,densenet161,1.0,6
13033,alexnet,0.2991244697200437,5
13034,vgg19,0.783629319224574,17
13035,efficientnetb2,1.0,3
13036,resnet34,1.0,6
13037,efficientnetb2,1.0,3
13038,alexnet,0.2991244697200437,5
13039,resnet34,0.8120702549228033,7
13040,efficientnetb2,1.0,3
13041,efficientnetb2,1.0,3
13042,mobilenetv2,0.4685879196662824,7
13043,vgg16,1.0,13
13044,efficientnetb1,1.0,3
13045,densenet161,1.0,6
13046,efficientnetb2,1.0,3
13047,mobilenetv2,0.4648669037656601,6
13048,vgg16,0.986973209346794,14
13049,resnet18,0.9772814215247084,3
13050,efficientnetb1,1.0,3
13051,efficientnetb1,1.0,3
13052,efficientnetb2,1.0,3
13053,mobilenetv2,0.4648669037656601,6
13054,alexnet,0.2991244697200437,5
13055,inceptionv3,1.0,10
13056,resnet50,0.6400205520491736,8
13057,inceptionv3,1.0,10
13058,efficientnetb2,1.0,3
13059,resnet34,1.0,6
13060,densenet121,1.0,6
13061,densenet121,1.0,6
13062,resnet34,1.0,6
13063,efficientnetb1,1.0,3
13064,inceptionv3,1.0,10
13065,efficientnetb0,1.0,3
13066,resnet18,0.9772814215247084,3
13067,densenet121,1.0,6
13068,mobilenetv2,0.4648669037656601,6
13069,densenet121,1.0,6
13070,vgg16,0.986973209346794,14
13071,resnet34,1.0,6
13072,vgg16,1.0,13
13073,efficientnetb0,1.0,3
13074,efficientnetb0,1.0,3
13075,efficientnetb2,1.0,3
13076,densenet121,1.0,6
13077,efficientnetb1,1.0,3
13078,vgg16,0.986973209346794,14
13079,resnet34,1.0,6
13080,densenet121,1.0,6
13081,resnet50,0.6400205520491736,8
13082,resnet34,1.0,6
13083,inceptionv3,1.0,10
13084,inceptionv3,1.0,10
13085,efficientnetb2,1.0,3
13086,efficientnetb1,1.0,3
13087,resnet50,0.6400205520491736,8
13088,resnet50,0.6400205520491736,8
13089,vgg19,0.9938700985656802,16
13090,mobilenetv2,0.4648669037656601,6
13091,vgg16,0.8548072768189431,12
13092,resnet34,0.8120702549228033,7
13093,resnet18,0.9772814215247084,3
13094,resnet34,1.0,6
13095,densenet121,1.0,6
13096,resnet34,1.0,6
13097,vgg16,1.0,13
13098,alexnet,0.293491136826713,4
13099,mobilenetv2,0.4648669037656601,6
13100,densenet161,1.0,6
13101,alexnet,0.2991244697200437,5
13102,inceptionv3,1.0,10
13103,inceptionv3,1.0,10
13104,resnet50,0.6400205520491736,8
13105,resnet34,1.0,6
13106,densenet121,1.0,6
13107,efficientnetb0,1.0,3
13108,densenet121,1.0,6
13109,efficientnetb2,1.0,3
13110,vgg16,0.5638100259338691,8
13111,resnet34,1.0,6
13112,densenet121,1.0,6
13113,mobilenetv2,0.4648669037656601,6
13114,mobilenetv2,0.4685879196662824,7
13115,vgg19,0.9938700985656802,16
13116,mobilenetv2,0.4648669037656601,6
13117,resnet34,1.0,6
13118,mobilenetv2,0.4685879196662824,7
13119,resnet18,0.9772814215247084,3
13120,densenet161,1.0,6
13121,mobilenetv2,0.4648669037656601,6
13122,efficientnetb0,1.0,3
13123,inceptionv3,1.0,10
13124,densenet161,1.0,6
13125,efficientnetb1,1.0,3
13126,resnet18,0.9772814215247084,3
13127,mobilenetv2,0.4648669037656601,6
13128,resnet18,0.9772814215247084,3
13129,alexnet,0.293491136826713,4
13130,resnet34,1.0,6
13131,mobilenetv2,0.4648669037656601,6
13132,resnet50,0.6400205520491736,8
13133,resnet50,0.6400205520491736,8
13134,resnet18,0.9772814215247084,3
13135,vgg16,0.8548072768189431,12
13136,densenet121,1.0,6
13137,densenet161,1.0,6
13138,efficientnetb2,1.0,3
13139,efficientnetb1,1.0,3
13140,inceptionv3,1.0,10
13141,efficientnetb2,1.0,3
13142,mobilenetv2,0.4685879196662824,7
13143,inceptionv3,1.0,10
13144,vgg16,1.0,13
13145,inceptionv3,1.0,10
13146,densenet121,1.0,6
13147,inceptionv3,1.0,10
13148,vgg16,1.0,13
13149,inceptionv3,1.0,10
13150,vgg19,0.9938700985656802,16
13151,alexnet,0.2991244697200437,5
13152,efficientnetb1,1.0,3
13153,resnet18,0.9772814215247084,3
13154,densenet161,1.0,6
13155,densenet161,1.0,6
13156,efficientnetb2,1.0,3
13157,resnet50,0.6400205520491736,8
13158,inceptionv3,1.0,10
13159,alexnet,0.2991244697200437,5
13160,alexnet,0.2991244697200437,5
13161,vgg16,1.0,13
13162,resnet50,0.6400205520491736,8
13163,alexnet,0.2991244697200437,5
13164,efficientnetb2,1.0,3
13165,efficientnetb1,1.0,3
13166,resnet50,0.6400205520491736,8
13167,alexnet,0.2991244697200437,5
13168,inceptionv3,1.0,10
13169,resnet18,0.9772814215247084,3
13170,efficientnetb0,1.0,3
13171,resnet50,0.6400205520491736,8
13172,alexnet,0.2991244697200437,5
13173,densenet121,1.0,6
13174,efficientnetb1,1.0,3
13175,efficientnetb0,1.0,3
13176,resnet50,0.8017819857800019,7
13177,vgg16,0.8548072768189431,12
13178,densenet161,1.0,6
13179,densenet161,1.0,6
13180,resnet50,0.6400205520491736,8
13181,vgg19,0.9938700985656802,16
13182,efficientnetb1,1.0,3
13183,densenet121,1.0,6
13184,vgg19,0.783629319224574,17
13185,vgg19,0.9938700985656802,16
13186,efficientnetb2,1.0,3
13187,vgg19,0.9938700985656802,16
13188,vgg19,0.9938700985656802,16
13189,resnet18,0.9772814215247084,3
13190,vgg19,0.9938700985656802,16
13191,efficientnetb2,1.0,3
13192,densenet121,0.4858756243316292,5
13193,densenet121,1.0,6
13194,efficientnetb1,1.0,3
13195,alexnet,0.293491136826713,4
13196,vgg19,0.9938700985656802,16
13197,vgg19,0.9938700985656802,16
13198,resnet50,0.8017819857800019,7
13199,inceptionv3,1.0,10
13200,alexnet,0.293491136826713,4
13201,densenet161,1.0,6
13202,resnet34,1.0,6
13203,densenet121,0.4858756243316292,5
13204,resnet34,1.0,6
13205,mobilenetv2,0.4648669037656601,6
13206,alexnet,0.293491136826713,4
13207,efficientnetb1,1.0,3
13208,inceptionv3,1.0,10
13209,efficientnetb0,1.0,3
13210,vgg16,0.8548072768189431,12
13211,resnet34,1.0,6
13212,resnet50,0.6400205520491736,8
13213,resnet18,0.9772814215247084,3
13214,vgg19,0.9938700985656802,16
13215,densenet161,1.0,6
13216,efficientnetb1,1.0,3
13217,efficientnetb2,1.0,3
13218,efficientnetb2,1.0,3
13219,densenet161,1.0,6
13220,efficientnetb0,1.0,3
13221,densenet121,1.0,6
13222,efficientnetb2,1.0,3
13223,resnet18,0.9772814215247084,3
13224,alexnet,0.2991244697200437,5
13225,efficientnetb2,1.0,3
13226,vgg19,0.9938700985656802,16
13227,alexnet,0.293491136826713,4
13228,efficientnetb2,1.0,3
13229,vgg19,0.9938700985656802,16
13230,alexnet,0.293491136826713,4
13231,resnet50,0.6400205520491736,8
13232,resnet34,1.0,6
13233,vgg19,0.9938700985656802,16
13234,efficientnetb2,1.0,3
13235,densenet161,1.0,6
13236,resnet18,0.9772814215247084,3
13237,efficientnetb1,1.0,3
13238,densenet161,1.0,6
13239,densenet121,1.0,6
13240,resnet34,1.0,6
13241,efficientnetb1,1.0,3
13242,resnet50,0.6400205520491736,8
13243,inceptionv3,1.0,10
13244,vgg19,0.9938700985656802,16
13245,densenet121,1.0,6
13246,densenet161,1.0,6
13247,efficientnetb2,1.0,3
13248,resnet34,1.0,6
13249,inceptionv3,1.0,10
13250,resnet34,1.0,6
13251,densenet121,1.0,6
13252,vgg16,1.0,13
13253,efficientnetb1,1.0,3
13254,resnet18,0.9772814215247084,3
13255,resnet34,1.0,6
13256,mobilenetv2,0.4648669037656601,6
13257,efficientnetb0,1.0,3
13258,efficientnetb1,1.0,3
13259,resnet50,0.8017819857800019,7
13260,resnet34,1.0,6
13261,efficientnetb0,1.0,3
13262,alexnet,0.293491136826713,4
13263,mobilenetv2,0.4648669037656601,6
13264,densenet161,0.0601439006764898,1
13265,resnet50,0.6400205520491736,8
13266,inceptionv3,1.0,10
13267,vgg16,1.0,13
13268,efficientnetb2,1.0,3
13269,efficientnetb0,1.0,3
13270,densenet161,1.0,6
13271,mobilenetv2,0.4648669037656601,6
13272,densenet161,1.0,6
13273,inceptionv3,1.0,10
13274,densenet161,1.0,6
13275,efficientnetb2,1.0,3
13276,efficientnetb0,1.0,3
13277,resnet18,0.9772814215247084,3
13278,resnet18,0.9772814215247084,3
13279,resnet18,0.9772814215247084,3
13280,mobilenetv2,0.4685879196662824,7
13281,resnet50,0.6400205520491736,8
13282,efficientnetb2,1.0,3
13283,resnet34,1.0,6
13284,inceptionv3,1.0,10
13285,inceptionv3,1.0,10
13286,densenet121,1.0,6
13287,resnet34,1.0,6
13288,alexnet,0.2991244697200437,5
13289,mobilenetv2,0.4648669037656601,6
13290,vgg19,0.9938700985656802,16
13291,densenet121,1.0,6
13292,resnet50,0.6400205520491736,8
13293,vgg16,1.0,13
13294,resnet18,0.9772814215247084,3
13295,resnet34,1.0,6
13296,vgg16,0.986973209346794,14
13297,efficientnetb2,1.0,3
13298,densenet161,1.0,6
13299,efficientnetb2,1.0,3
13300,inceptionv3,1.0,10
13301,efficientnetb2,1.0,3
13302,mobilenetv2,0.4648669037656601,6
13303,efficientnetb0,1.0,3
13304,efficientnetb2,1.0,3
13305,resnet34,1.0,6
13306,densenet161,1.0,6
13307,inceptionv3,1.0,10
13308,resnet50,0.6400205520491736,8
13309,resnet34,1.0,6
13310,vgg19,0.9938700985656802,16
13311,resnet18,0.9772814215247084,3
13312,efficientnetb1,1.0,3
13313,resnet50,0.6400205520491736,8
13314,efficientnetb1,1.0,3
13315,inceptionv3,1.0,10
13316,efficientnetb2,1.0,3
13317,vgg19,0.9938700985656802,16
13318,densenet121,1.0,6
13319,resnet34,1.0,6
13320,resnet34,1.0,6
13321,resnet34,1.0,6
13322,resnet34,1.0,6
13323,densenet121,1.0,6
13324,efficientnetb2,1.0,3
13325,efficientnetb2,1.0,3
13326,resnet50,0.6400205520491736,8
13327,efficientnetb0,1.0,3
13328,densenet121,0.4858756243316292,5
13329,resnet50,0.6400205520491736,8
13330,resnet18,0.9772814215247084,3
13331,resnet18,0.9772814215247084,3
13332,vgg16,1.0,13
13333,inceptionv3,1.0,10
13334,vgg16,1.0,13
13335,inceptionv3,1.0,10
13336,inceptionv3,1.0,10
13337,inceptionv3,1.0,10
13338,vgg19,0.9938700985656802,16
13339,resnet34,1.0,6
13340,efficientnetb1,1.0,3
13341,resnet18,0.9772814215247084,3
13342,resnet34,1.0,6
13343,inceptionv3,1.0,10
13344,efficientnetb1,1.0,3
13345,vgg19,0.9938700985656802,16
13346,mobilenetv2,0.4648669037656601,6
13347,vgg19,0.9938700985656802,16
13348,densenet121,1.0,6
13349,efficientnetb1,1.0,3
13350,resnet34,1.0,6
13351,alexnet,0.2991244697200437,5
13352,vgg16,0.8548072768189431,12
13353,alexnet,0.2991244697200437,5
13354,efficientnetb1,1.0,3
13355,efficientnetb0,1.0,3
13356,resnet18,0.9772814215247084,3
13357,densenet121,1.0,6
13358,densenet121,1.0,6
13359,vgg19,0.9938700985656802,16
13360,resnet50,0.6400205520491736,8
13361,vgg19,0.9938700985656802,16
13362,resnet50,0.6400205520491736,8
13363,efficientnetb2,1.0,3
13364,resnet50,0.6400205520491736,8
13365,mobilenetv2,0.4648669037656601,6
13366,efficientnetb0,1.0,3
13367,efficientnetb2,1.0,3
13368,efficientnetb1,1.0,3
13369,efficientnetb1,1.0,3
13370,resnet18,0.9772814215247084,3
13371,inceptionv3,1.0,10
13372,densenet121,1.0,6
13373,alexnet,0.293491136826713,4
13374,efficientnetb0,1.0,3
13375,densenet161,1.0,6
13376,vgg19,0.9938700985656802,16
13377,mobilenetv2,0.4685879196662824,7
13378,vgg16,1.0,13
13379,resnet18,0.9772814215247084,3
13380,densenet161,1.0,6
13381,efficientnetb2,1.0,3
13382,densenet161,1.0,6
13383,mobilenetv2,0.4685879196662824,7
13384,efficientnetb1,1.0,3
13385,vgg16,0.8548072768189431,12
13386,mobilenetv2,0.4648669037656601,6
13387,resnet34,1.0,6
13388,efficientnetb2,1.0,3
13389,resnet50,0.8017819857800019,7
13390,resnet34,1.0,6
13391,alexnet,0.2991244697200437,5
13392,efficientnetb1,1.0,3
13393,vgg19,0.9938700985656802,16
13394,vgg16,0.8548072768189431,12
13395,efficientnetb0,1.0,3
13396,resnet34,1.0,6
13397,inceptionv3,1.0,10
13398,vgg16,0.986973209346794,14
13399,resnet34,1.0,6
13400,efficientnetb1,1.0,3
13401,densenet161,1.0,6
13402,efficientnetb2,1.0,3
13403,resnet18,0.9772814215247084,3
13404,densenet161,1.0,6
13405,vgg16,1.0,13
13406,resnet34,1.0,6
13407,densenet121,1.0,6
13408,alexnet,0.293491136826713,4
13409,resnet50,0.8017819857800019,7
13410,vgg19,0.9938700985656802,16
13411,mobilenetv2,0.4648669037656601,6
13412,resnet34,1.0,6
13413,resnet18,0.9772814215247084,3
13414,resnet34,1.0,6
13415,resnet50,0.8017819857800019,7
13416,resnet18,0.9772814215247084,3
13417,resnet34,1.0,6
13418,resnet34,1.0,6
13419,alexnet,0.2991244697200437,5
13420,resnet50,0.6400205520491736,8
13421,mobilenetv2,0.4685879196662824,7
13422,densenet161,1.0,6
13423,resnet34,1.0,6
13424,densenet121,1.0,6
13425,vgg16,0.8548072768189431,12
13426,efficientnetb2,1.0,3
13427,mobilenetv2,0.4648669037656601,6
13428,alexnet,0.293491136826713,4
13429,efficientnetb0,1.0,3
13430,densenet121,1.0,6
13431,vgg19,0.9938700985656802,16
13432,densenet121,1.0,6
13433,efficientnetb2,1.0,3
13434,densenet161,1.0,6
13435,vgg19,0.9938700985656802,16
13436,resnet50,0.6400205520491736,8
13437,densenet121,1.0,6
13438,densenet121,1.0,6
13439,inceptionv3,1.0,10
13440,efficientnetb0,1.0,3
13441,resnet34,1.0,6
13442,vgg16,1.0,13
13443,vgg16,0.8568556422949929,11
13444,resnet34,1.0,6
13445,resnet18,0.9772814215247084,3
13446,resnet34,1.0,6
13447,efficientnetb0,1.0,3
13448,densenet121,1.0,6
13449,inceptionv3,1.0,10
13450,mobilenetv2,0.4648669037656601,6
13451,vgg19,0.9938700985656802,16
13452,resnet50,0.6400205520491736,8
13453,resnet50,0.8017819857800019,7
13454,efficientnetb1,1.0,3
13455,resnet50,0.6400205520491736,8
13456,alexnet,0.2991244697200437,5
13457,resnet34,1.0,6
13458,vgg16,1.0,13
13459,densenet161,1.0,6
13460,efficientnetb2,1.0,3
13461,mobilenetv2,0.4648669037656601,6
13462,efficientnetb1,1.0,3
13463,mobilenetv2,0.4648669037656601,6
13464,densenet161,1.0,6
13465,resnet34,1.0,6
13466,densenet161,1.0,6
13467,vgg16,0.8548072768189431,12
13468,mobilenetv2,0.4685879196662824,7
13469,resnet18,0.9772814215247084,3
13470,resnet18,0.9772814215247084,3
13471,resnet50,0.6400205520491736,8
13472,resnet34,1.0,6
13473,resnet18,0.9772814215247084,3
13474,resnet34,1.0,6
13475,efficientnetb2,1.0,3
13476,alexnet,0.2991244697200437,5
13477,vgg19,0.9938700985656802,16
13478,resnet34,1.0,6
13479,efficientnetb1,1.0,3
13480,inceptionv3,1.0,10
13481,efficientnetb2,1.0,3
13482,resnet50,0.6400205520491736,8
13483,mobilenetv2,0.4648669037656601,6
13484,densenet121,1.0,6
13485,densenet121,1.0,6
13486,efficientnetb2,1.0,3
13487,mobilenetv2,0.4685879196662824,7
13488,alexnet,0.293491136826713,4
13489,inceptionv3,1.0,10
13490,vgg19,0.9938700985656802,16
13491,densenet161,1.0,6
13492,mobilenetv2,0.4648669037656601,6
13493,alexnet,0.2991244697200437,5
13494,inceptionv3,1.0,10
13495,efficientnetb0,1.0,3
13496,efficientnetb2,1.0,3
13497,vgg19,0.9938700985656802,16
13498,efficientnetb1,1.0,3
13499,densenet121,1.0,6
13500,mobilenetv2,0.4685879196662824,7
13501,efficientnetb2,1.0,3
13502,resnet34,1.0,6
13503,densenet121,1.0,6
13504,resnet18,0.9772814215247084,3
13505,alexnet,0.2991244697200437,5
13506,inceptionv3,1.0,10
13507,resnet18,0.9772814215247084,3
13508,densenet121,1.0,6
13509,densenet161,1.0,6
13510,vgg16,0.8548072768189431,12
13511,resnet34,1.0,6
13512,efficientnetb1,1.0,3
13513,mobilenetv2,0.4648669037656601,6
13514,efficientnetb2,1.0,3
13515,resnet34,1.0,6
13516,densenet121,1.0,6
13517,resnet50,0.6400205520491736,8
13518,resnet34,1.0,6
13519,resnet50,0.8017819857800019,7
13520,efficientnetb2,1.0,3
13521,efficientnetb2,1.0,3
13522,inceptionv3,1.0,10
13523,resnet50,0.6400205520491736,8
13524,densenet161,1.0,6
13525,efficientnetb2,1.0,3
13526,densenet121,1.0,6
13527,vgg16,0.8548072768189431,12
13528,efficientnetb2,1.0,3
13529,efficientnetb2,1.0,3
13530,densenet161,1.0,6
13531,vgg19,0.9938700985656802,16
13532,alexnet,0.293491136826713,4
13533,inceptionv3,1.0,10
13534,inceptionv3,1.0,10
13535,inceptionv3,1.0,10
13536,inceptionv3,1.0,10
13537,densenet161,1.0,6
13538,efficientnetb2,1.0,3
13539,efficientnetb2,1.0,3
13540,efficientnetb0,1.0,3
13541,resnet18,0.9772814215247084,3
13542,alexnet,0.293491136826713,4
13543,efficientnetb1,1.0,3
13544,efficientnetb1,1.0,3
13545,efficientnetb1,1.0,3
13546,densenet161,1.0,6
13547,vgg16,0.8548072768189431,12
13548,resnet34,1.0,6
13549,resnet34,1.0,6
13550,inceptionv3,1.0,10
13551,resnet50,0.8017819857800019,7
13552,efficientnetb1,1.0,3
13553,mobilenetv2,0.4648669037656601,6
13554,densenet121,1.0,6
13555,densenet161,1.0,6
13556,efficientnetb2,1.0,3
13557,resnet34,1.0,6
13558,densenet121,1.0,6
13559,vgg16,1.0,13
13560,efficientnetb1,1.0,3
13561,mobilenetv2,0.4648669037656601,6
13562,inceptionv3,1.0,10
13563,vgg19,0.9938700985656802,16
13564,inceptionv3,1.0,10
13565,resnet34,1.0,6
13566,resnet50,0.8017819857800019,7
13567,efficientnetb0,1.0,3
13568,mobilenetv2,0.4648669037656601,6
13569,densenet121,1.0,6
13570,resnet34,1.0,6
13571,alexnet,0.2991244697200437,5
13572,densenet121,1.0,6
13573,efficientnetb0,1.0,3
13574,efficientnetb0,1.0,3
13575,resnet50,0.6400205520491736,8
13576,resnet50,0.6400205520491736,8
13577,efficientnetb0,1.0,3
13578,densenet161,1.0,6
13579,inceptionv3,1.0,10
13580,efficientnetb0,1.0,3
13581,efficientnetb1,1.0,3
13582,efficientnetb0,1.0,3
13583,resnet34,1.0,6
13584,resnet50,0.6400205520491736,8
13585,efficientnetb2,1.0,3
13586,inceptionv3,1.0,10
13587,resnet50,0.6400205520491736,8
13588,resnet50,0.6400205520491736,8
13589,resnet18,0.9772814215247084,3
13590,efficientnetb2,1.0,3
13591,inceptionv3,1.0,10
13592,mobilenetv2,0.4685879196662824,7
13593,efficientnetb1,1.0,3
13594,resnet34,1.0,6
13595,mobilenetv2,0.4648669037656601,6
13596,alexnet,0.293491136826713,4
13597,efficientnetb0,1.0,3
13598,densenet161,1.0,6
13599,resnet50,0.6400205520491736,8
13600,vgg19,0.783629319224574,17
13601,inceptionv3,1.0,10
13602,alexnet,0.2991244697200437,5
13603,mobilenetv2,0.4685879196662824,7
13604,efficientnetb1,1.0,3
13605,resnet18,0.9772814215247084,3
13606,efficientnetb2,1.0,3
13607,mobilenetv2,0.4648669037656601,6
13608,inceptionv3,1.0,10
13609,efficientnetb0,1.0,3
13610,vgg16,1.0,13
13611,resnet50,0.6400205520491736,8
13612,alexnet,0.2991244697200437,5
13613,inceptionv3,1.0,10
13614,inceptionv3,1.0,10
13615,efficientnetb0,1.0,3
13616,vgg16,1.0,13
13617,vgg19,0.9938700985656802,16
13618,efficientnetb0,1.0,3
13619,mobilenetv2,0.4685879196662824,7
13620,densenet121,1.0,6
13621,efficientnetb2,1.0,3
13622,alexnet,0.2991244697200437,5
13623,resnet18,0.9772814215247084,3
13624,vgg16,1.0,13
13625,alexnet,0.293491136826713,4
13626,efficientnetb0,1.0,3
13627,resnet50,0.6400205520491736,8
13628,vgg16,1.0,13
13629,efficientnetb2,1.0,3
13630,efficientnetb0,1.0,3
13631,densenet161,1.0,6
13632,mobilenetv2,0.4648669037656601,6
13633,efficientnetb1,1.0,3
13634,densenet161,1.0,6
13635,resnet34,1.0,6
13636,vgg19,0.9938700985656802,16
13637,efficientnetb0,1.0,3
13638,vgg19,0.9938700985656802,16
13639,efficientnetb1,1.0,3
13640,efficientnetb0,1.0,3
13641,efficientnetb0,1.0,3
13642,resnet18,0.9772814215247084,3
13643,resnet34,1.0,6
13644,inceptionv3,1.0,10
13645,efficientnetb2,1.0,3
13646,alexnet,0.2991244697200437,5
13647,resnet18,0.9772814215247084,3
13648,alexnet,0.293491136826713,4
13649,resnet18,0.9772814215247084,3
13650,mobilenetv2,0.4648669037656601,6
13651,vgg16,1.0,13
13652,resnet18,0.9772814215247084,3
13653,mobilenetv2,0.4648669037656601,6
13654,efficientnetb1,1.0,3
13655,efficientnetb0,1.0,3
13656,resnet18,0.9772814215247084,3
13657,efficientnetb1,1.0,3
13658,vgg19,0.9938700985656802,16
13659,vgg16,1.0,13
13660,mobilenetv2,0.4685879196662824,7
13661,resnet34,1.0,6
13662,efficientnetb1,1.0,3
13663,densenet121,1.0,6
13664,inceptionv3,1.0,10
13665,efficientnetb0,1.0,3
13666,vgg16,1.0,13
13667,vgg16,1.0,13
13668,densenet121,1.0,6
13669,efficientnetb2,1.0,3
13670,mobilenetv2,0.4685879196662824,7
13671,densenet121,1.0,6
13672,densenet161,1.0,6
13673,inceptionv3,1.0,10
13674,vgg16,1.0,13
13675,efficientnetb2,1.0,3
13676,densenet121,1.0,6
13677,resnet34,1.0,6
13678,mobilenetv2,0.4648669037656601,6
13679,efficientnetb0,1.0,3
13680,resnet18,0.9772814215247084,3
13681,inceptionv3,1.0,10
13682,efficientnetb2,1.0,3
13683,resnet34,1.0,6
13684,vgg16,1.0,13
13685,efficientnetb2,1.0,3
13686,resnet34,1.0,6
13687,efficientnetb2,1.0,3
13688,resnet18,0.9772814215247084,3
13689,resnet34,1.0,6
13690,vgg19,0.9938700985656802,16
13691,efficientnetb1,1.0,3
13692,efficientnetb2,1.0,3
13693,efficientnetb2,1.0,3
13694,efficientnetb0,1.0,3
13695,efficientnetb1,1.0,3
13696,mobilenetv2,0.4685879196662824,7
13697,densenet121,1.0,6
13698,mobilenetv2,0.4685879196662824,7
13699,vgg19,0.9938700985656802,16
13700,resnet50,0.6400205520491736,8
13701,densenet121,1.0,6
13702,densenet121,1.0,6
13703,alexnet,0.2991244697200437,5
13704,efficientnetb1,1.0,3
13705,resnet18,0.9772814215247084,3
13706,inceptionv3,1.0,10
13707,vgg16,1.0,13
13708,inceptionv3,1.0,10
13709,efficientnetb0,1.0,3
13710,inceptionv3,1.0,10
13711,efficientnetb2,1.0,3
13712,efficientnetb0,1.0,3
13713,densenet121,1.0,6
13714,inceptionv3,1.0,10
13715,vgg19,0.9938700985656802,16
13716,efficientnetb2,1.0,3
13717,inceptionv3,1.0,10
13718,vgg19,1.0,15
13719,vgg19,1.0,15
13720,resnet50,0.6400205520491736,8
13721,vgg16,1.0,13
13722,mobilenetv2,0.4648669037656601,6
13723,resnet50,0.6400205520491736,8
13724,resnet18,0.9772814215247084,3
13725,vgg16,1.0,13
13726,alexnet,0.2991244697200437,5
13727,inceptionv3,1.0,10
13728,densenet121,1.0,6
13729,resnet18,0.9772814215247084,3
13730,densenet121,1.0,6
13731,inceptionv3,1.0,10
13732,resnet50,0.6400205520491736,8
13733,inceptionv3,1.0,10
13734,mobilenetv2,0.4648669037656601,6
13735,efficientnetb0,1.0,3
13736,resnet34,1.0,6
13737,vgg16,1.0,13
13738,efficientnetb1,1.0,3
13739,resnet50,0.6400205520491736,8
13740,densenet161,1.0,6
13741,inceptionv3,1.0,10
13742,efficientnetb0,1.0,3
13743,vgg19,0.9938700985656802,16
13744,resnet34,1.0,6
13745,efficientnetb1,1.0,3
13746,vgg16,0.8548072768189431,12
13747,efficientnetb0,1.0,3
13748,vgg16,1.0,13
13749,efficientnetb1,1.0,3
13750,inceptionv3,1.0,10
13751,alexnet,0.293491136826713,4
13752,mobilenetv2,0.4648669037656601,6
13753,vgg19,0.9938700985656802,16
13754,resnet50,0.6400205520491736,8
13755,densenet121,1.0,6
13756,mobilenetv2,0.4648669037656601,6
13757,vgg19,0.9938700985656802,16
13758,resnet50,0.6400205520491736,8
13759,resnet34,1.0,6
13760,efficientnetb2,1.0,3
13761,resnet50,0.6400205520491736,8
13762,efficientnetb0,1.0,3
13763,efficientnetb0,1.0,3
13764,efficientnetb1,1.0,3
13765,densenet121,1.0,6
13766,densenet161,1.0,6
13767,efficientnetb1,1.0,3
13768,mobilenetv2,0.4648669037656601,6
13769,vgg16,0.8548072768189431,12
13770,alexnet,0.2991244697200437,5
13771,efficientnetb2,1.0,3
13772,efficientnetb0,1.0,3
13773,resnet34,1.0,6
13774,mobilenetv2,0.4648669037656601,6
13775,efficientnetb2,1.0,3
13776,mobilenetv2,0.4648669037656601,6
13777,mobilenetv2,0.4685879196662824,7
13778,densenet121,1.0,6
13779,efficientnetb1,1.0,3
13780,resnet34,1.0,6
13781,vgg16,0.8548072768189431,12
13782,alexnet,0.293491136826713,4
13783,resnet34,1.0,6
13784,efficientnetb2,1.0,3
13785,vgg19,0.9938700985656802,16
13786,resnet34,1.0,6
13787,resnet50,0.8017819857800019,7
13788,resnet18,0.9772814215247084,3
13789,efficientnetb2,1.0,3
13790,efficientnetb1,1.0,3
13791,densenet121,1.0,6
13792,resnet34,1.0,6
13793,densenet161,1.0,6
13794,mobilenetv2,0.4648669037656601,6
13795,densenet161,1.0,6
13796,vgg19,0.783629319224574,17
13797,resnet50,0.8017819857800019,7
13798,densenet161,1.0,6
13799,efficientnetb0,1.0,3
13800,vgg16,1.0,13
13801,vgg16,0.8548072768189431,12
13802,densenet121,1.0,6
13803,efficientnetb0,1.0,3
13804,resnet34,0.8120702549228033,7
13805,resnet18,0.9772814215247084,3
13806,vgg16,1.0,13
13807,efficientnetb2,1.0,3
13808,inceptionv3,1.0,10
13809,vgg16,1.0,13
13810,densenet121,1.0,6
13811,resnet50,0.6400205520491736,8
13812,vgg19,0.9938700985656802,16
13813,inceptionv3,1.0,10
13814,efficientnetb2,1.0,3
13815,inceptionv3,1.0,10
13816,inceptionv3,1.0,10
13817,resnet34,1.0,6
13818,resnet18,0.9772814215247084,3
13819,inceptionv3,1.0,10
13820,mobilenetv2,0.4685879196662824,7
13821,efficientnetb1,1.0,3
13822,alexnet,0.2991244697200437,5
13823,inceptionv3,1.0,10
13824,resnet34,1.0,6
13825,vgg16,1.0,13
13826,efficientnetb0,1.0,3
13827,densenet161,1.0,6
13828,resnet50,0.6400205520491736,8
13829,alexnet,0.293491136826713,4
13830,densenet121,1.0,6
13831,efficientnetb2,1.0,3
13832,efficientnetb0,1.0,3
13833,resnet34,1.0,6
13834,mobilenetv2,0.4648669037656601,6
13835,densenet161,1.0,6
13836,densenet161,1.0,6
13837,efficientnetb0,1.0,3
13838,efficientnetb2,1.0,3
13839,efficientnetb2,1.0,3
13840,efficientnetb0,1.0,3
13841,resnet34,1.0,6
13842,inceptionv3,1.0,10
13843,densenet121,1.0,6
13844,alexnet,0.293491136826713,4
13845,efficientnetb1,1.0,3
13846,resnet18,0.9772814215247084,3
13847,resnet34,1.0,6
13848,alexnet,0.2991244697200437,5
13849,resnet34,1.0,6
13850,densenet121,0.4858756243316292,5
13851,resnet34,1.0,6
13852,efficientnetb0,1.0,3
13853,resnet34,1.0,6
13854,vgg19,0.9938700985656802,16
13855,resnet18,0.9772814215247084,3
13856,resnet34,1.0,6
13857,efficientnetb2,1.0,3
13858,efficientnetb0,1.0,3
13859,efficientnetb2,1.0,3
13860,efficientnetb1,1.0,3
13861,alexnet,0.2991244697200437,5
13862,efficientnetb1,1.0,3
13863,densenet161,1.0,6
13864,mobilenetv2,0.4685879196662824,7
13865,efficientnetb2,1.0,3
13866,resnet50,0.6400205520491736,8
13867,efficientnetb0,1.0,3
13868,resnet18,0.9772814215247084,3
13869,mobilenetv2,0.4685879196662824,7
13870,inceptionv3,1.0,10
13871,vgg19,0.9938700985656802,16
13872,mobilenetv2,0.4685879196662824,7
13873,efficientnetb0,1.0,3
13874,vgg19,0.9938700985656802,16
13875,alexnet,0.293491136826713,4
13876,densenet121,1.0,6
13877,densenet161,1.0,6
13878,densenet121,1.0,6
13879,mobilenetv2,0.4648669037656601,6
13880,vgg19,0.9938700985656802,16
13881,inceptionv3,1.0,10
13882,vgg19,0.9938700985656802,16
13883,efficientnetb2,1.0,3
13884,resnet18,0.9772814215247084,3
13885,efficientnetb0,1.0,3
13886,resnet50,0.6400205520491736,8
13887,inceptionv3,1.0,10
13888,vgg16,1.0,13
13889,vgg16,1.0,13
13890,densenet161,1.0,6
13891,vgg16,1.0,13
13892,vgg16,1.0,13
13893,resnet18,0.9772814215247084,3
13894,alexnet,0.2991244697200437,5
13895,resnet34,1.0,6
13896,efficientnetb2,1.0,3
13897,efficientnetb1,1.0,3
13898,densenet121,1.0,6
13899,resnet18,0.9772814215247084,3
13900,vgg16,1.0,13
13901,efficientnetb2,1.0,3
13902,efficientnetb0,1.0,3
13903,alexnet,0.2991244697200437,5
13904,densenet161,1.0,6
13905,efficientnetb1,1.0,3
13906,densenet161,1.0,6
13907,alexnet,0.2991244697200437,5
13908,vgg19,0.9938700985656802,16
13909,alexnet,0.2991244697200437,5
13910,efficientnetb1,1.0,3
13911,densenet161,1.0,6
13912,vgg19,0.9938700985656802,16
13913,vgg16,0.8548072768189431,12
13914,vgg19,0.9938700985656802,16
13915,inceptionv3,1.0,10
13916,alexnet,0.2991244697200437,5
13917,vgg19,0.9938700985656802,16
13918,resnet34,1.0,6
13919,mobilenetv2,0.4648669037656601,6
13920,densenet121,1.0,6
13921,vgg19,0.9938700985656802,16
13922,alexnet,0.2991244697200437,5
13923,inceptionv3,1.0,10
13924,densenet121,1.0,6
13925,densenet161,1.0,6
13926,resnet18,0.9772814215247084,3
13927,inceptionv3,1.0,10
13928,efficientnetb0,1.0,3
13929,efficientnetb0,1.0,3
13930,mobilenetv2,0.4648669037656601,6
13931,densenet121,1.0,6
13932,inceptionv3,1.0,10
13933,densenet161,1.0,6
13934,alexnet,0.2991244697200437,5
13935,mobilenetv2,0.4648669037656601,6
13936,resnet50,0.8017819857800019,7
13937,efficientnetb2,1.0,3
13938,vgg16,1.0,13
13939,resnet18,0.9772814215247084,3
13940,densenet161,1.0,6
13941,densenet121,1.0,6
13942,vgg19,0.9938700985656802,16
13943,vgg16,1.0,13
13944,vgg19,0.783629319224574,17
13945,densenet121,1.0,6
13946,mobilenetv2,0.4648669037656601,6
13947,efficientnetb0,1.0,3
13948,resnet50,0.8017819857800019,7
13949,vgg16,0.8548072768189431,12
13950,inceptionv3,1.0,10
13951,densenet161,1.0,6
13952,efficientnetb2,1.0,3
13953,densenet161,1.0,6
13954,mobilenetv2,0.4648669037656601,6
13955,mobilenetv2,0.4648669037656601,6
13956,vgg19,1.0,15
13957,resnet34,1.0,6
13958,densenet121,1.0,6
13959,alexnet,0.293491136826713,4
13960,vgg19,1.0,15
13961,resnet34,1.0,6
13962,resnet18,0.9772814215247084,3
13963,inceptionv3,1.0,10
13964,resnet18,0.9772814215247084,3
13965,vgg16,0.8548072768189431,12
13966,alexnet,0.293491136826713,4
13967,mobilenetv2,0.4648669037656601,6
13968,densenet121,1.0,6
13969,densenet121,1.0,6
13970,resnet34,1.0,6
13971,vgg19,0.9938700985656802,16
13972,alexnet,0.293491136826713,4
13973,mobilenetv2,0.4648669037656601,6
13974,efficientnetb2,1.0,3
13975,resnet18,0.9772814215247084,3
13976,densenet161,1.0,6
13977,efficientnetb2,1.0,3
13978,vgg16,1.0,13
13979,inceptionv3,1.0,10
13980,densenet121,1.0,6
13981,densenet161,1.0,6
13982,efficientnetb0,1.0,3
13983,densenet161,1.0,6
13984,resnet50,0.6400205520491736,8
13985,efficientnetb2,1.0,3
13986,resnet34,1.0,6
13987,mobilenetv2,0.4648669037656601,6
13988,vgg19,0.9938700985656802,16
13989,resnet50,0.6400205520491736,8
13990,resnet50,0.6400205520491736,8
13991,resnet50,0.6400205520491736,8
13992,densenet121,1.0,6
13993,efficientnetb0,1.0,3
13994,resnet34,1.0,6
13995,resnet34,1.0,6
13996,densenet121,1.0,6
13997,mobilenetv2,0.4685879196662824,7
13998,inceptionv3,1.0,10
13999,inceptionv3,1.0,10
14000,resnet50,0.6400205520491736,8
14001,alexnet,0.2991244697200437,5
14002,mobilenetv2,0.4685879196662824,7
14003,mobilenetv2,0.4685879196662824,7
14004,vgg19,0.9938700985656802,16
14005,efficientnetb0,1.0,3
14006,alexnet,0.2991244697200437,5
14007,resnet50,0.6400205520491736,8
14008,efficientnetb2,1.0,3
14009,resnet18,0.9772814215247084,3
14010,alexnet,0.2991244697200437,5
14011,efficientnetb2,1.0,3
14012,vgg19,0.9938700985656802,16
14013,densenet121,1.0,6
14014,efficientnetb1,1.0,3
14015,resnet34,1.0,6
14016,alexnet,0.293491136826713,4
14017,densenet121,1.0,6
14018,densenet161,1.0,6
14019,vgg16,1.0,13
14020,vgg16,0.986973209346794,14
14021,densenet161,1.0,6
14022,inceptionv3,1.0,10
14023,resnet50,0.6400205520491736,8
14024,densenet121,1.0,6
14025,resnet18,0.9772814215247084,3
14026,efficientnetb1,1.0,3
14027,mobilenetv2,0.4685879196662824,7
14028,resnet34,1.0,6
14029,efficientnetb0,1.0,3
14030,mobilenetv2,0.4685879196662824,7
14031,resnet18,0.9772814215247084,3
14032,vgg16,1.0,13
14033,resnet50,0.6400205520491736,8
14034,inceptionv3,1.0,10
14035,vgg16,1.0,13
14036,resnet34,1.0,6
14037,resnet18,0.9772814215247084,3
14038,efficientnetb2,1.0,3
14039,densenet121,1.0,6
14040,resnet18,0.9772814215247084,3
14041,densenet161,1.0,6
14042,resnet34,1.0,6
14043,resnet50,0.6400205520491736,8
14044,resnet50,0.6400205520491736,8
14045,inceptionv3,1.0,10
14046,resnet34,1.0,6
14047,resnet34,1.0,6
14048,efficientnetb0,1.0,3
14049,efficientnetb1,1.0,3
14050,mobilenetv2,0.4648669037656601,6
14051,resnet18,0.9772814215247084,3
14052,efficientnetb1,1.0,3
14053,efficientnetb2,1.0,3
14054,efficientnetb2,1.0,3
14055,mobilenetv2,0.4648669037656601,6
14056,resnet18,0.9772814215247084,3
14057,inceptionv3,1.0,10
14058,mobilenetv2,0.4648669037656601,6
14059,densenet121,1.0,6
14060,alexnet,0.293491136826713,4
14061,vgg16,1.0,13
14062,resnet18,0.9772814215247084,3
14063,mobilenetv2,0.4648669037656601,6
14064,densenet121,1.0,6
14065,alexnet,0.2991244697200437,5
14066,efficientnetb1,1.0,3
14067,resnet18,0.9772814215247084,3
14068,inceptionv3,1.0,10
14069,alexnet,0.2991244697200437,5
14070,densenet121,1.0,6
14071,densenet121,1.0,6
14072,efficientnetb0,1.0,3
14073,vgg16,0.8548072768189431,12
14074,resnet34,1.0,6
14075,efficientnetb2,1.0,3
14076,resnet18,0.9772814215247084,3
14077,resnet18,0.9772814215247084,3
14078,vgg19,0.9938700985656802,16
14079,densenet121,1.0,6
14080,densenet161,1.0,6
14081,alexnet,0.293491136826713,4
14082,efficientnetb0,1.0,3
14083,densenet121,1.0,6
14084,efficientnetb2,1.0,3
14085,alexnet,0.2991244697200437,5
14086,vgg16,1.0,13
14087,inceptionv3,1.0,10
14088,vgg16,1.0,13
14089,vgg19,1.0,15
14090,vgg16,1.0,13
14091,vgg19,1.0,15
14092,resnet34,1.0,6
14093,densenet121,1.0,6
14094,resnet18,0.9772814215247084,3
14095,vgg19,1.0,15
14096,alexnet,0.293491136826713,4
14097,mobilenetv2,0.4648669037656601,6
14098,alexnet,0.293491136826713,4
14099,alexnet,0.2991244697200437,5
14100,alexnet,0.2991244697200437,5
14101,efficientnetb2,1.0,3
14102,resnet34,1.0,6
14103,vgg19,1.0,15
14104,resnet18,0.9772814215247084,3
14105,vgg16,1.0,13
14106,densenet161,1.0,6
14107,vgg16,1.0,13
14108,efficientnetb1,1.0,3
14109,inceptionv3,1.0,10
14110,densenet121,1.0,6
14111,mobilenetv2,0.4685879196662824,7
14112,vgg16,1.0,13
14113,densenet161,1.0,6
14114,vgg19,0.9938700985656802,16
14115,vgg19,1.0,15
14116,vgg16,0.8548072768189431,12
14117,inceptionv3,1.0,10
14118,inceptionv3,1.0,10
14119,efficientnetb2,1.0,3
14120,alexnet,0.293491136826713,4
14121,efficientnetb2,1.0,3
14122,efficientnetb0,1.0,3
14123,resnet50,0.8017819857800019,7
14124,mobilenetv2,0.4648669037656601,6
14125,vgg19,1.0,15
14126,vgg19,0.9938700985656802,16
14127,resnet34,1.0,6
14128,resnet50,0.8017819857800019,7
14129,vgg19,1.0,15
14130,resnet34,1.0,6
14131,resnet50,0.6400205520491736,8
14132,efficientnetb1,1.0,3
14133,efficientnetb0,1.0,3
14134,efficientnetb1,1.0,3
14135,vgg19,1.0,15
14136,resnet18,0.9772814215247084,3
14137,efficientnetb2,1.0,3
14138,vgg16,1.0,13
14139,resnet18,0.9772814215247084,3
14140,efficientnetb1,1.0,3
14141,densenet121,1.0,6
14142,inceptionv3,1.0,10
14143,inceptionv3,1.0,10
14144,mobilenetv2,0.4648669037656601,6
14145,efficientnetb2,1.0,3
14146,resnet34,1.0,6
14147,efficientnetb1,1.0,3
14148,inceptionv3,1.0,10
14149,alexnet,0.293491136826713,4
14150,efficientnetb1,1.0,3
14151,efficientnetb2,1.0,3
14152,resnet18,0.9772814215247084,3
14153,resnet18,0.9772814215247084,3
14154,resnet34,1.0,6
14155,densenet161,1.0,6
14156,inceptionv3,1.0,10
14157,inceptionv3,1.0,10
14158,efficientnetb0,1.0,3
14159,efficientnetb1,1.0,3
14160,vgg19,0.9938700985656802,16
14161,vgg16,1.0,13
14162,resnet34,1.0,6
14163,densenet161,1.0,6
14164,resnet50,0.8017819857800019,7
14165,resnet18,0.9772814215247084,3
14166,efficientnetb0,1.0,3
14167,resnet34,1.0,6
14168,mobilenetv2,0.4648669037656601,6
14169,alexnet,0.293491136826713,4
14170,mobilenetv2,0.4685879196662824,7
14171,resnet18,0.9772814215247084,3
14172,densenet121,1.0,6
14173,efficientnetb0,1.0,3
14174,resnet34,1.0,6
14175,vgg16,1.0,13
14176,resnet50,0.8017819857800019,7
14177,efficientnetb0,1.0,3
14178,vgg19,0.9938700985656802,16
14179,vgg19,0.9938700985656802,16
14180,densenet161,1.0,6
14181,efficientnetb2,1.0,3
14182,resnet34,1.0,6
14183,inceptionv3,1.0,10
14184,densenet121,1.0,6
14185,inceptionv3,1.0,10
14186,densenet161,1.0,6
14187,densenet121,1.0,6
14188,efficientnetb0,1.0,3
14189,efficientnetb0,1.0,3
14190,resnet50,0.6400205520491736,8
14191,alexnet,0.2991244697200437,5
14192,mobilenetv2,0.4685879196662824,7
14193,efficientnetb1,1.0,3
14194,vgg16,1.0,13
14195,resnet34,1.0,6
14196,mobilenetv2,0.4685879196662824,7
14197,vgg16,1.0,13
14198,alexnet,0.2991244697200437,5
14199,efficientnetb1,1.0,3
14200,alexnet,0.2991244697200437,5
14201,resnet50,0.6400205520491736,8
14202,resnet34,1.0,6
14203,resnet18,0.9772814215247084,3
14204,resnet34,0.8120702549228033,7
14205,densenet121,1.0,6
14206,densenet161,1.0,6
14207,efficientnetb2,1.0,3
14208,efficientnetb0,1.0,3
14209,efficientnetb0,1.0,3
14210,inceptionv3,1.0,10
14211,mobilenetv2,0.4648669037656601,6
14212,densenet161,1.0,6
14213,resnet50,0.6400205520491736,8
14214,efficientnetb0,1.0,3
14215,densenet121,1.0,6
14216,efficientnetb0,1.0,3
14217,resnet50,0.6400205520491736,8
14218,densenet121,1.0,6
14219,densenet121,1.0,6
14220,efficientnetb1,1.0,3
14221,vgg16,1.0,13
14222,resnet18,0.9772814215247084,3
14223,mobilenetv2,0.4685879196662824,7
14224,alexnet,0.2991244697200437,5
14225,mobilenetv2,0.4648669037656601,6
14226,efficientnetb1,1.0,3
14227,resnet18,0.9772814215247084,3
14228,efficientnetb1,1.0,3
14229,resnet34,1.0,6
14230,alexnet,0.2991244697200437,5
14231,resnet50,0.6400205520491736,8
14232,efficientnetb0,1.0,3
14233,densenet161,1.0,6
14234,efficientnetb0,1.0,3
14235,resnet34,1.0,6
14236,resnet34,1.0,6
14237,efficientnetb0,1.0,3
14238,vgg16,1.0,13
14239,vgg16,0.986973209346794,14
14240,resnet18,0.9772814215247084,3
14241,vgg16,1.0,13
14242,resnet34,1.0,6
14243,vgg16,1.0,13
14244,efficientnetb0,1.0,3
14245,inceptionv3,1.0,10
14246,mobilenetv2,0.4685879196662824,7
14247,resnet18,0.9772814215247084,3
14248,alexnet,0.2991244697200437,5
14249,efficientnetb0,1.0,3
14250,resnet18,0.9772814215247084,3
14251,vgg16,1.0,13
14252,alexnet,0.2991244697200437,5
14253,efficientnetb2,1.0,3
14254,mobilenetv2,0.4685879196662824,7
14255,vgg16,1.0,13
14256,mobilenetv2,0.4648669037656601,6
14257,vgg16,1.0,13
14258,resnet50,0.6400205520491736,8
14259,alexnet,0.2991244697200437,5
14260,efficientnetb2,1.0,3
14261,resnet18,0.9772814215247084,3
14262,resnet18,0.9772814215247084,3
14263,efficientnetb0,1.0,3
14264,inceptionv3,1.0,10
14265,alexnet,0.2991244697200437,5
14266,efficientnetb2,1.0,3
14267,vgg19,0.9938700985656802,16
14268,efficientnetb2,1.0,3
14269,efficientnetb1,1.0,3
14270,vgg19,0.9938700985656802,16
14271,vgg19,0.9938700985656802,16
14272,inceptionv3,1.0,10
14273,resnet34,1.0,6
14274,efficientnetb0,1.0,3
14275,vgg16,1.0,13
14276,resnet34,1.0,6
14277,mobilenetv2,0.4648669037656601,6
14278,densenet121,1.0,6
14279,efficientnetb1,1.0,3
14280,vgg16,1.0,13
14281,vgg19,0.9938700985656802,16
14282,alexnet,0.2991244697200437,5
14283,efficientnetb2,1.0,3
14284,alexnet,0.293491136826713,4
14285,vgg19,0.783629319224574,17
14286,resnet18,0.9772814215247084,3
14287,resnet34,1.0,6
14288,vgg16,1.0,13
14289,mobilenetv2,0.4648669037656601,6
14290,vgg16,1.0,13
14291,alexnet,0.293491136826713,4
14292,efficientnetb0,1.0,3
14293,efficientnetb2,1.0,3
14294,resnet50,0.8017819857800019,7
14295,resnet50,0.6400205520491736,8
14296,efficientnetb1,1.0,3
14297,inceptionv3,1.0,10
14298,resnet34,1.0,6
14299,resnet34,1.0,6
14300,resnet34,1.0,6
14301,densenet121,1.0,6
14302,efficientnetb2,1.0,3
14303,vgg16,1.0,13
14304,efficientnetb2,1.0,3
14305,efficientnetb2,1.0,3
14306,efficientnetb1,1.0,3
14307,efficientnetb0,1.0,3
14308,resnet18,0.9772814215247084,3
14309,densenet161,1.0,6
14310,resnet18,0.9772814215247084,3
14311,vgg19,1.0,15
14312,vgg16,1.0,13
14313,resnet18,0.9772814215247084,3
14314,efficientnetb1,1.0,3
14315,efficientnetb2,1.0,3
14316,resnet50,0.6400205520491736,8
14317,resnet50,0.6400205520491736,8
14318,densenet121,1.0,6
14319,mobilenetv2,0.4648669037656601,6
14320,densenet161,1.0,6
14321,resnet18,0.9772814215247084,3
14322,resnet34,1.0,6
14323,resnet34,1.0,6
14324,densenet121,1.0,6
14325,vgg19,0.9938700985656802,16
14326,mobilenetv2,0.4648669037656601,6
14327,densenet161,1.0,6
14328,inceptionv3,1.0,10
14329,densenet161,1.0,6
14330,mobilenetv2,0.4685879196662824,7
14331,densenet161,1.0,6
14332,mobilenetv2,0.4648669037656601,6
14333,mobilenetv2,0.4648669037656601,6
14334,resnet18,0.9772814215247084,3
14335,efficientnetb1,1.0,3
14336,densenet161,1.0,6
14337,resnet34,1.0,6
14338,mobilenetv2,0.4648669037656601,6
14339,efficientnetb2,1.0,3
14340,vgg16,1.0,13
14341,alexnet,0.2991244697200437,5
14342,vgg16,1.0,13
14343,mobilenetv2,0.4648669037656601,6
14344,mobilenetv2,0.4648669037656601,6
14345,densenet121,1.0,6
14346,efficientnetb2,1.0,3
14347,efficientnetb1,1.0,3
14348,resnet18,0.9772814215247084,3
14349,inceptionv3,1.0,10
14350,mobilenetv2,0.4685879196662824,7
14351,inceptionv3,1.0,10
14352,densenet121,1.0,6
14353,resnet18,0.9772814215247084,3
14354,densenet161,1.0,6
14355,efficientnetb2,1.0,3
14356,densenet121,1.0,6
14357,inceptionv3,1.0,10
14358,resnet34,1.0,6
14359,efficientnetb0,1.0,3
14360,mobilenetv2,0.4685879196662824,7
14361,resnet34,1.0,6
14362,resnet50,0.6400205520491736,8
14363,resnet50,0.6400205520491736,8
14364,alexnet,0.2991244697200437,5
14365,efficientnetb1,1.0,3
14366,inceptionv3,1.0,10
14367,densenet121,1.0,6
14368,densenet121,1.0,6
14369,alexnet,0.293491136826713,4
14370,inceptionv3,1.0,10
14371,alexnet,0.2991244697200437,5
14372,resnet50,0.6400205520491736,8
14373,efficientnetb2,1.0,3
14374,alexnet,0.2991244697200437,5
14375,mobilenetv2,0.4685879196662824,7
14376,resnet18,0.9772814215247084,3
14377,resnet50,0.6400205520491736,8
14378,inceptionv3,1.0,10
14379,vgg16,1.0,13
14380,mobilenetv2,0.4685879196662824,7
14381,efficientnetb2,1.0,3
14382,efficientnetb1,1.0,3
14383,alexnet,0.293491136826713,4
14384,resnet50,0.6400205520491736,8
14385,alexnet,0.2991244697200437,5
14386,resnet50,0.6400205520491736,8
14387,inceptionv3,1.0,10
14388,efficientnetb0,1.0,3
14389,resnet34,1.0,6
14390,vgg19,0.9938700985656802,16
14391,resnet34,1.0,6
14392,inceptionv3,1.0,10
14393,resnet18,0.9772814215247084,3
14394,mobilenetv2,0.4685879196662824,7
14395,densenet161,1.0,6
14396,resnet50,0.6400205520491736,8
14397,efficientnetb1,1.0,3
14398,densenet161,1.0,6
14399,mobilenetv2,0.4685879196662824,7
14400,vgg16,1.0,13
14401,vgg19,1.0,15
14402,densenet161,1.0,6
14403,mobilenetv2,0.4648669037656601,6
14404,resnet18,0.9772814215247084,3
14405,alexnet,0.2991244697200437,5
14406,efficientnetb0,1.0,3
14407,resnet34,1.0,6
14408,vgg16,1.0,13
14409,efficientnetb2,1.0,3
14410,efficientnetb0,1.0,3
14411,inceptionv3,1.0,10
14412,alexnet,0.2991244697200437,5
14413,alexnet,0.2991244697200437,5
14414,inceptionv3,1.0,10
14415,efficientnetb0,1.0,3
14416,vgg16,1.0,13
14417,inceptionv3,1.0,10
14418,efficientnetb0,1.0,3
14419,densenet121,1.0,6
14420,mobilenetv2,0.4648669037656601,6
14421,alexnet,0.2991244697200437,5
14422,resnet18,0.9772814215247084,3
14423,alexnet,0.293491136826713,4
14424,resnet18,0.9772814215247084,3
14425,densenet121,1.0,6
14426,densenet121,1.0,6
14427,mobilenetv2,0.4648669037656601,6
14428,vgg19,1.0,15
14429,efficientnetb2,1.0,3
14430,vgg16,1.0,13
14431,resnet18,0.9772814215247084,3
14432,efficientnetb2,1.0,3
14433,densenet121,1.0,6
14434,efficientnetb2,1.0,3
14435,resnet34,1.0,6
14436,inceptionv3,1.0,10
14437,densenet161,1.0,6
14438,mobilenetv2,0.4648669037656601,6
14439,inceptionv3,1.0,10
14440,resnet18,0.9772814215247084,3
14441,inceptionv3,1.0,10
14442,vgg16,1.0,13
14443,vgg19,0.9938700985656802,16
14444,inceptionv3,1.0,10
14445,efficientnetb1,1.0,3
14446,vgg19,1.0,15
14447,inceptionv3,1.0,10
14448,vgg19,0.9938700985656802,16
14449,inceptionv3,1.0,10
14450,alexnet,0.293491136826713,4
14451,efficientnetb1,1.0,3
14452,mobilenetv2,0.4648669037656601,6
14453,mobilenetv2,0.4648669037656601,6
14454,densenet121,1.0,6
14455,efficientnetb0,1.0,3
14456,vgg19,0.9938700985656802,16
14457,efficientnetb1,1.0,3
14458,mobilenetv2,0.4685879196662824,7
14459,efficientnetb2,1.0,3
14460,densenet121,1.0,6
14461,mobilenetv2,0.4685879196662824,7
14462,efficientnetb2,1.0,3
14463,efficientnetb2,1.0,3
14464,vgg16,1.0,13
14465,efficientnetb1,1.0,3
14466,vgg16,1.0,13
14467,vgg19,1.0,15
14468,inceptionv3,1.0,10
14469,vgg16,1.0,13
14470,densenet161,1.0,6
14471,efficientnetb2,1.0,3
14472,vgg19,0.9938700985656802,16
14473,vgg16,1.0,13
14474,resnet50,0.6400205520491736,8
14475,resnet34,1.0,6
14476,resnet50,0.8017819857800019,7
14477,inceptionv3,1.0,10
14478,resnet50,0.6400205520491736,8
14479,alexnet,0.2991244697200437,5
14480,mobilenetv2,0.4648669037656601,6
14481,resnet50,0.6400205520491736,8
14482,efficientnetb2,1.0,3
14483,mobilenetv2,0.4648669037656601,6
14484,vgg19,0.9938700985656802,16
14485,mobilenetv2,0.4648669037656601,6
14486,densenet121,1.0,6
14487,densenet161,1.0,6
14488,resnet34,1.0,6
14489,resnet50,0.8017819857800019,7
14490,resnet50,0.6400205520491736,8
14491,densenet161,1.0,6
14492,inceptionv3,1.0,10
14493,inceptionv3,1.0,10
14494,efficientnetb1,1.0,3
14495,densenet121,1.0,6
14496,resnet34,1.0,6
14497,vgg16,1.0,13
14498,mobilenetv2,0.4648669037656601,6
14499,inceptionv3,1.0,10
14500,vgg19,0.783629319224574,17
14501,mobilenetv2,0.4648669037656601,6
14502,mobilenetv2,0.4685879196662824,7
14503,resnet50,0.6400205520491736,8
14504,densenet121,1.0,6
14505,vgg19,0.9938700985656802,16
14506,vgg19,0.9938700985656802,16
14507,densenet161,1.0,6
14508,densenet121,0.4858756243316292,5
14509,densenet161,1.0,6
14510,resnet34,1.0,6
14511,densenet121,1.0,6
14512,efficientnetb1,1.0,3
14513,resnet50,0.6400205520491736,8
14514,efficientnetb2,1.0,3
14515,vgg19,0.9938700985656802,16
14516,mobilenetv2,0.4685879196662824,7
14517,resnet50,0.6400205520491736,8
14518,efficientnetb2,1.0,3
14519,resnet18,0.9772814215247084,3
14520,densenet121,1.0,6
14521,densenet121,1.0,6
14522,efficientnetb0,1.0,3
14523,densenet161,1.0,6
14524,efficientnetb0,1.0,3
14525,efficientnetb0,1.0,3
14526,densenet161,1.0,6
14527,efficientnetb0,1.0,3
14528,efficientnetb0,1.0,3
14529,resnet18,0.9772814215247084,3
14530,densenet121,1.0,6
14531,inceptionv3,1.0,10
14532,efficientnetb1,1.0,3
14533,resnet34,1.0,6
14534,densenet121,1.0,6
14535,efficientnetb0,1.0,3
14536,efficientnetb1,1.0,3
14537,resnet50,0.6400205520491736,8
14538,resnet34,1.0,6
14539,resnet50,0.6400205520491736,8
14540,resnet34,1.0,6
14541,resnet18,0.9772814215247084,3
14542,resnet34,1.0,6
14543,inceptionv3,1.0,10
14544,resnet18,0.9772814215247084,3
14545,vgg19,0.783629319224574,17
14546,alexnet,0.293491136826713,4
14547,resnet18,0.9772814215247084,3
14548,alexnet,0.293491136826713,4
14549,vgg19,0.9938700985656802,16
14550,efficientnetb0,1.0,3
14551,densenet161,1.0,6
14552,mobilenetv2,0.4648669037656601,6
14553,inceptionv3,1.0,10
14554,alexnet,0.293491136826713,4
14555,vgg19,0.9938700985656802,16
14556,vgg19,0.9938700985656802,16
14557,resnet50,0.6400205520491736,8
14558,mobilenetv2,0.4648669037656601,6
14559,vgg16,1.0,13
14560,densenet161,1.0,6
14561,mobilenetv2,0.4685879196662824,7
14562,efficientnetb0,1.0,3
14563,densenet121,1.0,6
14564,resnet18,0.9772814215247084,3
14565,resnet18,0.9772814215247084,3
14566,resnet18,0.9772814215247084,3
14567,alexnet,0.2991244697200437,5
14568,resnet34,0.8120702549228033,7
14569,mobilenetv2,0.4685879196662824,7
14570,inceptionv3,1.0,10
14571,resnet34,1.0,6
14572,resnet34,1.0,6
14573,mobilenetv2,0.4685879196662824,7
14574,densenet121,1.0,6
14575,resnet34,1.0,6
14576,alexnet,0.293491136826713,4
14577,resnet34,1.0,6
14578,densenet121,1.0,6
14579,vgg19,0.9938700985656802,16
14580,alexnet,0.2991244697200437,5
14581,resnet34,1.0,6
14582,inceptionv3,1.0,10
14583,efficientnetb2,1.0,3
14584,efficientnetb1,1.0,3
14585,inceptionv3,1.0,10
14586,densenet161,1.0,6
14587,efficientnetb1,1.0,3
14588,mobilenetv2,0.4685879196662824,7
14589,alexnet,0.293491136826713,4
14590,mobilenetv2,0.4648669037656601,6
14591,vgg19,0.9938700985656802,16
14592,mobilenetv2,0.4648669037656601,6
14593,inceptionv3,1.0,10
14594,resnet18,0.9772814215247084,3
14595,inceptionv3,1.0,10
14596,alexnet,0.2991244697200437,5
14597,efficientnetb1,1.0,3
14598,densenet121,1.0,6
14599,mobilenetv2,0.4685879196662824,7
14600,resnet50,0.6400205520491736,8
14601,mobilenetv2,0.4685879196662824,7
14602,densenet161,1.0,6
14603,resnet34,1.0,6
14604,mobilenetv2,0.4685879196662824,7
14605,resnet34,1.0,6
14606,efficientnetb0,1.0,3
14607,resnet34,1.0,6
14608,vgg16,1.0,13
14609,densenet161,1.0,6
14610,densenet121,1.0,6
14611,resnet34,1.0,6
14612,vgg19,0.9938700985656802,16
14613,densenet161,1.0,6
14614,resnet50,0.6400205520491736,8
14615,efficientnetb2,1.0,3
14616,resnet34,1.0,6
14617,alexnet,0.2991244697200437,5
14618,vgg16,1.0,13
14619,inceptionv3,1.0,10
14620,mobilenetv2,0.4685879196662824,7
14621,alexnet,0.293491136826713,4
14622,efficientnetb2,1.0,3
14623,alexnet,0.2991244697200437,5
14624,efficientnetb1,1.0,3
14625,resnet50,0.6400205520491736,8
14626,mobilenetv2,0.4648669037656601,6
14627,efficientnetb0,1.0,3
14628,mobilenetv2,0.4648669037656601,6
14629,alexnet,0.293491136826713,4
14630,densenet121,1.0,6
14631,densenet121,1.0,6
14632,efficientnetb2,1.0,3
14633,densenet161,1.0,6
14634,efficientnetb0,1.0,3
14635,resnet34,1.0,6
14636,vgg16,1.0,13
14637,efficientnetb1,1.0,3
14638,efficientnetb0,1.0,3
14639,vgg16,1.0,13
14640,resnet34,0.8120702549228033,7
14641,resnet18,0.9772814215247084,3
14642,densenet121,1.0,6
14643,mobilenetv2,0.4648669037656601,6
14644,vgg16,1.0,13
14645,inceptionv3,1.0,10
14646,efficientnetb0,1.0,3
14647,densenet121,1.0,6
14648,mobilenetv2,0.4685879196662824,7
14649,resnet34,1.0,6
14650,resnet18,0.9772814215247084,3
14651,densenet121,1.0,6
14652,efficientnetb1,1.0,3
14653,alexnet,0.2991244697200437,5
14654,resnet18,0.9772814215247084,3
14655,densenet121,1.0,6
14656,mobilenetv2,0.4685879196662824,7
14657,resnet34,1.0,6
14658,efficientnetb0,1.0,3
14659,efficientnetb1,1.0,3
14660,inceptionv3,1.0,10
14661,resnet34,1.0,6
14662,densenet161,1.0,6
14663,densenet161,1.0,6
14664,vgg19,0.9938700985656802,16
14665,efficientnetb2,1.0,3
14666,efficientnetb2,1.0,3
14667,densenet121,1.0,6
14668,densenet121,1.0,6
14669,mobilenetv2,0.4648669037656601,6
14670,alexnet,0.293491136826713,4
14671,resnet50,0.6400205520491736,8
14672,vgg19,1.0,15
14673,efficientnetb2,1.0,3
14674,densenet121,1.0,6
14675,resnet18,0.9772814215247084,3
14676,vgg16,1.0,13
14677,inceptionv3,1.0,10
14678,inceptionv3,1.0,10
14679,inceptionv3,1.0,10
14680,vgg19,1.0,15
14681,efficientnetb1,1.0,3
14682,resnet50,0.6400205520491736,8
14683,vgg19,0.9938700985656802,16
14684,alexnet,0.293491136826713,4
14685,resnet18,0.9772814215247084,3
14686,vgg16,1.0,13
14687,mobilenetv2,0.4648669037656601,6
14688,efficientnetb0,1.0,3
14689,inceptionv3,1.0,10
14690,inceptionv3,1.0,10
14691,resnet18,0.9772814215247084,3
14692,efficientnetb1,1.0,3
14693,alexnet,0.293491136826713,4
14694,resnet50,0.6400205520491736,8
14695,vgg16,1.0,13
14696,resnet18,0.9772814215247084,3
14697,efficientnetb0,1.0,3
14698,resnet18,0.9772814215247084,3
14699,efficientnetb2,1.0,3
14700,alexnet,0.293491136826713,4
14701,resnet18,0.9772814215247084,3
14702,vgg16,1.0,13
14703,inceptionv3,1.0,10
14704,efficientnetb1,1.0,3
14705,efficientnetb1,1.0,3
14706,alexnet,0.2991244697200437,5
14707,efficientnetb1,1.0,3
14708,resnet50,0.6400205520491736,8
14709,densenet161,1.0,6
14710,alexnet,0.2991244697200437,5
14711,alexnet,0.2991244697200437,5
14712,vgg19,0.9938700985656802,16
14713,inceptionv3,1.0,10
14714,vgg16,1.0,13
14715,alexnet,0.2991244697200437,5
14716,vgg19,0.9938700985656802,16
14717,resnet50,0.6400205520491736,8
14718,vgg16,1.0,13
14719,densenet121,1.0,6
14720,efficientnetb0,1.0,3
14721,resnet18,0.9772814215247084,3
14722,vgg19,0.9938700985656802,16
14723,resnet50,0.6400205520491736,8
14724,densenet121,1.0,6
14725,resnet34,1.0,6
14726,vgg19,0.9938700985656802,16
14727,mobilenetv2,0.4648669037656601,6
14728,resnet34,1.0,6
14729,efficientnetb2,1.0,3
14730,inceptionv3,1.0,10
14731,vgg19,0.9938700985656802,16
14732,densenet121,1.0,6
14733,resnet34,1.0,6
14734,efficientnetb0,1.0,3
14735,inceptionv3,1.0,10
14736,efficientnetb0,1.0,3
14737,resnet50,0.6400205520491736,8
14738,resnet50,0.6400205520491736,8
14739,mobilenetv2,0.4685879196662824,7
14740,alexnet,0.2991244697200437,5
14741,efficientnetb1,1.0,3
14742,resnet50,0.6400205520491736,8
14743,densenet121,1.0,6
14744,densenet161,1.0,6
14745,efficientnetb1,1.0,3
14746,alexnet,0.2991244697200437,5
14747,vgg16,1.0,13
14748,mobilenetv2,0.4648669037656601,6
14749,mobilenetv2,0.4685879196662824,7
14750,efficientnetb2,1.0,3
14751,densenet161,1.0,6
14752,inceptionv3,1.0,10
14753,efficientnetb2,1.0,3
14754,inceptionv3,1.0,10
14755,resnet34,1.0,6
14756,resnet18,0.9772814215247084,3
14757,resnet18,0.9772814215247084,3
14758,resnet50,0.6400205520491736,8
14759,efficientnetb2,1.0,3
14760,efficientnetb2,1.0,3
14761,mobilenetv2,0.4685879196662824,7
14762,resnet50,0.6400205520491736,8
14763,resnet34,1.0,6
14764,mobilenetv2,0.4648669037656601,6
14765,efficientnetb0,1.0,3
14766,efficientnetb0,1.0,3
14767,resnet34,1.0,6
14768,efficientnetb1,1.0,3
14769,efficientnetb2,1.0,3
14770,efficientnetb0,1.0,3
14771,resnet50,0.6400205520491736,8
14772,vgg19,0.9938700985656802,16
14773,densenet161,1.0,6
14774,resnet50,0.6400205520491736,8
14775,mobilenetv2,0.4685879196662824,7
14776,vgg19,0.9938700985656802,16
14777,vgg16,1.0,13
14778,vgg19,0.9938700985656802,16
14779,efficientnetb1,1.0,3
14780,densenet121,1.0,6
14781,alexnet,0.293491136826713,4
14782,resnet34,1.0,6
14783,resnet50,0.6400205520491736,8
14784,efficientnetb2,1.0,3
14785,densenet121,0.4858756243316292,5
14786,resnet18,0.9772814215247084,3
14787,resnet18,0.9772814215247084,3
14788,efficientnetb1,1.0,3
14789,efficientnetb1,1.0,3
14790,inceptionv3,1.0,10
14791,mobilenetv2,0.4648669037656601,6
14792,efficientnetb1,1.0,3
14793,efficientnetb2,1.0,3
14794,densenet161,1.0,6
14795,inceptionv3,1.0,10
14796,resnet50,0.6400205520491736,8
14797,alexnet,0.293491136826713,4
14798,mobilenetv2,0.4648669037656601,6
14799,resnet50,0.6400205520491736,8
14800,vgg16,1.0,13
14801,efficientnetb0,1.0,3
14802,resnet50,0.8017819857800019,7
14803,resnet50,0.6400205520491736,8
14804,inceptionv3,1.0,10
14805,densenet161,1.0,6
14806,inceptionv3,1.0,10
14807,densenet161,1.0,6
14808,vgg19,0.783629319224574,17
14809,mobilenetv2,0.4648669037656601,6
14810,vgg16,1.0,13
14811,mobilenetv2,0.4685879196662824,7
14812,inceptionv3,1.0,10
14813,vgg16,1.0,13
14814,efficientnetb1,1.0,3
14815,vgg19,0.9938700985656802,16
14816,vgg19,0.9938700985656802,16
14817,inceptionv3,1.0,10
14818,inceptionv3,1.0,10
14819,mobilenetv2,0.4648669037656601,6
14820,resnet34,1.0,6
14821,resnet50,0.6400205520491736,8
14822,densenet161,1.0,6
14823,vgg16,1.0,13
14824,densenet161,1.0,6
14825,vgg16,1.0,13
14826,resnet50,0.6400205520491736,8
14827,densenet161,0.2994714122049385,4
14828,efficientnetb2,1.0,3
14829,mobilenetv2,0.4685879196662824,7
14830,inceptionv3,1.0,10
14831,efficientnetb1,1.0,3
14832,densenet161,1.0,6
14833,alexnet,0.2991244697200437,5
14834,vgg19,0.9938700985656802,16
14835,vgg16,1.0,13
14836,densenet121,1.0,6
14837,densenet121,1.0,6
14838,efficientnetb1,1.0,3
14839,efficientnetb2,1.0,3
14840,mobilenetv2,0.4648669037656601,6
14841,densenet161,1.0,6
14842,vgg19,0.9938700985656802,16
14843,efficientnetb0,1.0,3
14844,efficientnetb1,1.0,3
14845,vgg19,0.9938700985656802,16
14846,vgg19,0.9938700985656802,16
14847,inceptionv3,1.0,10
14848,efficientnetb2,1.0,3
14849,densenet121,1.0,6
14850,efficientnetb0,1.0,3
14851,densenet161,1.0,6
14852,vgg16,1.0,13
14853,efficientnetb2,1.0,3
14854,alexnet,0.293491136826713,4
14855,efficientnetb1,1.0,3
14856,efficientnetb2,1.0,3
14857,alexnet,0.2991244697200437,5
14858,resnet34,1.0,6
14859,resnet50,0.8017819857800019,7
14860,resnet18,0.9772814215247084,3
14861,resnet34,1.0,6
14862,efficientnetb0,1.0,3
14863,alexnet,0.293491136826713,4
14864,mobilenetv2,0.4685879196662824,7
14865,inceptionv3,1.0,10
14866,vgg16,1.0,13
14867,densenet121,1.0,6
14868,mobilenetv2,0.4648669037656601,6
14869,efficientnetb1,1.0,3
14870,densenet121,1.0,6
14871,inceptionv3,1.0,10
14872,resnet18,0.9772814215247084,3
14873,densenet121,1.0,6
14874,densenet161,1.0,6
14875,efficientnetb2,1.0,3
14876,inceptionv3,1.0,10
14877,vgg19,0.9938700985656802,16
14878,densenet161,1.0,6
14879,densenet161,1.0,6
14880,efficientnetb2,1.0,3
14881,efficientnetb0,1.0,3
14882,densenet161,1.0,6
14883,inceptionv3,1.0,10
14884,inceptionv3,1.0,10
14885,mobilenetv2,0.4685879196662824,7
14886,resnet34,1.0,6
14887,inceptionv3,1.0,10
14888,densenet121,1.0,6
14889,resnet50,0.6400205520491736,8
14890,densenet121,1.0,6
14891,resnet18,0.9772814215247084,3
14892,densenet121,1.0,6
14893,vgg19,0.9938700985656802,16
14894,inceptionv3,1.0,10
14895,vgg19,0.9938700985656802,16
14896,vgg19,0.9938700985656802,16
14897,efficientnetb1,1.0,3
14898,densenet161,1.0,6
14899,resnet18,0.9772814215247084,3
14900,resnet34,1.0,6
14901,resnet34,1.0,6
14902,densenet161,1.0,6
14903,inceptionv3,1.0,10
14904,vgg16,1.0,13
14905,densenet161,1.0,6
14906,alexnet,0.2991244697200437,5
14907,efficientnetb0,1.0,3
14908,mobilenetv2,0.4685879196662824,7
14909,densenet161,1.0,6
14910,mobilenetv2,0.4648669037656601,6
14911,efficientnetb2,1.0,3
14912,resnet18,0.9772814215247084,3
14913,vgg19,0.9938700985656802,16
14914,efficientnetb1,1.0,3
14915,alexnet,0.2991244697200437,5
14916,efficientnetb1,1.0,3
14917,resnet50,0.6400205520491736,8
14918,densenet121,1.0,6
14919,alexnet,0.2991244697200437,5
14920,resnet50,0.6400205520491736,8
14921,vgg19,0.9938700985656802,16
14922,resnet50,0.6400205520491736,8
14923,densenet121,1.0,6
14924,densenet161,1.0,6
14925,resnet18,0.9772814215247084,3
14926,alexnet,0.293491136826713,4
14927,resnet18,0.9772814215247084,3
14928,alexnet,0.293491136826713,4
14929,resnet50,0.6400205520491736,8
14930,efficientnetb2,1.0,3
14931,densenet121,1.0,6
14932,vgg16,0.8548072768189431,12
14933,vgg16,1.0,13
14934,efficientnetb2,1.0,3
14935,mobilenetv2,0.4685879196662824,7
14936,inceptionv3,1.0,10
14937,mobilenetv2,0.4648669037656601,6
14938,inceptionv3,1.0,10
14939,vgg16,1.0,13
14940,densenet121,1.0,6
14941,inceptionv3,1.0,10
14942,vgg16,1.0,13
14943,resnet34,1.0,6
14944,densenet161,1.0,6
14945,densenet121,0.4858756243316292,5
14946,efficientnetb0,1.0,3
14947,resnet18,0.9772814215247084,3
14948,efficientnetb2,1.0,3
14949,vgg16,1.0,13
14950,mobilenetv2,0.4648669037656601,6
14951,alexnet,0.293491136826713,4
14952,inceptionv3,1.0,10
14953,densenet121,1.0,6
14954,vgg19,0.9938700985656802,16
14955,resnet50,0.6400205520491736,8
14956,vgg16,1.0,13
14957,mobilenetv2,0.4648669037656601,6
14958,resnet18,0.9772814215247084,3
14959,vgg19,0.9938700985656802,16
14960,densenet121,1.0,6
14961,densenet161,1.0,6
14962,densenet161,1.0,6
14963,efficientnetb0,1.0,3
14964,resnet34,1.0,6
14965,resnet50,0.6400205520491736,8
14966,mobilenetv2,0.4648669037656601,6
14967,resnet34,1.0,6
14968,densenet121,1.0,6
14969,vgg19,0.9938700985656802,16
14970,resnet34,1.0,6
14971,efficientnetb1,1.0,3
14972,densenet121,1.0,6
14973,alexnet,0.293491136826713,4
14974,efficientnetb0,1.0,3
14975,resnet50,0.8017819857800019,7
14976,efficientnetb1,1.0,3
14977,resnet18,0.9772814215247084,3
14978,inceptionv3,1.0,10
14979,resnet34,1.0,6
14980,efficientnetb2,1.0,3
14981,efficientnetb1,1.0,3
14982,efficientnetb1,1.0,3
14983,mobilenetv2,0.4685879196662824,7
14984,vgg19,0.9938700985656802,16
14985,efficientnetb2,1.0,3
14986,resnet34,1.0,6
14987,resnet34,1.0,6
14988,resnet34,1.0,6
14989,resnet34,1.0,6
14990,vgg19,0.9938700985656802,16
14991,alexnet,0.293491136826713,4
14992,mobilenetv2,0.4685879196662824,7
14993,densenet161,1.0,6
14994,mobilenetv2,0.4648669037656601,6
14995,densenet161,1.0,6
14996,vgg19,0.9938700985656802,16
14997,inceptionv3,1.0,10
14998,resnet50,0.6400205520491736,8
14999,efficientnetb2,1.0,3
15000,densenet121,1.0,6
