episode,model,bandwidth,final_reward,split_point
1,resnet18,350,0.9463184463728672,2
2,efficientnetb2,939,1.0,3
3,resnet18,550,0.5341577662577371,1
4,densenet121,350,0.0,1
5,vgg19,350,0.3463718988145903,7
6,resnet50,350,0.2365622217411404,3
7,resnet50,750,1.0,5
8,efficientnetb1,750,1.0,3
9,efficientnetb1,939,0.2284047954549483,2
10,resnet18,750,1.0,2
11,efficientnetb1,939,1.0,3
12,vgg19,750,0.0,1
13,densenet121,939,0.0166311998595305,3
14,resnet18,939,0.5358361217945573,1
15,resnet18,550,1.0,2
16,resnet18,350,0.9463184463728672,2
17,vgg19,350,0.3670248005033085,6
18,efficientnetb1,939,0.0,1
19,resnet18,350,0.5934360820487711,1
20,vgg19,350,0.0047515404264518,2
21,efficientnetb2,750,0.0,1
22,efficientnetb1,939,0.2284047954549483,2
23,resnet50,550,0.0097267662088094,1
24,resnet18,939,0.5358361217945573,1
25,densenet161,750,0.140363807198106,10
26,densenet161,750,0.0355493113357071,3
27,efficientnetb0,550,0.5319033905566624,5
28,efficientnetb0,750,0.0,1
29,densenet121,350,0.0321065308334073,2
30,vgg19,939,0.0183675354070255,1
31,efficientnetb0,750,1.0,3
32,efficientnetb2,550,0.0,1
33,efficientnetb2,350,1.0,3
34,resnet50,750,0.3344894405367239,2
35,efficientnetb2,939,0.2064582521296088,2
36,efficientnetb1,939,0.0961268279883589,7
37,efficientnetb1,350,0.0,1
38,densenet161,350,0.0,1
39,densenet161,750,0.0193762853485244,2
40,densenet121,750,0.0279532973407523,2
41,efficientnetb0,550,0.0,1
42,densenet161,750,0.0,1
43,densenet161,939,0.9380901386244868,8
44,efficientnetb1,939,0.0,1
45,efficientnetb2,750,0.1857252749278613,2
46,vgg19,939,0.0,2
47,densenet121,939,0.0230700539672484,2
48,efficientnetb2,350,0.1727158782926704,2
49,efficientnetb0,550,0.7484594574197447,4
50,efficientnetb2,550,0.0,1
51,vgg19,550,0.0,2
52,efficientnetb1,750,1.0,3
53,efficientnetb0,550,1.0,3
54,resnet50,939,0.1412757250508847,2
55,resnet18,350,0.1759150949563926,7
56,efficientnetb1,350,0.0,1
57,efficientnetb1,750,0.0,1
58,resnet18,750,0.5563161859691826,1
59,efficientnetb0,939,0.0277656910590755,8
60,efficientnetb2,550,0.0,1
61,resnet50,550,0.0097267662088094,1
62,efficientnetb2,939,0.0,1
63,densenet161,939,0.8028649279588222,7
64,resnet18,750,0.5563161859691826,1
65,densenet121,550,0.0,1
66,densenet121,550,0.0267032533330688,3
67,efficientnetb2,550,0.7219694682129152,4
68,vgg19,550,0.3630539177738009,6
69,resnet18,350,0.9463184463728672,2
70,vgg19,350,0.0047515404264518,2
71,resnet18,939,1.0,2
72,efficientnetb2,750,0.0,1
73,resnet50,350,0.6807257591827157,8
74,vgg19,939,0.053642035656265,3
75,densenet121,939,0.0230700539672484,2
76,efficientnetb0,939,0.0,1
77,efficientnetb2,550,0.0,1
78,vgg19,550,0.0,2
79,densenet161,550,0.0,1
80,vgg19,550,0.0192737323606945,1
81,resnet18,550,0.9649971314956884,3
82,efficientnetb1,550,0.0,1
83,densenet161,939,0.0601439006764898,1
84,resnet18,550,1.0,2
85,vgg19,939,0.0,2
86,densenet161,350,0.0195835026890192,2
87,vgg19,550,0.0,2
88,resnet50,750,0.41601881255758,9
89,resnet50,350,0.0174859151390518,1
90,vgg19,750,0.0061276421520036,2
91,densenet161,550,0.0323579521725776,2
92,resnet18,550,0.5341577662577371,1
93,efficientnetb1,750,0.258386396623143,2
94,vgg19,550,0.3992057636441661,5
95,densenet121,750,0.0,1
96,densenet121,750,0.0279532973407523,2
97,densenet121,750,0.0279532973407523,2
98,resnet18,550,0.6805816088044464,4
99,densenet161,350,0.0195835026890192,2
100,resnet50,939,0.1412757250508847,2
101,efficientnetb1,550,0.2436659344100393,2
102,densenet161,350,0.0195835026890192,2
103,resnet18,750,0.6570784835049883,4
104,vgg19,750,0.3954673323042385,5
105,densenet121,550,0.0266970250369456,2
106,vgg19,750,0.0863442753339673,3
107,efficientnetb1,939,0.0,1
108,efficientnetb0,550,0.0,1
109,efficientnetb2,939,0.0,1
110,efficientnetb0,550,1.0,3
111,densenet161,550,0.0323579521725776,2
112,resnet18,939,0.5358361217945573,1
113,vgg19,750,0.0061276421520036,2
114,resnet50,550,0.0097267662088094,1
115,densenet121,550,0.0267032533330688,3
116,densenet161,350,0.0,1
117,vgg19,939,0.3698836387150448,7
118,densenet121,939,0.0230700539672484,2
119,efficientnetb0,350,0.0,1
120,efficientnetb1,550,0.0,1
121,resnet18,750,0.2819735347623552,6
122,efficientnetb1,750,0.258386396623143,2
123,efficientnetb1,550,1.0,3
124,densenet161,350,0.0195835026890192,2
125,densenet121,350,0.0321065308334073,2
126,efficientnetb2,550,0.0,1
127,resnet18,550,1.0,2
128,resnet50,550,0.106889737057666,2
129,resnet50,939,0.481243768988981,4
130,resnet50,750,0.098265786808133,1
131,densenet161,550,0.0323579521725776,2
132,efficientnetb0,350,0.0,1
133,efficientnetb0,550,0.7484594574197447,4
134,densenet121,750,0.0,1
135,densenet121,750,0.0983602208090902,4
136,efficientnetb2,550,0.0,1
137,efficientnetb1,350,0.0,1
138,vgg19,750,0.0863442753339673,3
139,efficientnetb2,750,0.0,1
140,efficientnetb0,750,0.0,1
141,densenet121,939,0.0230700539672484,2
142,densenet121,750,0.0357436179754728,3
143,efficientnetb0,939,0.245393377540531,2
144,efficientnetb2,939,0.2064582521296088,2
145,resnet18,350,0.9463184463728672,2
146,resnet18,939,0.0,8
147,resnet18,350,1.0,3
148,resnet50,350,0.0174859151390518,1
149,efficientnetb2,350,1.0,3
150,vgg19,750,0.0,1
151,resnet50,350,0.4097205423764233,4
152,densenet121,750,0.0983602208090902,4
153,vgg19,750,0.0,1
154,densenet121,550,0.0266970250369456,2
155,resnet18,750,1.0,2
156,efficientnetb1,350,0.0,1
157,efficientnetb1,939,0.0,1
158,vgg19,350,0.0,1
159,efficientnetb2,350,0.0,1
160,efficientnetb2,350,0.1727158782926704,2
161,efficientnetb0,939,0.2344467476320147,6
162,resnet18,350,0.5934360820487711,1
163,efficientnetb0,939,0.5462134982716761,5
164,efficientnetb2,350,0.0,1
165,densenet121,750,0.0279532973407523,2
166,resnet18,750,1.0,2
167,densenet121,750,0.0426596745047148,11
168,resnet18,350,0.5934360820487711,1
169,densenet121,750,0.0,1
170,resnet50,350,0.8169515861153699,7
171,vgg19,939,0.053642035656265,3
172,resnet50,550,0.2772450699669692,3
173,efficientnetb1,939,1.0,3
174,efficientnetb0,350,0.0,1
175,vgg19,550,0.0192737323606945,1
176,densenet121,939,0.1007807070881022,9
177,vgg19,750,0.0,1
178,vgg19,350,0.0047515404264518,2
179,resnet50,550,0.2772450699669692,3
180,densenet121,550,0.0,1
181,densenet121,750,0.0279532973407523,2
182,densenet161,350,0.0,1
183,densenet121,350,0.1341157974542594,4
184,vgg19,350,0.0047515404264518,2
185,densenet161,750,0.0355493113357071,3
186,densenet161,750,0.0355493113357071,3
187,densenet161,750,0.0,1
188,vgg19,350,0.1104026426586838,3
189,vgg19,550,0.3630539177738009,6
190,densenet161,550,0.1068700282907242,4
191,densenet161,350,0.0,1
192,resnet50,350,0.0948151869136176,2
193,densenet161,939,0.8028649279588222,7
194,densenet161,750,0.0355493113357071,3
195,resnet18,750,0.9425112246169725,3
196,vgg19,939,0.1144285467096243,4
197,efficientnetb0,750,0.6483214388113725,4
198,vgg19,550,0.7412152580816892,11
199,efficientnetb0,350,0.0,1
200,densenet161,350,0.9422217589427628,7
201,densenet121,939,0.133680659859905,4
202,efficientnetb1,550,0.315622132205788,6
203,efficientnetb2,939,0.2064582521296088,2
204,efficientnetb1,750,0.258386396623143,2
205,efficientnetb0,750,0.0,1
206,resnet50,939,0.0,1
207,resnet50,550,0.4611472962789475,4
208,vgg19,939,0.0183675354070255,1
209,efficientnetb2,750,0.1065082490569524,7
210,vgg19,750,0.0061276421520036,2
211,resnet50,939,0.3012988939538109,3
212,resnet18,350,0.5934360820487711,1
213,efficientnetb2,939,0.0,1
214,efficientnetb0,939,0.6801221238861833,4
215,vgg19,750,0.0,1
216,efficientnetb2,550,0.0,1
217,densenet121,350,0.0,1
218,efficientnetb0,939,0.245393377540531,2
219,efficientnetb1,350,0.2323535341648464,2
220,efficientnetb1,939,0.4873612700075253,5
221,densenet161,750,0.0912366792400731,4
222,densenet161,750,0.1955210426922513,9
223,efficientnetb2,750,0.0,1
224,efficientnetb2,750,0.6313792880026403,4
225,vgg19,350,0.0,1
226,densenet121,350,1.0,6
227,efficientnetb0,939,0.2344467476320147,6
228,efficientnetb1,750,0.258386396623143,2
229,efficientnetb2,939,0.6509085704414946,4
230,efficientnetb1,939,0.4873612700075253,5
231,densenet121,350,0.0,1
232,efficientnetb2,939,0.2064582521296088,2
233,densenet161,939,0.0601439006764898,1
234,efficientnetb2,939,0.2064582521296088,2
235,resnet18,350,0.5934360820487711,1
236,vgg19,550,0.1112152559945396,3
237,resnet50,550,0.2451978873368881,12
238,resnet18,939,0.9772814215247084,3
239,densenet121,750,0.5014039257956258,7
240,densenet161,350,0.7705044620574577,6
241,vgg19,550,0.0192737323606945,1
242,efficientnetb2,750,0.1857252749278613,2
243,efficientnetb0,550,0.0977278646092725,7
244,efficientnetb2,939,0.0,1
245,efficientnetb1,550,0.2436659344100393,2
246,resnet18,939,0.9772814215247084,3
247,efficientnetb2,350,0.0,1
248,efficientnetb2,939,0.4515770715118704,5
249,efficientnetb2,350,0.1727158782926704,2
250,efficientnetb1,750,1.0,3
251,densenet161,350,0.9422217589427628,7
252,resnet18,350,0.9463184463728672,2
253,efficientnetb1,939,1.0,3
254,densenet161,750,0.0193762853485244,2
255,efficientnetb0,550,0.0,1
256,densenet161,350,0.0,1
257,efficientnetb2,550,0.0,1
258,efficientnetb2,550,0.0,1
259,efficientnetb2,939,0.6509085704414946,4
260,resnet50,550,0.4611472962789475,4
261,efficientnetb2,939,1.0,3
262,resnet18,550,0.6805816088044464,4
263,resnet18,350,1.0,3
264,efficientnetb0,750,0.0,1
265,resnet50,750,0.9081489241651808,4
266,efficientnetb2,550,0.0,1
267,resnet50,939,0.1412757250508847,2
268,densenet161,550,0.0210735879951949,3
269,efficientnetb0,750,0.221102352041803,2
270,resnet18,750,1.0,2
271,resnet50,750,0.692684175445151,7
272,resnet18,939,0.666846850715217,4
273,densenet121,550,0.0,1
274,efficientnetb0,550,1.0,3
275,resnet18,750,1.0,2
276,vgg19,750,0.0863442753339673,3
277,vgg19,939,0.0183675354070255,1
278,vgg19,750,0.0061276421520036,2
279,efficientnetb0,550,0.7484594574197447,4
280,efficientnetb1,550,0.1264304258348263,7
281,resnet18,939,0.5358361217945573,1
282,resnet50,550,0.0097267662088094,1
283,efficientnetb2,550,0.0,1
284,efficientnetb1,750,1.0,3
285,efficientnetb0,750,1.0,3
286,resnet50,750,0.098265786808133,1
287,efficientnetb2,350,0.1727158782926704,2
288,densenet161,750,0.0193762853485244,2
289,resnet50,350,0.8830285561177872,5
290,densenet121,939,0.0230700539672484,2
291,efficientnetb2,350,0.0,1
292,resnet50,350,0.4185699515342624,10
293,efficientnetb0,350,0.4626689598236604,5
294,efficientnetb0,750,0.221102352041803,2
295,efficientnetb0,550,1.0,3
296,efficientnetb1,750,0.0,1
297,resnet50,350,0.0174859151390518,1
298,efficientnetb1,550,0.2436659344100393,2
299,resnet50,350,0.0948151869136176,2
300,efficientnetb1,350,0.0,1
301,efficientnetb2,350,0.4600422057004524,5
302,resnet50,939,0.3012988939538109,3
303,efficientnetb1,750,0.0,1
304,densenet161,350,0.7705044620574577,6
305,vgg19,550,0.7144872600964158,10
306,efficientnetb1,939,0.4873612700075253,5
307,densenet121,750,0.0,1
308,efficientnetb2,550,0.0,1
309,densenet161,550,0.8307012363387156,6
310,densenet161,939,0.0601439006764898,1
311,resnet18,350,0.5934360820487711,1
312,vgg19,750,0.0,1
313,vgg19,550,0.0192737323606945,1
314,efficientnetb0,939,0.0,1
315,vgg19,350,0.4051376815444835,5
316,efficientnetb0,750,0.221102352041803,2
317,densenet161,939,0.0,2
318,efficientnetb2,550,0.0,1
319,resnet18,939,0.5358361217945573,1
320,efficientnetb0,939,0.245393377540531,2
321,densenet161,939,0.2994714122049385,4
322,vgg19,350,0.4842986650150916,9
323,efficientnetb0,750,0.0,1
324,efficientnetb0,350,0.2601845258832877,2
325,efficientnetb1,350,0.0,1
326,densenet121,939,0.0,1
327,vgg19,550,0.1248786103205342,4
328,efficientnetb2,550,0.4196653103687508,5
329,efficientnetb2,750,0.0,1
330,resnet18,939,1.0,2
331,resnet50,939,0.0,1
332,densenet161,350,0.0195835026890192,2
333,efficientnetb0,750,0.221102352041803,2
334,efficientnetb0,939,1.0,3
335,efficientnetb0,750,0.221102352041803,2
336,densenet161,750,0.9225205659416632,8
337,vgg19,350,0.0,1
338,efficientnetb1,550,0.2436659344100393,2
339,densenet121,750,0.0357436179754728,3
340,resnet50,350,1.0,6
341,vgg19,550,0.0192737323606945,1
342,resnet50,350,0.8830285561177872,5
343,efficientnetb1,350,0.2325508521386866,7
344,efficientnetb2,350,0.65175093664593,4
345,efficientnetb1,350,0.5010852886204035,5
346,vgg19,550,0.1248786103205342,4
347,resnet18,550,0.9649971314956884,3
348,efficientnetb2,550,0.0,1
349,resnet18,350,0.5934360820487711,1
350,efficientnetb1,550,0.0720571217046986,8
351,efficientnetb2,350,0.1727158782926704,2
352,resnet50,550,0.2772450699669692,3
353,densenet161,939,0.0601439006764898,1
354,efficientnetb1,350,0.2323535341648464,2
355,densenet121,350,0.0321065308334073,2
356,efficientnetb2,550,0.0,1
357,densenet121,350,0.0523859604428457,3
358,vgg19,550,0.1248786103205342,4
359,densenet161,939,0.0018556587877228,3
360,resnet50,550,0.2772450699669692,3
361,efficientnetb2,350,1.0,3
362,vgg19,750,0.0,1
363,resnet18,750,0.5563161859691826,1
364,efficientnetb2,939,0.0,1
365,efficientnetb1,350,0.0,1
366,resnet50,350,0.2365622217411404,3
367,vgg19,350,0.1104026426586838,3
368,efficientnetb2,350,0.1024694963374907,8
369,densenet121,750,0.0279532973407523,2
370,resnet18,939,0.5358361217945573,1
371,densenet161,750,0.0355493113357071,3
372,vgg19,550,0.1248786103205342,4
373,efficientnetb0,350,0.3057373745716766,6
374,vgg19,550,0.3608150480635607,7
375,efficientnetb2,350,0.1727158782926704,2
376,efficientnetb2,350,1.0,3
377,densenet121,550,0.6262433485833546,5
378,efficientnetb1,750,0.0,1
379,resnet50,550,0.4611472962789475,4
380,resnet50,750,0.5242927837491854,3
381,vgg19,550,0.1248786103205342,4
382,resnet50,350,0.8169515861153699,7
383,resnet18,550,0.9649971314956884,3
384,vgg19,939,0.0183675354070255,1
385,efficientnetb2,350,0.1727158782926704,2
386,resnet50,939,0.3012988939538109,3
387,efficientnetb0,350,0.2601845258832877,2
388,resnet18,750,0.6570784835049883,4
389,densenet161,550,0.8307012363387156,6
390,resnet50,350,0.4097205423764233,4
391,densenet161,939,0.0018556587877228,3
392,efficientnetb0,350,0.0,1
393,efficientnetb0,939,0.0,1
394,efficientnetb1,750,0.0,1
395,efficientnetb1,350,0.2325508521386866,7
396,resnet50,939,0.481243768988981,4
397,efficientnetb2,350,0.0,1
398,densenet121,750,0.0279532973407523,2
399,efficientnetb1,939,0.023223098071313,8
400,densenet161,750,0.5067219862360387,5
401,vgg19,550,0.0,2
402,resnet50,939,0.1412757250508847,2
403,efficientnetb2,350,0.1727158782926704,2
404,efficientnetb0,750,0.4450311925360435,5
405,resnet50,939,0.1412757250508847,2
406,vgg19,550,0.527063884872579,9
407,efficientnetb2,939,0.0,1
408,resnet50,750,0.9081489241651808,4
409,resnet18,750,1.0,2
410,efficientnetb1,350,0.0,1
411,densenet121,550,1.0,6
412,densenet161,939,0.0,2
413,resnet18,750,0.6570784835049883,4
414,vgg19,550,0.3630539177738009,6
415,resnet18,550,0.5341577662577371,1
416,efficientnetb2,350,1.0,3
417,densenet121,350,0.0,1
418,resnet18,750,0.0,8
419,efficientnetb2,550,1.0,3
420,resnet18,550,1.0,2
421,efficientnetb2,550,0.2469174626993638,6
422,densenet121,750,0.0279532973407523,2
423,densenet121,750,0.0,1
424,densenet121,750,0.0,1
425,vgg19,550,0.0192737323606945,1
426,efficientnetb2,350,0.1024694963374907,8
427,resnet50,550,0.0097267662088094,1
428,efficientnetb1,350,0.2323535341648464,2
429,efficientnetb2,350,0.1727158782926704,2
430,efficientnetb0,750,0.0025215886423978,8
431,efficientnetb2,939,1.0,3
432,efficientnetb0,550,0.0,1
433,resnet50,550,0.2772450699669692,3
434,efficientnetb2,350,0.0,1
435,efficientnetb2,550,0.1997439170806723,2
436,densenet121,750,0.0,1
437,resnet18,939,1.0,2
438,densenet161,939,0.2994714122049385,4
439,efficientnetb1,550,0.6878389778024664,4
440,densenet161,939,0.8028649279588222,7
441,efficientnetb0,350,0.0,1
442,efficientnetb1,350,0.0,1
443,efficientnetb1,939,0.0,1
444,densenet121,750,0.6549577219091517,5
445,resnet18,350,0.5934360820487711,1
446,densenet161,550,0.0323579521725776,2
447,efficientnetb2,939,0.2636878690227005,6
448,efficientnetb2,350,0.4600422057004524,5
449,resnet50,350,0.0948151869136176,2
450,efficientnetb0,750,0.4450311925360435,5
451,vgg19,939,0.0183675354070255,1
452,efficientnetb1,939,0.0,1
453,resnet50,350,0.4097205423764233,4
454,efficientnetb1,350,0.1057479814087846,8
455,densenet161,939,0.0,2
456,vgg19,350,0.063159932094785,4
457,efficientnetb2,350,0.4600422057004524,5
458,densenet161,939,1.0,6
459,densenet121,750,0.0983602208090902,4
460,efficientnetb1,350,1.0,3
461,densenet121,550,0.0,1
462,efficientnetb1,939,0.7039994792384792,4
463,densenet121,350,0.1341157974542594,4
464,efficientnetb1,939,0.4873612700075253,5
465,vgg19,550,0.1112152559945396,3
466,efficientnetb2,550,0.1997439170806723,2
467,efficientnetb0,750,0.221102352041803,2
468,resnet18,939,0.666846850715217,4
469,efficientnetb2,350,0.0,1
470,resnet50,939,0.3012988939538109,3
471,vgg19,350,0.3463718988145903,7
472,resnet50,350,0.4097205423764233,4
473,resnet50,939,0.3012988939538109,3
474,efficientnetb2,350,0.1727158782926704,2
475,resnet50,350,0.5125994165201655,9
476,densenet121,350,0.5134540759121593,7
477,resnet18,350,0.5048206439889544,5
478,densenet161,750,0.7754817419817108,6
479,efficientnetb0,939,1.0,3
480,efficientnetb2,350,0.0,1
481,resnet18,550,0.6805816088044464,4
482,densenet121,350,0.0,1
483,efficientnetb0,350,0.0,1
484,efficientnetb1,550,0.0,1
485,resnet18,350,0.6798528330010116,4
486,efficientnetb2,550,0.7219694682129152,4
487,vgg19,939,0.3786480345124817,5
488,efficientnetb2,750,1.0,3
489,resnet50,939,0.3016164674088932,11
490,resnet18,350,0.292613278460834,6
491,efficientnetb1,939,1.0,3
492,vgg19,550,1.0,15
493,efficientnetb0,350,0.0,1
494,densenet121,550,0.0,1
495,densenet121,550,0.0731558842200006,11
496,vgg19,939,0.4910509157637427,8
497,resnet50,550,0.8501913432605966,5
498,resnet18,550,0.2785187719074968,6
499,densenet121,750,0.4798884872288328,8
500,resnet18,550,0.9649971314956884,3
501,vgg19,350,0.0047515404264518,2
502,vgg19,550,0.1112152559945396,3
503,resnet18,750,0.9425112246169725,3
504,efficientnetb0,550,0.0843169863849983,8
505,densenet121,750,0.0983602208090902,4
506,resnet18,550,0.9649971314956884,3
507,resnet50,350,0.4097205423764233,4
508,efficientnetb2,550,0.1997439170806723,2
509,resnet50,750,0.3530361156189798,10
510,resnet18,350,1.0,3
511,vgg19,939,0.0183675354070255,1
512,efficientnetb0,939,0.6801221238861833,4
513,efficientnetb2,350,0.0,1
514,efficientnetb0,350,1.0,3
515,efficientnetb2,939,0.027788540826475,8
516,vgg19,750,0.1063831635744575,4
517,resnet50,750,0.41601881255758,9
518,efficientnetb1,939,1.0,3
519,efficientnetb0,939,0.0300451672854749,7
520,efficientnetb0,550,0.0,1
521,densenet121,939,0.0936504679137054,10
522,efficientnetb1,350,0.2323535341648464,2
523,efficientnetb2,939,0.4515770715118704,5
524,vgg19,550,0.0,2
525,densenet121,550,0.1132152876154946,4
526,resnet50,550,0.4611472962789475,4
527,efficientnetb0,350,1.0,3
528,densenet161,550,0.1068700282907242,4
529,efficientnetb2,550,0.0,1
530,efficientnetb1,350,1.0,3
531,densenet121,350,0.529578650458239,8
532,resnet18,350,1.0,3
533,efficientnetb0,750,0.4450311925360435,5
534,efficientnetb2,350,0.0,1
535,efficientnetb2,939,0.0,1
536,vgg19,750,0.0863442753339673,3
537,efficientnetb1,350,1.0,3
538,efficientnetb2,350,0.0,1
539,resnet50,550,0.0097267662088094,1
540,resnet50,350,0.2365622217411404,3
541,resnet50,550,0.1774641097234567,13
542,resnet50,350,1.0,6
543,resnet50,939,1.0,6
544,resnet50,550,0.8215124558966982,7
545,efficientnetb1,350,0.1057479814087846,8
546,resnet50,939,0.3012988939538109,3
547,efficientnetb2,550,0.0964442956606361,8
548,resnet50,750,0.41601881255758,9
549,efficientnetb2,350,0.1024694963374907,8
550,resnet50,939,0.8017819857800019,7
551,densenet161,350,0.0213386295855335,3
552,densenet161,350,0.9422217589427628,7
553,resnet50,550,0.0097267662088094,1
554,resnet50,350,0.0174859151390518,1
555,resnet50,939,0.8248723661787692,5
556,resnet50,939,0.0,1
557,efficientnetb0,750,0.0,1
558,resnet50,350,0.5125994165201655,9
559,densenet121,939,0.4858756243316292,5
560,densenet161,350,0.0195835026890192,2
561,resnet18,750,0.9425112246169725,3
562,efficientnetb0,939,0.0,1
563,densenet121,939,0.1379889878308899,11
564,densenet121,550,0.1132152876154946,4
565,densenet121,939,0.0166311998595305,3
566,densenet161,350,0.472733213293796,5
567,resnet18,750,0.4551076759252049,5
568,densenet161,939,1.0,6
569,efficientnetb2,550,1.0,3
570,vgg19,939,0.7038804657074393,11
571,densenet161,939,0.0018556587877228,3
572,resnet50,550,0.106889737057666,2
573,efficientnetb2,939,0.2636878690227005,6
574,efficientnetb1,550,0.2436659344100393,2
575,efficientnetb0,550,0.7484594574197447,4
576,resnet18,550,0.5341577662577371,1
577,efficientnetb2,750,1.0,3
578,densenet121,550,0.0267032533330688,3
579,efficientnetb1,350,0.1057479814087846,8
580,resnet50,939,0.8248723661787692,5
581,densenet121,350,0.0523859604428457,3
582,efficientnetb1,350,0.3137835430767212,6
583,densenet121,550,0.0,1
584,densenet161,350,0.0213386295855335,3
585,efficientnetb1,350,0.1057479814087846,8
586,resnet18,750,0.2819735347623552,6
587,efficientnetb2,750,0.1857252749278613,2
588,resnet18,350,0.0,8
589,densenet121,350,0.6263678162488967,5
590,vgg19,350,0.3463718988145903,7
591,resnet50,750,0.098265786808133,1
592,resnet50,939,0.8248723661787692,5
593,vgg19,939,0.0,2
594,efficientnetb0,550,0.7484594574197447,4
595,efficientnetb0,350,0.094356304646394,8
596,resnet18,939,0.5358361217945573,1
597,efficientnetb1,550,1.0,3
598,efficientnetb1,750,1.0,3
599,resnet50,350,0.8830285561177872,5
600,resnet50,939,0.8248723661787692,5
601,efficientnetb1,350,0.2323535341648464,2
602,resnet18,939,0.2713411337912176,6
603,densenet161,939,0.0018556587877228,3
604,densenet161,750,0.5067219862360387,5
605,densenet121,750,0.0357436179754728,3
606,densenet161,350,0.0213386295855335,3
607,densenet121,939,0.0,1
608,efficientnetb0,550,0.0,1
609,efficientnetb1,750,0.0,1
610,resnet18,550,0.5341577662577371,1
611,densenet161,350,0.0,1
612,efficientnetb2,350,0.1727158782926704,2
613,efficientnetb0,550,0.2755689518747824,6
614,resnet50,750,1.0,5
615,vgg19,350,0.7439023030951907,11
616,efficientnetb2,350,0.4600422057004524,5
617,densenet161,550,0.5735576563250782,5
618,efficientnetb0,939,0.6801221238861833,4
619,efficientnetb1,750,0.258386396623143,2
620,densenet161,750,0.0,1
621,efficientnetb1,350,0.0,1
622,densenet121,350,0.0523859604428457,3
623,efficientnetb0,750,0.6483214388113725,4
624,resnet50,939,0.4611727687596107,9
625,efficientnetb1,350,0.5010852886204035,5
626,efficientnetb0,550,0.0,1
627,densenet121,350,0.1527256039349891,9
628,densenet161,350,0.7705044620574577,6
629,resnet50,750,0.3344894405367239,2
630,efficientnetb2,550,0.0,1
631,vgg19,939,0.3698836387150448,7
632,vgg19,939,0.0183675354070255,1
633,densenet121,550,0.5224277109043235,7
634,resnet50,350,0.5125994165201655,9
635,resnet50,939,0.0,1
636,efficientnetb2,550,0.1997439170806723,2
637,resnet18,750,0.4551076759252049,5
638,densenet161,550,0.0,1
639,resnet18,350,0.6798528330010116,4
640,efficientnetb1,939,1.0,3
641,efficientnetb1,350,0.2323535341648464,2
642,efficientnetb2,750,0.496642919782067,5
643,densenet121,350,1.0,6
644,efficientnetb0,750,1.0,3
645,vgg19,939,0.0183675354070255,1
646,efficientnetb0,750,0.2823668742486632,6
647,densenet121,750,0.0,1
648,resnet18,939,0.5358361217945573,1
649,vgg19,939,0.0183675354070255,1
650,efficientnetb0,350,1.0,3
651,resnet50,939,0.8017819857800019,7
652,densenet121,350,0.0,1
653,efficientnetb1,350,0.5010852886204035,5
654,efficientnetb2,939,0.2636878690227005,6
655,efficientnetb2,939,0.4515770715118704,5
656,efficientnetb2,939,0.6509085704414946,4
657,efficientnetb0,350,0.4626689598236604,5
658,densenet161,350,0.0,1
659,densenet121,939,0.390359012366206,7
660,densenet161,550,0.1068700282907242,4
661,efficientnetb1,350,0.3137835430767212,6
662,densenet121,750,0.0,1
663,efficientnetb1,550,0.5223117533457641,5
664,efficientnetb0,750,0.0025215886423978,8
665,efficientnetb2,939,0.0,1
666,efficientnetb1,350,0.2323535341648464,2
667,efficientnetb2,750,0.6313792880026403,4
668,efficientnetb1,350,0.0,1
669,densenet121,750,0.1284609034111726,9
670,vgg19,350,0.0,1
671,resnet18,750,0.2819735347623552,6
672,vgg19,550,0.1112152559945396,3
673,efficientnetb2,550,0.1997439170806723,2
674,resnet18,750,0.0,8
675,resnet50,350,0.0174859151390518,1
676,efficientnetb1,550,0.315622132205788,6
677,efficientnetb2,750,0.6313792880026403,4
678,vgg19,939,0.4817677379651593,9
679,densenet121,350,0.0321065308334073,2
680,resnet50,550,0.2772450699669692,3
681,efficientnetb2,350,0.1231000944167908,7
682,densenet161,939,0.0018556587877228,3
683,densenet161,350,0.0,1
684,densenet121,939,0.4858756243316292,5
685,efficientnetb1,350,0.5010852886204035,5
686,efficientnetb1,939,0.0,1
687,efficientnetb0,939,0.5462134982716761,5
688,densenet161,939,0.0601439006764898,1
689,resnet18,550,1.0,2
690,efficientnetb0,350,0.2601845258832877,2
691,vgg19,939,0.053642035656265,3
692,vgg19,750,0.3776216428097246,7
693,densenet161,550,0.0323579521725776,2
694,densenet121,550,0.5185925451749753,8
695,resnet50,350,0.0,16
696,resnet50,939,0.1412757250508847,2
697,vgg19,350,0.0047515404264518,2
698,densenet121,350,0.083035958882802,11
699,efficientnetb0,350,1.0,3
700,vgg19,350,0.0047515404264518,2
701,efficientnetb2,939,0.2064582521296088,2
702,densenet161,350,0.0606109279047736,12
703,efficientnetb2,939,0.027788540826475,8
704,densenet161,939,0.0018556587877228,3
705,resnet50,939,0.1412757250508847,2
706,resnet18,750,0.6570784835049883,4
707,efficientnetb1,750,0.7228690296773087,4
708,efficientnetb1,750,0.5409660759543289,5
709,densenet121,939,0.0,1
710,resnet50,750,1.0,5
711,vgg19,350,0.0,1
712,densenet121,350,0.1341157974542594,4
713,vgg19,750,0.0,1
714,densenet161,750,0.0912366792400731,4
715,resnet18,550,0.6805816088044464,4
716,efficientnetb1,550,0.2436659344100393,2
717,efficientnetb2,939,1.0,3
718,resnet18,939,0.0,8
719,efficientnetb0,750,1.0,3
720,densenet121,350,0.0321065308334073,2
721,efficientnetb1,550,1.0,3
722,efficientnetb2,750,0.1857252749278613,2
723,resnet50,350,0.2365622217411404,3
724,densenet121,939,0.1007807070881022,9
725,efficientnetb2,939,0.0,1
726,efficientnetb0,750,1.0,3
727,densenet161,350,0.9422217589427628,7
728,resnet18,350,0.1759150949563926,7
729,resnet18,939,0.2713411337912176,6
730,densenet161,750,0.5067219862360387,5
731,vgg19,750,0.9783359431256168,14
732,resnet18,939,0.1469347985717806,7
733,resnet18,550,0.5341577662577371,1
734,densenet121,750,0.0426596745047148,12
735,efficientnetb1,750,0.5409660759543289,5
736,efficientnetb2,350,0.1231000944167908,7
737,efficientnetb2,550,0.0,1
738,efficientnetb0,939,0.245393377540531,2
739,densenet161,550,0.8307012363387156,6
740,resnet18,750,1.0,2
741,densenet121,750,0.4798884872288328,8
742,densenet121,550,0.1132152876154946,4
743,efficientnetb0,939,0.0300451672854749,7
744,densenet121,350,0.0321065308334073,2
745,vgg19,750,0.0863442753339673,3
746,densenet161,550,0.5735576563250782,5
747,densenet121,939,0.0,1
748,efficientnetb1,750,0.3094983907889674,6
749,resnet50,350,0.3548656355696806,11
750,efficientnetb1,550,0.5223117533457641,5
751,efficientnetb2,350,0.65175093664593,4
752,resnet18,939,0.666846850715217,4
753,vgg19,939,0.7038804657074393,11
754,densenet161,550,0.1068700282907242,4
755,efficientnetb1,350,0.0,1
756,efficientnetb2,350,0.65175093664593,4
757,efficientnetb1,750,0.258386396623143,2
758,densenet121,750,0.0357436179754728,3
759,vgg19,939,0.4817677379651593,9
760,resnet18,350,1.0,3
761,resnet18,550,0.5341577662577371,1
762,efficientnetb0,350,0.7221681243288518,4
763,densenet161,350,0.9422217589427628,7
764,densenet161,350,0.9422217589427628,7
765,resnet50,750,0.3344894405367239,2
766,vgg19,750,0.349757663747874,6
767,resnet18,939,0.1469347985717806,7
768,vgg19,939,0.3786480345124817,5
769,resnet18,750,0.5563161859691826,1
770,efficientnetb2,939,0.6509085704414946,4
771,resnet50,350,0.2365622217411404,3
772,efficientnetb0,550,0.5319033905566624,5
773,resnet50,939,0.1336282793417962,14
774,efficientnetb2,750,0.496642919782067,5
775,resnet18,350,0.5934360820487711,1
776,efficientnetb1,350,0.0,1
777,efficientnetb0,939,0.245393377540531,2
778,efficientnetb1,750,0.7228690296773087,4
779,efficientnetb2,750,1.0,3
780,vgg19,750,0.482051380981956,8
781,densenet161,939,0.0,2
782,efficientnetb2,750,0.1857252749278613,2
783,efficientnetb2,350,0.0,1
784,vgg19,939,0.0183675354070255,1
785,densenet121,350,0.0,1
786,efficientnetb2,350,0.1231000944167908,7
787,efficientnetb1,939,1.0,3
788,efficientnetb2,550,0.1997439170806723,2
789,vgg19,750,0.0863442753339673,3
790,efficientnetb2,750,0.6313792880026403,4
791,vgg19,350,0.0,1
792,vgg19,939,0.1144285467096243,4
793,efficientnetb1,550,0.5223117533457641,5
794,densenet121,350,0.6263678162488967,5
795,resnet50,939,0.6400205520491736,8
796,efficientnetb0,939,0.5462134982716761,5
797,resnet18,750,0.9425112246169725,3
798,resnet18,550,0.1485490516197205,7
799,efficientnetb2,939,1.0,3
800,efficientnetb1,939,0.7039994792384792,4
801,densenet161,550,0.0323579521725776,2
802,resnet18,550,0.0,8
803,vgg19,750,0.0,1
804,resnet50,750,0.098265786808133,1
805,efficientnetb2,550,0.0,1
806,densenet161,939,0.2831929044634787,5
807,resnet50,350,0.4097205423764233,4
808,densenet121,750,0.0357436179754728,3
809,resnet18,350,0.9463184463728672,2
810,vgg19,939,0.7315721114772937,19
811,densenet121,750,0.1284609034111726,9
812,efficientnetb2,939,0.0,1
813,efficientnetb1,350,0.2323535341648464,2
814,densenet161,350,0.0195835026890192,2
815,vgg19,550,0.3992057636441661,5
816,densenet161,550,0.084152532251803,12
817,efficientnetb2,350,0.1727158782926704,2
818,resnet50,550,0.0097267662088094,1
819,resnet18,939,0.0,8
820,resnet18,750,0.5563161859691826,1
821,resnet18,750,1.0,2
822,resnet50,350,0.6807257591827157,8
823,resnet50,350,1.0,6
824,efficientnetb0,550,0.5319033905566624,5
825,efficientnetb1,939,0.2680647929070547,6
826,efficientnetb0,750,0.6483214388113725,4
827,resnet18,550,1.0,2
828,efficientnetb0,939,1.0,3
829,efficientnetb1,350,0.0,1
830,efficientnetb0,350,0.7221681243288518,4
831,resnet18,550,0.6805816088044464,4
832,densenet161,350,0.0213386295855335,3
833,densenet161,350,0.0,1
834,efficientnetb0,750,0.4450311925360435,5
835,efficientnetb0,939,0.6801221238861833,4
836,densenet161,550,0.1645626434148789,10
837,resnet18,939,0.666846850715217,4
838,vgg19,750,0.1063831635744575,4
839,efficientnetb1,350,0.0,1
840,efficientnetb2,350,0.4600422057004524,5
841,efficientnetb2,939,1.0,3
842,vgg19,550,0.3992057636441661,5
843,efficientnetb1,350,0.3137835430767212,6
844,efficientnetb0,750,0.6483214388113725,4
845,efficientnetb2,939,0.2064582521296088,2
846,efficientnetb2,939,0.2636878690227005,6
847,densenet161,750,0.0193762853485244,2
848,densenet161,939,0.0,2
849,vgg19,939,0.0,2
850,efficientnetb1,939,0.2680647929070547,6
851,resnet50,350,0.8830285561177872,5
852,efficientnetb0,750,0.221102352041803,2
853,vgg19,750,0.0061276421520036,2
854,densenet121,939,0.0230700539672484,2
855,resnet50,750,0.098265786808133,1
856,resnet18,939,0.1469347985717806,7
857,resnet18,350,1.0,3
858,resnet18,350,0.0,8
859,efficientnetb0,939,1.0,3
860,resnet50,750,0.1768937174003952,13
861,densenet121,939,0.0166311998595305,3
862,densenet121,750,1.0,6
863,efficientnetb2,750,0.0,1
864,densenet121,939,1.0,6
865,densenet161,550,0.0323579521725776,2
866,efficientnetb1,939,0.7039994792384792,4
867,efficientnetb1,550,0.5223117533457641,5
868,resnet18,750,0.0,8
869,vgg19,550,0.0,2
870,vgg19,550,0.0,2
871,efficientnetb1,750,0.258386396623143,2
872,efficientnetb0,350,0.2601845258832877,2
873,efficientnetb2,939,1.0,3
874,vgg19,939,0.3144631067328258,6
875,resnet18,750,0.4551076759252049,5
876,efficientnetb2,750,0.2988059577556946,6
877,efficientnetb2,939,0.6509085704414946,4
878,resnet18,350,0.5934360820487711,1
879,resnet18,939,0.5358361217945573,1
880,efficientnetb0,350,0.4626689598236604,5
881,efficientnetb0,350,1.0,3
882,densenet121,939,0.1379889878308899,12
883,efficientnetb0,750,1.0,3
884,densenet121,750,0.0279532973407523,2
885,densenet161,550,0.0,1
886,densenet121,750,1.0,6
887,efficientnetb1,350,1.0,3
888,efficientnetb0,750,0.0665010548114934,7
889,vgg19,750,0.5392519021115965,9
890,vgg19,750,0.9636492577949504,13
891,resnet18,750,0.6570784835049883,4
892,efficientnetb0,350,1.0,3
893,resnet18,750,0.1421843391804894,7
894,resnet18,350,0.6798528330010116,4
895,densenet161,939,0.0018556587877228,3
896,vgg19,750,0.9936879963126718,15
897,efficientnetb2,550,0.1997439170806723,2
898,efficientnetb1,550,0.5223117533457641,5
899,efficientnetb1,550,0.315622132205788,6
900,efficientnetb2,550,0.7219694682129152,4
901,densenet161,350,0.1401135930463219,10
902,densenet121,350,0.1559092218783189,10
903,vgg19,939,0.3144631067328258,6
904,efficientnetb1,750,1.0,3
905,vgg19,350,0.4995659680915179,8
906,vgg19,750,0.482051380981956,8
907,densenet121,939,0.133680659859905,4
908,densenet121,939,0.0230700539672484,2
909,resnet50,750,0.3344894405367239,2
910,efficientnetb1,550,1.0,3
911,efficientnetb1,750,0.0,1
912,densenet161,550,0.5735576563250782,5
913,efficientnetb1,939,0.2284047954549483,2
914,efficientnetb2,750,1.0,3
915,densenet161,750,0.5067219862360387,5
916,efficientnetb2,550,0.4196653103687508,5
917,densenet161,939,0.0601439006764898,1
918,efficientnetb1,939,0.2284047954549483,2
919,efficientnetb0,350,0.0,1
920,vgg19,350,0.3670248005033085,6
921,efficientnetb1,939,0.7039994792384792,4
922,densenet161,750,0.0355493113357071,3
923,vgg19,939,0.3786480345124817,5
924,resnet50,350,0.0948151869136176,2
925,efficientnetb1,350,0.7181138626700144,4
926,efficientnetb0,350,0.7221681243288518,4
927,efficientnetb0,750,1.0,3
928,resnet18,550,1.0,2
929,densenet161,550,0.0,1
930,densenet161,939,0.9380901386244868,8
931,efficientnetb2,939,0.4515770715118704,5
932,efficientnetb0,939,0.5462134982716761,5
933,efficientnetb0,750,0.221102352041803,2
934,resnet18,750,0.6570784835049883,4
935,densenet161,550,1.0,7
936,vgg19,550,0.0192737323606945,1
937,resnet50,939,0.3012988939538109,3
938,vgg19,350,0.4842986650150916,9
939,efficientnetb2,939,0.4515770715118704,5
940,efficientnetb2,750,0.0,1
941,vgg19,939,0.0183675354070255,1
942,resnet18,939,0.9772814215247084,3
943,densenet121,750,1.0,6
944,efficientnetb2,350,0.65175093664593,4
945,vgg19,750,0.0061276421520036,2
946,vgg19,750,0.0061276421520036,2
947,resnet50,939,0.2550591552807569,12
948,densenet161,550,0.0210735879951949,3
949,resnet50,750,0.5242927837491854,3
950,resnet18,939,1.0,2
951,densenet121,750,0.0950290048283749,10
952,vgg19,550,0.527063884872579,9
953,efficientnetb1,350,0.2323535341648464,2
954,vgg19,750,0.9936879963126718,15
955,densenet121,550,0.1132152876154946,4
956,resnet18,750,0.0,8
957,vgg19,350,0.3670248005033085,6
958,resnet50,750,0.8540914514899219,6
959,densenet161,939,1.0,6
960,densenet121,350,0.0523859604428457,3
961,efficientnetb0,550,0.0,1
962,efficientnetb0,939,0.6801221238861833,4
963,densenet121,350,0.0,1
964,efficientnetb2,750,0.0256429072133939,8
965,efficientnetb1,939,1.0,3
966,efficientnetb1,939,0.2284047954549483,2
967,densenet121,750,0.0983602208090902,4
968,resnet50,750,0.5242927837491854,3
969,resnet18,350,0.5048206439889544,5
970,densenet121,550,0.0267032533330688,3
971,resnet18,550,0.1485490516197205,7
972,efficientnetb1,750,1.0,3
973,efficientnetb2,350,0.65175093664593,4
974,efficientnetb2,550,0.1997439170806723,2
975,densenet121,750,0.4798884872288328,8
976,densenet161,550,0.0,1
977,vgg19,939,0.3786480345124817,5
978,efficientnetb1,939,0.7039994792384792,4
979,efficientnetb1,350,0.3137835430767212,6
980,resnet50,750,0.098265786808133,1
981,efficientnetb2,750,0.0,1
982,efficientnetb1,750,0.5409660759543289,5
983,densenet161,750,0.0193762853485244,2
984,vgg19,750,0.0863442753339673,3
985,efficientnetb1,939,0.0,1
986,efficientnetb0,550,1.0,3
987,resnet50,750,0.692684175445151,7
988,efficientnetb2,350,0.237407337197427,6
989,resnet50,939,0.481243768988981,4
990,efficientnetb1,550,0.2436659344100393,2
991,resnet18,350,0.1759150949563926,7
992,efficientnetb0,750,1.0,3
993,efficientnetb1,939,0.4873612700075253,5
994,vgg19,750,0.0,1
995,efficientnetb2,550,0.7219694682129152,4
996,efficientnetb2,939,0.4515770715118704,5
997,vgg19,750,0.0,1
998,vgg19,350,0.0,1
999,efficientnetb1,750,0.7228690296773087,4
1000,efficientnetb0,550,0.2755689518747824,6
1001,resnet18,750,1.0,2
1002,efficientnetb2,550,1.0,3
1003,densenet161,939,0.2831929044634787,5
1004,resnet18,350,0.9463184463728672,2
1005,efficientnetb1,550,0.6878389778024664,4
1006,resnet50,939,0.1412757250508847,2
1007,densenet121,750,0.0357436179754728,3
1008,efficientnetb0,550,0.5319033905566624,5
1009,efficientnetb2,750,0.496642919782067,5
1010,vgg19,350,0.3670248005033085,6
1011,efficientnetb1,939,1.0,3
1012,efficientnetb2,750,0.0,1
1013,resnet50,350,0.6807257591827157,8
1014,efficientnetb1,550,0.6878389778024664,4
1015,resnet50,350,0.8830285561177872,5
1016,efficientnetb0,939,1.0,3
1017,vgg19,750,0.3954673323042385,5
1018,densenet161,350,0.472733213293796,5
1019,densenet161,550,0.0,1
1020,densenet121,939,0.3516434776147618,8
1021,densenet121,750,0.0279532973407523,2
1022,densenet121,550,0.0731558842200006,12
1023,densenet161,350,0.1012991674218925,4
1024,efficientnetb0,550,0.7484594574197447,4
1025,resnet50,350,0.8169515861153699,7
1026,densenet121,939,0.133680659859905,4
1027,resnet50,939,0.0495840899640762,15
1028,densenet121,750,0.0279532973407523,2
1029,efficientnetb0,350,0.7221681243288518,4
1030,vgg19,750,0.0,1
1031,efficientnetb0,350,0.2601845258832877,2
1032,densenet161,750,0.0912366792400731,4
1033,resnet50,939,0.6400205520491736,8
1034,efficientnetb1,939,0.0,1
1035,densenet161,939,1.0,6
1036,efficientnetb0,550,0.290069122860228,2
1037,efficientnetb2,939,0.0,1
1038,vgg19,750,0.0863442753339673,3
1039,efficientnetb1,550,0.6878389778024664,4
1040,resnet50,750,0.2207075618723497,12
1041,efficientnetb0,350,0.2601845258832877,2
1042,efficientnetb1,750,1.0,3
1043,efficientnetb2,350,0.237407337197427,6
1044,efficientnetb1,550,0.5223117533457641,5
1045,resnet18,750,1.0,2
1046,densenet121,350,0.1341157974542594,4
1047,resnet18,550,0.46598992776295,5
1048,efficientnetb1,939,0.7039994792384792,4
1049,efficientnetb0,939,0.0300451672854749,7
1050,efficientnetb1,750,0.0,1
1051,efficientnetb0,350,0.7221681243288518,4
1052,densenet161,939,0.2831929044634787,5
1053,vgg19,939,0.4817677379651593,9
1054,densenet161,350,0.0195835026890192,2
1055,vgg19,550,0.0192737323606945,1
1056,efficientnetb2,350,1.0,3
1057,resnet18,550,0.0,8
1058,densenet121,750,0.0983602208090902,4
1059,resnet18,939,0.9772814215247084,3
1060,densenet161,550,1.0,7
1061,resnet50,550,0.8501913432605966,5
1062,efficientnetb1,750,1.0,3
1063,efficientnetb1,750,0.258386396623143,2
1064,resnet50,350,0.0174859151390518,1
1065,vgg19,350,0.0,1
1066,vgg19,750,0.349757663747874,6
1067,resnet50,939,1.0,6
1068,vgg19,350,0.3670248005033085,6
1069,efficientnetb2,550,0.7219694682129152,4
1070,efficientnetb1,939,0.2284047954549483,2
1071,efficientnetb2,550,0.7219694682129152,4
1072,efficientnetb1,350,0.5010852886204035,5
1073,resnet18,550,0.9649971314956884,3
1074,vgg19,750,0.6673220941960659,10
1075,efficientnetb1,350,1.0,3
1076,efficientnetb0,750,1.0,3
1077,resnet18,350,0.5934360820487711,1
1078,densenet161,939,0.2831929044634787,5
1079,densenet121,939,0.0230700539672484,2
1080,efficientnetb1,350,1.0,3
1081,resnet18,939,0.9772814215247084,3
1082,efficientnetb1,939,0.4873612700075253,5
1083,efficientnetb1,550,1.0,3
1084,resnet18,939,1.0,2
1085,densenet161,750,0.0912366792400731,4
1086,efficientnetb2,750,0.0,1
1087,resnet50,939,0.8017819857800019,7
1088,resnet50,750,0.5242927837491854,3
1089,densenet161,750,0.5067219862360387,5
1090,efficientnetb1,939,0.0,1
1091,densenet161,550,0.8307012363387156,6
1092,resnet18,550,0.5341577662577371,1
1093,efficientnetb0,350,0.7221681243288518,4
1094,efficientnetb1,939,0.7039994792384792,4
1095,vgg19,350,0.7439023030951907,11
1096,efficientnetb1,939,0.7039994792384792,4
1097,densenet161,550,0.0323579521725776,2
1098,densenet121,939,0.133680659859905,4
1099,vgg19,939,0.0,2
1100,vgg19,550,0.0192737323606945,1
1101,densenet121,939,0.0166311998595305,3
1102,efficientnetb2,750,0.0,1
1103,resnet50,350,0.5125994165201655,9
1104,densenet121,550,0.0266970250369456,2
1105,efficientnetb0,939,0.6801221238861833,4
1106,efficientnetb1,939,0.4873612700075253,5
1107,efficientnetb1,750,0.5409660759543289,5
1108,densenet121,939,1.0,6
1109,resnet50,550,0.645703014729161,8
1110,vgg19,350,0.9884623593775808,15
1111,efficientnetb0,350,0.2601845258832877,2
1112,resnet50,550,0.2772450699669692,3
1113,efficientnetb1,350,1.0,3
1114,efficientnetb0,350,1.0,3
1115,densenet121,350,0.0523859604428457,3
1116,densenet121,550,0.1132152876154946,4
1117,efficientnetb2,550,0.0,1
1118,resnet50,550,0.2772450699669692,3
1119,densenet161,350,1.0,8
1120,densenet161,750,1.0,7
1121,vgg19,550,0.0192737323606945,1
1122,resnet50,750,0.5189759550817877,8
1123,efficientnetb2,750,1.0,3
1124,efficientnetb2,939,0.4515770715118704,5
1125,densenet121,939,0.0166311998595305,3
1126,efficientnetb0,750,0.2823668742486632,6
1127,vgg19,939,0.9938700985656802,16
1128,densenet161,550,0.0,1
1129,efficientnetb0,939,0.0,1
1130,efficientnetb2,750,1.0,3
1131,efficientnetb0,550,0.290069122860228,2
1132,resnet18,350,0.292613278460834,6
1133,densenet121,350,0.0,1
1134,resnet18,550,0.6805816088044464,4
1135,resnet50,550,0.4611472962789475,4
1136,efficientnetb1,550,1.0,3
1137,densenet121,350,0.529578650458239,8
1138,efficientnetb2,750,0.6313792880026403,4
1139,densenet161,750,0.5067219862360387,5
1140,densenet161,939,1.0,6
1141,resnet18,750,0.9425112246169725,3
1142,vgg19,750,0.0863442753339673,3
1143,efficientnetb0,550,0.7484594574197447,4
1144,resnet18,750,0.5563161859691826,1
1145,efficientnetb2,750,0.6313792880026403,4
1146,efficientnetb0,939,0.5462134982716761,5
1147,efficientnetb0,350,0.3057373745716766,6
1148,resnet18,750,0.2819735347623552,6
1149,efficientnetb0,350,1.0,3
1150,vgg19,550,0.7412152580816892,11
1151,resnet50,550,0.2772450699669692,3
1152,resnet18,939,0.9772814215247084,3
1153,resnet50,550,0.8215124558966982,7
1154,resnet50,750,0.5189759550817877,8
1155,densenet121,939,0.4858756243316292,5
1156,efficientnetb0,750,0.0025215886423978,8
1157,efficientnetb2,350,0.1727158782926704,2
1158,densenet161,550,1.0,7
1159,efficientnetb1,750,0.0,1
1160,resnet18,750,0.1421843391804894,7
1161,resnet18,750,0.0,8
1162,resnet50,939,0.8248723661787692,5
1163,resnet50,750,0.8540914514899219,6
1164,efficientnetb0,939,1.0,3
1165,vgg19,550,0.527063884872579,9
1166,resnet50,750,0.8540914514899219,6
1167,efficientnetb2,750,0.6313792880026403,4
1168,resnet50,350,1.0,6
1169,efficientnetb0,350,1.0,3
1170,densenet121,350,0.0,1
1171,densenet161,750,0.0193762853485244,2
1172,resnet50,350,0.4097205423764233,4
1173,vgg19,350,0.6857714069171352,20
1174,resnet50,939,0.1929263993625516,13
1175,efficientnetb0,750,1.0,3
1176,densenet121,939,0.0,1
1177,efficientnetb2,350,0.4600422057004524,5
1178,resnet50,550,0.0097267662088094,1
1179,resnet50,939,0.8248723661787692,5
1180,efficientnetb0,750,0.6483214388113725,4
1181,vgg19,350,0.9722792391750928,13
1182,densenet161,550,0.0210735879951949,3
1183,efficientnetb1,750,0.258386396623143,2
1184,resnet18,939,0.9772814215247084,3
1185,vgg19,550,0.3630539177738009,6
1186,resnet50,939,0.6400205520491736,8
1187,efficientnetb2,750,1.0,3
1188,vgg19,550,0.1112152559945396,3
1189,resnet18,750,0.6570784835049883,4
1190,efficientnetb0,939,0.2344467476320147,6
1191,efficientnetb1,939,0.0961268279883589,7
1192,densenet121,939,1.0,6
1193,resnet50,750,0.41601881255758,9
1194,efficientnetb1,350,0.5010852886204035,5
1195,efficientnetb0,750,0.4450311925360435,5
1196,resnet18,750,0.4551076759252049,5
1197,efficientnetb2,350,1.0,3
1198,resnet50,750,0.3344894405367239,2
1199,vgg19,750,0.3954673323042385,5
1200,resnet50,550,1.0,6
1201,densenet161,750,1.0,7
1202,vgg19,939,0.3698836387150448,7
1203,efficientnetb2,550,1.0,3
1204,efficientnetb2,350,0.65175093664593,4
1205,resnet18,750,0.2819735347623552,6
1206,densenet161,550,0.5735576563250782,5
1207,efficientnetb2,350,1.0,3
1208,efficientnetb2,750,0.496642919782067,5
1209,resnet18,939,0.9772814215247084,3
1210,efficientnetb2,550,0.0,1
1211,densenet161,750,0.5067219862360387,5
1212,efficientnetb2,550,1.0,3
1213,efficientnetb0,550,0.7484594574197447,4
1214,efficientnetb0,550,0.7484594574197447,4
1215,densenet121,750,0.6549577219091517,5
1216,densenet121,750,0.5014039257956258,7
1217,efficientnetb0,939,0.5462134982716761,5
1218,resnet50,550,0.2772450699669692,3
1219,efficientnetb1,550,0.5223117533457641,5
1220,densenet161,750,0.7754817419817108,6
1221,resnet18,550,0.5341577662577371,1
1222,vgg19,350,0.0047515404264518,2
1223,efficientnetb1,939,0.2284047954549483,2
1224,vgg19,939,0.9322438807363724,13
1225,efficientnetb1,550,0.2436659344100393,2
1226,efficientnetb0,350,0.7221681243288518,4
1227,efficientnetb0,550,0.0,1
1228,efficientnetb0,939,1.0,3
1229,resnet50,939,0.3016164674088932,11
1230,resnet18,550,0.2785187719074968,6
1231,densenet161,350,0.472733213293796,5
1232,resnet18,350,0.0,8
1233,vgg19,550,0.1112152559945396,3
1234,efficientnetb2,350,0.65175093664593,4
1235,resnet50,939,0.4611727687596107,9
1236,densenet121,550,1.0,6
1237,efficientnetb0,550,0.0,1
1238,efficientnetb2,350,0.1727158782926704,2
1239,vgg19,350,0.3670248005033085,6
1240,efficientnetb1,750,0.0,1
1241,vgg19,939,0.3786480345124817,5
1242,densenet161,750,0.0355493113357071,3
1243,efficientnetb1,550,0.315622132205788,6
1244,vgg19,750,0.1063831635744575,4
1245,efficientnetb2,939,1.0,3
1246,efficientnetb2,550,0.7219694682129152,4
1247,efficientnetb1,350,0.2323535341648464,2
1248,efficientnetb2,350,0.237407337197427,6
1249,efficientnetb0,750,0.0,1
1250,densenet161,550,0.9908784030365078,8
1251,densenet161,750,0.0,1
1252,efficientnetb2,550,1.0,3
1253,efficientnetb1,350,0.3137835430767212,6
1254,densenet161,550,0.0210735879951949,3
1255,densenet161,550,0.1068700282907242,4
1256,vgg19,550,0.3608150480635607,7
1257,resnet18,550,0.5341577662577371,1
1258,efficientnetb0,550,1.0,3
1259,densenet161,750,0.5067219862360387,5
1260,resnet18,350,1.0,3
1261,efficientnetb2,350,1.0,3
1262,densenet121,350,0.0,1
1263,densenet161,550,0.0,1
1264,efficientnetb2,750,0.6313792880026403,4
1265,efficientnetb0,350,0.0,1
1266,efficientnetb2,750,1.0,3
1267,vgg19,550,0.7603022178684953,17
1268,resnet50,750,0.5242927837491854,3
1269,resnet50,939,0.481243768988981,4
1270,efficientnetb2,750,0.2988059577556946,6
1271,vgg19,939,0.7537426666757167,12
1272,efficientnetb0,350,0.4626689598236604,5
1273,densenet161,550,0.5735576563250782,5
1274,densenet121,550,0.5185925451749753,8
1275,resnet50,350,0.6807257591827157,8
1276,densenet161,750,0.0,1
1277,densenet121,350,0.6263678162488967,5
1278,vgg19,550,0.3630539177738009,6
1279,resnet50,350,1.0,6
1280,densenet121,939,0.0,1
1281,resnet50,350,0.6807257591827157,8
1282,densenet121,350,0.0523859604428457,3
1283,densenet121,939,0.4858756243316292,5
1284,efficientnetb0,550,0.2755689518747824,6
1285,efficientnetb2,550,0.1997439170806723,2
1286,efficientnetb2,350,0.65175093664593,4
1287,efficientnetb1,550,0.6878389778024664,4
1288,resnet50,350,0.0948151869136176,2
1289,efficientnetb2,350,0.65175093664593,4
1290,vgg19,750,0.7134880992516057,11
1291,densenet161,750,0.0355493113357071,3
1292,densenet161,350,0.472733213293796,5
1293,efficientnetb0,939,1.0,3
1294,resnet18,350,0.9463184463728672,2
1295,resnet18,750,0.0,8
1296,densenet161,350,0.9422217589427628,7
1297,densenet121,550,0.5224277109043235,7
1298,efficientnetb2,750,1.0,3
1299,densenet161,750,0.7754817419817108,6
1300,resnet18,750,0.2819735347623552,6
1301,vgg19,550,0.0192737323606945,1
1302,resnet18,939,0.9772814215247084,3
1303,vgg19,939,0.1144285467096243,4
1304,vgg19,550,0.1248786103205342,4
1305,efficientnetb0,350,0.4626689598236604,5
1306,efficientnetb1,939,0.7039994792384792,4
1307,densenet161,350,0.0,1
1308,resnet18,550,0.0,8
1309,efficientnetb2,550,0.1187494852525661,7
1310,densenet161,550,0.5735576563250782,5
1311,resnet50,350,1.0,6
1312,densenet161,350,0.0195835026890192,2
1313,resnet18,350,0.0,8
1314,densenet121,550,0.0,1
1315,efficientnetb2,350,0.65175093664593,4
1316,efficientnetb0,750,1.0,3
1317,densenet121,750,0.6549577219091517,5
1318,efficientnetb0,750,1.0,3
1319,efficientnetb0,939,0.0,1
1320,efficientnetb2,550,0.7219694682129152,4
1321,densenet121,750,0.0279532973407523,2
1322,densenet121,550,0.1132152876154946,4
1323,densenet121,550,0.0266970250369456,2
1324,densenet161,550,0.1068700282907242,4
1325,resnet18,350,0.6798528330010116,4
1326,vgg19,550,0.3630539177738009,6
1327,resnet50,350,0.8169515861153699,7
1328,resnet50,350,0.6807257591827157,8
1329,resnet18,550,1.0,2
1330,efficientnetb2,550,1.0,3
1331,efficientnetb2,550,0.1997439170806723,2
1332,efficientnetb0,550,1.0,3
1333,efficientnetb0,550,0.7484594574197447,4
1334,resnet18,350,0.5934360820487711,1
1335,efficientnetb1,350,0.5010852886204035,5
1336,efficientnetb2,350,0.65175093664593,4
1337,efficientnetb0,550,1.0,3
1338,vgg19,550,0.0,2
1339,resnet18,750,0.4551076759252049,5
1340,densenet121,550,1.0,6
1341,resnet18,750,1.0,2
1342,densenet161,350,0.9422217589427628,7
1343,vgg19,550,0.4939105417814899,8
1344,densenet161,750,0.7754817419817108,6
1345,densenet121,350,0.0,1
1346,efficientnetb2,550,0.4196653103687508,5
1347,densenet161,350,0.0195835026890192,2
1348,densenet121,939,0.133680659859905,4
1349,efficientnetb0,750,0.0,1
1350,densenet161,939,0.0018556587877228,3
1351,vgg19,939,0.053642035656265,3
1352,efficientnetb2,750,0.6313792880026403,4
1353,resnet18,939,0.9772814215247084,3
1354,densenet121,350,0.6263678162488967,5
1355,vgg19,550,0.3992057636441661,5
1356,resnet50,550,0.645703014729161,8
1357,efficientnetb0,550,1.0,3
1358,densenet161,750,0.5067219862360387,5
1359,efficientnetb0,350,0.0,1
1360,efficientnetb0,939,0.6801221238861833,4
1361,densenet121,939,1.0,6
1362,resnet18,939,0.9772814215247084,3
1363,efficientnetb2,350,0.65175093664593,4
1364,densenet121,550,0.1132152876154946,4
1365,efficientnetb1,350,0.0,1
1366,efficientnetb2,750,1.0,3
1367,resnet18,550,0.9649971314956884,3
1368,efficientnetb1,350,0.7181138626700144,4
1369,densenet161,550,0.5735576563250782,5
1370,efficientnetb0,350,0.2601845258832877,2
1371,efficientnetb1,939,1.0,3
1372,densenet161,550,1.0,7
1373,vgg19,939,0.783629319224574,17
1374,densenet121,750,0.0983602208090902,4
1375,vgg19,350,0.3670248005033085,6
1376,efficientnetb1,350,1.0,3
1377,densenet121,939,0.4858756243316292,5
1378,vgg19,939,0.4910509157637427,8
1379,densenet121,750,0.0279532973407523,2
1380,resnet18,750,0.6570784835049883,4
1381,resnet50,939,0.2550591552807569,12
1382,densenet161,350,0.7705044620574577,6
1383,densenet121,550,0.6262433485833546,5
1384,efficientnetb2,550,0.7219694682129152,4
1385,efficientnetb2,750,0.6313792880026403,4
1386,densenet161,350,0.0195835026890192,2
1387,efficientnetb1,350,1.0,3
1388,efficientnetb2,350,1.0,3
1389,efficientnetb1,939,1.0,3
1390,efficientnetb0,350,0.2601845258832877,2
1391,efficientnetb0,939,0.6801221238861833,4
1392,resnet18,750,0.4551076759252049,5
1393,resnet18,550,1.0,2
1394,densenet121,550,0.0267032533330688,3
1395,efficientnetb1,350,0.5010852886204035,5
1396,densenet161,350,1.0,8
1397,densenet161,939,1.0,6
1398,densenet121,550,0.0266970250369456,2
1399,efficientnetb0,750,0.6483214388113725,4
1400,vgg19,750,0.7336613700677788,18
1401,efficientnetb0,550,0.7484594574197447,4
1402,densenet121,550,0.5185925451749753,8
1403,resnet50,550,0.645703014729161,8
1404,densenet121,939,1.0,6
1405,resnet50,550,0.0097267662088094,1
1406,efficientnetb2,750,1.0,3
1407,efficientnetb0,550,0.7484594574197447,4
1408,densenet161,750,0.0,1
1409,densenet161,939,0.2831929044634787,5
1410,vgg19,550,0.0192737323606945,1
1411,vgg19,350,0.9884623593775808,15
1412,densenet121,550,0.0266970250369456,2
1413,densenet161,550,0.5735576563250782,5
1414,resnet50,550,0.4611472962789475,4
1415,efficientnetb2,939,0.4515770715118704,5
1416,vgg19,939,0.3144631067328258,6
1417,densenet161,750,0.5067219862360387,5
1418,densenet121,750,0.0,1
1419,efficientnetb0,550,0.2755689518747824,6
1420,densenet121,350,1.0,6
1421,efficientnetb1,750,0.3094983907889674,6
1422,resnet50,550,0.106889737057666,2
1423,densenet121,350,0.6263678162488967,5
1424,densenet161,750,0.0,1
1425,densenet161,350,0.0,1
1426,vgg19,939,0.4910509157637427,8
1427,resnet50,750,0.8540914514899219,6
1428,efficientnetb2,550,0.0,1
1429,efficientnetb0,750,0.4450311925360435,5
1430,resnet18,939,0.9772814215247084,3
1431,efficientnetb0,939,1.0,3
1432,densenet121,939,0.4858756243316292,5
1433,resnet50,939,0.6400205520491736,8
1434,efficientnetb1,550,1.0,3
1435,densenet161,350,0.472733213293796,5
1436,densenet121,350,0.0523859604428457,3
1437,resnet50,350,1.0,6
1438,efficientnetb1,350,1.0,3
1439,efficientnetb0,750,0.221102352041803,2
1440,efficientnetb2,939,0.6509085704414946,4
1441,densenet121,750,0.6549577219091517,5
1442,efficientnetb2,350,0.65175093664593,4
1443,efficientnetb0,350,1.0,3
1444,densenet161,750,0.5067219862360387,5
1445,vgg19,550,0.6532435397082842,20
1446,resnet50,550,0.0097267662088094,1
1447,vgg19,750,0.3954673323042385,5
1448,resnet50,750,0.3344894405367239,2
1449,resnet50,939,0.481243768988981,4
1450,efficientnetb0,750,0.221102352041803,2
1451,densenet161,750,0.0355493113357071,3
1452,resnet50,750,0.5189759550817877,8
1453,resnet18,350,0.5048206439889544,5
1454,vgg19,939,0.1144285467096243,4
1455,vgg19,350,0.9654136477619172,14
1456,resnet18,350,0.5048206439889544,5
1457,efficientnetb1,550,0.0,1
1458,efficientnetb1,550,1.0,3
1459,resnet18,550,1.0,2
1460,efficientnetb0,350,0.2601845258832877,2
1461,resnet18,550,0.6805816088044464,4
1462,efficientnetb0,350,0.0,1
1463,densenet161,350,0.0,1
1464,efficientnetb1,350,0.0,1
1465,densenet161,939,0.8028649279588222,7
1466,efficientnetb2,750,0.6313792880026403,4
1467,resnet18,550,0.5341577662577371,1
1468,vgg19,750,0.5392519021115965,9
1469,vgg19,550,0.7587179131016882,12
1470,vgg19,350,0.0047515404264518,2
1471,resnet18,350,1.0,3
1472,efficientnetb0,939,0.0300451672854749,7
1473,densenet161,939,0.0,2
1474,efficientnetb1,939,1.0,3
1475,densenet121,939,0.4858756243316292,5
1476,resnet18,350,1.0,3
1477,efficientnetb0,750,0.4450311925360435,5
1478,densenet121,350,0.6263678162488967,5
1479,efficientnetb2,350,1.0,3
1480,efficientnetb1,350,1.0,3
1481,resnet50,750,1.0,5
1482,efficientnetb1,550,1.0,3
1483,efficientnetb0,550,0.290069122860228,2
1484,resnet50,350,0.8830285561177872,5
1485,efficientnetb0,550,0.7484594574197447,4
1486,vgg19,550,0.1112152559945396,3
1487,vgg19,750,0.482051380981956,8
1488,densenet121,939,0.0,1
1489,efficientnetb2,350,1.0,3
1490,densenet121,550,0.6262433485833546,5
1491,efficientnetb1,350,1.0,3
1492,efficientnetb2,550,1.0,3
1493,resnet18,350,0.9463184463728672,2
1494,efficientnetb1,550,0.0,1
1495,efficientnetb0,550,0.0,1
1496,efficientnetb0,350,0.7221681243288518,4
1497,densenet161,939,0.2831929044634787,5
1498,efficientnetb1,750,0.0,1
1499,densenet121,550,0.0266970250369456,2
1500,resnet50,939,1.0,6
1501,efficientnetb0,939,1.0,3
1502,densenet161,750,0.7754817419817108,6
1503,vgg19,750,0.0,1
1504,densenet161,350,0.472733213293796,5
1505,vgg19,550,1.0,15
1506,efficientnetb2,750,0.0,1
1507,efficientnetb2,350,0.237407337197427,6
1508,efficientnetb2,350,0.4600422057004524,5
1509,densenet161,550,0.5735576563250782,5
1510,densenet161,939,0.2831929044634787,5
1511,resnet18,550,0.46598992776295,5
1512,efficientnetb2,550,1.0,3
1513,resnet50,550,0.8215124558966982,7
1514,efficientnetb1,350,1.0,3
1515,vgg19,939,0.9322438807363724,13
1516,densenet121,350,1.0,6
1517,vgg19,939,0.9938700985656802,16
1518,efficientnetb1,939,0.0,1
1519,densenet161,750,0.5067219862360387,5
1520,resnet18,750,0.4551076759252049,5
1521,resnet18,350,0.9463184463728672,2
1522,densenet161,550,0.5735576563250782,5
1523,densenet161,750,0.0355493113357071,3
1524,resnet18,750,0.6570784835049883,4
1525,efficientnetb1,939,1.0,3
1526,vgg19,939,0.0,2
1527,densenet161,939,0.0,2
1528,resnet50,550,0.2772450699669692,3
1529,resnet18,350,1.0,3
1530,densenet161,350,0.0213386295855335,3
1531,resnet18,350,1.0,3
1532,densenet121,750,0.6549577219091517,5
1533,resnet18,939,1.0,2
1534,resnet18,350,0.292613278460834,6
1535,resnet18,939,0.9772814215247084,3
1536,efficientnetb0,350,1.0,3
1537,densenet121,350,0.0523859604428457,3
1538,efficientnetb0,750,0.221102352041803,2
1539,vgg19,550,0.4939105417814899,8
1540,densenet121,750,0.5014039257956258,7
1541,vgg19,550,0.527063884872579,9
1542,resnet50,750,0.692684175445151,7
1543,resnet18,750,0.4551076759252049,5
1544,efficientnetb1,350,1.0,3
1545,resnet18,750,0.5563161859691826,1
1546,efficientnetb2,350,0.0,1
1547,efficientnetb2,939,1.0,3
1548,efficientnetb1,750,0.5409660759543289,5
1549,resnet18,350,1.0,3
1550,vgg19,750,0.482051380981956,8
1551,densenet161,750,0.5067219862360387,5
1552,densenet161,939,1.0,6
1553,vgg19,550,0.1248786103205342,4
1554,densenet161,550,0.5735576563250782,5
1555,efficientnetb1,939,1.0,3
1556,efficientnetb0,550,0.7484594574197447,4
1557,efficientnetb0,350,1.0,3
1558,efficientnetb2,550,1.0,3
1559,efficientnetb1,350,1.0,3
1560,efficientnetb1,750,0.0,1
1561,vgg19,350,0.0047515404264518,2
1562,resnet50,939,0.3012988939538109,3
1563,resnet18,350,0.5048206439889544,5
1564,vgg19,939,0.7038804657074393,11
1565,densenet121,550,0.0266970250369456,2
1566,efficientnetb2,750,1.0,3
1567,vgg19,350,0.3670248005033085,6
1568,efficientnetb1,350,0.5010852886204035,5
1569,resnet18,939,0.9772814215247084,3
1570,efficientnetb0,750,1.0,3
1571,efficientnetb1,750,1.0,3
1572,efficientnetb2,750,1.0,3
1573,efficientnetb1,350,0.7181138626700144,4
1574,vgg19,750,0.5392519021115965,9
1575,resnet50,939,1.0,6
1576,efficientnetb1,750,0.3094983907889674,6
1577,vgg19,750,0.9636492577949504,13
1578,efficientnetb1,939,0.7039994792384792,4
1579,resnet18,750,0.4551076759252049,5
1580,resnet18,550,0.46598992776295,5
1581,efficientnetb1,939,1.0,3
1582,efficientnetb0,750,1.0,3
1583,resnet50,350,0.8169515861153699,7
1584,densenet121,350,0.6263678162488967,5
1585,resnet18,750,0.2819735347623552,6
1586,vgg19,939,0.3144631067328258,6
1587,efficientnetb1,550,1.0,3
1588,efficientnetb1,350,0.7181138626700144,4
1589,resnet50,350,0.4097205423764233,4
1590,efficientnetb2,550,1.0,3
1591,efficientnetb0,939,1.0,3
1592,efficientnetb2,350,1.0,3
1593,vgg19,750,0.9636492577949504,13
1594,resnet18,750,0.4551076759252049,5
1595,densenet161,550,0.5735576563250782,5
1596,efficientnetb2,550,1.0,3
1597,resnet18,939,0.9772814215247084,3
1598,densenet121,550,0.0267032533330688,3
1599,vgg19,550,0.7209260725133116,18
1600,efficientnetb2,350,1.0,3
1601,efficientnetb0,750,1.0,3
1602,efficientnetb2,550,1.0,3
1603,resnet50,939,0.4611727687596107,9
1604,densenet161,750,0.0912366792400731,4
1605,resnet50,550,0.8215124558966982,7
1606,resnet50,939,0.3012988939538109,3
1607,resnet50,550,0.2772450699669692,3
1608,efficientnetb2,350,0.65175093664593,4
1609,efficientnetb0,939,0.245393377540531,2
1610,vgg19,750,0.9783359431256168,14
1611,densenet121,350,0.1341157974542594,4
1612,resnet18,350,1.0,3
1613,efficientnetb2,750,0.6313792880026403,4
1614,vgg19,939,0.958551617010162,14
1615,resnet18,550,0.6805816088044464,4
1616,densenet121,939,0.0230700539672484,2
1617,efficientnetb1,750,1.0,3
1618,efficientnetb1,550,0.6878389778024664,4
1619,densenet161,550,0.0210735879951949,3
1620,efficientnetb2,939,0.6509085704414946,4
1621,efficientnetb1,750,1.0,3
1622,efficientnetb2,350,0.237407337197427,6
1623,efficientnetb1,550,0.6878389778024664,4
1624,resnet18,550,1.0,2
1625,densenet161,750,0.5067219862360387,5
1626,resnet50,350,0.6807257591827157,8
1627,vgg19,750,0.6673220941960659,10
1628,densenet121,550,0.6262433485833546,5
1629,efficientnetb0,350,1.0,3
1630,densenet121,550,0.6262433485833546,5
1631,vgg19,750,0.9636492577949504,13
1632,vgg19,750,0.6673220941960659,10
1633,resnet18,550,0.5341577662577371,1
1634,efficientnetb1,350,1.0,3
1635,vgg19,750,0.3954673323042385,5
1636,densenet161,550,0.5735576563250782,5
1637,efficientnetb2,939,1.0,3
1638,densenet121,939,0.4858756243316292,5
1639,efficientnetb0,939,0.6801221238861833,4
1640,resnet18,350,0.6798528330010116,4
1641,densenet161,939,0.2994714122049385,4
1642,vgg19,750,0.7134880992516057,11
1643,vgg19,939,0.1144285467096243,4
1644,resnet18,750,0.6570784835049883,4
1645,efficientnetb2,350,1.0,3
1646,resnet18,939,1.0,2
1647,resnet18,939,0.9772814215247084,3
1648,vgg19,939,0.7038804657074393,11
1649,efficientnetb0,350,0.2601845258832877,2
1650,densenet121,350,0.6263678162488967,5
1651,densenet121,939,1.0,6
1652,densenet161,550,1.0,7
1653,efficientnetb0,939,0.0,1
1654,vgg19,750,0.9936879963126718,15
1655,densenet161,939,0.0601439006764898,1
1656,densenet161,550,0.5735576563250782,5
1657,efficientnetb2,350,0.4600422057004524,5
1658,efficientnetb2,350,1.0,3
1659,vgg19,550,0.9153142027929496,13
1660,densenet161,350,0.0,1
1661,resnet50,939,0.6400205520491736,8
1662,resnet50,939,0.8248723661787692,5
1663,efficientnetb2,550,1.0,3
1664,efficientnetb1,750,0.7228690296773087,4
1665,resnet18,750,0.5563161859691826,1
1666,resnet50,550,1.0,6
1667,efficientnetb1,939,0.2680647929070547,6
1668,densenet161,750,1.0,7
1669,resnet50,550,1.0,6
1670,densenet161,939,0.0,2
1671,densenet161,750,0.0912366792400731,4
1672,efficientnetb0,750,0.6483214388113725,4
1673,resnet50,550,0.106889737057666,2
1674,densenet161,750,0.5067219862360387,5
1675,densenet121,550,0.6262433485833546,5
1676,efficientnetb2,939,0.2064582521296088,2
1677,resnet18,550,0.6805816088044464,4
1678,vgg19,750,0.9636492577949504,13
1679,densenet161,350,0.0,1
1680,resnet50,939,0.4611727687596107,9
1681,vgg19,550,0.93432282209291,16
1682,vgg19,550,0.7144872600964158,10
1683,efficientnetb1,350,1.0,3
1684,vgg19,750,0.6673220941960659,10
1685,efficientnetb0,350,1.0,3
1686,efficientnetb2,550,0.7219694682129152,4
1687,vgg19,939,0.9938700985656802,16
1688,densenet161,350,0.472733213293796,5
1689,efficientnetb1,750,1.0,3
1690,densenet121,939,0.0230700539672484,2
1691,efficientnetb1,550,1.0,3
1692,densenet121,550,0.6262433485833546,5
1693,vgg19,750,0.1063831635744575,4
1694,resnet18,939,1.0,2
1695,resnet50,550,0.8501913432605966,5
1696,vgg19,939,0.3144631067328258,6
1697,resnet50,350,0.8169515861153699,7
1698,efficientnetb1,750,0.7228690296773087,4
1699,densenet161,750,0.7754817419817108,6
1700,efficientnetb1,939,0.7039994792384792,4
1701,efficientnetb2,750,0.6313792880026403,4
1702,resnet50,350,0.4097205423764233,4
1703,densenet121,939,0.4858756243316292,5
1704,efficientnetb1,550,1.0,3
1705,efficientnetb1,750,1.0,3
1706,efficientnetb1,550,1.0,3
1707,densenet161,550,0.1068700282907242,4
1708,vgg19,550,0.7603022178684953,17
1709,resnet18,350,0.5934360820487711,1
1710,efficientnetb2,350,0.0,1
1711,resnet50,750,0.5242927837491854,3
1712,efficientnetb1,350,0.2323535341648464,2
1713,densenet121,750,0.0,1
1714,vgg19,939,0.7512707723562208,18
1715,resnet50,350,0.8169515861153699,7
1716,densenet161,350,0.7705044620574577,6
1717,resnet18,939,0.9772814215247084,3
1718,resnet50,550,1.0,6
1719,densenet161,939,0.2831929044634787,5
1720,efficientnetb0,939,1.0,3
1721,efficientnetb0,550,0.290069122860228,2
1722,efficientnetb1,750,1.0,3
1723,efficientnetb1,350,1.0,3
1724,densenet161,939,1.0,6
1725,vgg19,939,0.7038804657074393,11
1726,efficientnetb0,550,1.0,3
1727,efficientnetb0,550,1.0,3
1728,efficientnetb2,750,1.0,3
1729,efficientnetb1,939,1.0,3
1730,efficientnetb2,750,0.0,1
1731,densenet161,350,0.472733213293796,5
1732,vgg19,939,0.4817677379651593,9
1733,resnet50,350,0.6807257591827157,8
1734,efficientnetb0,550,1.0,3
1735,resnet18,550,0.9649971314956884,3
1736,efficientnetb1,350,0.5010852886204035,5
1737,efficientnetb1,550,0.6878389778024664,4
1738,resnet18,350,0.9463184463728672,2
1739,efficientnetb2,939,0.6509085704414946,4
1740,densenet121,939,1.0,6
1741,densenet161,350,0.7705044620574577,6
1742,densenet161,939,0.2831929044634787,5
1743,efficientnetb2,939,1.0,3
1744,densenet121,550,1.0,6
1745,efficientnetb1,750,1.0,3
1746,densenet121,750,0.6549577219091517,5
1747,resnet50,550,0.4611472962789475,4
1748,resnet18,750,0.9425112246169725,3
1749,efficientnetb0,939,1.0,3
1750,resnet50,939,0.1412757250508847,2
1751,efficientnetb0,550,1.0,3
1752,efficientnetb1,750,1.0,3
1753,efficientnetb0,550,1.0,3
1754,vgg19,350,0.1104026426586838,3
1755,efficientnetb0,939,1.0,3
1756,resnet50,350,1.0,6
1757,densenet121,939,1.0,6
1758,efficientnetb2,750,0.6313792880026403,4
1759,resnet50,939,0.8017819857800019,7
1760,resnet18,350,1.0,3
1761,densenet161,550,0.5735576563250782,5
1762,densenet121,350,0.6263678162488967,5
1763,resnet50,550,0.8215124558966982,7
1764,efficientnetb0,750,0.6483214388113725,4
1765,vgg19,750,0.5050561760121487,22
1766,densenet161,350,0.7705044620574577,6
1767,efficientnetb2,750,0.496642919782067,5
1768,vgg19,750,0.7134880992516057,11
1769,efficientnetb2,939,1.0,3
1770,resnet50,350,0.8169515861153699,7
1771,efficientnetb0,350,0.7221681243288518,4
1772,efficientnetb2,750,1.0,3
1773,resnet50,550,0.106889737057666,2
1774,efficientnetb2,550,1.0,3
1775,resnet50,550,0.8215124558966982,7
1776,densenet121,939,0.4858756243316292,5
1777,efficientnetb0,550,1.0,3
1778,resnet50,939,0.3012988939538109,3
1779,efficientnetb1,750,0.0,1
1780,efficientnetb0,939,0.6801221238861833,4
1781,densenet121,550,0.5224277109043235,7
1782,resnet18,350,0.9463184463728672,2
1783,densenet121,939,0.3516434776147618,8
1784,densenet121,350,0.6263678162488967,5
1785,resnet18,939,1.0,2
1786,resnet50,550,0.106889737057666,2
1787,efficientnetb1,350,1.0,3
1788,vgg19,750,0.3954673323042385,5
1789,efficientnetb0,550,0.0,1
1790,efficientnetb0,550,0.7484594574197447,4
1791,resnet18,750,1.0,2
1792,densenet121,939,0.4858756243316292,5
1793,densenet121,350,1.0,6
1794,densenet161,750,0.5067219862360387,5
1795,efficientnetb1,750,1.0,3
1796,densenet121,550,1.0,6
1797,efficientnetb2,939,0.6509085704414946,4
1798,densenet121,750,0.0983602208090902,4
1799,resnet18,939,0.666846850715217,4
1800,efficientnetb1,550,0.6878389778024664,4
1801,resnet50,550,0.8215124558966982,7
1802,efficientnetb1,350,0.7181138626700144,4
1803,densenet161,939,1.0,6
1804,vgg19,350,0.9722792391750928,13
1805,efficientnetb0,939,1.0,3
1806,densenet121,350,0.6263678162488967,5
1807,densenet161,939,0.2831929044634787,5
1808,efficientnetb0,350,1.0,3
1809,resnet50,350,0.6807257591827157,8
1810,vgg19,750,0.3776216428097246,7
1811,densenet121,750,0.6549577219091517,5
1812,densenet121,939,0.0230700539672484,2
1813,resnet18,350,0.5934360820487711,1
1814,densenet161,350,0.472733213293796,5
1815,resnet18,350,0.5934360820487711,1
1816,efficientnetb0,550,1.0,3
1817,resnet18,550,0.5341577662577371,1
1818,resnet18,550,0.9649971314956884,3
1819,efficientnetb0,750,0.6483214388113725,4
1820,vgg19,550,0.0,2
1821,vgg19,750,0.9936879963126718,15
1822,efficientnetb1,350,1.0,3
1823,efficientnetb2,939,0.6509085704414946,4
1824,efficientnetb0,750,0.6483214388113725,4
1825,resnet50,550,0.0097267662088094,1
1826,densenet161,350,0.472733213293796,5
1827,vgg19,750,0.9783359431256168,14
1828,efficientnetb2,350,0.65175093664593,4
1829,resnet18,750,0.6570784835049883,4
1830,resnet50,939,0.8017819857800019,7
1831,vgg19,350,0.7874284582909132,17
1832,resnet18,939,0.9772814215247084,3
1833,densenet121,350,0.0523859604428457,3
1834,vgg19,350,0.9884623593775808,15
1835,resnet18,939,0.666846850715217,4
1836,densenet121,939,1.0,6
1837,resnet18,939,1.0,2
1838,densenet161,939,0.8028649279588222,7
1839,efficientnetb2,350,0.65175093664593,4
1840,vgg19,750,1.0,16
1841,densenet121,350,0.6263678162488967,5
1842,densenet121,750,0.6549577219091517,5
1843,resnet18,550,0.9649971314956884,3
1844,densenet121,350,0.0,1
1845,efficientnetb0,550,1.0,3
1846,resnet18,750,0.9425112246169725,3
1847,densenet161,939,0.2831929044634787,5
1848,resnet18,750,0.9425112246169725,3
1849,densenet121,750,0.6549577219091517,5
1850,efficientnetb0,750,1.0,3
1851,efficientnetb2,939,1.0,3
1852,resnet50,939,0.8017819857800019,7
1853,densenet161,939,0.0601439006764898,1
1854,densenet161,750,0.5067219862360387,5
1855,efficientnetb1,939,1.0,3
1856,densenet121,939,0.4858756243316292,5
1857,densenet121,750,0.5014039257956258,7
1858,densenet161,939,0.2831929044634787,5
1859,resnet18,550,0.5341577662577371,1
1860,efficientnetb0,939,1.0,3
1861,efficientnetb2,939,1.0,3
1862,densenet161,350,0.472733213293796,5
1863,resnet18,550,1.0,2
1864,resnet50,350,1.0,6
1865,resnet18,750,0.6570784835049883,4
1866,densenet161,939,0.2831929044634787,5
1867,densenet121,350,0.6263678162488967,5
1868,vgg19,750,0.9936879963126718,15
1869,densenet161,550,0.5735576563250782,5
1870,efficientnetb2,350,1.0,3
1871,densenet161,350,0.1012991674218925,4
1872,densenet161,350,0.7705044620574577,6
1873,vgg19,939,0.4817677379651593,9
1874,densenet121,750,0.6549577219091517,5
1875,densenet121,939,0.4858756243316292,5
1876,efficientnetb1,350,1.0,3
1877,efficientnetb1,350,0.7181138626700144,4
1878,resnet18,350,0.5048206439889544,5
1879,resnet18,939,0.666846850715217,4
1880,resnet18,939,1.0,2
1881,efficientnetb1,550,1.0,3
1882,densenet121,750,0.6549577219091517,5
1883,efficientnetb0,750,0.6483214388113725,4
1884,efficientnetb0,350,1.0,3
1885,densenet121,550,0.5224277109043235,7
1886,densenet161,350,0.472733213293796,5
1887,densenet161,550,0.5735576563250782,5
1888,efficientnetb1,550,1.0,3
1889,densenet121,939,1.0,6
1890,efficientnetb2,350,1.0,3
1891,densenet121,939,0.0230700539672484,2
1892,efficientnetb2,550,1.0,3
1893,vgg19,750,0.0863442753339673,3
1894,efficientnetb1,750,1.0,3
1895,resnet50,550,0.8215124558966982,7
1896,resnet18,550,0.46598992776295,5
1897,efficientnetb0,550,0.7484594574197447,4
1898,densenet121,550,0.6262433485833546,5
1899,vgg19,350,0.4842986650150916,9
1900,resnet18,550,0.6805816088044464,4
1901,vgg19,350,0.7874284582909132,17
1902,resnet50,939,0.481243768988981,4
1903,resnet50,550,0.4611472962789475,4
1904,densenet121,350,0.0,1
1905,efficientnetb0,939,0.245393377540531,2
1906,vgg19,939,0.0183675354070255,1
1907,efficientnetb2,939,0.6509085704414946,4
1908,resnet50,350,0.8169515861153699,7
1909,efficientnetb2,750,0.0,1
1910,densenet161,939,0.2831929044634787,5
1911,vgg19,750,0.3954673323042385,5
1912,resnet50,350,0.6807257591827157,8
1913,resnet18,350,1.0,3
1914,vgg19,350,0.4995659680915179,8
1915,resnet50,750,1.0,5
1916,efficientnetb2,350,0.0,1
1917,resnet18,550,1.0,2
1918,resnet50,550,0.645703014729161,8
1919,efficientnetb0,939,0.6801221238861833,4
1920,densenet161,550,0.5735576563250782,5
1921,efficientnetb0,939,1.0,3
1922,efficientnetb0,550,1.0,3
1923,resnet18,750,0.9425112246169725,3
1924,efficientnetb0,350,0.4626689598236604,5
1925,vgg19,550,0.7144872600964158,10
1926,densenet121,939,0.4858756243316292,5
1927,densenet121,350,0.6263678162488967,5
1928,efficientnetb0,550,1.0,3
1929,efficientnetb1,550,1.0,3
1930,efficientnetb2,550,1.0,3
1931,efficientnetb2,939,0.6509085704414946,4
1932,vgg19,350,0.7874284582909132,17
1933,efficientnetb0,350,1.0,3
1934,resnet50,550,0.106889737057666,2
1935,densenet121,550,0.6262433485833546,5
1936,densenet121,350,0.6263678162488967,5
1937,resnet50,550,0.4611472962789475,4
1938,densenet161,350,0.7705044620574577,6
1939,resnet18,939,0.2713411337912176,6
1940,efficientnetb2,350,0.65175093664593,4
1941,efficientnetb2,350,0.65175093664593,4
1942,vgg19,750,0.9936879963126718,15
1943,resnet50,350,0.4097205423764233,4
1944,resnet50,350,0.8169515861153699,7
1945,efficientnetb0,550,1.0,3
1946,vgg19,750,0.349757663747874,6
1947,resnet18,550,0.6805816088044464,4
1948,densenet121,350,0.0523859604428457,3
1949,densenet121,550,0.6262433485833546,5
1950,resnet18,939,0.4650005330060861,5
1951,resnet18,350,0.9463184463728672,2
1952,efficientnetb1,939,0.7039994792384792,4
1953,vgg19,550,0.9153142027929496,13
1954,densenet121,550,0.6262433485833546,5
1955,efficientnetb1,350,1.0,3
1956,densenet121,939,0.4858756243316292,5
1957,resnet18,750,0.6570784835049883,4
1958,resnet18,350,1.0,3
1959,densenet121,350,0.6263678162488967,5
1960,efficientnetb0,350,1.0,3
1961,efficientnetb1,550,1.0,3
1962,efficientnetb0,550,1.0,3
1963,vgg19,550,0.527063884872579,9
1964,densenet121,750,0.6549577219091517,5
1965,efficientnetb2,550,0.7219694682129152,4
1966,efficientnetb2,939,1.0,3
1967,efficientnetb2,350,1.0,3
1968,densenet121,350,0.0523859604428457,3
1969,densenet161,550,0.5735576563250782,5
1970,resnet50,939,0.6400205520491736,8
1971,efficientnetb2,550,1.0,3
1972,efficientnetb2,750,1.0,3
1973,efficientnetb1,750,1.0,3
1974,densenet161,939,0.0,2
1975,resnet50,750,0.692684175445151,7
1976,efficientnetb2,750,0.6313792880026403,4
1977,efficientnetb2,350,1.0,3
1978,vgg19,939,1.0,15
1979,efficientnetb1,939,0.7039994792384792,4
1980,resnet50,750,0.5189759550817877,8
1981,resnet50,550,0.4611472962789475,4
1982,efficientnetb0,550,1.0,3
1983,densenet161,350,0.0,1
1984,densenet121,350,0.6263678162488967,5
1985,resnet18,350,0.6798528330010116,4
1986,resnet18,939,0.9772814215247084,3
1987,resnet18,350,0.5934360820487711,1
1988,efficientnetb1,550,0.315622132205788,6
1989,resnet50,750,0.8540914514899219,6
1990,densenet121,939,1.0,6
1991,resnet50,939,0.6400205520491736,8
1992,efficientnetb1,750,0.5409660759543289,5
1993,efficientnetb1,939,1.0,3
1994,efficientnetb2,939,1.0,3
1995,resnet18,350,0.6798528330010116,4
1996,efficientnetb2,550,1.0,3
1997,vgg19,750,0.482051380981956,8
1998,vgg19,750,1.0,16
1999,efficientnetb2,939,1.0,3
2000,efficientnetb0,939,0.6801221238861833,4
2001,resnet18,750,0.6570784835049883,4
2002,efficientnetb1,750,0.0,1
2003,densenet161,350,0.472733213293796,5
2004,resnet50,550,0.2772450699669692,3
2005,resnet18,350,0.6798528330010116,4
2006,efficientnetb2,750,1.0,3
2007,vgg19,350,0.9654136477619172,14
2008,vgg19,350,1.0,16
2009,efficientnetb0,350,0.7221681243288518,4
2010,resnet18,350,1.0,3
2011,vgg19,939,0.958551617010162,14
2012,efficientnetb2,550,1.0,3
2013,densenet121,550,0.6262433485833546,5
2014,densenet121,350,0.6263678162488967,5
2015,resnet50,750,0.692684175445151,7
2016,densenet121,750,0.6549577219091517,5
2017,efficientnetb1,939,1.0,3
2018,efficientnetb2,350,1.0,3
2019,resnet50,750,1.0,5
2020,densenet121,750,0.6549577219091517,5
2021,densenet161,350,0.0,1
2022,densenet121,939,1.0,6
2023,efficientnetb0,350,1.0,3
2024,resnet50,350,0.6807257591827157,8
2025,resnet50,939,0.6400205520491736,8
2026,densenet121,939,0.133680659859905,4
2027,densenet121,550,0.6262433485833546,5
2028,resnet50,939,0.481243768988981,4
2029,resnet50,939,0.481243768988981,4
2030,vgg19,350,0.9884623593775808,15
2031,vgg19,939,0.6821322371858641,10
2032,efficientnetb2,350,0.65175093664593,4
2033,resnet50,550,1.0,6
2034,resnet18,350,1.0,3
2035,densenet121,350,0.0321065308334073,2
2036,resnet50,750,0.3344894405367239,2
2037,resnet18,550,1.0,2
2038,efficientnetb2,750,1.0,3
2039,densenet161,939,0.2831929044634787,5
2040,densenet161,750,0.5067219862360387,5
2041,efficientnetb1,550,1.0,3
2042,densenet121,750,1.0,6
2043,resnet18,550,0.5341577662577371,1
2044,efficientnetb2,939,1.0,3
2045,vgg19,550,0.0192737323606945,1
2046,resnet18,750,0.5563161859691826,1
2047,resnet18,939,0.5358361217945573,1
2048,efficientnetb1,750,1.0,3
2049,efficientnetb1,939,1.0,3
2050,efficientnetb2,350,1.0,3
2051,resnet50,939,0.6400205520491736,8
2052,resnet50,750,0.5242927837491854,3
2053,resnet18,550,0.46598992776295,5
2054,efficientnetb0,750,1.0,3
2055,densenet121,939,0.4858756243316292,5
2056,resnet50,939,0.8017819857800019,7
2057,densenet121,350,1.0,6
2058,densenet121,939,0.4858756243316292,5
2059,densenet161,939,0.9380901386244868,8
2060,resnet18,750,0.2819735347623552,6
2061,efficientnetb0,350,1.0,3
2062,efficientnetb0,550,1.0,3
2063,efficientnetb0,550,1.0,3
2064,densenet121,350,1.0,6
2065,efficientnetb0,350,1.0,3
2066,efficientnetb1,750,1.0,3
2067,vgg19,550,0.1248786103205342,4
2068,efficientnetb0,750,1.0,3
2069,efficientnetb1,750,1.0,3
2070,densenet121,750,0.6549577219091517,5
2071,efficientnetb2,550,1.0,3
2072,resnet18,750,0.5563161859691826,1
2073,vgg19,550,0.3992057636441661,5
2074,densenet161,939,0.2831929044634787,5
2075,vgg19,750,0.6673220941960659,10
2076,densenet161,550,0.5735576563250782,5
2077,resnet50,750,0.692684175445151,7
2078,densenet161,939,0.2831929044634787,5
2079,efficientnetb1,550,1.0,3
2080,efficientnetb0,939,0.6801221238861833,4
2081,densenet121,939,1.0,6
2082,resnet50,750,0.5189759550817877,8
2083,efficientnetb0,939,1.0,3
2084,resnet50,350,1.0,6
2085,efficientnetb1,750,1.0,3
2086,densenet121,750,0.6549577219091517,5
2087,vgg19,939,0.3144631067328258,6
2088,resnet18,550,0.2785187719074968,6
2089,vgg19,939,0.958551617010162,14
2090,efficientnetb1,350,1.0,3
2091,resnet50,939,0.0,1
2092,resnet50,750,0.692684175445151,7
2093,resnet18,550,0.9649971314956884,3
2094,efficientnetb1,939,0.7039994792384792,4
2095,resnet18,550,0.6805816088044464,4
2096,efficientnetb0,350,1.0,3
2097,efficientnetb1,350,1.0,3
2098,densenet161,750,0.0,1
2099,vgg19,939,1.0,15
2100,efficientnetb0,350,0.4626689598236604,5
2101,efficientnetb1,350,1.0,3
2102,efficientnetb1,939,1.0,3
2103,resnet18,939,0.666846850715217,4
2104,densenet161,939,0.2831929044634787,5
2105,resnet18,350,0.9463184463728672,2
2106,efficientnetb0,750,1.0,3
2107,vgg19,350,0.4051376815444835,5
2108,resnet50,550,0.0097267662088094,1
2109,densenet161,350,0.472733213293796,5
2110,densenet121,939,0.4858756243316292,5
2111,densenet121,750,0.0357436179754728,3
2112,densenet121,550,0.6262433485833546,5
2113,efficientnetb2,939,1.0,3
2114,resnet50,350,0.0174859151390518,1
2115,efficientnetb0,350,1.0,3
2116,efficientnetb2,350,1.0,3
2117,efficientnetb2,350,1.0,3
2118,densenet161,939,0.2831929044634787,5
2119,efficientnetb1,350,1.0,3
2120,densenet121,939,0.4858756243316292,5
2121,resnet50,939,1.0,6
2122,efficientnetb1,350,1.0,3
2123,densenet121,939,0.4858756243316292,5
2124,efficientnetb0,550,1.0,3
2125,vgg19,350,0.9884623593775808,15
2126,efficientnetb1,750,1.0,3
2127,efficientnetb0,939,1.0,3
2128,efficientnetb0,550,1.0,3
2129,efficientnetb0,750,0.6483214388113725,4
2130,efficientnetb2,750,1.0,3
2131,efficientnetb0,550,1.0,3
2132,efficientnetb1,750,1.0,3
2133,vgg19,550,0.9153142027929496,13
2134,resnet18,550,0.6805816088044464,4
2135,efficientnetb1,550,1.0,3
2136,efficientnetb0,350,1.0,3
2137,efficientnetb2,939,1.0,3
2138,resnet18,550,0.9649971314956884,3
2139,efficientnetb2,939,1.0,3
2140,densenet121,750,0.6549577219091517,5
2141,densenet121,350,0.6263678162488967,5
2142,densenet161,939,0.2831929044634787,5
2143,densenet121,550,0.6262433485833546,5
2144,densenet161,550,0.5735576563250782,5
2145,efficientnetb0,550,1.0,3
2146,efficientnetb2,750,1.0,3
2147,efficientnetb0,939,1.0,3
2148,efficientnetb2,550,1.0,3
2149,efficientnetb1,939,1.0,3
2150,efficientnetb1,350,1.0,3
2151,efficientnetb2,550,0.7219694682129152,4
2152,densenet161,939,0.0018556587877228,3
2153,resnet18,350,1.0,3
2154,densenet161,750,1.0,7
2155,vgg19,550,0.527063884872579,9
2156,efficientnetb0,939,1.0,3
2157,densenet161,350,0.0195835026890192,2
2158,resnet18,939,1.0,2
2159,efficientnetb1,750,1.0,3
2160,resnet50,550,0.0097267662088094,1
2161,efficientnetb0,350,1.0,3
2162,efficientnetb2,939,1.0,3
2163,resnet18,750,0.9425112246169725,3
2164,densenet161,750,0.0912366792400731,4
2165,efficientnetb0,750,0.4450311925360435,5
2166,efficientnetb2,939,1.0,3
2167,resnet18,750,0.6570784835049883,4
2168,efficientnetb0,939,1.0,3
2169,densenet121,550,0.6262433485833546,5
2170,efficientnetb1,939,0.2284047954549483,2
2171,efficientnetb2,350,1.0,3
2172,efficientnetb1,550,1.0,3
2173,efficientnetb2,350,0.65175093664593,4
2174,vgg19,750,0.9936879963126718,15
2175,efficientnetb0,750,0.4450311925360435,5
2176,densenet161,939,0.2831929044634787,5
2177,densenet121,939,0.4858756243316292,5
2178,resnet50,750,0.5189759550817877,8
2179,efficientnetb1,939,1.0,3
2180,densenet161,550,0.8307012363387156,6
2181,efficientnetb0,350,1.0,3
2182,densenet121,350,1.0,6
2183,resnet18,550,0.6805816088044464,4
2184,efficientnetb2,750,0.6313792880026403,4
2185,resnet50,939,0.8017819857800019,7
2186,efficientnetb0,350,1.0,3
2187,resnet18,750,0.6570784835049883,4
2188,resnet18,550,1.0,2
2189,densenet121,350,0.6263678162488967,5
2190,efficientnetb2,939,1.0,3
2191,efficientnetb1,750,1.0,3
2192,densenet121,550,0.6262433485833546,5
2193,efficientnetb1,350,0.0,1
2194,efficientnetb0,750,1.0,3
2195,vgg19,939,0.0,2
2196,efficientnetb0,750,1.0,3
2197,vgg19,939,0.783629319224574,17
2198,efficientnetb0,550,1.0,3
2199,densenet121,939,0.4858756243316292,5
2200,vgg19,750,0.9636492577949504,13
2201,resnet18,550,0.9649971314956884,3
2202,resnet50,550,1.0,6
2203,densenet161,350,0.9422217589427628,7
2204,efficientnetb2,550,1.0,3
2205,resnet18,350,1.0,3
2206,efficientnetb2,550,0.4196653103687508,5
2207,resnet18,350,1.0,3
2208,efficientnetb2,350,1.0,3
2209,densenet121,550,0.6262433485833546,5
2210,efficientnetb2,350,0.65175093664593,4
2211,efficientnetb0,939,1.0,3
2212,efficientnetb0,550,1.0,3
2213,efficientnetb0,939,1.0,3
2214,resnet18,350,0.6798528330010116,4
2215,vgg19,550,0.3630539177738009,6
2216,vgg19,350,0.3670248005033085,6
2217,vgg19,550,0.93432282209291,16
2218,densenet161,750,0.7754817419817108,6
2219,densenet161,550,1.0,7
2220,efficientnetb0,939,1.0,3
2221,densenet121,350,0.6263678162488967,5
2222,efficientnetb2,750,0.6313792880026403,4
2223,efficientnetb1,939,1.0,3
2224,densenet161,939,0.8028649279588222,7
2225,densenet161,750,0.5067219862360387,5
2226,densenet121,550,0.0266970250369456,2
2227,efficientnetb1,550,1.0,3
2228,densenet121,939,0.4858756243316292,5
2229,resnet18,350,0.6798528330010116,4
2230,densenet161,550,0.5735576563250782,5
2231,resnet50,750,1.0,5
2232,densenet121,750,1.0,6
2233,resnet18,939,1.0,2
2234,resnet18,750,1.0,2
2235,vgg19,550,0.3992057636441661,5
2236,resnet50,750,0.3344894405367239,2
2237,resnet18,939,1.0,2
2238,efficientnetb2,939,1.0,3
2239,efficientnetb1,350,1.0,3
2240,resnet18,350,0.6798528330010116,4
2241,densenet161,750,0.5067219862360387,5
2242,efficientnetb0,750,0.6483214388113725,4
2243,efficientnetb0,350,0.7221681243288518,4
2244,resnet18,750,0.4551076759252049,5
2245,efficientnetb2,350,1.0,3
2246,resnet18,750,0.6570784835049883,4
2247,efficientnetb1,550,0.6878389778024664,4
2248,efficientnetb1,350,1.0,3
2249,resnet18,750,1.0,2
2250,resnet50,550,1.0,6
2251,vgg19,939,0.7537426666757167,12
2252,resnet50,550,0.3843551081414064,10
2253,resnet18,350,0.9463184463728672,2
2254,resnet50,350,0.8830285561177872,5
2255,efficientnetb0,550,1.0,3
2256,resnet18,750,1.0,2
2257,efficientnetb1,750,1.0,3
2258,vgg19,939,1.0,15
2259,efficientnetb2,350,1.0,3
2260,efficientnetb0,939,1.0,3
2261,efficientnetb1,939,1.0,3
2262,efficientnetb0,750,1.0,3
2263,densenet121,939,0.4858756243316292,5
2264,densenet121,750,0.6549577219091517,5
2265,densenet161,939,0.2831929044634787,5
2266,densenet161,939,1.0,6
2267,resnet18,350,0.5048206439889544,5
2268,efficientnetb1,939,1.0,3
2269,densenet161,550,0.5735576563250782,5
2270,efficientnetb2,350,1.0,3
2271,efficientnetb0,550,1.0,3
2272,densenet121,550,0.6262433485833546,5
2273,vgg19,939,1.0,15
2274,vgg19,939,1.0,15
2275,resnet50,550,0.4611472962789475,4
2276,efficientnetb1,750,1.0,3
2277,densenet161,350,0.1012991674218925,4
2278,resnet18,939,0.9772814215247084,3
2279,resnet18,350,1.0,3
2280,resnet18,350,0.6798528330010116,4
2281,efficientnetb2,939,1.0,3
2282,densenet161,939,0.2831929044634787,5
2283,resnet50,939,1.0,6
2284,densenet121,750,1.0,6
2285,resnet18,350,1.0,3
2286,efficientnetb1,550,1.0,3
2287,vgg19,350,0.9722792391750928,13
2288,efficientnetb1,350,1.0,3
2289,resnet50,350,0.4097205423764233,4
2290,densenet161,750,0.0193762853485244,2
2291,efficientnetb2,350,0.65175093664593,4
2292,efficientnetb2,550,1.0,3
2293,resnet18,550,0.6805816088044464,4
2294,vgg19,350,0.063159932094785,4
2295,densenet121,939,0.4858756243316292,5
2296,efficientnetb1,550,0.2436659344100393,2
2297,efficientnetb0,350,1.0,3
2298,efficientnetb2,550,1.0,3
2299,densenet121,550,0.6262433485833546,5
2300,resnet18,350,1.0,3
2301,densenet121,550,1.0,6
2302,efficientnetb2,350,0.1727158782926704,2
2303,vgg19,550,0.7144872600964158,10
2304,efficientnetb0,939,1.0,3
2305,efficientnetb2,939,1.0,3
2306,densenet121,350,0.0,1
2307,densenet121,750,0.0357436179754728,3
2308,vgg19,550,1.0,15
2309,densenet161,550,0.8307012363387156,6
2310,efficientnetb1,750,1.0,3
2311,efficientnetb2,939,1.0,3
2312,densenet161,550,0.5735576563250782,5
2313,vgg19,350,0.063159932094785,4
2314,efficientnetb1,939,1.0,3
2315,resnet50,550,0.8215124558966982,7
2316,efficientnetb0,350,1.0,3
2317,vgg19,350,0.9654136477619172,14
2318,efficientnetb0,350,1.0,3
2319,resnet50,939,1.0,6
2320,efficientnetb0,939,1.0,3
2321,efficientnetb2,550,1.0,3
2322,resnet18,939,1.0,2
2323,densenet121,750,1.0,6
2324,resnet18,939,1.0,2
2325,resnet18,939,0.9772814215247084,3
2326,densenet121,550,0.6262433485833546,5
2327,resnet18,750,0.9425112246169725,3
2328,resnet50,550,0.4611472962789475,4
2329,efficientnetb2,350,0.4600422057004524,5
2330,efficientnetb0,750,1.0,3
2331,vgg19,350,0.7647138013706365,12
2332,densenet121,350,0.6263678162488967,5
2333,resnet18,350,1.0,3
2334,efficientnetb2,939,0.0,1
2335,resnet18,750,0.9425112246169725,3
2336,efficientnetb0,550,1.0,3
2337,vgg19,550,0.1112152559945396,3
2338,resnet18,550,1.0,2
2339,efficientnetb0,350,1.0,3
2340,efficientnetb2,550,1.0,3
2341,densenet161,939,0.2831929044634787,5
2342,efficientnetb2,750,0.0,1
2343,densenet121,939,0.4858756243316292,5
2344,densenet121,750,1.0,6
2345,resnet50,550,0.8215124558966982,7
2346,efficientnetb1,939,1.0,3
2347,resnet50,350,1.0,6
2348,densenet121,939,0.4858756243316292,5
2349,efficientnetb2,939,1.0,3
2350,efficientnetb0,350,1.0,3
2351,vgg19,939,0.958551617010162,14
2352,densenet121,350,0.6263678162488967,5
2353,resnet18,750,1.0,2
2354,resnet50,750,0.8540914514899219,6
2355,resnet18,550,1.0,2
2356,efficientnetb0,939,1.0,3
2357,efficientnetb1,350,1.0,3
2358,efficientnetb2,550,1.0,3
2359,efficientnetb1,939,1.0,3
2360,densenet161,939,0.2831929044634787,5
2361,vgg19,939,1.0,15
2362,efficientnetb0,550,1.0,3
2363,efficientnetb1,550,1.0,3
2364,resnet50,750,0.098265786808133,1
2365,densenet161,550,0.5735576563250782,5
2366,efficientnetb2,750,0.6313792880026403,4
2367,efficientnetb2,750,1.0,3
2368,efficientnetb0,350,1.0,3
2369,efficientnetb2,939,1.0,3
2370,efficientnetb2,350,0.1727158782926704,2
2371,vgg19,350,0.0,1
2372,densenet161,750,0.5067219862360387,5
2373,resnet50,550,0.4611472962789475,4
2374,resnet18,750,1.0,2
2375,efficientnetb2,750,0.1857252749278613,2
2376,resnet50,550,0.8215124558966982,7
2377,resnet18,550,0.9649971314956884,3
2378,efficientnetb1,750,1.0,3
2379,efficientnetb1,750,1.0,3
2380,vgg19,750,0.9636492577949504,13
2381,vgg19,939,0.9322438807363724,13
2382,densenet161,750,0.5067219862360387,5
2383,densenet161,550,0.5735576563250782,5
2384,efficientnetb0,750,1.0,3
2385,resnet50,939,0.8017819857800019,7
2386,efficientnetb0,550,0.290069122860228,2
2387,efficientnetb2,550,1.0,3
2388,efficientnetb0,750,1.0,3
2389,efficientnetb0,750,1.0,3
2390,efficientnetb2,550,0.7219694682129152,4
2391,resnet50,939,0.8017819857800019,7
2392,efficientnetb0,750,1.0,3
2393,resnet18,550,1.0,2
2394,resnet18,939,1.0,2
2395,efficientnetb2,550,1.0,3
2396,resnet18,550,0.9649971314956884,3
2397,resnet18,550,0.9649971314956884,3
2398,resnet18,750,0.6570784835049883,4
2399,densenet121,350,0.1341157974542594,4
2400,efficientnetb1,939,1.0,3
2401,efficientnetb1,750,0.258386396623143,2
2402,efficientnetb0,350,1.0,3
2403,resnet18,939,0.9772814215247084,3
2404,efficientnetb1,750,1.0,3
2405,efficientnetb2,939,1.0,3
2406,efficientnetb1,750,1.0,3
2407,efficientnetb1,750,1.0,3
2408,resnet18,550,0.9649971314956884,3
2409,efficientnetb2,750,1.0,3
2410,vgg19,750,0.9636492577949504,13
2411,vgg19,350,0.786298354089681,18
2412,efficientnetb2,750,1.0,3
2413,efficientnetb2,939,0.6509085704414946,4
2414,densenet161,550,0.5735576563250782,5
2415,densenet121,350,0.0523859604428457,3
2416,efficientnetb0,550,1.0,3
2417,densenet121,939,1.0,6
2418,resnet50,550,0.8501913432605966,5
2419,resnet50,750,0.9081489241651808,4
2420,efficientnetb2,550,1.0,3
2421,resnet50,550,0.645703014729161,8
2422,vgg19,750,0.7134880992516057,11
2423,efficientnetb1,939,1.0,3
2424,resnet18,939,1.0,2
2425,vgg19,939,0.1144285467096243,4
2426,resnet50,939,0.1412757250508847,2
2427,resnet50,750,0.8540914514899219,6
2428,resnet18,750,1.0,2
2429,densenet121,750,0.6549577219091517,5
2430,densenet161,750,0.5067219862360387,5
2431,vgg19,939,0.3144631067328258,6
2432,densenet121,750,0.6549577219091517,5
2433,densenet161,550,0.5735576563250782,5
2434,densenet121,939,1.0,6
2435,vgg19,750,0.5392519021115965,9
2436,vgg19,750,0.482051380981956,8
2437,efficientnetb0,750,1.0,3
2438,densenet161,939,0.2831929044634787,5
2439,vgg19,939,0.6821322371858641,10
2440,densenet121,939,0.4858756243316292,5
2441,vgg19,550,0.3630539177738009,6
2442,vgg19,350,0.7647138013706365,12
2443,vgg19,350,0.9722792391750928,13
2444,efficientnetb2,350,1.0,3
2445,vgg19,939,1.0,15
2446,vgg19,750,1.0,16
2447,efficientnetb2,550,1.0,3
2448,densenet161,350,0.472733213293796,5
2449,densenet161,350,0.472733213293796,5
2450,efficientnetb0,550,0.7484594574197447,4
2451,efficientnetb2,939,1.0,3
2452,efficientnetb0,350,1.0,3
2453,resnet18,939,0.9772814215247084,3
2454,densenet161,350,0.0,1
2455,efficientnetb0,350,1.0,3
2456,densenet161,550,0.0,1
2457,resnet18,939,0.9772814215247084,3
2458,vgg19,939,0.9322438807363724,13
2459,resnet18,750,0.6570784835049883,4
2460,efficientnetb2,939,1.0,3
2461,densenet161,350,0.472733213293796,5
2462,resnet50,939,0.8017819857800019,7
2463,resnet18,350,0.6798528330010116,4
2464,efficientnetb2,550,0.7219694682129152,4
2465,efficientnetb2,550,1.0,3
2466,resnet50,939,0.481243768988981,4
2467,densenet121,750,0.6549577219091517,5
2468,resnet18,550,1.0,2
2469,vgg19,939,1.0,15
2470,efficientnetb2,939,0.6509085704414946,4
2471,densenet121,350,0.6263678162488967,5
2472,densenet121,939,0.4858756243316292,5
2473,densenet161,350,0.472733213293796,5
2474,resnet18,750,0.9425112246169725,3
2475,efficientnetb2,939,1.0,3
2476,efficientnetb2,350,1.0,3
2477,vgg19,750,0.9636492577949504,13
2478,efficientnetb0,750,1.0,3
2479,densenet121,550,0.6262433485833546,5
2480,resnet18,550,0.9649971314956884,3
2481,efficientnetb2,350,1.0,3
2482,efficientnetb0,350,0.7221681243288518,4
2483,resnet50,750,0.8540914514899219,6
2484,efficientnetb2,550,1.0,3
2485,densenet161,750,0.5067219862360387,5
2486,efficientnetb2,939,0.6509085704414946,4
2487,densenet161,350,0.472733213293796,5
2488,densenet161,550,0.0210735879951949,3
2489,efficientnetb0,939,0.245393377540531,2
2490,efficientnetb2,750,1.0,3
2491,densenet161,939,0.2831929044634787,5
2492,resnet18,550,0.6805816088044464,4
2493,resnet18,550,1.0,2
2494,resnet50,939,0.4611727687596107,9
2495,efficientnetb1,750,1.0,3
2496,efficientnetb1,750,1.0,3
2497,resnet50,550,0.645703014729161,8
2498,densenet161,350,0.472733213293796,5
2499,resnet50,350,0.8169515861153699,7
2500,resnet18,550,0.9649971314956884,3
2501,densenet161,750,0.5067219862360387,5
2502,resnet18,350,0.5934360820487711,1
2503,densenet121,350,0.6263678162488967,5
2504,densenet121,550,0.6262433485833546,5
2505,densenet161,939,0.0,2
2506,efficientnetb1,550,1.0,3
2507,densenet161,350,0.472733213293796,5
2508,densenet161,350,0.472733213293796,5
2509,resnet18,750,0.6570784835049883,4
2510,vgg19,350,0.7047271852759325,10
2511,densenet121,550,1.0,6
2512,efficientnetb1,350,1.0,3
2513,efficientnetb0,350,1.0,3
2514,resnet18,939,1.0,2
2515,vgg19,350,0.4995659680915179,8
2516,resnet50,550,0.8215124558966982,7
2517,efficientnetb0,750,1.0,3
2518,efficientnetb0,350,1.0,3
2519,resnet50,550,0.8215124558966982,7
2520,resnet50,939,0.8017819857800019,7
2521,densenet121,550,0.1132152876154946,4
2522,resnet18,550,0.9649971314956884,3
2523,efficientnetb0,939,1.0,3
2524,densenet121,350,0.0321065308334073,2
2525,densenet161,939,0.2831929044634787,5
2526,resnet50,350,0.8169515861153699,7
2527,vgg19,939,0.783629319224574,17
2528,efficientnetb1,939,1.0,3
2529,densenet161,750,0.5067219862360387,5
2530,densenet161,350,0.0,1
2531,resnet18,350,0.9463184463728672,2
2532,densenet121,550,0.6262433485833546,5
2533,efficientnetb0,750,1.0,3
2534,resnet18,750,0.5563161859691826,1
2535,efficientnetb0,939,0.0,1
2536,vgg19,939,0.053642035656265,3
2537,densenet121,550,0.6262433485833546,5
2538,efficientnetb1,939,0.4873612700075253,5
2539,resnet18,939,0.9772814215247084,3
2540,resnet18,350,1.0,3
2541,densenet161,550,0.5735576563250782,5
2542,efficientnetb2,550,1.0,3
2543,vgg19,350,0.9884623593775808,15
2544,densenet121,750,0.6549577219091517,5
2545,resnet18,350,1.0,3
2546,efficientnetb1,939,0.2284047954549483,2
2547,vgg19,550,0.527063884872579,9
2548,vgg19,550,0.3630539177738009,6
2549,densenet161,350,0.472733213293796,5
2550,vgg19,550,0.7603022178684953,17
2551,densenet121,750,0.6549577219091517,5
2552,efficientnetb1,550,1.0,3
2553,densenet161,750,0.5067219862360387,5
2554,resnet18,350,1.0,3
2555,densenet161,750,0.5067219862360387,5
2556,efficientnetb1,550,0.6878389778024664,4
2557,efficientnetb0,939,1.0,3
2558,densenet161,750,0.7754817419817108,6
2559,densenet121,750,0.6549577219091517,5
2560,densenet161,750,0.5067219862360387,5
2561,resnet50,550,0.8215124558966982,7
2562,resnet50,750,0.692684175445151,7
2563,resnet18,939,1.0,2
2564,efficientnetb2,550,1.0,3
2565,densenet161,550,0.5735576563250782,5
2566,densenet121,550,0.6262433485833546,5
2567,efficientnetb2,750,1.0,3
2568,densenet161,550,0.5735576563250782,5
2569,efficientnetb2,350,1.0,3
2570,efficientnetb0,350,0.7221681243288518,4
2571,densenet121,550,1.0,6
2572,efficientnetb2,550,1.0,3
2573,densenet161,939,0.2831929044634787,5
2574,efficientnetb0,550,1.0,3
2575,densenet121,350,0.6263678162488967,5
2576,densenet121,350,0.6263678162488967,5
2577,resnet50,550,0.106889737057666,2
2578,efficientnetb0,939,1.0,3
2579,resnet18,350,0.9463184463728672,2
2580,resnet18,350,1.0,3
2581,densenet161,550,0.5735576563250782,5
2582,resnet18,550,0.9649971314956884,3
2583,densenet161,550,0.5735576563250782,5
2584,densenet121,750,0.6549577219091517,5
2585,densenet161,750,0.5067219862360387,5
2586,densenet121,350,0.1341157974542594,4
2587,resnet50,550,0.8215124558966982,7
2588,resnet50,550,0.8501913432605966,5
2589,vgg19,750,0.3776216428097246,7
2590,resnet50,550,1.0,6
2591,efficientnetb0,550,0.7484594574197447,4
2592,resnet50,550,1.0,6
2593,resnet50,939,0.3012988939538109,3
2594,densenet121,750,0.6549577219091517,5
2595,resnet50,750,1.0,5
2596,resnet18,550,1.0,2
2597,efficientnetb2,550,1.0,3
2598,efficientnetb2,550,1.0,3
2599,efficientnetb0,939,1.0,3
2600,efficientnetb1,550,1.0,3
2601,resnet18,750,0.6570784835049883,4
2602,densenet161,550,0.0,1
2603,efficientnetb0,550,0.7484594574197447,4
2604,densenet161,350,0.472733213293796,5
2605,efficientnetb2,550,1.0,3
2606,resnet18,550,0.9649971314956884,3
2607,resnet18,350,0.9463184463728672,2
2608,resnet18,350,1.0,3
2609,efficientnetb1,939,0.7039994792384792,4
2610,vgg19,939,0.4817677379651593,9
2611,vgg19,939,1.0,15
2612,densenet121,350,0.6263678162488967,5
2613,efficientnetb0,750,0.6483214388113725,4
2614,vgg19,550,0.93432282209291,16
2615,vgg19,550,1.0,15
2616,densenet161,939,1.0,6
2617,resnet18,750,0.9425112246169725,3
2618,densenet161,750,0.5067219862360387,5
2619,efficientnetb1,550,1.0,3
2620,resnet18,550,0.6805816088044464,4
2621,efficientnetb2,350,0.65175093664593,4
2622,densenet121,550,1.0,6
2623,densenet121,939,0.4858756243316292,5
2624,efficientnetb0,550,1.0,3
2625,resnet18,750,1.0,2
2626,efficientnetb1,750,1.0,3
2627,vgg19,550,0.9153142027929496,13
2628,resnet50,550,1.0,6
2629,densenet121,939,0.4858756243316292,5
2630,densenet161,550,0.8307012363387156,6
2631,efficientnetb2,550,1.0,3
2632,efficientnetb0,750,1.0,3
2633,resnet18,750,0.9425112246169725,3
2634,vgg19,550,1.0,15
2635,efficientnetb0,750,1.0,3
2636,efficientnetb2,939,0.6509085704414946,4
2637,efficientnetb1,939,1.0,3
2638,efficientnetb1,350,0.7181138626700144,4
2639,vgg19,350,0.7874284582909132,17
2640,efficientnetb2,939,1.0,3
2641,efficientnetb0,750,1.0,3
2642,vgg19,939,0.9938700985656802,16
2643,densenet161,350,0.472733213293796,5
2644,efficientnetb0,350,0.7221681243288518,4
2645,efficientnetb1,750,1.0,3
2646,densenet121,550,1.0,6
2647,efficientnetb0,750,1.0,3
2648,resnet18,550,0.6805816088044464,4
2649,resnet18,939,0.666846850715217,4
2650,densenet161,550,0.5735576563250782,5
2651,resnet18,939,0.9772814215247084,3
2652,resnet18,350,1.0,3
2653,efficientnetb1,939,1.0,3
2654,resnet50,350,0.2365622217411404,3
2655,efficientnetb0,550,1.0,3
2656,vgg19,750,0.7549293405793684,12
2657,resnet50,939,0.6400205520491736,8
2658,efficientnetb2,350,1.0,3
2659,densenet161,550,0.0323579521725776,2
2660,efficientnetb0,939,0.6801221238861833,4
2661,efficientnetb0,350,1.0,3
2662,efficientnetb1,750,1.0,3
2663,densenet121,550,0.6262433485833546,5
2664,efficientnetb2,350,1.0,3
2665,resnet18,939,0.9772814215247084,3
2666,efficientnetb0,939,1.0,3
2667,resnet50,750,0.8540914514899219,6
2668,densenet161,550,0.0,1
2669,efficientnetb2,939,1.0,3
2670,efficientnetb2,350,1.0,3
2671,vgg19,350,0.4995659680915179,8
2672,vgg19,939,0.958551617010162,14
2673,efficientnetb1,750,0.7228690296773087,4
2674,resnet50,550,1.0,6
2675,resnet18,550,0.9649971314956884,3
2676,resnet18,939,0.9772814215247084,3
2677,densenet121,550,0.1132152876154946,4
2678,efficientnetb0,939,0.6801221238861833,4
2679,efficientnetb2,750,1.0,3
2680,efficientnetb2,550,0.7219694682129152,4
2681,efficientnetb2,350,1.0,3
2682,efficientnetb0,350,0.2601845258832877,2
2683,vgg19,750,0.3954673323042385,5
2684,resnet18,750,1.0,2
2685,vgg19,550,1.0,15
2686,densenet121,550,0.6262433485833546,5
2687,vgg19,550,0.7603022178684953,17
2688,densenet121,350,0.6263678162488967,5
2689,efficientnetb0,350,1.0,3
2690,efficientnetb2,350,1.0,3
2691,efficientnetb0,939,1.0,3
2692,resnet50,750,0.692684175445151,7
2693,resnet50,550,1.0,6
2694,densenet161,750,0.7754817419817108,6
2695,efficientnetb2,750,0.6313792880026403,4
2696,vgg19,750,0.9636492577949504,13
2697,efficientnetb0,350,1.0,3
2698,efficientnetb2,750,0.496642919782067,5
2699,resnet50,750,0.692684175445151,7
2700,resnet50,350,1.0,6
2701,efficientnetb1,350,1.0,3
2702,efficientnetb2,550,0.1997439170806723,2
2703,efficientnetb2,550,1.0,3
2704,densenet121,750,0.6549577219091517,5
2705,resnet50,750,0.692684175445151,7
2706,efficientnetb2,750,0.0,1
2707,densenet161,750,0.5067219862360387,5
2708,resnet50,750,0.692684175445151,7
2709,resnet50,939,0.4611727687596107,9
2710,resnet18,939,1.0,2
2711,efficientnetb1,550,0.6878389778024664,4
2712,densenet121,350,0.5134540759121593,7
2713,efficientnetb1,939,1.0,3
2714,resnet50,750,0.41601881255758,9
2715,densenet121,750,0.6549577219091517,5
2716,efficientnetb1,750,1.0,3
2717,efficientnetb0,750,1.0,3
2718,efficientnetb2,350,1.0,3
2719,resnet50,939,0.8017819857800019,7
2720,densenet121,350,0.6263678162488967,5
2721,resnet18,939,0.9772814215247084,3
2722,densenet121,939,0.4858756243316292,5
2723,vgg19,939,1.0,15
2724,efficientnetb2,350,1.0,3
2725,densenet161,750,0.5067219862360387,5
2726,densenet121,350,0.6263678162488967,5
2727,resnet50,550,0.645703014729161,8
2728,vgg19,350,0.9722792391750928,13
2729,vgg19,939,0.0,2
2730,vgg19,750,0.7555996769548718,17
2731,resnet50,939,0.6400205520491736,8
2732,efficientnetb0,350,1.0,3
2733,densenet121,550,1.0,6
2734,resnet50,350,0.6807257591827157,8
2735,efficientnetb1,750,0.7228690296773087,4
2736,densenet121,350,1.0,6
2737,efficientnetb0,939,1.0,3
2738,vgg19,939,0.0183675354070255,1
2739,efficientnetb1,939,1.0,3
2740,densenet121,350,0.0321065308334073,2
2741,efficientnetb1,750,1.0,3
2742,efficientnetb0,750,1.0,3
2743,resnet50,750,1.0,5
2744,efficientnetb2,939,1.0,3
2745,efficientnetb1,350,0.7181138626700144,4
2746,densenet121,350,0.6263678162488967,5
2747,densenet161,939,0.2831929044634787,5
2748,densenet161,550,0.5735576563250782,5
2749,resnet18,939,0.9772814215247084,3
2750,efficientnetb0,350,0.7221681243288518,4
2751,densenet121,350,0.6263678162488967,5
2752,efficientnetb1,550,1.0,3
2753,efficientnetb2,550,1.0,3
2754,efficientnetb2,350,1.0,3
2755,resnet50,550,0.8215124558966982,7
2756,densenet161,550,0.0323579521725776,2
2757,vgg19,750,0.7134880992516057,11
2758,efficientnetb1,350,1.0,3
2759,vgg19,939,0.9322438807363724,13
2760,efficientnetb2,550,1.0,3
2761,resnet50,350,1.0,6
2762,resnet50,350,0.4097205423764233,4
2763,efficientnetb1,350,1.0,3
2764,efficientnetb0,750,1.0,3
2765,vgg19,350,0.0047515404264518,2
2766,resnet18,350,1.0,3
2767,densenet121,550,0.6262433485833546,5
2768,efficientnetb2,750,1.0,3
2769,resnet50,750,0.692684175445151,7
2770,vgg19,550,1.0,15
2771,vgg19,939,0.0,2
2772,resnet50,350,0.6807257591827157,8
2773,efficientnetb2,350,1.0,3
2774,efficientnetb0,550,1.0,3
2775,efficientnetb1,750,0.5409660759543289,5
2776,resnet18,750,1.0,2
2777,efficientnetb1,750,1.0,3
2778,resnet18,350,0.9463184463728672,2
2779,vgg19,350,0.4051376815444835,5
2780,resnet18,350,1.0,3
2781,vgg19,750,0.9936879963126718,15
2782,resnet50,350,0.6807257591827157,8
2783,densenet161,550,0.5735576563250782,5
2784,efficientnetb0,939,1.0,3
2785,efficientnetb1,750,1.0,3
2786,densenet161,550,0.5735576563250782,5
2787,efficientnetb2,350,0.65175093664593,4
2788,efficientnetb0,750,1.0,3
2789,vgg19,350,0.9884623593775808,15
2790,densenet161,550,0.5735576563250782,5
2791,resnet18,350,1.0,3
2792,resnet18,550,0.9649971314956884,3
2793,vgg19,350,0.7874284582909132,17
2794,efficientnetb2,939,1.0,3
2795,densenet161,939,0.2831929044634787,5
2796,resnet18,750,0.9425112246169725,3
2797,densenet161,939,0.2831929044634787,5
2798,efficientnetb2,550,1.0,3
2799,efficientnetb1,550,1.0,3
2800,efficientnetb0,350,1.0,3
2801,efficientnetb2,350,1.0,3
2802,vgg19,350,0.0,1
2803,efficientnetb2,350,0.65175093664593,4
2804,efficientnetb1,550,1.0,3
2805,efficientnetb0,350,0.0,1
2806,densenet161,750,0.5067219862360387,5
2807,densenet121,939,0.4858756243316292,5
2808,densenet161,550,0.5735576563250782,5
2809,vgg19,939,0.9322438807363724,13
2810,densenet121,939,0.4858756243316292,5
2811,efficientnetb2,750,1.0,3
2812,efficientnetb2,939,1.0,3
2813,vgg19,350,0.9722792391750928,13
2814,densenet161,750,0.0912366792400731,4
2815,efficientnetb0,350,0.7221681243288518,4
2816,efficientnetb1,550,1.0,3
2817,resnet18,939,1.0,2
2818,efficientnetb1,939,1.0,3
2819,efficientnetb2,939,1.0,3
2820,densenet161,550,0.5735576563250782,5
2821,efficientnetb2,939,1.0,3
2822,efficientnetb1,750,1.0,3
2823,resnet18,750,1.0,2
2824,efficientnetb1,350,0.7181138626700144,4
2825,efficientnetb0,550,1.0,3
2826,efficientnetb2,350,1.0,3
2827,efficientnetb2,350,1.0,3
2828,densenet121,750,0.0279532973407523,2
2829,efficientnetb2,939,1.0,3
2830,densenet161,750,0.7754817419817108,6
2831,resnet50,550,0.8215124558966982,7
2832,densenet121,550,0.6262433485833546,5
2833,vgg19,939,0.783629319224574,17
2834,resnet18,750,1.0,2
2835,vgg19,750,0.9936879963126718,15
2836,vgg19,750,1.0,16
2837,efficientnetb0,750,0.4450311925360435,5
2838,resnet18,350,0.9463184463728672,2
2839,resnet50,939,0.8017819857800019,7
2840,efficientnetb2,350,0.65175093664593,4
2841,efficientnetb0,550,1.0,3
2842,efficientnetb2,550,1.0,3
2843,efficientnetb1,939,1.0,3
2844,efficientnetb0,750,0.6483214388113725,4
2845,efficientnetb2,939,0.6509085704414946,4
2846,efficientnetb2,350,1.0,3
2847,resnet18,939,0.9772814215247084,3
2848,resnet18,350,0.9463184463728672,2
2849,resnet18,550,1.0,2
2850,resnet18,550,0.9649971314956884,3
2851,vgg19,750,0.9936879963126718,15
2852,densenet121,350,1.0,6
2853,resnet18,550,1.0,2
2854,resnet50,550,0.645703014729161,8
2855,efficientnetb1,750,1.0,3
2856,densenet161,750,0.5067219862360387,5
2857,densenet121,750,0.6549577219091517,5
2858,densenet161,750,0.7754817419817108,6
2859,resnet18,750,0.6570784835049883,4
2860,efficientnetb2,350,1.0,3
2861,efficientnetb0,550,1.0,3
2862,densenet161,750,0.5067219862360387,5
2863,vgg19,939,1.0,15
2864,resnet50,750,0.692684175445151,7
2865,efficientnetb1,939,1.0,3
2866,densenet161,939,0.2831929044634787,5
2867,resnet18,350,1.0,3
2868,resnet50,939,0.1412757250508847,2
2869,densenet161,350,0.0,1
2870,vgg19,750,0.5392519021115965,9
2871,densenet121,750,0.0279532973407523,2
2872,densenet121,350,0.6263678162488967,5
2873,resnet18,550,0.9649971314956884,3
2874,resnet18,350,0.9463184463728672,2
2875,efficientnetb0,750,1.0,3
2876,efficientnetb2,550,0.7219694682129152,4
2877,efficientnetb1,350,1.0,3
2878,efficientnetb1,750,0.7228690296773087,4
2879,efficientnetb0,350,1.0,3
2880,efficientnetb0,939,1.0,3
2881,resnet18,939,0.9772814215247084,3
2882,resnet50,350,0.8830285561177872,5
2883,resnet50,350,0.8830285561177872,5
2884,resnet18,939,0.9772814215247084,3
2885,resnet18,550,0.9649971314956884,3
2886,efficientnetb1,750,0.1568217242640732,7
2887,resnet18,939,0.9772814215247084,3
2888,efficientnetb2,350,1.0,3
2889,resnet18,550,1.0,2
2890,efficientnetb1,350,1.0,3
2891,vgg19,350,0.9722792391750928,13
2892,efficientnetb0,550,1.0,3
2893,efficientnetb2,750,1.0,3
2894,resnet18,550,0.5341577662577371,1
2895,efficientnetb1,939,1.0,3
2896,resnet18,350,0.9463184463728672,2
2897,densenet121,350,0.6263678162488967,5
2898,resnet18,550,0.6805816088044464,4
2899,efficientnetb0,550,1.0,3
2900,efficientnetb2,550,1.0,3
2901,efficientnetb0,350,1.0,3
2902,resnet18,750,0.6570784835049883,4
2903,efficientnetb1,550,1.0,3
2904,efficientnetb1,750,1.0,3
2905,vgg19,550,0.1248786103205342,4
2906,efficientnetb2,550,1.0,3
2907,vgg19,750,0.482051380981956,8
2908,efficientnetb0,350,0.7221681243288518,4
2909,densenet161,350,0.472733213293796,5
2910,efficientnetb1,550,1.0,3
2911,efficientnetb2,350,0.1727158782926704,2
2912,densenet121,939,0.133680659859905,4
2913,densenet161,939,0.2831929044634787,5
2914,vgg19,939,0.4817677379651593,9
2915,efficientnetb0,550,1.0,3
2916,resnet50,550,0.4611472962789475,4
2917,densenet161,750,0.5067219862360387,5
2918,densenet161,350,0.7705044620574577,6
2919,efficientnetb0,750,1.0,3
2920,efficientnetb0,550,0.7484594574197447,4
2921,vgg19,550,0.0,2
2922,efficientnetb0,350,1.0,3
2923,efficientnetb0,550,1.0,3
2924,efficientnetb2,350,1.0,3
2925,efficientnetb0,750,0.6483214388113725,4
2926,densenet161,750,0.5067219862360387,5
2927,resnet18,939,1.0,2
2928,resnet18,350,0.5934360820487711,1
2929,resnet18,750,0.9425112246169725,3
2930,densenet121,550,0.6262433485833546,5
2931,densenet161,350,0.0213386295855335,3
2932,resnet18,939,0.9772814215247084,3
2933,efficientnetb1,939,1.0,3
2934,resnet18,550,0.9649971314956884,3
2935,resnet18,550,0.6805816088044464,4
2936,densenet161,550,0.8307012363387156,6
2937,efficientnetb2,350,1.0,3
2938,resnet50,550,1.0,6
2939,resnet50,939,0.8248723661787692,5
2940,densenet121,550,0.6262433485833546,5
2941,efficientnetb0,350,0.2601845258832877,2
2942,efficientnetb2,939,1.0,3
2943,resnet50,939,1.0,6
2944,vgg19,939,0.9322438807363724,13
2945,vgg19,939,0.958551617010162,14
2946,efficientnetb2,350,1.0,3
2947,vgg19,550,0.9153142027929496,13
2948,efficientnetb1,550,1.0,3
2949,vgg19,550,0.0,2
2950,efficientnetb1,939,0.4873612700075253,5
2951,efficientnetb1,350,0.7181138626700144,4
2952,densenet121,350,0.6263678162488967,5
2953,resnet18,750,0.9425112246169725,3
2954,resnet18,350,0.9463184463728672,2
2955,vgg19,750,0.9783359431256168,14
2956,resnet18,350,0.9463184463728672,2
2957,efficientnetb0,939,1.0,3
2958,efficientnetb0,750,1.0,3
2959,efficientnetb0,939,0.245393377540531,2
2960,efficientnetb2,939,1.0,3
2961,densenet161,939,0.2831929044634787,5
2962,efficientnetb0,350,1.0,3
2963,resnet50,550,1.0,6
2964,efficientnetb1,350,1.0,3
2965,resnet18,750,1.0,2
2966,resnet18,750,1.0,2
2967,efficientnetb2,939,0.0,1
2968,resnet50,939,0.8017819857800019,7
2969,resnet18,350,0.9463184463728672,2
2970,resnet50,350,0.8830285561177872,5
2971,vgg19,550,1.0,15
2972,vgg19,939,0.0,2
2973,efficientnetb2,939,1.0,3
2974,efficientnetb1,350,1.0,3
2975,resnet50,350,0.8830285561177872,5
2976,resnet18,550,1.0,2
2977,efficientnetb0,550,1.0,3
2978,resnet18,550,1.0,2
2979,efficientnetb1,939,1.0,3
2980,efficientnetb2,550,1.0,3
2981,resnet50,550,1.0,6
2982,efficientnetb1,350,1.0,3
2983,efficientnetb0,350,1.0,3
2984,resnet50,550,1.0,6
2985,densenet121,350,0.5134540759121593,7
2986,densenet121,350,0.6263678162488967,5
2987,resnet18,939,1.0,2
2988,efficientnetb1,750,1.0,3
2989,resnet18,550,0.6805816088044464,4
2990,resnet50,550,0.4611472962789475,4
2991,resnet50,350,1.0,6
2992,vgg19,939,0.053642035656265,3
2993,densenet161,750,0.5067219862360387,5
2994,resnet50,350,1.0,6
2995,efficientnetb0,750,1.0,3
2996,vgg19,350,0.063159932094785,4
2997,efficientnetb2,550,1.0,3
2998,efficientnetb1,550,1.0,3
2999,densenet161,939,1.0,6
3000,densenet121,350,0.6263678162488967,5
3001,efficientnetb0,750,0.6483214388113725,4
3002,densenet161,550,0.5735576563250782,5
3003,efficientnetb2,350,1.0,3
3004,vgg19,350,0.7439023030951907,11
3005,densenet121,939,0.4858756243316292,5
3006,densenet161,550,0.1068700282907242,4
3007,efficientnetb2,750,0.1857252749278613,2
3008,resnet50,550,0.8215124558966982,7
3009,densenet161,750,0.5067219862360387,5
3010,densenet121,939,0.4858756243316292,5
3011,efficientnetb1,750,1.0,3
3012,densenet161,350,0.472733213293796,5
3013,densenet161,939,0.2831929044634787,5
3014,densenet121,550,0.0,1
3015,efficientnetb0,350,1.0,3
3016,densenet121,550,0.6262433485833546,5
3017,densenet121,939,0.4858756243316292,5
3018,densenet121,550,0.6262433485833546,5
3019,efficientnetb0,750,1.0,3
3020,efficientnetb2,550,1.0,3
3021,vgg19,350,0.9884623593775808,15
3022,efficientnetb1,939,1.0,3
3023,resnet50,750,0.8540914514899219,6
3024,resnet50,939,1.0,6
3025,efficientnetb1,550,0.6878389778024664,4
3026,efficientnetb1,939,1.0,3
3027,resnet50,750,0.8540914514899219,6
3028,resnet18,550,0.9649971314956884,3
3029,resnet50,939,0.6400205520491736,8
3030,densenet161,939,1.0,6
3031,resnet50,939,0.8017819857800019,7
3032,efficientnetb1,750,1.0,3
3033,resnet50,939,1.0,6
3034,resnet18,350,1.0,3
3035,densenet121,939,0.4858756243316292,5
3036,densenet121,750,0.6549577219091517,5
3037,densenet161,939,0.2831929044634787,5
3038,densenet161,350,0.7705044620574577,6
3039,densenet161,939,1.0,6
3040,densenet121,750,0.6549577219091517,5
3041,resnet18,939,1.0,2
3042,efficientnetb2,939,1.0,3
3043,efficientnetb1,550,0.6878389778024664,4
3044,efficientnetb2,350,0.0,1
3045,vgg19,750,0.482051380981956,8
3046,efficientnetb1,750,0.5409660759543289,5
3047,densenet121,939,0.4858756243316292,5
3048,efficientnetb0,939,1.0,3
3049,densenet121,939,0.4858756243316292,5
3050,efficientnetb2,939,1.0,3
3051,densenet121,550,0.6262433485833546,5
3052,efficientnetb0,750,1.0,3
3053,vgg19,939,0.3786480345124817,5
3054,densenet161,750,0.5067219862360387,5
3055,efficientnetb2,939,0.6509085704414946,4
3056,efficientnetb0,939,1.0,3
3057,efficientnetb2,750,1.0,3
3058,densenet161,939,0.2831929044634787,5
3059,densenet161,750,0.7754817419817108,6
3060,efficientnetb2,350,0.65175093664593,4
3061,efficientnetb0,939,1.0,3
3062,vgg19,750,0.9636492577949504,13
3063,efficientnetb1,350,1.0,3
3064,efficientnetb0,350,1.0,3
3065,densenet161,550,0.5735576563250782,5
3066,resnet50,750,0.8540914514899219,6
3067,resnet50,550,0.8215124558966982,7
3068,densenet121,939,0.390359012366206,7
3069,resnet18,939,1.0,2
3070,efficientnetb0,550,0.0,1
3071,efficientnetb1,350,1.0,3
3072,densenet161,939,0.0018556587877228,3
3073,densenet161,750,0.5067219862360387,5
3074,densenet161,550,0.5735576563250782,5
3075,efficientnetb2,750,1.0,3
3076,resnet18,550,0.9649971314956884,3
3077,densenet121,750,0.6549577219091517,5
3078,resnet18,939,1.0,2
3079,resnet18,350,1.0,3
3080,resnet18,750,0.9425112246169725,3
3081,efficientnetb1,350,1.0,3
3082,resnet18,939,0.9772814215247084,3
3083,vgg19,939,0.958551617010162,14
3084,resnet50,350,1.0,6
3085,densenet121,750,0.6549577219091517,5
3086,efficientnetb0,750,1.0,3
3087,efficientnetb2,939,1.0,3
3088,efficientnetb2,550,1.0,3
3089,efficientnetb1,350,0.7181138626700144,4
3090,densenet161,350,0.472733213293796,5
3091,efficientnetb1,750,1.0,3
3092,densenet161,939,0.0018556587877228,3
3093,densenet121,939,0.4858756243316292,5
3094,efficientnetb1,350,1.0,3
3095,resnet50,350,1.0,6
3096,resnet18,350,1.0,3
3097,densenet121,750,0.6549577219091517,5
3098,efficientnetb1,750,0.7228690296773087,4
3099,resnet18,750,1.0,2
3100,efficientnetb1,939,1.0,3
3101,efficientnetb0,350,1.0,3
3102,efficientnetb1,550,1.0,3
3103,densenet121,550,0.6262433485833546,5
3104,efficientnetb1,939,1.0,3
3105,vgg19,750,0.9636492577949504,13
3106,densenet161,350,0.9422217589427628,7
3107,densenet161,750,0.5067219862360387,5
3108,resnet50,939,1.0,6
3109,densenet161,550,0.5735576563250782,5
3110,resnet18,939,1.0,2
3111,efficientnetb0,939,1.0,3
3112,vgg19,350,0.0047515404264518,2
3113,resnet18,550,0.9649971314956884,3
3114,resnet50,550,0.0097267662088094,1
3115,efficientnetb0,350,1.0,3
3116,efficientnetb0,350,1.0,3
3117,efficientnetb1,550,1.0,3
3118,densenet121,350,0.6263678162488967,5
3119,densenet161,750,0.5067219862360387,5
3120,efficientnetb1,750,0.7228690296773087,4
3121,vgg19,939,0.958551617010162,14
3122,efficientnetb1,350,1.0,3
3123,vgg19,939,0.7038804657074393,11
3124,efficientnetb1,350,1.0,3
3125,efficientnetb2,750,0.2988059577556946,6
3126,efficientnetb1,750,0.7228690296773087,4
3127,efficientnetb2,350,1.0,3
3128,resnet18,939,1.0,2
3129,efficientnetb2,550,1.0,3
3130,efficientnetb2,750,1.0,3
3131,densenet121,750,0.6549577219091517,5
3132,densenet121,350,0.6263678162488967,5
3133,efficientnetb1,750,1.0,3
3134,densenet161,750,0.5067219862360387,5
3135,resnet50,939,1.0,6
3136,resnet50,550,1.0,6
3137,vgg19,750,0.9636492577949504,13
3138,efficientnetb0,750,1.0,3
3139,densenet121,750,0.6549577219091517,5
3140,efficientnetb1,750,0.7228690296773087,4
3141,resnet18,939,1.0,2
3142,resnet50,550,1.0,6
3143,vgg19,750,0.7134880992516057,11
3144,densenet121,939,0.4858756243316292,5
3145,efficientnetb1,550,0.5223117533457641,5
3146,densenet161,350,0.472733213293796,5
3147,densenet161,939,0.2994714122049385,4
3148,densenet161,350,0.7705044620574577,6
3149,efficientnetb0,550,1.0,3
3150,densenet161,550,0.5735576563250782,5
3151,efficientnetb0,350,1.0,3
3152,efficientnetb0,939,0.0,1
3153,efficientnetb2,939,1.0,3
3154,vgg19,550,0.93699417819052,14
3155,vgg19,550,0.93432282209291,16
3156,resnet50,550,1.0,6
3157,efficientnetb0,750,1.0,3
3158,densenet121,350,0.6263678162488967,5
3159,efficientnetb2,550,1.0,3
3160,densenet121,550,1.0,6
3161,resnet50,350,1.0,6
3162,densenet121,550,0.6262433485833546,5
3163,resnet50,550,0.8215124558966982,7
3164,efficientnetb2,550,1.0,3
3165,efficientnetb0,750,1.0,3
3166,resnet50,939,0.481243768988981,4
3167,densenet161,550,0.5735576563250782,5
3168,vgg19,350,1.0,16
3169,efficientnetb0,939,1.0,3
3170,resnet18,750,0.9425112246169725,3
3171,vgg19,750,0.9936879963126718,15
3172,densenet161,750,0.5067219862360387,5
3173,densenet161,750,0.5067219862360387,5
3174,efficientnetb0,750,1.0,3
3175,densenet161,939,0.2831929044634787,5
3176,vgg19,550,0.527063884872579,9
3177,densenet161,939,0.2831929044634787,5
3178,densenet161,750,0.5067219862360387,5
3179,resnet18,750,1.0,2
3180,vgg19,939,1.0,15
3181,efficientnetb1,750,0.258386396623143,2
3182,efficientnetb0,550,1.0,3
3183,efficientnetb2,550,0.7219694682129152,4
3184,efficientnetb0,939,1.0,3
3185,efficientnetb2,939,1.0,3
3186,efficientnetb2,939,1.0,3
3187,vgg19,350,0.9884623593775808,15
3188,efficientnetb0,939,1.0,3
3189,densenet161,350,0.472733213293796,5
3190,densenet161,350,0.7705044620574577,6
3191,resnet18,350,1.0,3
3192,resnet18,939,1.0,2
3193,efficientnetb2,350,1.0,3
3194,vgg19,939,0.9322438807363724,13
3195,densenet121,939,0.4858756243316292,5
3196,densenet121,750,0.6549577219091517,5
3197,resnet18,939,0.9772814215247084,3
3198,densenet121,750,0.6549577219091517,5
3199,resnet50,350,0.0174859151390518,1
3200,efficientnetb1,550,1.0,3
3201,efficientnetb0,350,1.0,3
3202,resnet50,550,1.0,6
3203,efficientnetb0,350,1.0,3
3204,efficientnetb1,350,1.0,3
3205,efficientnetb0,350,0.2601845258832877,2
3206,resnet50,350,0.8830285561177872,5
3207,efficientnetb1,750,1.0,3
3208,efficientnetb2,350,1.0,3
3209,vgg19,550,0.93699417819052,14
3210,efficientnetb0,939,0.6801221238861833,4
3211,efficientnetb2,350,0.65175093664593,4
3212,densenet161,939,0.2831929044634787,5
3213,efficientnetb0,350,1.0,3
3214,efficientnetb0,939,1.0,3
3215,efficientnetb1,939,1.0,3
3216,efficientnetb1,750,1.0,3
3217,densenet161,750,0.5067219862360387,5
3218,resnet18,750,1.0,2
3219,efficientnetb1,750,1.0,3
3220,resnet18,939,0.9772814215247084,3
3221,densenet161,939,0.2831929044634787,5
3222,efficientnetb1,750,0.7228690296773087,4
3223,densenet121,550,0.6262433485833546,5
3224,efficientnetb2,550,0.7219694682129152,4
3225,densenet121,939,0.4858756243316292,5
3226,resnet18,350,1.0,3
3227,efficientnetb1,350,1.0,3
3228,vgg19,750,0.9936879963126718,15
3229,efficientnetb2,750,1.0,3
3230,resnet18,750,0.6570784835049883,4
3231,efficientnetb2,939,1.0,3
3232,efficientnetb0,750,1.0,3
3233,efficientnetb1,750,1.0,3
3234,efficientnetb0,350,1.0,3
3235,densenet121,939,0.4858756243316292,5
3236,resnet18,750,1.0,2
3237,resnet50,750,0.5189759550817877,8
3238,efficientnetb2,750,1.0,3
3239,densenet161,350,0.472733213293796,5
3240,densenet161,750,0.5067219862360387,5
3241,densenet161,750,0.5067219862360387,5
3242,efficientnetb2,550,1.0,3
3243,efficientnetb2,939,1.0,3
3244,efficientnetb0,750,1.0,3
3245,efficientnetb0,350,0.7221681243288518,4
3246,efficientnetb2,550,1.0,3
3247,efficientnetb1,750,1.0,3
3248,resnet18,750,0.9425112246169725,3
3249,vgg19,750,0.9936879963126718,15
3250,densenet161,550,0.5735576563250782,5
3251,resnet50,550,0.8215124558966982,7
3252,densenet161,350,0.1012991674218925,4
3253,efficientnetb2,939,1.0,3
3254,resnet18,939,0.9772814215247084,3
3255,densenet121,550,0.0,1
3256,densenet121,550,0.6262433485833546,5
3257,resnet50,550,0.0097267662088094,1
3258,efficientnetb1,939,1.0,3
3259,resnet18,350,1.0,3
3260,densenet121,750,0.6549577219091517,5
3261,efficientnetb0,350,1.0,3
3262,efficientnetb2,550,0.7219694682129152,4
3263,vgg19,350,0.9722792391750928,13
3264,efficientnetb1,750,0.258386396623143,2
3265,efficientnetb1,939,1.0,3
3266,densenet161,750,0.5067219862360387,5
3267,vgg19,939,1.0,15
3268,resnet50,550,0.0097267662088094,1
3269,vgg19,750,0.9636492577949504,13
3270,resnet50,550,0.8215124558966982,7
3271,densenet121,550,0.0267032533330688,3
3272,efficientnetb1,550,1.0,3
3273,efficientnetb0,550,0.7484594574197447,4
3274,efficientnetb1,550,1.0,3
3275,densenet121,939,0.4858756243316292,5
3276,resnet18,939,1.0,2
3277,resnet18,750,0.9425112246169725,3
3278,resnet50,350,1.0,6
3279,vgg19,350,0.9884623593775808,15
3280,efficientnetb2,550,1.0,3
3281,efficientnetb0,550,1.0,3
3282,resnet18,350,0.9463184463728672,2
3283,efficientnetb0,750,1.0,3
3284,resnet50,550,0.2772450699669692,3
3285,vgg19,939,0.9322438807363724,13
3286,efficientnetb0,750,1.0,3
3287,efficientnetb1,350,1.0,3
3288,resnet18,750,1.0,2
3289,efficientnetb2,939,1.0,3
3290,resnet50,550,0.8215124558966982,7
3291,efficientnetb0,750,1.0,3
3292,densenet161,939,0.2831929044634787,5
3293,vgg19,350,0.9654136477619172,14
3294,efficientnetb0,550,1.0,3
3295,resnet18,750,0.9425112246169725,3
3296,efficientnetb1,750,1.0,3
3297,vgg19,550,1.0,15
3298,densenet161,939,0.2831929044634787,5
3299,efficientnetb0,350,1.0,3
3300,densenet121,750,0.0279532973407523,2
3301,vgg19,550,1.0,15
3302,efficientnetb1,550,1.0,3
3303,resnet18,750,1.0,2
3304,efficientnetb1,939,1.0,3
3305,resnet18,550,0.9649971314956884,3
3306,resnet50,550,0.8215124558966982,7
3307,densenet121,350,0.0,1
3308,efficientnetb0,550,1.0,3
3309,efficientnetb1,939,1.0,3
3310,densenet161,350,0.7705044620574577,6
3311,efficientnetb2,750,0.6313792880026403,4
3312,resnet18,350,1.0,3
3313,densenet161,939,0.2831929044634787,5
3314,vgg19,750,0.9936879963126718,15
3315,vgg19,350,0.9722792391750928,13
3316,efficientnetb1,939,1.0,3
3317,densenet121,939,0.4858756243316292,5
3318,resnet18,550,0.9649971314956884,3
3319,resnet50,750,1.0,5
3320,resnet18,350,1.0,3
3321,efficientnetb2,350,0.4600422057004524,5
3322,efficientnetb2,550,1.0,3
3323,vgg19,350,0.7439023030951907,11
3324,densenet161,750,0.5067219862360387,5
3325,resnet18,350,1.0,3
3326,efficientnetb2,350,1.0,3
3327,resnet50,750,0.8540914514899219,6
3328,efficientnetb0,939,0.6801221238861833,4
3329,efficientnetb1,750,0.7228690296773087,4
3330,densenet121,939,0.4858756243316292,5
3331,densenet161,350,0.472733213293796,5
3332,efficientnetb2,550,1.0,3
3333,efficientnetb0,939,0.6801221238861833,4
3334,resnet18,750,1.0,2
3335,efficientnetb1,939,0.7039994792384792,4
3336,densenet121,350,0.6263678162488967,5
3337,resnet18,350,1.0,3
3338,densenet121,939,0.0230700539672484,2
3339,resnet18,750,1.0,2
3340,efficientnetb0,350,1.0,3
3341,resnet18,550,1.0,2
3342,resnet18,750,0.9425112246169725,3
3343,resnet50,350,0.8169515861153699,7
3344,efficientnetb0,939,1.0,3
3345,vgg19,750,0.9636492577949504,13
3346,resnet50,550,1.0,6
3347,densenet121,350,0.6263678162488967,5
3348,efficientnetb2,550,1.0,3
3349,vgg19,350,0.786298354089681,18
3350,vgg19,939,0.4817677379651593,9
3351,densenet161,750,0.5067219862360387,5
3352,densenet121,550,0.6262433485833546,5
3353,vgg19,750,0.0863442753339673,3
3354,resnet18,750,0.9425112246169725,3
3355,vgg19,350,0.9884623593775808,15
3356,densenet121,939,0.4858756243316292,5
3357,efficientnetb2,550,1.0,3
3358,efficientnetb0,550,1.0,3
3359,densenet161,939,0.2831929044634787,5
3360,efficientnetb1,350,1.0,3
3361,resnet18,939,1.0,2
3362,efficientnetb1,750,1.0,3
3363,resnet18,550,1.0,2
3364,efficientnetb1,350,0.7181138626700144,4
3365,densenet121,939,0.4858756243316292,5
3366,efficientnetb0,939,1.0,3
3367,vgg19,350,0.9722792391750928,13
3368,vgg19,939,0.9322438807363724,13
3369,efficientnetb1,550,1.0,3
3370,vgg19,350,0.9722792391750928,13
3371,densenet121,750,0.6549577219091517,5
3372,resnet50,550,0.645703014729161,8
3373,efficientnetb0,750,1.0,3
3374,efficientnetb2,939,1.0,3
3375,resnet50,750,0.692684175445151,7
3376,resnet18,939,0.666846850715217,4
3377,densenet161,350,0.472733213293796,5
3378,efficientnetb2,939,1.0,3
3379,vgg19,350,0.9884623593775808,15
3380,vgg19,750,0.1063831635744575,4
3381,resnet18,350,0.9463184463728672,2
3382,densenet161,350,0.472733213293796,5
3383,efficientnetb0,750,0.6483214388113725,4
3384,resnet18,350,1.0,3
3385,resnet18,350,1.0,3
3386,efficientnetb2,550,1.0,3
3387,densenet121,550,0.6262433485833546,5
3388,vgg19,550,0.93699417819052,14
3389,efficientnetb0,550,1.0,3
3390,vgg19,350,0.9884623593775808,15
3391,densenet121,550,0.6262433485833546,5
3392,vgg19,350,0.9722792391750928,13
3393,resnet18,939,1.0,2
3394,resnet18,939,0.9772814215247084,3
3395,vgg19,350,0.9722792391750928,13
3396,densenet121,350,0.6263678162488967,5
3397,densenet121,550,0.6262433485833546,5
3398,efficientnetb2,750,1.0,3
3399,efficientnetb2,939,1.0,3
3400,resnet18,350,1.0,3
3401,efficientnetb2,939,1.0,3
3402,efficientnetb1,750,1.0,3
3403,densenet121,350,0.6263678162488967,5
3404,densenet121,350,0.6263678162488967,5
3405,densenet121,939,0.4858756243316292,5
3406,resnet18,350,0.9463184463728672,2
3407,densenet161,939,0.2831929044634787,5
3408,densenet121,550,0.6262433485833546,5
3409,densenet161,350,0.0195835026890192,2
3410,efficientnetb0,939,1.0,3
3411,resnet50,939,1.0,6
3412,vgg19,550,0.93699417819052,14
3413,efficientnetb2,939,1.0,3
3414,vgg19,550,1.0,15
3415,efficientnetb1,939,1.0,3
3416,resnet18,550,0.9649971314956884,3
3417,efficientnetb0,550,1.0,3
3418,densenet121,350,1.0,6
3419,resnet50,550,1.0,6
3420,densenet161,550,0.5735576563250782,5
3421,efficientnetb2,750,1.0,3
3422,efficientnetb2,350,1.0,3
3423,vgg19,939,0.958551617010162,14
3424,efficientnetb1,350,1.0,3
3425,densenet121,939,0.0,1
3426,resnet50,939,0.8017819857800019,7
3427,densenet121,350,0.6263678162488967,5
3428,densenet161,550,0.5735576563250782,5
3429,efficientnetb1,550,1.0,3
3430,efficientnetb2,350,1.0,3
3431,vgg19,550,0.527063884872579,9
3432,densenet161,550,0.5735576563250782,5
3433,densenet121,750,0.0279532973407523,2
3434,vgg19,939,0.053642035656265,3
3435,vgg19,939,0.9938700985656802,16
3436,densenet121,750,0.6549577219091517,5
3437,efficientnetb2,350,1.0,3
3438,densenet121,750,0.6549577219091517,5
3439,efficientnetb0,350,1.0,3
3440,vgg19,550,0.7412152580816892,11
3441,densenet121,939,0.4858756243316292,5
3442,resnet18,939,0.9772814215247084,3
3443,efficientnetb2,939,1.0,3
3444,resnet18,550,0.9649971314956884,3
3445,densenet121,750,0.6549577219091517,5
3446,resnet18,550,1.0,2
3447,densenet121,350,0.6263678162488967,5
3448,vgg19,350,0.9884623593775808,15
3449,resnet50,750,0.692684175445151,7
3450,densenet121,350,0.6263678162488967,5
3451,vgg19,550,0.9153142027929496,13
3452,vgg19,350,0.7647138013706365,12
3453,efficientnetb2,550,1.0,3
3454,densenet121,550,0.6262433485833546,5
3455,densenet121,550,1.0,6
3456,resnet50,750,0.3344894405367239,2
3457,efficientnetb0,939,1.0,3
3458,efficientnetb2,750,1.0,3
3459,efficientnetb2,350,0.65175093664593,4
3460,densenet161,750,1.0,7
3461,efficientnetb0,550,1.0,3
3462,efficientnetb0,750,1.0,3
3463,efficientnetb1,939,0.7039994792384792,4
3464,resnet50,350,0.8169515861153699,7
3465,resnet50,939,0.8017819857800019,7
3466,efficientnetb1,350,1.0,3
3467,vgg19,350,0.9722792391750928,13
3468,efficientnetb2,750,0.6313792880026403,4
3469,resnet50,750,0.5189759550817877,8
3470,efficientnetb1,750,1.0,3
3471,densenet161,939,1.0,6
3472,efficientnetb2,750,0.6313792880026403,4
3473,densenet121,350,1.0,6
3474,efficientnetb1,750,1.0,3
3475,efficientnetb1,550,1.0,3
3476,efficientnetb0,350,1.0,3
3477,densenet121,939,0.4858756243316292,5
3478,densenet161,939,1.0,6
3479,efficientnetb2,550,1.0,3
3480,densenet121,350,0.6263678162488967,5
3481,densenet121,750,0.6549577219091517,5
3482,efficientnetb0,939,1.0,3
3483,vgg19,750,0.3954673323042385,5
3484,efficientnetb0,550,1.0,3
3485,efficientnetb0,750,1.0,3
3486,resnet50,939,0.6400205520491736,8
3487,efficientnetb1,750,1.0,3
3488,efficientnetb2,550,1.0,3
3489,vgg19,350,0.9884623593775808,15
3490,efficientnetb0,350,1.0,3
3491,resnet50,350,1.0,6
3492,resnet18,550,0.9649971314956884,3
3493,vgg19,350,0.9722792391750928,13
3494,resnet18,939,1.0,2
3495,efficientnetb0,350,1.0,3
3496,efficientnetb1,550,1.0,3
3497,resnet18,550,1.0,2
3498,resnet18,550,0.9649971314956884,3
3499,densenet121,750,0.6549577219091517,5
3500,efficientnetb2,750,1.0,3
3501,efficientnetb1,550,1.0,3
3502,efficientnetb1,939,1.0,3
3503,resnet50,939,0.8017819857800019,7
3504,resnet18,550,1.0,2
3505,efficientnetb0,750,1.0,3
3506,resnet18,939,1.0,2
3507,efficientnetb0,550,1.0,3
3508,efficientnetb0,939,0.6801221238861833,4
3509,efficientnetb1,939,1.0,3
3510,resnet50,939,1.0,6
3511,efficientnetb1,750,1.0,3
3512,densenet161,750,0.5067219862360387,5
3513,densenet161,939,0.2831929044634787,5
3514,densenet121,750,0.6549577219091517,5
3515,densenet121,750,0.6549577219091517,5
3516,densenet161,550,0.5735576563250782,5
3517,resnet18,550,0.9649971314956884,3
3518,efficientnetb2,939,1.0,3
3519,vgg19,350,0.9722792391750928,13
3520,densenet161,550,0.5735576563250782,5
3521,densenet161,939,0.2831929044634787,5
3522,densenet121,350,0.6263678162488967,5
3523,densenet121,750,0.6549577219091517,5
3524,resnet18,750,1.0,2
3525,resnet50,939,1.0,6
3526,efficientnetb0,550,1.0,3
3527,densenet161,939,0.2831929044634787,5
3528,resnet18,939,0.9772814215247084,3
3529,vgg19,939,0.9322438807363724,13
3530,resnet18,350,0.9463184463728672,2
3531,efficientnetb1,939,1.0,3
3532,resnet50,750,0.692684175445151,7
3533,efficientnetb2,550,1.0,3
3534,densenet161,550,0.5735576563250782,5
3535,densenet121,350,0.6263678162488967,5
3536,efficientnetb1,350,1.0,3
3537,vgg19,350,0.9884623593775808,15
3538,resnet50,550,0.8215124558966982,7
3539,efficientnetb1,350,1.0,3
3540,densenet121,750,0.6549577219091517,5
3541,efficientnetb0,350,0.7221681243288518,4
3542,resnet18,350,0.9463184463728672,2
3543,densenet121,550,0.6262433485833546,5
3544,resnet18,750,0.9425112246169725,3
3545,resnet50,750,0.8540914514899219,6
3546,densenet121,750,0.6549577219091517,5
3547,densenet161,350,0.7705044620574577,6
3548,vgg19,350,0.9654136477619172,14
3549,resnet18,350,0.9463184463728672,2
3550,efficientnetb0,550,1.0,3
3551,resnet50,350,0.0948151869136176,2
3552,resnet50,350,0.4097205423764233,4
3553,densenet161,550,0.5735576563250782,5
3554,resnet18,550,0.9649971314956884,3
3555,vgg19,350,0.9654136477619172,14
3556,vgg19,939,0.9322438807363724,13
3557,resnet50,550,0.8501913432605966,5
3558,densenet121,939,0.4858756243316292,5
3559,efficientnetb1,750,1.0,3
3560,resnet18,550,1.0,2
3561,resnet18,350,0.9463184463728672,2
3562,efficientnetb2,750,0.0,1
3563,densenet121,550,0.6262433485833546,5
3564,vgg19,750,0.9636492577949504,13
3565,efficientnetb0,550,1.0,3
3566,efficientnetb2,750,0.2988059577556946,6
3567,vgg19,550,0.9153142027929496,13
3568,resnet18,750,0.9425112246169725,3
3569,resnet50,550,1.0,6
3570,densenet161,550,0.5735576563250782,5
3571,vgg19,550,0.9153142027929496,13
3572,vgg19,939,0.4817677379651593,9
3573,vgg19,550,0.9153142027929496,13
3574,densenet161,350,0.472733213293796,5
3575,densenet121,939,0.4858756243316292,5
3576,resnet50,750,0.8540914514899219,6
3577,densenet161,550,0.5735576563250782,5
3578,densenet161,550,0.1068700282907242,4
3579,resnet50,550,0.8501913432605966,5
3580,resnet50,750,0.8540914514899219,6
3581,resnet18,939,1.0,2
3582,resnet18,350,0.9463184463728672,2
3583,resnet18,750,1.0,2
3584,densenet121,550,0.6262433485833546,5
3585,efficientnetb1,750,1.0,3
3586,resnet18,939,1.0,2
3587,densenet121,750,0.6549577219091517,5
3588,efficientnetb0,350,1.0,3
3589,efficientnetb0,550,1.0,3
3590,resnet50,350,1.0,6
3591,densenet161,939,0.2831929044634787,5
3592,efficientnetb2,350,1.0,3
3593,resnet18,350,0.9463184463728672,2
3594,densenet121,750,0.6549577219091517,5
3595,densenet161,939,0.2831929044634787,5
3596,efficientnetb2,750,1.0,3
3597,efficientnetb1,550,1.0,3
3598,resnet50,350,1.0,6
3599,vgg19,350,0.9654136477619172,14
3600,densenet161,939,0.0,2
3601,densenet161,550,0.5735576563250782,5
3602,densenet121,550,0.6262433485833546,5
3603,densenet121,350,0.6263678162488967,5
3604,efficientnetb0,550,1.0,3
3605,efficientnetb1,939,1.0,3
3606,resnet50,750,0.8540914514899219,6
3607,vgg19,939,0.9938700985656802,16
3608,efficientnetb2,350,1.0,3
3609,efficientnetb2,350,1.0,3
3610,efficientnetb2,350,1.0,3
3611,efficientnetb2,750,1.0,3
3612,densenet161,750,0.5067219862360387,5
3613,efficientnetb1,350,1.0,3
3614,resnet18,750,1.0,2
3615,efficientnetb0,350,1.0,3
3616,densenet121,750,0.6549577219091517,5
3617,efficientnetb2,350,1.0,3
3618,densenet161,350,0.7705044620574577,6
3619,densenet121,750,0.6549577219091517,5
3620,resnet18,750,1.0,2
3621,efficientnetb0,550,0.7484594574197447,4
3622,efficientnetb2,550,1.0,3
3623,resnet50,750,0.8540914514899219,6
3624,efficientnetb1,350,1.0,3
3625,vgg19,750,0.349757663747874,6
3626,efficientnetb1,350,1.0,3
3627,efficientnetb0,550,1.0,3
3628,vgg19,939,0.4817677379651593,9
3629,vgg19,550,0.9153142027929496,13
3630,efficientnetb0,939,0.5462134982716761,5
3631,efficientnetb2,350,1.0,3
3632,densenet121,750,0.6549577219091517,5
3633,densenet161,939,0.2831929044634787,5
3634,densenet161,939,0.2831929044634787,5
3635,resnet50,939,0.1412757250508847,2
3636,vgg19,550,1.0,15
3637,efficientnetb0,550,1.0,3
3638,resnet18,939,0.9772814215247084,3
3639,vgg19,350,0.9722792391750928,13
3640,efficientnetb2,350,0.1727158782926704,2
3641,densenet121,939,1.0,6
3642,efficientnetb0,750,1.0,3
3643,efficientnetb2,939,1.0,3
3644,resnet50,939,1.0,6
3645,efficientnetb0,550,1.0,3
3646,vgg19,350,0.0,1
3647,resnet18,750,1.0,2
3648,densenet121,939,0.4858756243316292,5
3649,densenet161,550,0.5735576563250782,5
3650,densenet121,939,1.0,6
3651,resnet18,550,0.9649971314956884,3
3652,efficientnetb0,350,0.0,1
3653,vgg19,939,0.9322438807363724,13
3654,efficientnetb2,750,1.0,3
3655,efficientnetb1,550,0.0,1
3656,vgg19,550,0.7412152580816892,11
3657,vgg19,350,0.9884623593775808,15
3658,densenet121,350,0.6263678162488967,5
3659,densenet121,939,0.4858756243316292,5
3660,efficientnetb0,350,1.0,3
3661,efficientnetb2,939,1.0,3
3662,resnet50,550,1.0,6
3663,resnet18,350,0.9463184463728672,2
3664,efficientnetb1,350,1.0,3
3665,densenet161,939,0.0018556587877228,3
3666,efficientnetb0,350,1.0,3
3667,efficientnetb2,750,1.0,3
3668,densenet161,550,0.5735576563250782,5
3669,resnet50,750,0.8540914514899219,6
3670,vgg19,750,0.9636492577949504,13
3671,efficientnetb0,350,0.7221681243288518,4
3672,vgg19,350,0.9722792391750928,13
3673,efficientnetb1,939,1.0,3
3674,vgg19,939,1.0,15
3675,efficientnetb0,750,1.0,3
3676,efficientnetb2,350,1.0,3
3677,efficientnetb0,350,1.0,3
3678,vgg19,350,0.9654136477619172,14
3679,resnet50,350,0.8830285561177872,5
3680,efficientnetb2,550,0.7219694682129152,4
3681,resnet50,350,1.0,6
3682,efficientnetb0,939,1.0,3
3683,efficientnetb0,350,1.0,3
3684,densenet161,750,0.5067219862360387,5
3685,resnet18,939,1.0,2
3686,efficientnetb2,750,1.0,3
3687,efficientnetb2,939,1.0,3
3688,efficientnetb1,750,1.0,3
3689,efficientnetb2,750,1.0,3
3690,efficientnetb2,750,1.0,3
3691,resnet50,939,1.0,6
3692,densenet121,550,0.6262433485833546,5
3693,resnet18,550,1.0,2
3694,vgg19,350,0.9884623593775808,15
3695,efficientnetb2,750,1.0,3
3696,efficientnetb0,939,1.0,3
3697,densenet161,550,0.5735576563250782,5
3698,vgg19,750,0.9636492577949504,13
3699,efficientnetb2,939,1.0,3
3700,efficientnetb0,750,1.0,3
3701,efficientnetb2,350,1.0,3
3702,densenet161,750,0.5067219862360387,5
3703,densenet121,750,0.6549577219091517,5
3704,densenet121,350,0.6263678162488967,5
3705,vgg19,939,0.9322438807363724,13
3706,efficientnetb0,939,1.0,3
3707,resnet18,939,1.0,2
3708,efficientnetb2,750,1.0,3
3709,densenet121,350,1.0,6
3710,efficientnetb0,550,1.0,3
3711,efficientnetb1,550,1.0,3
3712,efficientnetb0,750,0.6483214388113725,4
3713,resnet50,350,0.8830285561177872,5
3714,efficientnetb0,750,1.0,3
3715,vgg19,939,0.9322438807363724,13
3716,densenet121,939,0.4858756243316292,5
3717,resnet18,350,0.9463184463728672,2
3718,efficientnetb0,550,1.0,3
3719,vgg19,550,0.7412152580816892,11
3720,vgg19,550,0.9153142027929496,13
3721,efficientnetb0,350,0.0,1
3722,resnet50,350,1.0,6
3723,efficientnetb2,750,0.6313792880026403,4
3724,resnet18,750,1.0,2
3725,efficientnetb1,550,1.0,3
3726,densenet161,939,0.2831929044634787,5
3727,efficientnetb0,939,0.6801221238861833,4
3728,densenet121,750,0.6549577219091517,5
3729,resnet50,350,0.8830285561177872,5
3730,resnet18,350,0.9463184463728672,2
3731,resnet18,750,1.0,2
3732,efficientnetb1,550,1.0,3
3733,efficientnetb2,939,0.6509085704414946,4
3734,resnet18,750,1.0,2
3735,resnet50,550,0.8215124558966982,7
3736,efficientnetb2,550,1.0,3
3737,densenet161,550,0.5735576563250782,5
3738,vgg19,750,0.9783359431256168,14
3739,efficientnetb0,939,1.0,3
3740,efficientnetb0,350,1.0,3
3741,efficientnetb2,939,1.0,3
3742,densenet161,550,0.5735576563250782,5
3743,efficientnetb0,350,1.0,3
3744,resnet50,350,0.8830285561177872,5
3745,resnet18,750,1.0,2
3746,resnet50,939,0.8017819857800019,7
3747,vgg19,939,0.958551617010162,14
3748,densenet161,550,0.8307012363387156,6
3749,efficientnetb1,550,1.0,3
3750,densenet161,750,0.5067219862360387,5
3751,densenet161,350,1.0,8
3752,efficientnetb2,550,1.0,3
3753,efficientnetb2,350,1.0,3
3754,efficientnetb1,550,1.0,3
3755,efficientnetb2,550,1.0,3
3756,efficientnetb1,550,1.0,3
3757,resnet50,939,1.0,6
3758,vgg19,939,0.9322438807363724,13
3759,resnet50,939,0.481243768988981,4
3760,efficientnetb1,550,1.0,3
3761,efficientnetb1,939,1.0,3
3762,vgg19,550,0.93699417819052,14
3763,efficientnetb0,550,1.0,3
3764,efficientnetb1,350,1.0,3
3765,efficientnetb0,750,1.0,3
3766,efficientnetb2,550,1.0,3
3767,densenet121,550,0.6262433485833546,5
3768,densenet161,350,0.472733213293796,5
3769,resnet18,350,0.9463184463728672,2
3770,efficientnetb0,939,1.0,3
3771,densenet161,939,0.2831929044634787,5
3772,resnet50,939,1.0,6
3773,efficientnetb0,939,1.0,3
3774,resnet18,939,1.0,2
3775,efficientnetb0,939,1.0,3
3776,vgg19,750,0.9636492577949504,13
3777,densenet121,750,1.0,6
3778,efficientnetb2,939,1.0,3
3779,efficientnetb0,550,1.0,3
3780,resnet18,350,0.9463184463728672,2
3781,resnet50,350,1.0,6
3782,efficientnetb2,750,1.0,3
3783,efficientnetb2,350,1.0,3
3784,efficientnetb0,350,1.0,3
3785,vgg19,350,0.9722792391750928,13
3786,efficientnetb2,550,1.0,3
3787,densenet121,939,0.4858756243316292,5
3788,efficientnetb2,750,0.1857252749278613,2
3789,resnet18,550,0.9649971314956884,3
3790,densenet121,939,1.0,6
3791,densenet161,350,0.472733213293796,5
3792,resnet50,939,1.0,6
3793,densenet121,550,0.6262433485833546,5
3794,densenet121,939,0.4858756243316292,5
3795,efficientnetb2,750,1.0,3
3796,efficientnetb0,550,1.0,3
3797,densenet121,939,0.4858756243316292,5
3798,resnet18,550,0.9649971314956884,3
3799,resnet18,350,0.9463184463728672,2
3800,vgg19,350,0.9884623593775808,15
3801,resnet50,350,1.0,6
3802,efficientnetb2,939,1.0,3
3803,efficientnetb1,750,1.0,3
3804,densenet121,750,0.6549577219091517,5
3805,densenet161,939,0.2831929044634787,5
3806,efficientnetb1,350,1.0,3
3807,densenet161,939,0.2831929044634787,5
3808,densenet121,939,0.4858756243316292,5
3809,densenet161,350,0.7705044620574577,6
3810,efficientnetb1,939,1.0,3
3811,efficientnetb1,350,1.0,3
3812,efficientnetb0,350,1.0,3
3813,efficientnetb0,750,0.4450311925360435,5
3814,resnet18,350,0.9463184463728672,2
3815,efficientnetb1,750,1.0,3
3816,efficientnetb2,750,0.6313792880026403,4
3817,resnet18,939,1.0,2
3818,vgg19,350,0.9722792391750928,13
3819,efficientnetb2,939,1.0,3
3820,resnet18,939,1.0,2
3821,densenet161,750,0.5067219862360387,5
3822,efficientnetb1,350,1.0,3
3823,vgg19,939,0.3786480345124817,5
3824,efficientnetb0,939,1.0,3
3825,densenet161,750,0.5067219862360387,5
3826,densenet121,350,0.6263678162488967,5
3827,resnet18,550,0.5341577662577371,1
3828,efficientnetb2,939,1.0,3
3829,resnet50,939,0.8017819857800019,7
3830,efficientnetb1,350,1.0,3
3831,resnet50,550,1.0,6
3832,resnet50,550,0.4611472962789475,4
3833,resnet18,750,1.0,2
3834,densenet121,939,0.4858756243316292,5
3835,efficientnetb1,350,1.0,3
3836,efficientnetb0,750,1.0,3
3837,densenet121,550,0.6262433485833546,5
3838,efficientnetb0,939,1.0,3
3839,vgg19,550,0.9153142027929496,13
3840,efficientnetb0,550,0.7484594574197447,4
3841,vgg19,350,0.9722792391750928,13
3842,densenet121,939,0.4858756243316292,5
3843,densenet161,750,0.5067219862360387,5
3844,efficientnetb2,550,1.0,3
3845,resnet18,350,1.0,3
3846,resnet18,350,1.0,3
3847,densenet121,350,0.6263678162488967,5
3848,resnet50,750,0.8540914514899219,6
3849,vgg19,750,0.9636492577949504,13
3850,densenet161,750,0.0193762853485244,2
3851,vgg19,350,0.9654136477619172,14
3852,efficientnetb0,939,1.0,3
3853,efficientnetb2,550,0.4196653103687508,5
3854,efficientnetb0,550,1.0,3
3855,resnet18,750,1.0,2
3856,resnet18,350,0.9463184463728672,2
3857,efficientnetb2,750,1.0,3
3858,densenet121,750,1.0,6
3859,densenet161,550,0.5735576563250782,5
3860,efficientnetb1,750,1.0,3
3861,densenet121,939,0.4858756243316292,5
3862,efficientnetb1,939,1.0,3
3863,efficientnetb0,750,0.6483214388113725,4
3864,efficientnetb1,939,0.7039994792384792,4
3865,resnet18,350,1.0,3
3866,efficientnetb0,939,1.0,3
3867,efficientnetb2,350,1.0,3
3868,efficientnetb2,350,0.65175093664593,4
3869,densenet121,750,0.6549577219091517,5
3870,densenet161,939,0.2831929044634787,5
3871,vgg19,350,0.9884623593775808,15
3872,efficientnetb2,939,0.4515770715118704,5
3873,efficientnetb1,939,1.0,3
3874,efficientnetb0,750,0.0,1
3875,densenet161,350,0.7705044620574577,6
3876,resnet18,350,1.0,3
3877,densenet121,750,0.6549577219091517,5
3878,efficientnetb1,550,1.0,3
3879,efficientnetb1,350,1.0,3
3880,resnet50,550,1.0,6
3881,efficientnetb1,939,1.0,3
3882,resnet50,350,1.0,6
3883,resnet18,750,1.0,2
3884,efficientnetb2,350,1.0,3
3885,resnet50,350,1.0,6
3886,efficientnetb1,350,0.7181138626700144,4
3887,resnet18,350,1.0,3
3888,efficientnetb0,750,1.0,3
3889,efficientnetb0,550,0.5319033905566624,5
3890,densenet121,750,0.6549577219091517,5
3891,efficientnetb0,550,1.0,3
3892,densenet161,750,0.5067219862360387,5
3893,resnet18,939,0.9772814215247084,3
3894,efficientnetb0,550,1.0,3
3895,resnet50,939,1.0,6
3896,efficientnetb0,939,1.0,3
3897,resnet50,939,1.0,6
3898,efficientnetb1,550,1.0,3
3899,vgg19,939,0.9938700985656802,16
3900,efficientnetb1,750,0.0,1
3901,densenet161,350,0.472733213293796,5
3902,efficientnetb2,939,1.0,3
3903,resnet50,350,1.0,6
3904,densenet121,750,0.6549577219091517,5
3905,resnet18,550,1.0,2
3906,efficientnetb2,550,1.0,3
3907,resnet18,550,1.0,2
3908,densenet121,550,1.0,6
3909,densenet161,750,0.7754817419817108,6
3910,efficientnetb0,939,1.0,3
3911,densenet161,550,0.5735576563250782,5
3912,efficientnetb0,350,1.0,3
3913,densenet121,550,0.6262433485833546,5
3914,vgg19,750,0.9936879963126718,15
3915,densenet121,750,0.6549577219091517,5
3916,efficientnetb2,350,1.0,3
3917,vgg19,550,0.93432282209291,16
3918,densenet121,550,0.6262433485833546,5
3919,vgg19,550,0.9153142027929496,13
3920,efficientnetb0,550,1.0,3
3921,efficientnetb0,550,1.0,3
3922,efficientnetb0,750,1.0,3
3923,efficientnetb1,550,1.0,3
3924,resnet18,550,0.9649971314956884,3
3925,densenet161,550,0.5735576563250782,5
3926,efficientnetb0,750,1.0,3
3927,efficientnetb2,350,1.0,3
3928,efficientnetb1,550,1.0,3
3929,vgg19,750,0.5392519021115965,9
3930,densenet161,550,0.5735576563250782,5
3931,resnet18,939,0.666846850715217,4
3932,efficientnetb0,939,1.0,3
3933,efficientnetb2,350,0.65175093664593,4
3934,efficientnetb2,939,0.6509085704414946,4
3935,densenet161,550,0.5735576563250782,5
3936,resnet18,350,0.9463184463728672,2
3937,vgg19,750,0.9936879963126718,15
3938,densenet161,350,0.472733213293796,5
3939,vgg19,939,0.4817677379651593,9
3940,densenet161,350,0.472733213293796,5
3941,efficientnetb2,350,1.0,3
3942,efficientnetb0,750,1.0,3
3943,resnet50,939,1.0,6
3944,densenet161,350,0.472733213293796,5
3945,efficientnetb2,550,1.0,3
3946,resnet50,550,0.8215124558966982,7
3947,densenet161,350,0.7705044620574577,6
3948,densenet121,750,0.0983602208090902,4
3949,resnet50,350,0.8169515861153699,7
3950,densenet161,750,1.0,7
3951,efficientnetb0,550,1.0,3
3952,efficientnetb2,550,1.0,3
3953,efficientnetb1,750,1.0,3
3954,efficientnetb2,550,1.0,3
3955,efficientnetb2,939,0.6509085704414946,4
3956,densenet161,939,0.2831929044634787,5
3957,densenet121,350,0.6263678162488967,5
3958,resnet18,350,1.0,3
3959,densenet121,939,0.4858756243316292,5
3960,resnet18,550,1.0,2
3961,efficientnetb2,939,0.6509085704414946,4
3962,resnet18,939,0.9772814215247084,3
3963,efficientnetb2,939,1.0,3
3964,efficientnetb2,550,1.0,3
3965,vgg19,550,0.93432282209291,16
3966,vgg19,550,0.93699417819052,14
3967,resnet18,550,1.0,2
3968,efficientnetb1,550,1.0,3
3969,resnet50,939,1.0,6
3970,densenet121,350,0.6263678162488967,5
3971,efficientnetb2,550,0.7219694682129152,4
3972,densenet121,939,0.4858756243316292,5
3973,resnet18,350,0.6798528330010116,4
3974,vgg19,750,0.9636492577949504,13
3975,resnet18,750,1.0,2
3976,densenet161,750,0.5067219862360387,5
3977,densenet121,939,0.4858756243316292,5
3978,densenet161,939,0.2831929044634787,5
3979,resnet50,939,1.0,6
3980,efficientnetb0,350,1.0,3
3981,efficientnetb2,939,1.0,3
3982,efficientnetb0,750,1.0,3
3983,densenet161,350,0.472733213293796,5
3984,vgg19,750,0.9783359431256168,14
3985,efficientnetb0,939,0.6801221238861833,4
3986,densenet161,350,0.472733213293796,5
3987,densenet161,350,0.472733213293796,5
3988,efficientnetb1,350,1.0,3
3989,vgg19,939,0.0,2
3990,densenet121,750,0.0357436179754728,3
3991,densenet121,550,0.6262433485833546,5
3992,vgg19,750,0.9936879963126718,15
3993,efficientnetb2,550,0.7219694682129152,4
3994,efficientnetb2,939,1.0,3
3995,efficientnetb0,939,1.0,3
3996,resnet18,350,1.0,3
3997,resnet50,750,0.8540914514899219,6
3998,resnet50,750,0.8540914514899219,6
3999,densenet121,350,0.6263678162488967,5
4000,densenet161,750,0.5067219862360387,5
4001,resnet18,939,0.9772814215247084,3
4002,efficientnetb1,939,1.0,3
4003,resnet50,939,0.6400205520491736,8
4004,efficientnetb1,350,1.0,3
4005,resnet50,550,0.8501913432605966,5
4006,resnet18,550,1.0,2
4007,efficientnetb0,750,1.0,3
4008,efficientnetb1,750,1.0,3
4009,resnet18,350,0.9463184463728672,2
4010,vgg19,750,1.0,16
4011,vgg19,350,0.9884623593775808,15
4012,densenet161,750,0.5067219862360387,5
4013,resnet50,939,1.0,6
4014,densenet161,350,0.472733213293796,5
4015,resnet50,350,0.4097205423764233,4
4016,resnet50,350,0.8169515861153699,7
4017,densenet121,350,0.6263678162488967,5
4018,resnet18,350,0.9463184463728672,2
4019,efficientnetb0,939,1.0,3
4020,densenet161,550,0.5735576563250782,5
4021,vgg19,939,0.9938700985656802,16
4022,efficientnetb2,550,1.0,3
4023,efficientnetb1,350,1.0,3
4024,resnet50,939,0.6400205520491736,8
4025,densenet121,350,0.6263678162488967,5
4026,efficientnetb0,750,1.0,3
4027,vgg19,350,0.9884623593775808,15
4028,efficientnetb2,939,1.0,3
4029,resnet18,550,1.0,2
4030,efficientnetb1,750,1.0,3
4031,efficientnetb2,350,1.0,3
4032,efficientnetb2,750,1.0,3
4033,vgg19,550,0.93432282209291,16
4034,efficientnetb1,350,1.0,3
4035,resnet50,750,0.692684175445151,7
4036,efficientnetb0,350,1.0,3
4037,efficientnetb2,550,1.0,3
4038,resnet18,550,1.0,2
4039,vgg19,750,0.9936879963126718,15
4040,vgg19,550,0.93432282209291,16
4041,vgg19,939,0.3144631067328258,6
4042,densenet121,550,0.6262433485833546,5
4043,efficientnetb1,550,1.0,3
4044,densenet161,939,0.2831929044634787,5
4045,resnet18,939,1.0,2
4046,vgg19,350,0.9884623593775808,15
4047,densenet161,350,0.7705044620574577,6
4048,resnet18,350,0.5934360820487711,1
4049,efficientnetb0,750,0.6483214388113725,4
4050,densenet161,350,0.472733213293796,5
4051,efficientnetb0,750,1.0,3
4052,resnet18,550,1.0,2
4053,efficientnetb1,750,1.0,3
4054,densenet121,939,0.4858756243316292,5
4055,efficientnetb1,350,0.5010852886204035,5
4056,resnet18,939,1.0,2
4057,efficientnetb1,939,1.0,3
4058,efficientnetb1,350,1.0,3
4059,densenet121,750,0.6549577219091517,5
4060,resnet50,939,1.0,6
4061,efficientnetb0,939,0.6801221238861833,4
4062,densenet161,550,0.5735576563250782,5
4063,resnet18,550,1.0,2
4064,resnet18,939,1.0,2
4065,efficientnetb0,350,1.0,3
4066,densenet161,939,1.0,6
4067,efficientnetb0,350,0.7221681243288518,4
4068,efficientnetb1,350,1.0,3
4069,densenet161,550,0.5735576563250782,5
4070,efficientnetb1,350,1.0,3
4071,efficientnetb0,750,1.0,3
4072,resnet18,350,0.9463184463728672,2
4073,resnet50,350,0.8169515861153699,7
4074,vgg19,550,1.0,15
4075,efficientnetb1,550,1.0,3
4076,efficientnetb2,750,0.6313792880026403,4
4077,densenet161,750,0.5067219862360387,5
4078,resnet18,750,1.0,2
4079,densenet121,750,0.0,1
4080,densenet161,350,0.9422217589427628,7
4081,efficientnetb0,939,1.0,3
4082,efficientnetb1,550,1.0,3
4083,efficientnetb1,750,1.0,3
4084,vgg19,939,0.7038804657074393,11
4085,efficientnetb2,350,1.0,3
4086,resnet50,550,1.0,6
4087,vgg19,750,0.9936879963126718,15
4088,densenet161,350,0.472733213293796,5
4089,vgg19,550,0.9153142027929496,13
4090,efficientnetb2,350,1.0,3
4091,efficientnetb2,350,1.0,3
4092,resnet18,939,1.0,2
4093,efficientnetb1,939,1.0,3
4094,densenet161,350,0.472733213293796,5
4095,efficientnetb2,550,1.0,3
4096,efficientnetb2,350,1.0,3
4097,densenet161,550,0.5735576563250782,5
4098,efficientnetb2,550,1.0,3
4099,densenet121,550,0.6262433485833546,5
4100,vgg19,750,1.0,16
4101,efficientnetb1,550,1.0,3
4102,efficientnetb2,550,1.0,3
4103,resnet18,350,1.0,3
4104,resnet50,350,1.0,6
4105,resnet50,550,1.0,6
4106,resnet18,939,1.0,2
4107,resnet50,939,1.0,6
4108,efficientnetb0,550,1.0,3
4109,densenet121,550,0.6262433485833546,5
4110,vgg19,350,0.9722792391750928,13
4111,efficientnetb1,550,1.0,3
4112,resnet50,939,0.3012988939538109,3
4113,vgg19,750,0.7555996769548718,17
4114,efficientnetb2,550,1.0,3
4115,densenet161,939,0.2831929044634787,5
4116,resnet50,750,0.692684175445151,7
4117,vgg19,750,0.9936879963126718,15
4118,resnet18,550,1.0,2
4119,resnet18,350,0.9463184463728672,2
4120,resnet18,750,1.0,2
4121,vgg19,350,0.9884623593775808,15
4122,efficientnetb2,939,1.0,3
4123,densenet121,350,0.6263678162488967,5
4124,resnet18,750,0.9425112246169725,3
4125,efficientnetb2,750,1.0,3
4126,resnet50,750,0.8540914514899219,6
4127,efficientnetb1,550,1.0,3
4128,densenet161,550,0.5735576563250782,5
4129,densenet121,939,0.4858756243316292,5
4130,efficientnetb0,939,1.0,3
4131,efficientnetb2,550,1.0,3
4132,densenet161,939,0.2831929044634787,5
4133,vgg19,550,0.93432282209291,16
4134,densenet161,939,1.0,6
4135,vgg19,550,0.93699417819052,14
4136,efficientnetb1,550,1.0,3
4137,efficientnetb0,550,1.0,3
4138,resnet50,939,1.0,6
4139,resnet18,550,1.0,2
4140,densenet121,350,0.6263678162488967,5
4141,efficientnetb2,750,1.0,3
4142,resnet18,750,1.0,2
4143,resnet50,350,0.2365622217411404,3
4144,efficientnetb0,750,1.0,3
4145,resnet18,939,1.0,2
4146,densenet121,550,0.6262433485833546,5
4147,efficientnetb0,550,1.0,3
4148,densenet161,750,0.0193762853485244,2
4149,efficientnetb1,750,1.0,3
4150,resnet18,550,0.9649971314956884,3
4151,resnet50,550,1.0,6
4152,vgg19,750,0.9783359431256168,14
4153,vgg19,550,1.0,15
4154,resnet50,939,1.0,6
4155,efficientnetb0,550,0.0,1
4156,vgg19,750,0.9636492577949504,13
4157,vgg19,550,1.0,15
4158,densenet121,550,0.6262433485833546,5
4159,efficientnetb1,939,1.0,3
4160,densenet121,550,0.6262433485833546,5
4161,densenet161,350,0.472733213293796,5
4162,resnet50,350,0.8169515861153699,7
4163,vgg19,550,0.4939105417814899,8
4164,efficientnetb0,750,0.6483214388113725,4
4165,resnet50,350,1.0,6
4166,resnet18,350,1.0,3
4167,resnet50,350,1.0,6
4168,densenet121,939,0.4858756243316292,5
4169,resnet50,750,0.8540914514899219,6
4170,vgg19,550,0.93699417819052,14
4171,efficientnetb1,939,1.0,3
4172,resnet50,350,1.0,6
4173,densenet161,550,0.5735576563250782,5
4174,efficientnetb0,750,1.0,3
4175,resnet18,550,1.0,2
4176,resnet50,750,0.8540914514899219,6
4177,resnet50,550,0.8215124558966982,7
4178,densenet121,939,0.4858756243316292,5
4179,densenet161,350,0.472733213293796,5
4180,resnet50,750,1.0,5
4181,densenet161,550,0.5735576563250782,5
4182,efficientnetb2,350,0.1727158782926704,2
4183,resnet18,550,0.9649971314956884,3
4184,efficientnetb0,939,1.0,3
4185,densenet161,550,0.0,1
4186,densenet121,750,0.6549577219091517,5
4187,vgg19,750,0.9936879963126718,15
4188,efficientnetb1,939,1.0,3
4189,efficientnetb2,350,1.0,3
4190,efficientnetb2,350,1.0,3
4191,resnet18,550,1.0,2
4192,densenet121,550,0.6262433485833546,5
4193,resnet50,350,0.8830285561177872,5
4194,densenet121,939,0.4858756243316292,5
4195,vgg19,750,0.9783359431256168,14
4196,efficientnetb2,550,1.0,3
4197,resnet50,550,0.8501913432605966,5
4198,densenet121,939,0.0166311998595305,3
4199,vgg19,750,0.9936879963126718,15
4200,densenet121,750,0.6549577219091517,5
4201,efficientnetb1,550,1.0,3
4202,efficientnetb1,350,1.0,3
4203,efficientnetb0,550,1.0,3
4204,resnet50,350,1.0,6
4205,resnet50,350,1.0,6
4206,densenet161,350,0.7705044620574577,6
4207,efficientnetb2,939,0.2064582521296088,2
4208,densenet121,550,0.6262433485833546,5
4209,vgg19,350,0.9722792391750928,13
4210,resnet18,550,1.0,2
4211,vgg19,939,0.9322438807363724,13
4212,densenet121,750,0.6549577219091517,5
4213,densenet121,550,0.6262433485833546,5
4214,resnet50,550,1.0,6
4215,efficientnetb2,550,1.0,3
4216,resnet50,550,1.0,6
4217,densenet161,550,0.5735576563250782,5
4218,vgg19,550,0.9153142027929496,13
4219,efficientnetb2,350,1.0,3
4220,resnet18,550,1.0,2
4221,resnet50,939,1.0,6
4222,efficientnetb0,750,1.0,3
4223,vgg19,550,0.9153142027929496,13
4224,efficientnetb0,939,0.6801221238861833,4
4225,resnet50,939,1.0,6
4226,efficientnetb2,350,1.0,3
4227,vgg19,939,0.9322438807363724,13
4228,vgg19,939,1.0,15
4229,vgg19,750,0.9636492577949504,13
4230,efficientnetb1,750,1.0,3
4231,efficientnetb2,550,1.0,3
4232,efficientnetb0,550,1.0,3
4233,resnet18,550,1.0,2
4234,resnet18,750,1.0,2
4235,resnet18,550,1.0,2
4236,efficientnetb2,550,1.0,3
4237,densenet121,550,1.0,6
4238,resnet18,939,0.9772814215247084,3
4239,densenet161,350,0.472733213293796,5
4240,resnet50,939,0.8248723661787692,5
4241,efficientnetb2,350,0.1727158782926704,2
4242,efficientnetb1,939,1.0,3
4243,efficientnetb2,750,0.6313792880026403,4
4244,efficientnetb0,550,1.0,3
4245,densenet121,939,0.4858756243316292,5
4246,efficientnetb1,350,1.0,3
4247,efficientnetb2,350,1.0,3
4248,densenet121,550,0.6262433485833546,5
4249,efficientnetb2,350,1.0,3
4250,densenet161,939,0.2831929044634787,5
4251,densenet121,350,0.6263678162488967,5
4252,densenet161,550,0.5735576563250782,5
4253,densenet161,750,0.5067219862360387,5
4254,resnet18,750,1.0,2
4255,efficientnetb1,750,0.7228690296773087,4
4256,resnet18,550,1.0,2
4257,efficientnetb0,750,1.0,3
4258,densenet121,350,0.6263678162488967,5
4259,vgg19,750,0.9636492577949504,13
4260,efficientnetb1,939,1.0,3
4261,efficientnetb0,750,1.0,3
4262,densenet121,750,0.6549577219091517,5
4263,efficientnetb1,939,0.7039994792384792,4
4264,resnet50,750,0.8540914514899219,6
4265,densenet161,939,0.2831929044634787,5
4266,resnet18,350,0.5934360820487711,1
4267,resnet18,750,1.0,2
4268,efficientnetb0,750,1.0,3
4269,efficientnetb0,550,0.7484594574197447,4
4270,densenet121,750,1.0,6
4271,efficientnetb2,350,1.0,3
4272,resnet18,550,1.0,2
4273,vgg19,350,0.9722792391750928,13
4274,efficientnetb0,939,0.6801221238861833,4
4275,resnet50,550,1.0,6
4276,densenet121,350,0.6263678162488967,5
4277,efficientnetb0,550,1.0,3
4278,densenet161,939,0.2831929044634787,5
4279,resnet18,550,1.0,2
4280,resnet18,350,0.9463184463728672,2
4281,resnet18,550,1.0,2
4282,densenet161,750,1.0,7
4283,efficientnetb2,550,1.0,3
4284,efficientnetb0,939,1.0,3
4285,resnet50,350,1.0,6
4286,efficientnetb1,750,1.0,3
4287,densenet161,350,0.472733213293796,5
4288,vgg19,550,0.9153142027929496,13
4289,vgg19,550,1.0,15
4290,resnet50,550,0.8501913432605966,5
4291,vgg19,550,0.93432282209291,16
4292,vgg19,939,0.0,2
4293,densenet121,550,0.6262433485833546,5
4294,efficientnetb2,550,1.0,3
4295,densenet161,939,1.0,6
4296,resnet18,939,0.9772814215247084,3
4297,efficientnetb2,350,1.0,3
4298,resnet50,750,0.8540914514899219,6
4299,vgg19,750,0.9783359431256168,14
4300,efficientnetb0,550,1.0,3
4301,densenet121,350,0.6263678162488967,5
4302,vgg19,939,1.0,15
4303,densenet121,350,0.6263678162488967,5
4304,efficientnetb0,939,1.0,3
4305,densenet161,350,0.472733213293796,5
4306,densenet121,550,0.6262433485833546,5
4307,densenet121,350,1.0,6
4308,efficientnetb0,350,1.0,3
4309,efficientnetb0,350,1.0,3
4310,densenet161,350,0.7705044620574577,6
4311,densenet161,939,0.2831929044634787,5
4312,densenet121,750,0.6549577219091517,5
4313,densenet121,350,0.6263678162488967,5
4314,efficientnetb1,750,1.0,3
4315,resnet18,350,0.9463184463728672,2
4316,efficientnetb0,750,1.0,3
4317,efficientnetb1,750,0.258386396623143,2
4318,densenet161,939,0.2831929044634787,5
4319,efficientnetb2,750,1.0,3
4320,densenet121,350,0.6263678162488967,5
4321,efficientnetb2,750,0.6313792880026403,4
4322,efficientnetb1,750,1.0,3
4323,efficientnetb1,939,1.0,3
4324,efficientnetb1,939,1.0,3
4325,densenet161,350,0.472733213293796,5
4326,efficientnetb1,750,1.0,3
4327,efficientnetb1,550,1.0,3
4328,resnet18,939,1.0,2
4329,resnet50,939,1.0,6
4330,efficientnetb2,350,1.0,3
4331,densenet161,750,1.0,7
4332,densenet161,550,0.5735576563250782,5
4333,resnet50,750,0.692684175445151,7
4334,densenet121,750,0.6549577219091517,5
4335,densenet121,350,0.6263678162488967,5
4336,resnet18,350,0.9463184463728672,2
4337,efficientnetb2,939,0.2064582521296088,2
4338,vgg19,550,1.0,15
4339,densenet161,550,0.5735576563250782,5
4340,densenet121,939,0.4858756243316292,5
4341,efficientnetb0,939,1.0,3
4342,densenet121,550,0.6262433485833546,5
4343,efficientnetb0,350,1.0,3
4344,densenet161,550,0.5735576563250782,5
4345,densenet161,939,0.2831929044634787,5
4346,resnet18,939,1.0,2
4347,resnet50,750,0.8540914514899219,6
4348,efficientnetb2,550,1.0,3
4349,efficientnetb0,550,1.0,3
4350,efficientnetb2,750,1.0,3
4351,vgg19,550,0.9153142027929496,13
4352,efficientnetb1,939,1.0,3
4353,efficientnetb1,750,1.0,3
4354,efficientnetb2,750,1.0,3
4355,densenet121,939,0.4858756243316292,5
4356,resnet50,939,0.8248723661787692,5
4357,resnet50,750,0.3344894405367239,2
4358,densenet121,350,0.6263678162488967,5
4359,resnet50,750,0.8540914514899219,6
4360,resnet18,750,1.0,2
4361,efficientnetb2,550,1.0,3
4362,resnet50,939,1.0,6
4363,efficientnetb1,550,1.0,3
4364,resnet18,939,1.0,2
4365,efficientnetb1,939,1.0,3
4366,vgg19,939,0.783629319224574,17
4367,efficientnetb1,350,1.0,3
4368,resnet18,939,1.0,2
4369,densenet121,750,0.6549577219091517,5
4370,efficientnetb0,350,1.0,3
4371,resnet18,939,1.0,2
4372,efficientnetb0,350,1.0,3
4373,resnet18,350,0.9463184463728672,2
4374,densenet161,750,0.5067219862360387,5
4375,efficientnetb0,350,1.0,3
4376,densenet121,550,0.6262433485833546,5
4377,resnet18,939,1.0,2
4378,resnet50,350,1.0,6
4379,efficientnetb0,939,1.0,3
4380,densenet161,939,0.2831929044634787,5
4381,resnet50,750,0.8540914514899219,6
4382,densenet161,750,0.5067219862360387,5
4383,densenet121,750,1.0,6
4384,resnet50,350,0.4097205423764233,4
4385,efficientnetb0,550,1.0,3
4386,resnet18,550,0.9649971314956884,3
4387,densenet121,750,0.6549577219091517,5
4388,efficientnetb2,550,1.0,3
4389,efficientnetb2,939,1.0,3
4390,efficientnetb2,550,1.0,3
4391,efficientnetb0,550,0.290069122860228,2
4392,densenet121,350,0.6263678162488967,5
4393,efficientnetb1,350,0.7181138626700144,4
4394,resnet50,350,1.0,6
4395,vgg19,550,0.1248786103205342,4
4396,efficientnetb2,750,1.0,3
4397,efficientnetb0,350,1.0,3
4398,densenet121,550,0.6262433485833546,5
4399,densenet121,350,0.6263678162488967,5
4400,resnet18,550,1.0,2
4401,vgg19,550,1.0,15
4402,resnet50,939,1.0,6
4403,efficientnetb0,750,0.221102352041803,2
4404,efficientnetb1,939,1.0,3
4405,resnet50,350,1.0,6
4406,resnet50,750,0.3344894405367239,2
4407,efficientnetb2,750,1.0,3
4408,vgg19,939,0.9322438807363724,13
4409,densenet161,350,0.472733213293796,5
4410,efficientnetb1,939,1.0,3
4411,efficientnetb0,350,1.0,3
4412,efficientnetb1,350,1.0,3
4413,efficientnetb0,350,1.0,3
4414,vgg19,550,0.93699417819052,14
4415,resnet18,350,0.5048206439889544,5
4416,densenet121,550,0.6262433485833546,5
4417,efficientnetb0,350,1.0,3
4418,vgg19,939,1.0,15
4419,efficientnetb0,939,1.0,3
4420,efficientnetb0,939,1.0,3
4421,efficientnetb2,550,1.0,3
4422,efficientnetb2,350,1.0,3
4423,efficientnetb2,939,0.0,1
4424,densenet161,350,0.472733213293796,5
4425,efficientnetb1,939,1.0,3
4426,efficientnetb1,550,0.6878389778024664,4
4427,resnet18,939,1.0,2
4428,densenet121,350,0.5134540759121593,7
4429,efficientnetb1,750,1.0,3
4430,resnet50,750,1.0,5
4431,resnet18,350,0.9463184463728672,2
4432,efficientnetb2,350,0.65175093664593,4
4433,vgg19,350,0.0047515404264518,2
4434,resnet50,750,0.8540914514899219,6
4435,efficientnetb2,750,1.0,3
4436,resnet50,939,1.0,6
4437,efficientnetb1,939,1.0,3
4438,resnet50,750,0.8540914514899219,6
4439,vgg19,939,0.9938700985656802,16
4440,densenet121,939,0.4858756243316292,5
4441,efficientnetb1,750,1.0,3
4442,densenet121,939,0.4858756243316292,5
4443,efficientnetb0,939,1.0,3
4444,densenet161,939,0.2831929044634787,5
4445,densenet161,350,0.7705044620574577,6
4446,resnet50,550,0.8215124558966982,7
4447,resnet50,939,1.0,6
4448,efficientnetb2,350,1.0,3
4449,efficientnetb2,550,1.0,3
4450,efficientnetb1,939,1.0,3
4451,resnet50,550,1.0,6
4452,vgg19,750,0.7134880992516057,11
4453,efficientnetb2,750,1.0,3
4454,resnet18,939,1.0,2
4455,densenet161,350,0.472733213293796,5
4456,densenet161,550,0.5735576563250782,5
4457,efficientnetb1,750,1.0,3
4458,efficientnetb1,750,0.7228690296773087,4
4459,resnet18,550,1.0,2
4460,efficientnetb1,750,1.0,3
4461,resnet50,939,0.8017819857800019,7
4462,densenet121,350,0.6263678162488967,5
4463,efficientnetb2,939,0.6509085704414946,4
4464,vgg19,350,0.9654136477619172,14
4465,densenet161,750,0.5067219862360387,5
4466,efficientnetb2,350,1.0,3
4467,resnet18,350,0.9463184463728672,2
4468,efficientnetb1,750,1.0,3
4469,efficientnetb2,550,1.0,3
4470,efficientnetb1,550,1.0,3
4471,densenet121,939,0.4858756243316292,5
4472,efficientnetb2,750,1.0,3
4473,efficientnetb2,550,1.0,3
4474,resnet18,750,1.0,2
4475,resnet50,939,1.0,6
4476,resnet50,750,0.8540914514899219,6
4477,resnet50,550,1.0,6
4478,densenet161,550,0.5735576563250782,5
4479,densenet121,550,0.6262433485833546,5
4480,efficientnetb1,350,1.0,3
4481,densenet121,939,0.4858756243316292,5
4482,densenet161,350,0.472733213293796,5
4483,vgg19,939,1.0,15
4484,efficientnetb2,350,1.0,3
4485,efficientnetb0,350,1.0,3
4486,efficientnetb0,550,1.0,3
4487,densenet121,350,0.6263678162488967,5
4488,resnet18,750,1.0,2
4489,vgg19,350,0.9884623593775808,15
4490,densenet121,550,0.6262433485833546,5
4491,vgg19,939,1.0,15
4492,efficientnetb0,350,1.0,3
4493,efficientnetb2,350,1.0,3
4494,resnet50,350,1.0,6
4495,efficientnetb1,750,1.0,3
4496,vgg19,939,0.9938700985656802,16
4497,efficientnetb1,750,1.0,3
4498,resnet18,750,1.0,2
4499,efficientnetb1,750,0.7228690296773087,4
4500,resnet18,939,1.0,2
4501,densenet121,350,0.6263678162488967,5
4502,efficientnetb2,939,1.0,3
4503,resnet18,939,1.0,2
4504,resnet50,750,0.8540914514899219,6
4505,resnet18,939,0.9772814215247084,3
4506,vgg19,750,1.0,16
4507,resnet18,350,0.9463184463728672,2
4508,resnet50,939,1.0,6
4509,densenet161,550,0.5735576563250782,5
4510,efficientnetb1,939,1.0,3
4511,resnet50,939,0.6400205520491736,8
4512,resnet50,939,1.0,6
4513,densenet121,550,0.6262433485833546,5
4514,vgg19,550,0.7603022178684953,17
4515,efficientnetb2,750,1.0,3
4516,densenet161,750,0.5067219862360387,5
4517,efficientnetb1,939,1.0,3
4518,vgg19,939,0.958551617010162,14
4519,densenet161,350,0.472733213293796,5
4520,vgg19,939,0.053642035656265,3
4521,efficientnetb2,939,1.0,3
4522,resnet18,750,1.0,2
4523,densenet161,750,0.5067219862360387,5
4524,efficientnetb0,939,1.0,3
4525,densenet121,350,0.6263678162488967,5
4526,resnet50,550,1.0,6
4527,densenet121,550,0.6262433485833546,5
4528,efficientnetb2,550,1.0,3
4529,efficientnetb2,750,1.0,3
4530,efficientnetb2,550,1.0,3
4531,resnet50,750,0.8540914514899219,6
4532,densenet121,750,0.6549577219091517,5
4533,efficientnetb0,939,1.0,3
4534,efficientnetb2,750,1.0,3
4535,efficientnetb2,750,1.0,3
4536,efficientnetb2,939,1.0,3
4537,efficientnetb2,550,1.0,3
4538,resnet18,550,1.0,2
4539,efficientnetb2,750,1.0,3
4540,resnet18,350,0.9463184463728672,2
4541,densenet121,550,0.6262433485833546,5
4542,densenet121,750,0.6549577219091517,5
4543,resnet50,750,0.8540914514899219,6
4544,efficientnetb0,939,0.6801221238861833,4
4545,densenet161,939,0.2831929044634787,5
4546,resnet50,350,1.0,6
4547,resnet18,550,1.0,2
4548,vgg19,750,0.9936879963126718,15
4549,efficientnetb1,939,1.0,3
4550,efficientnetb0,750,1.0,3
4551,efficientnetb0,750,1.0,3
4552,efficientnetb0,750,0.6483214388113725,4
4553,vgg19,750,0.9936879963126718,15
4554,vgg19,350,0.7900442607978805,19
4555,efficientnetb0,550,1.0,3
4556,densenet161,550,0.8307012363387156,6
4557,vgg19,750,0.9783359431256168,14
4558,densenet161,939,0.2831929044634787,5
4559,resnet50,550,1.0,6
4560,efficientnetb1,550,1.0,3
4561,efficientnetb2,350,1.0,3
4562,vgg19,350,0.0,1
4563,resnet18,550,0.6805816088044464,4
4564,efficientnetb0,550,1.0,3
4565,efficientnetb0,550,0.5319033905566624,5
4566,efficientnetb2,939,1.0,3
4567,resnet18,350,0.9463184463728672,2
4568,densenet161,550,0.5735576563250782,5
4569,efficientnetb2,550,1.0,3
4570,densenet121,350,0.6263678162488967,5
4571,efficientnetb1,550,1.0,3
4572,efficientnetb2,750,1.0,3
4573,resnet18,350,0.9463184463728672,2
4574,densenet121,750,0.6549577219091517,5
4575,resnet50,750,0.692684175445151,7
4576,resnet50,939,1.0,6
4577,vgg19,750,0.9936879963126718,15
4578,densenet161,550,0.5735576563250782,5
4579,densenet161,350,0.472733213293796,5
4580,efficientnetb1,750,1.0,3
4581,resnet18,750,0.9425112246169725,3
4582,efficientnetb2,550,1.0,3
4583,efficientnetb0,350,1.0,3
4584,resnet50,350,1.0,6
4585,resnet18,750,1.0,2
4586,efficientnetb2,750,1.0,3
4587,densenet121,550,0.6262433485833546,5
4588,resnet18,350,1.0,3
4589,resnet18,550,1.0,2
4590,densenet121,550,0.6262433485833546,5
4591,resnet18,939,1.0,2
4592,efficientnetb2,939,1.0,3
4593,densenet161,350,0.472733213293796,5
4594,densenet161,750,0.5067219862360387,5
4595,efficientnetb0,939,1.0,3
4596,vgg19,350,0.9722792391750928,13
4597,resnet50,750,0.8540914514899219,6
4598,resnet50,939,1.0,6
4599,vgg19,750,0.9936879963126718,15
4600,densenet121,750,1.0,6
4601,efficientnetb0,750,1.0,3
4602,resnet18,550,1.0,2
4603,resnet50,750,0.692684175445151,7
4604,efficientnetb0,350,1.0,3
4605,resnet18,350,0.9463184463728672,2
4606,efficientnetb1,939,1.0,3
4607,resnet18,350,0.9463184463728672,2
4608,vgg19,750,0.9636492577949504,13
4609,densenet161,939,0.2831929044634787,5
4610,resnet18,350,0.9463184463728672,2
4611,densenet161,550,0.5735576563250782,5
4612,efficientnetb0,750,1.0,3
4613,efficientnetb2,939,1.0,3
4614,resnet50,939,1.0,6
4615,densenet121,750,0.6549577219091517,5
4616,resnet50,750,0.8540914514899219,6
4617,resnet50,550,1.0,6
4618,efficientnetb2,939,1.0,3
4619,densenet121,350,0.6263678162488967,5
4620,efficientnetb1,939,1.0,3
4621,resnet18,550,1.0,2
4622,densenet121,350,0.6263678162488967,5
4623,efficientnetb2,350,0.65175093664593,4
4624,efficientnetb0,939,0.0,1
4625,resnet18,550,1.0,2
4626,densenet121,750,0.6549577219091517,5
4627,efficientnetb2,939,1.0,3
4628,vgg19,750,1.0,16
4629,densenet121,939,0.4858756243316292,5
4630,efficientnetb2,550,1.0,3
4631,efficientnetb0,350,1.0,3
4632,densenet121,750,0.6549577219091517,5
4633,resnet50,350,0.8830285561177872,5
4634,efficientnetb0,939,1.0,3
4635,densenet121,550,0.6262433485833546,5
4636,efficientnetb0,550,1.0,3
4637,efficientnetb1,750,1.0,3
4638,efficientnetb0,750,1.0,3
4639,vgg19,939,0.3144631067328258,6
4640,efficientnetb1,550,1.0,3
4641,densenet161,550,0.5735576563250782,5
4642,efficientnetb2,350,1.0,3
4643,vgg19,550,0.1112152559945396,3
4644,densenet161,550,0.8307012363387156,6
4645,resnet18,939,1.0,2
4646,efficientnetb2,939,1.0,3
4647,densenet161,350,0.7705044620574577,6
4648,efficientnetb0,939,1.0,3
4649,resnet18,939,1.0,2
4650,densenet121,750,0.6549577219091517,5
4651,resnet50,350,1.0,6
4652,vgg19,750,0.9636492577949504,13
4653,vgg19,550,0.9153142027929496,13
4654,vgg19,350,0.9884623593775808,15
4655,efficientnetb1,750,1.0,3
4656,resnet50,550,1.0,6
4657,efficientnetb2,350,1.0,3
4658,efficientnetb0,550,1.0,3
4659,efficientnetb2,350,1.0,3
4660,efficientnetb0,939,1.0,3
4661,vgg19,350,0.9722792391750928,13
4662,densenet161,350,0.472733213293796,5
4663,densenet161,939,0.2831929044634787,5
4664,efficientnetb0,550,0.7484594574197447,4
4665,densenet121,939,0.4858756243316292,5
4666,efficientnetb2,550,1.0,3
4667,efficientnetb1,750,0.7228690296773087,4
4668,vgg19,750,0.349757663747874,6
4669,densenet161,750,0.5067219862360387,5
4670,resnet18,939,1.0,2
4671,efficientnetb0,550,0.7484594574197447,4
4672,resnet50,550,1.0,6
4673,efficientnetb2,350,1.0,3
4674,efficientnetb2,750,1.0,3
4675,resnet50,750,0.8540914514899219,6
4676,resnet50,750,0.8540914514899219,6
4677,densenet161,939,1.0,6
4678,resnet18,550,1.0,2
4679,resnet18,350,1.0,3
4680,densenet161,939,1.0,6
4681,efficientnetb1,550,1.0,3
4682,resnet50,750,0.8540914514899219,6
4683,resnet50,939,1.0,6
4684,efficientnetb2,750,1.0,3
4685,efficientnetb0,750,1.0,3
4686,resnet18,550,0.9649971314956884,3
4687,densenet121,550,0.0,1
4688,densenet161,350,0.0213386295855335,3
4689,vgg19,750,0.9636492577949504,13
4690,resnet18,750,1.0,2
4691,densenet121,939,0.4858756243316292,5
4692,densenet121,750,0.0357436179754728,3
4693,efficientnetb1,550,1.0,3
4694,resnet18,750,1.0,2
4695,resnet50,550,0.8215124558966982,7
4696,vgg19,750,0.9936879963126718,15
4697,efficientnetb2,750,1.0,3
4698,vgg19,750,0.9936879963126718,15
4699,densenet121,350,0.6263678162488967,5
4700,vgg19,350,0.7874284582909132,17
4701,resnet18,550,1.0,2
4702,efficientnetb1,750,0.3094983907889674,6
4703,efficientnetb1,350,1.0,3
4704,efficientnetb1,750,1.0,3
4705,resnet50,350,1.0,6
4706,densenet161,550,0.5735576563250782,5
4707,resnet50,350,1.0,6
4708,densenet161,750,0.5067219862360387,5
4709,resnet18,550,1.0,2
4710,vgg19,939,1.0,15
4711,efficientnetb0,939,1.0,3
4712,resnet50,550,1.0,6
4713,resnet18,350,0.9463184463728672,2
4714,resnet50,350,0.8169515861153699,7
4715,efficientnetb2,750,1.0,3
4716,resnet18,750,1.0,2
4717,vgg19,939,0.9322438807363724,13
4718,efficientnetb1,939,1.0,3
4719,efficientnetb2,939,1.0,3
4720,densenet161,939,0.2831929044634787,5
4721,densenet121,550,0.6262433485833546,5
4722,efficientnetb1,939,1.0,3
4723,efficientnetb2,350,0.4600422057004524,5
4724,efficientnetb1,550,1.0,3
4725,densenet121,350,0.6263678162488967,5
4726,densenet121,550,0.6262433485833546,5
4727,efficientnetb0,750,1.0,3
4728,resnet50,550,1.0,6
4729,resnet50,550,1.0,6
4730,resnet50,750,1.0,5
4731,vgg19,350,0.9884623593775808,15
4732,efficientnetb0,550,0.7484594574197447,4
4733,resnet18,550,1.0,2
4734,efficientnetb2,550,1.0,3
4735,efficientnetb0,750,1.0,3
4736,densenet161,750,0.5067219862360387,5
4737,densenet161,939,0.2831929044634787,5
4738,vgg19,750,0.9636492577949504,13
4739,resnet50,550,0.8501913432605966,5
4740,densenet121,350,1.0,6
4741,efficientnetb1,939,1.0,3
4742,densenet161,550,0.0,1
4743,vgg19,939,0.958551617010162,14
4744,densenet161,350,0.7705044620574577,6
4745,efficientnetb0,939,1.0,3
4746,densenet161,939,1.0,6
4747,resnet50,939,1.0,6
4748,resnet18,350,0.9463184463728672,2
4749,efficientnetb1,939,1.0,3
4750,vgg19,350,0.9884623593775808,15
4751,efficientnetb2,350,1.0,3
4752,efficientnetb0,550,1.0,3
4753,densenet121,350,0.6263678162488967,5
4754,efficientnetb2,350,1.0,3
4755,efficientnetb2,750,1.0,3
4756,densenet121,350,0.6263678162488967,5
4757,efficientnetb2,939,1.0,3
4758,vgg19,550,0.93699417819052,14
4759,resnet18,750,1.0,2
4760,vgg19,350,0.9884623593775808,15
4761,efficientnetb1,550,1.0,3
4762,resnet18,550,0.9649971314956884,3
4763,efficientnetb1,750,1.0,3
4764,densenet161,750,0.5067219862360387,5
4765,efficientnetb1,550,0.2436659344100393,2
4766,efficientnetb1,350,0.7181138626700144,4
4767,resnet50,550,1.0,6
4768,densenet121,750,0.6549577219091517,5
4769,efficientnetb0,550,1.0,3
4770,densenet121,550,0.5224277109043235,7
4771,efficientnetb0,750,1.0,3
4772,efficientnetb2,939,1.0,3
4773,efficientnetb1,550,1.0,3
4774,densenet161,350,0.9422217589427628,7
4775,resnet18,550,1.0,2
4776,resnet50,350,1.0,6
4777,efficientnetb0,750,1.0,3
4778,efficientnetb2,550,1.0,3
4779,densenet161,350,0.472733213293796,5
4780,densenet121,939,0.0166311998595305,3
4781,efficientnetb1,550,1.0,3
4782,densenet121,750,0.6549577219091517,5
4783,densenet121,750,0.6549577219091517,5
4784,resnet18,350,0.9463184463728672,2
4785,resnet18,750,1.0,2
4786,vgg19,350,0.9884623593775808,15
4787,resnet18,939,1.0,2
4788,resnet18,350,1.0,3
4789,efficientnetb0,750,0.6483214388113725,4
4790,vgg19,939,0.9322438807363724,13
4791,vgg19,550,0.9153142027929496,13
4792,efficientnetb2,550,1.0,3
4793,densenet161,350,0.472733213293796,5
4794,resnet50,750,1.0,5
4795,densenet161,750,0.7754817419817108,6
4796,efficientnetb2,939,1.0,3
4797,efficientnetb2,350,1.0,3
4798,efficientnetb2,550,1.0,3
4799,efficientnetb0,550,1.0,3
4800,efficientnetb1,550,0.0,1
4801,densenet161,939,0.2831929044634787,5
4802,efficientnetb1,750,1.0,3
4803,densenet161,350,0.472733213293796,5
4804,efficientnetb1,350,1.0,3
4805,efficientnetb1,550,1.0,3
4806,resnet50,350,0.8169515861153699,7
4807,densenet121,350,0.6263678162488967,5
4808,vgg19,550,1.0,15
4809,vgg19,350,0.9884623593775808,15
4810,efficientnetb2,939,1.0,3
4811,vgg19,350,0.9722792391750928,13
4812,efficientnetb2,939,1.0,3
4813,efficientnetb0,350,1.0,3
4814,vgg19,750,0.9936879963126718,15
4815,efficientnetb1,350,1.0,3
4816,resnet18,939,1.0,2
4817,efficientnetb1,750,1.0,3
4818,efficientnetb2,939,1.0,3
4819,resnet18,750,1.0,2
4820,efficientnetb2,750,1.0,3
4821,resnet50,350,1.0,6
4822,resnet50,750,0.8540914514899219,6
4823,efficientnetb0,750,1.0,3
4824,vgg19,939,0.9322438807363724,13
4825,efficientnetb1,750,1.0,3
4826,vgg19,939,0.3144631067328258,6
4827,efficientnetb0,939,1.0,3
4828,vgg19,550,1.0,15
4829,efficientnetb0,750,1.0,3
4830,efficientnetb1,350,0.5010852886204035,5
4831,resnet50,350,1.0,6
4832,densenet121,350,0.6263678162488967,5
4833,densenet121,750,0.6549577219091517,5
4834,resnet50,750,0.8540914514899219,6
4835,resnet18,550,1.0,2
4836,densenet121,939,0.4858756243316292,5
4837,resnet18,939,1.0,2
4838,efficientnetb1,939,1.0,3
4839,resnet18,550,1.0,2
4840,resnet50,550,1.0,6
4841,efficientnetb1,939,1.0,3
4842,efficientnetb1,550,1.0,3
4843,densenet161,939,0.2831929044634787,5
4844,efficientnetb0,350,1.0,3
4845,vgg19,350,0.9884623593775808,15
4846,vgg19,550,0.93432282209291,16
4847,resnet50,550,0.8215124558966982,7
4848,densenet121,350,0.6263678162488967,5
4849,resnet18,350,0.9463184463728672,2
4850,vgg19,939,0.9322438807363724,13
4851,efficientnetb0,939,1.0,3
4852,efficientnetb1,939,1.0,3
4853,efficientnetb2,550,1.0,3
4854,vgg19,350,0.9884623593775808,15
4855,resnet18,350,0.9463184463728672,2
4856,densenet161,550,0.5735576563250782,5
4857,densenet161,939,0.2831929044634787,5
4858,efficientnetb0,350,1.0,3
4859,resnet18,939,1.0,2
4860,efficientnetb0,550,1.0,3
4861,densenet161,550,0.5735576563250782,5
4862,resnet50,939,1.0,6
4863,efficientnetb2,550,1.0,3
4864,vgg19,550,0.9153142027929496,13
4865,resnet18,550,1.0,2
4866,densenet121,939,0.4858756243316292,5
4867,densenet161,750,0.5067219862360387,5
4868,efficientnetb1,350,1.0,3
4869,densenet121,939,0.4858756243316292,5
4870,densenet161,939,0.2831929044634787,5
4871,resnet50,550,1.0,6
4872,resnet18,550,1.0,2
4873,vgg19,750,0.9636492577949504,13
4874,resnet50,350,1.0,6
4875,densenet161,550,0.9908784030365078,8
4876,resnet50,750,0.8540914514899219,6
4877,densenet121,939,0.4858756243316292,5
4878,efficientnetb2,939,1.0,3
4879,efficientnetb0,939,1.0,3
4880,resnet18,750,1.0,2
4881,densenet161,939,0.8028649279588222,7
4882,vgg19,939,0.9322438807363724,13
4883,resnet18,750,1.0,2
4884,efficientnetb0,350,1.0,3
4885,efficientnetb1,350,1.0,3
4886,efficientnetb2,939,1.0,3
4887,efficientnetb2,550,1.0,3
4888,densenet121,750,0.6549577219091517,5
4889,efficientnetb2,350,1.0,3
4890,efficientnetb2,750,1.0,3
4891,resnet50,939,1.0,6
4892,resnet18,750,1.0,2
4893,efficientnetb1,939,1.0,3
4894,vgg19,939,0.7038804657074393,11
4895,efficientnetb2,350,1.0,3
4896,resnet50,550,0.8215124558966982,7
4897,resnet18,550,1.0,2
4898,efficientnetb2,350,0.1727158782926704,2
4899,vgg19,550,0.93432282209291,16
4900,efficientnetb0,550,1.0,3
4901,resnet50,550,1.0,6
4902,densenet161,939,0.2831929044634787,5
4903,resnet18,550,1.0,2
4904,efficientnetb1,939,1.0,3
4905,efficientnetb0,350,1.0,3
4906,vgg19,750,0.9936879963126718,15
4907,efficientnetb2,750,1.0,3
4908,resnet18,550,1.0,2
4909,resnet50,550,0.8215124558966982,7
4910,densenet121,750,0.6549577219091517,5
4911,densenet121,550,0.6262433485833546,5
4912,vgg19,350,0.9884623593775808,15
4913,densenet161,550,0.5735576563250782,5
4914,efficientnetb0,550,1.0,3
4915,resnet50,750,0.8540914514899219,6
4916,resnet18,750,0.9425112246169725,3
4917,efficientnetb0,750,1.0,3
4918,efficientnetb0,350,1.0,3
4919,resnet18,350,0.9463184463728672,2
4920,densenet161,550,0.084152532251803,12
4921,densenet161,350,0.472733213293796,5
4922,densenet161,939,0.2831929044634787,5
4923,vgg19,550,0.9153142027929496,13
4924,resnet18,550,1.0,2
4925,efficientnetb1,350,1.0,3
4926,efficientnetb0,939,1.0,3
4927,efficientnetb2,550,1.0,3
4928,vgg19,550,1.0,15
4929,efficientnetb1,350,1.0,3
4930,densenet121,939,0.4858756243316292,5
4931,efficientnetb2,939,1.0,3
4932,densenet161,939,0.2831929044634787,5
4933,resnet50,550,1.0,6
4934,resnet50,550,0.645703014729161,8
4935,resnet18,750,1.0,2
4936,efficientnetb1,550,1.0,3
4937,efficientnetb2,750,1.0,3
4938,resnet18,550,1.0,2
4939,efficientnetb0,750,1.0,3
4940,efficientnetb0,550,0.7484594574197447,4
4941,efficientnetb0,750,1.0,3
4942,resnet50,550,0.8215124558966982,7
4943,resnet18,350,0.9463184463728672,2
4944,resnet50,939,1.0,6
4945,efficientnetb2,750,1.0,3
4946,densenet161,939,0.2994714122049385,4
4947,densenet121,750,0.6549577219091517,5
4948,resnet50,550,1.0,6
4949,densenet121,350,0.6263678162488967,5
4950,resnet50,550,1.0,6
4951,efficientnetb2,939,1.0,3
4952,densenet121,750,0.6549577219091517,5
4953,densenet161,550,0.0323579521725776,2
4954,resnet18,939,1.0,2
4955,efficientnetb0,939,0.6801221238861833,4
4956,vgg19,350,0.9884623593775808,15
4957,resnet18,550,1.0,2
4958,densenet161,550,0.5735576563250782,5
4959,resnet50,750,0.8540914514899219,6
4960,efficientnetb2,350,1.0,3
4961,resnet50,750,0.8540914514899219,6
4962,resnet18,750,1.0,2
4963,vgg19,550,0.7603022178684953,17
4964,efficientnetb2,939,1.0,3
4965,resnet18,550,0.9649971314956884,3
4966,resnet50,939,1.0,6
4967,resnet18,939,1.0,2
4968,vgg19,750,0.9936879963126718,15
4969,resnet50,350,1.0,6
4970,densenet161,350,0.472733213293796,5
4971,densenet161,939,0.0601439006764898,1
4972,densenet121,750,0.6549577219091517,5
4973,resnet18,939,1.0,2
4974,efficientnetb2,350,1.0,3
4975,resnet18,939,1.0,2
4976,resnet18,939,1.0,2
4977,resnet18,750,1.0,2
4978,efficientnetb0,939,0.6801221238861833,4
4979,densenet161,939,0.2831929044634787,5
4980,efficientnetb0,350,0.7221681243288518,4
4981,efficientnetb1,939,0.7039994792384792,4
4982,efficientnetb2,350,1.0,3
4983,densenet161,550,0.5735576563250782,5
4984,efficientnetb2,750,1.0,3
4985,resnet50,350,1.0,6
4986,resnet18,350,1.0,3
4987,resnet50,750,0.8540914514899219,6
4988,vgg19,350,0.9884623593775808,15
4989,densenet121,550,0.6262433485833546,5
4990,resnet50,939,1.0,6
4991,resnet50,350,1.0,6
4992,densenet121,550,0.6262433485833546,5
4993,vgg19,939,1.0,15
4994,efficientnetb2,550,1.0,3
4995,efficientnetb0,350,1.0,3
4996,efficientnetb2,939,1.0,3
4997,densenet121,750,0.6549577219091517,5
4998,resnet50,750,0.8540914514899219,6
4999,vgg19,550,1.0,15
5000,efficientnetb1,750,0.0,1
5001,resnet18,750,1.0,2
5002,efficientnetb1,350,1.0,3
5003,densenet161,750,0.5067219862360387,5
5004,efficientnetb0,750,1.0,3
5005,resnet18,550,1.0,2
5006,vgg19,939,1.0,15
5007,resnet50,939,1.0,6
5008,densenet121,550,0.6262433485833546,5
5009,efficientnetb1,550,1.0,3
5010,densenet121,350,0.6263678162488967,5
5011,densenet161,550,0.8307012363387156,6
5012,vgg19,350,0.9884623593775808,15
5013,densenet121,350,0.6263678162488967,5
5014,efficientnetb2,550,1.0,3
5015,efficientnetb2,350,1.0,3
5016,resnet50,550,1.0,6
5017,resnet18,939,1.0,2
5018,densenet161,750,0.7754817419817108,6
5019,vgg19,939,1.0,15
5020,vgg19,550,1.0,15
5021,densenet161,350,0.472733213293796,5
5022,resnet18,350,1.0,3
5023,efficientnetb0,750,1.0,3
5024,resnet50,350,0.8830285561177872,5
5025,densenet121,550,0.6262433485833546,5
5026,efficientnetb1,939,1.0,3
5027,efficientnetb2,550,1.0,3
5028,efficientnetb1,750,1.0,3
5029,efficientnetb2,750,1.0,3
5030,densenet121,939,0.4858756243316292,5
5031,densenet121,939,0.4858756243316292,5
5032,efficientnetb0,750,1.0,3
5033,densenet121,750,0.6549577219091517,5
5034,efficientnetb1,550,1.0,3
5035,densenet121,939,0.0166311998595305,3
5036,resnet50,750,0.8540914514899219,6
5037,vgg19,550,1.0,15
5038,resnet50,750,0.692684175445151,7
5039,densenet161,750,0.5067219862360387,5
5040,densenet161,550,0.5735576563250782,5
5041,resnet50,750,0.8540914514899219,6
5042,efficientnetb1,350,1.0,3
5043,vgg19,550,0.9153142027929496,13
5044,resnet18,939,1.0,2
5045,vgg19,550,0.93432282209291,16
5046,efficientnetb0,939,0.6801221238861833,4
5047,efficientnetb2,550,1.0,3
5048,densenet161,350,0.472733213293796,5
5049,resnet18,939,1.0,2
5050,densenet161,939,0.8028649279588222,7
5051,vgg19,350,0.9654136477619172,14
5052,densenet121,750,0.6549577219091517,5
5053,densenet121,750,0.6549577219091517,5
5054,resnet18,939,1.0,2
5055,resnet50,350,1.0,6
5056,efficientnetb0,550,1.0,3
5057,vgg19,550,1.0,15
5058,vgg19,350,0.9884623593775808,15
5059,resnet18,350,0.9463184463728672,2
5060,densenet121,350,0.6263678162488967,5
5061,densenet161,939,0.2831929044634787,5
5062,densenet121,350,0.6263678162488967,5
5063,resnet18,350,0.9463184463728672,2
5064,efficientnetb1,939,0.7039994792384792,4
5065,vgg19,350,0.9884623593775808,15
5066,vgg19,750,0.9936879963126718,15
5067,efficientnetb1,750,1.0,3
5068,densenet161,750,0.5067219862360387,5
5069,efficientnetb1,550,1.0,3
5070,resnet18,750,1.0,2
5071,resnet18,350,0.9463184463728672,2
5072,resnet18,550,1.0,2
5073,resnet50,350,0.8169515861153699,7
5074,densenet121,750,0.6549577219091517,5
5075,efficientnetb2,750,1.0,3
5076,vgg19,550,1.0,15
5077,densenet121,939,0.4858756243316292,5
5078,resnet50,550,1.0,6
5079,vgg19,939,1.0,15
5080,efficientnetb0,750,1.0,3
5081,resnet18,550,0.9649971314956884,3
5082,efficientnetb1,750,1.0,3
5083,densenet161,939,0.8028649279588222,7
5084,resnet50,350,1.0,6
5085,efficientnetb2,550,1.0,3
5086,densenet121,939,0.4858756243316292,5
5087,densenet161,550,0.8307012363387156,6
5088,resnet18,550,1.0,2
5089,efficientnetb0,550,0.7484594574197447,4
5090,efficientnetb0,939,1.0,3
5091,resnet50,550,0.8215124558966982,7
5092,densenet121,550,0.6262433485833546,5
5093,resnet18,939,1.0,2
5094,resnet50,550,0.8215124558966982,7
5095,densenet121,350,0.6263678162488967,5
5096,efficientnetb2,750,0.1857252749278613,2
5097,densenet161,939,0.2831929044634787,5
5098,resnet18,939,1.0,2
5099,densenet161,750,0.5067219862360387,5
5100,resnet18,750,1.0,2
5101,resnet50,750,0.8540914514899219,6
5102,efficientnetb2,350,1.0,3
5103,efficientnetb2,550,1.0,3
5104,efficientnetb2,550,1.0,3
5105,resnet50,550,1.0,6
5106,efficientnetb0,750,1.0,3
5107,efficientnetb0,939,1.0,3
5108,resnet50,750,0.8540914514899219,6
5109,resnet18,939,0.5358361217945573,1
5110,densenet161,939,0.2831929044634787,5
5111,vgg19,350,0.9884623593775808,15
5112,efficientnetb2,550,1.0,3
5113,efficientnetb0,939,1.0,3
5114,efficientnetb0,939,1.0,3
5115,resnet50,939,1.0,6
5116,resnet50,550,1.0,6
5117,efficientnetb0,350,1.0,3
5118,resnet50,550,1.0,6
5119,resnet50,939,1.0,6
5120,resnet50,750,0.098265786808133,1
5121,efficientnetb1,350,1.0,3
5122,efficientnetb2,350,1.0,3
5123,resnet50,350,1.0,6
5124,efficientnetb1,550,1.0,3
5125,efficientnetb2,939,1.0,3
5126,efficientnetb2,350,1.0,3
5127,vgg19,939,1.0,15
5128,efficientnetb0,750,1.0,3
5129,densenet121,550,0.6262433485833546,5
5130,densenet121,550,0.6262433485833546,5
5131,efficientnetb1,939,1.0,3
5132,resnet18,750,1.0,2
5133,resnet50,939,1.0,6
5134,densenet121,550,0.6262433485833546,5
5135,efficientnetb1,350,1.0,3
5136,efficientnetb0,350,1.0,3
5137,vgg19,350,0.9884623593775808,15
5138,vgg19,350,1.0,16
5139,resnet50,550,1.0,6
5140,resnet50,350,1.0,6
5141,resnet18,939,1.0,2
5142,efficientnetb0,550,1.0,3
5143,resnet18,350,0.9463184463728672,2
5144,resnet50,350,1.0,6
5145,resnet50,350,0.8169515861153699,7
5146,resnet50,550,1.0,6
5147,efficientnetb2,939,1.0,3
5148,densenet161,350,0.472733213293796,5
5149,vgg19,939,1.0,15
5150,densenet161,350,0.472733213293796,5
5151,resnet50,750,0.8540914514899219,6
5152,densenet121,350,0.6263678162488967,5
5153,vgg19,939,1.0,15
5154,efficientnetb0,350,1.0,3
5155,resnet50,939,1.0,6
5156,densenet121,939,0.0166311998595305,3
5157,efficientnetb0,750,1.0,3
5158,vgg19,939,0.9938700985656802,16
5159,densenet121,750,0.6549577219091517,5
5160,efficientnetb2,350,1.0,3
5161,efficientnetb2,750,1.0,3
5162,densenet161,350,0.7705044620574577,6
5163,densenet121,750,0.6549577219091517,5
5164,resnet18,550,1.0,2
5165,densenet121,550,0.6262433485833546,5
5166,densenet121,350,0.6263678162488967,5
5167,vgg19,350,1.0,16
5168,densenet161,939,0.2831929044634787,5
5169,resnet18,750,1.0,2
5170,vgg19,550,0.1248786103205342,4
5171,efficientnetb2,750,1.0,3
5172,efficientnetb2,750,1.0,3
5173,resnet50,750,0.8540914514899219,6
5174,efficientnetb1,550,1.0,3
5175,efficientnetb2,550,1.0,3
5176,densenet161,350,0.472733213293796,5
5177,vgg19,939,0.958551617010162,14
5178,densenet121,550,0.6262433485833546,5
5179,densenet161,750,0.5067219862360387,5
5180,densenet121,550,0.6262433485833546,5
5181,efficientnetb2,350,1.0,3
5182,densenet121,550,0.6262433485833546,5
5183,densenet161,750,1.0,7
5184,resnet18,550,1.0,2
5185,efficientnetb0,939,1.0,3
5186,efficientnetb0,350,0.7221681243288518,4
5187,densenet161,750,0.5067219862360387,5
5188,resnet50,550,0.8215124558966982,7
5189,densenet121,750,0.6549577219091517,5
5190,densenet121,750,0.6549577219091517,5
5191,vgg19,939,1.0,15
5192,efficientnetb1,939,1.0,3
5193,vgg19,550,1.0,15
5194,densenet121,550,0.6262433485833546,5
5195,densenet121,350,0.6263678162488967,5
5196,efficientnetb2,939,1.0,3
5197,efficientnetb2,550,1.0,3
5198,vgg19,750,0.9936879963126718,15
5199,densenet121,939,0.4858756243316292,5
5200,efficientnetb1,750,0.5409660759543289,5
5201,efficientnetb1,550,1.0,3
5202,densenet161,939,0.2831929044634787,5
5203,resnet18,350,0.9463184463728672,2
5204,efficientnetb1,350,1.0,3
5205,efficientnetb1,350,1.0,3
5206,efficientnetb2,939,1.0,3
5207,efficientnetb0,350,1.0,3
5208,efficientnetb1,750,1.0,3
5209,densenet121,350,0.6263678162488967,5
5210,resnet50,550,1.0,6
5211,efficientnetb1,939,1.0,3
5212,resnet18,939,1.0,2
5213,vgg19,939,0.9938700985656802,16
5214,efficientnetb1,750,1.0,3
5215,vgg19,550,1.0,15
5216,efficientnetb0,750,1.0,3
5217,efficientnetb1,350,1.0,3
5218,efficientnetb1,750,1.0,3
5219,efficientnetb1,939,1.0,3
5220,efficientnetb0,350,1.0,3
5221,resnet50,350,1.0,6
5222,efficientnetb2,750,1.0,3
5223,densenet161,550,0.5735576563250782,5
5224,efficientnetb2,350,1.0,3
5225,densenet161,750,0.7754817419817108,6
5226,efficientnetb1,550,1.0,3
5227,vgg19,750,0.9936879963126718,15
5228,densenet121,550,1.0,6
5229,efficientnetb0,939,1.0,3
5230,resnet18,750,1.0,2
5231,densenet121,939,0.4858756243316292,5
5232,efficientnetb1,350,1.0,3
5233,vgg19,750,0.9936879963126718,15
5234,efficientnetb0,350,1.0,3
5235,efficientnetb1,939,1.0,3
5236,resnet50,550,0.106889737057666,2
5237,vgg19,939,1.0,15
5238,efficientnetb2,550,0.4196653103687508,5
5239,vgg19,550,1.0,15
5240,resnet18,939,0.9772814215247084,3
5241,efficientnetb1,350,1.0,3
5242,densenet161,350,0.7705044620574577,6
5243,efficientnetb1,939,1.0,3
5244,vgg19,550,0.9153142027929496,13
5245,densenet121,550,0.6262433485833546,5
5246,resnet50,939,1.0,6
5247,resnet50,550,1.0,6
5248,vgg19,350,0.9884623593775808,15
5249,efficientnetb0,550,1.0,3
5250,resnet50,750,0.8540914514899219,6
5251,resnet18,939,1.0,2
5252,efficientnetb1,750,0.258386396623143,2
5253,vgg19,550,1.0,15
5254,densenet161,750,0.5067219862360387,5
5255,densenet161,550,0.5735576563250782,5
5256,efficientnetb0,750,1.0,3
5257,resnet50,550,0.8215124558966982,7
5258,efficientnetb2,750,1.0,3
5259,efficientnetb1,750,1.0,3
5260,densenet121,550,0.6262433485833546,5
5261,densenet161,939,0.2831929044634787,5
5262,densenet121,550,0.6262433485833546,5
5263,efficientnetb2,750,1.0,3
5264,densenet121,350,0.6263678162488967,5
5265,efficientnetb2,350,1.0,3
5266,efficientnetb2,750,1.0,3
5267,resnet18,550,1.0,2
5268,densenet161,750,0.0408796516625536,12
5269,resnet18,550,0.9649971314956884,3
5270,efficientnetb2,939,1.0,3
5271,densenet121,750,0.6549577219091517,5
5272,efficientnetb2,939,1.0,3
5273,efficientnetb0,750,1.0,3
5274,vgg19,550,0.93432282209291,16
5275,efficientnetb0,350,1.0,3
5276,vgg19,750,0.9936879963126718,15
5277,efficientnetb0,350,1.0,3
5278,efficientnetb0,939,1.0,3
5279,vgg19,550,1.0,15
5280,resnet50,350,1.0,6
5281,vgg19,750,0.9936879963126718,15
5282,densenet121,750,0.6549577219091517,5
5283,densenet121,750,0.6549577219091517,5
5284,resnet50,550,1.0,6
5285,densenet161,750,0.5067219862360387,5
5286,resnet50,939,0.1412757250508847,2
5287,efficientnetb1,939,1.0,3
5288,resnet18,550,1.0,2
5289,densenet121,550,0.6262433485833546,5
5290,densenet121,939,0.4858756243316292,5
5291,efficientnetb2,939,1.0,3
5292,efficientnetb1,550,1.0,3
5293,resnet50,550,0.8215124558966982,7
5294,efficientnetb1,750,1.0,3
5295,efficientnetb0,350,1.0,3
5296,densenet121,550,0.6262433485833546,5
5297,densenet161,550,0.5735576563250782,5
5298,densenet161,350,0.472733213293796,5
5299,densenet161,350,0.472733213293796,5
5300,densenet161,550,0.5735576563250782,5
5301,resnet50,550,1.0,6
5302,densenet161,939,0.2611850784190904,12
5303,resnet50,750,0.692684175445151,7
5304,resnet50,350,1.0,6
5305,efficientnetb2,550,1.0,3
5306,efficientnetb2,939,1.0,3
5307,resnet18,550,1.0,2
5308,efficientnetb2,550,1.0,3
5309,efficientnetb1,939,1.0,3
5310,resnet50,550,1.0,6
5311,vgg19,750,0.9936879963126718,15
5312,densenet121,350,1.0,6
5313,efficientnetb2,750,1.0,3
5314,resnet50,550,1.0,6
5315,resnet50,550,1.0,6
5316,efficientnetb2,939,1.0,3
5317,efficientnetb1,939,1.0,3
5318,densenet121,939,0.4858756243316292,5
5319,resnet50,350,0.6807257591827157,8
5320,efficientnetb0,350,0.7221681243288518,4
5321,densenet121,939,0.4858756243316292,5
5322,efficientnetb0,750,1.0,3
5323,vgg19,750,0.9936879963126718,15
5324,vgg19,939,1.0,15
5325,efficientnetb1,750,0.7228690296773087,4
5326,densenet161,550,0.5735576563250782,5
5327,vgg19,750,0.9936879963126718,15
5328,resnet50,939,1.0,6
5329,resnet50,750,0.8540914514899219,6
5330,densenet121,550,1.0,6
5331,efficientnetb0,939,1.0,3
5332,densenet121,350,0.6263678162488967,5
5333,efficientnetb2,350,1.0,3
5334,efficientnetb0,939,1.0,3
5335,resnet18,750,0.9425112246169725,3
5336,densenet121,750,0.6549577219091517,5
5337,resnet18,750,1.0,2
5338,efficientnetb2,550,1.0,3
5339,vgg19,350,0.0,1
5340,vgg19,939,0.9938700985656802,16
5341,efficientnetb2,939,1.0,3
5342,resnet18,350,0.9463184463728672,2
5343,resnet50,939,1.0,6
5344,efficientnetb1,750,1.0,3
5345,vgg19,750,0.9936879963126718,15
5346,resnet50,550,1.0,6
5347,efficientnetb2,350,1.0,3
5348,resnet50,550,1.0,6
5349,densenet161,550,0.5735576563250782,5
5350,resnet50,350,1.0,6
5351,resnet50,550,1.0,6
5352,densenet161,350,0.0195835026890192,2
5353,efficientnetb2,550,0.7219694682129152,4
5354,efficientnetb1,350,1.0,3
5355,resnet18,750,1.0,2
5356,resnet50,550,0.8501913432605966,5
5357,vgg19,350,0.9884623593775808,15
5358,densenet121,350,0.6263678162488967,5
5359,vgg19,350,0.9884623593775808,15
5360,densenet121,550,0.6262433485833546,5
5361,densenet121,939,0.4858756243316292,5
5362,vgg19,350,1.0,16
5363,efficientnetb1,350,1.0,3
5364,efficientnetb1,750,1.0,3
5365,densenet121,550,0.6262433485833546,5
5366,efficientnetb1,350,1.0,3
5367,vgg19,550,1.0,15
5368,resnet50,550,1.0,6
5369,resnet18,550,1.0,2
5370,resnet18,750,1.0,2
5371,densenet161,750,0.5067219862360387,5
5372,efficientnetb2,350,1.0,3
5373,efficientnetb0,350,1.0,3
5374,vgg19,550,1.0,15
5375,resnet18,750,1.0,2
5376,vgg19,550,1.0,15
5377,efficientnetb2,550,1.0,3
5378,resnet50,550,1.0,6
5379,efficientnetb2,350,1.0,3
5380,resnet50,750,0.098265786808133,1
5381,efficientnetb0,939,1.0,3
5382,efficientnetb1,939,1.0,3
5383,efficientnetb2,350,1.0,3
5384,resnet18,750,1.0,2
5385,vgg19,939,1.0,15
5386,efficientnetb2,550,1.0,3
5387,resnet18,350,0.9463184463728672,2
5388,efficientnetb2,550,1.0,3
5389,resnet50,350,1.0,6
5390,densenet161,750,1.0,7
5391,densenet161,350,0.472733213293796,5
5392,resnet18,750,1.0,2
5393,densenet161,550,0.8307012363387156,6
5394,efficientnetb1,939,1.0,3
5395,efficientnetb2,750,1.0,3
5396,resnet50,350,1.0,6
5397,densenet161,550,0.5735576563250782,5
5398,vgg19,939,1.0,15
5399,densenet161,939,0.2831929044634787,5
5400,efficientnetb1,939,1.0,3
5401,efficientnetb1,550,1.0,3
5402,vgg19,750,0.9936879963126718,15
5403,efficientnetb0,750,0.4450311925360435,5
5404,densenet121,939,0.4858756243316292,5
5405,resnet18,939,0.5358361217945573,1
5406,resnet18,939,1.0,2
5407,densenet121,750,0.6549577219091517,5
5408,resnet18,550,1.0,2
5409,densenet161,750,0.5067219862360387,5
5410,efficientnetb2,350,1.0,3
5411,densenet161,750,0.5067219862360387,5
5412,efficientnetb0,939,1.0,3
5413,resnet18,939,1.0,2
5414,densenet161,939,1.0,6
5415,efficientnetb0,750,1.0,3
5416,resnet18,939,1.0,2
5417,resnet50,350,1.0,6
5418,efficientnetb0,750,1.0,3
5419,efficientnetb0,550,1.0,3
5420,efficientnetb1,550,1.0,3
5421,densenet161,550,0.8307012363387156,6
5422,efficientnetb0,550,1.0,3
5423,densenet161,750,0.5067219862360387,5
5424,efficientnetb1,350,1.0,3
5425,efficientnetb1,550,1.0,3
5426,efficientnetb1,939,1.0,3
5427,resnet50,939,1.0,6
5428,efficientnetb2,550,1.0,3
5429,vgg19,750,0.9936879963126718,15
5430,resnet50,550,1.0,6
5431,efficientnetb1,939,1.0,3
5432,resnet50,350,1.0,6
5433,resnet50,550,1.0,6
5434,efficientnetb0,939,1.0,3
5435,efficientnetb0,550,1.0,3
5436,resnet18,750,1.0,2
5437,vgg19,350,0.9884623593775808,15
5438,efficientnetb2,750,1.0,3
5439,vgg19,350,1.0,16
5440,efficientnetb0,939,1.0,3
5441,efficientnetb2,750,1.0,3
5442,resnet50,350,1.0,6
5443,vgg19,350,0.4995659680915179,8
5444,densenet161,550,0.8307012363387156,6
5445,densenet161,550,0.5735576563250782,5
5446,efficientnetb2,750,1.0,3
5447,densenet161,350,0.472733213293796,5
5448,densenet161,750,0.5067219862360387,5
5449,efficientnetb1,550,1.0,3
5450,resnet50,750,0.8540914514899219,6
5451,densenet161,939,0.2831929044634787,5
5452,resnet18,550,1.0,2
5453,vgg19,939,0.9938700985656802,16
5454,resnet50,750,0.8540914514899219,6
5455,resnet18,750,1.0,2
5456,efficientnetb1,350,1.0,3
5457,efficientnetb1,350,1.0,3
5458,densenet121,550,0.6262433485833546,5
5459,efficientnetb2,350,1.0,3
5460,resnet50,750,0.8540914514899219,6
5461,efficientnetb2,750,1.0,3
5462,vgg19,550,1.0,15
5463,efficientnetb2,939,1.0,3
5464,efficientnetb0,550,0.7484594574197447,4
5465,efficientnetb1,350,1.0,3
5466,efficientnetb0,350,1.0,3
5467,efficientnetb1,550,1.0,3
5468,efficientnetb0,750,1.0,3
5469,efficientnetb1,939,1.0,3
5470,densenet161,939,0.2831929044634787,5
5471,resnet50,350,1.0,6
5472,efficientnetb2,750,1.0,3
5473,resnet50,550,1.0,6
5474,efficientnetb2,750,1.0,3
5475,densenet161,350,0.472733213293796,5
5476,resnet18,550,1.0,2
5477,densenet121,350,0.6263678162488967,5
5478,resnet18,550,1.0,2
5479,vgg19,350,1.0,16
5480,resnet50,350,1.0,6
5481,vgg19,750,0.9936879963126718,15
5482,efficientnetb0,550,1.0,3
5483,efficientnetb0,750,1.0,3
5484,densenet161,939,0.2831929044634787,5
5485,efficientnetb2,350,1.0,3
5486,densenet161,750,0.5067219862360387,5
5487,densenet161,350,0.7705044620574577,6
5488,efficientnetb0,350,1.0,3
5489,vgg19,350,0.9884623593775808,15
5490,resnet50,550,0.8501913432605966,5
5491,efficientnetb0,350,1.0,3
5492,vgg19,350,0.9884623593775808,15
5493,efficientnetb0,750,1.0,3
5494,densenet121,750,0.6549577219091517,5
5495,vgg19,750,0.9936879963126718,15
5496,densenet161,350,0.472733213293796,5
5497,densenet121,939,0.4858756243316292,5
5498,resnet50,939,1.0,6
5499,densenet161,750,0.7754817419817108,6
5500,efficientnetb1,550,1.0,3
5501,resnet50,550,1.0,6
5502,densenet121,939,0.4858756243316292,5
5503,densenet121,939,0.4858756243316292,5
5504,densenet121,750,1.0,6
5505,efficientnetb1,550,1.0,3
5506,resnet18,939,1.0,2
5507,efficientnetb0,939,1.0,3
5508,resnet50,750,0.8540914514899219,6
5509,efficientnetb2,750,1.0,3
5510,efficientnetb2,550,1.0,3
5511,densenet161,550,0.5735576563250782,5
5512,resnet50,939,1.0,6
5513,resnet18,350,0.9463184463728672,2
5514,densenet121,550,0.6262433485833546,5
5515,densenet121,750,0.6549577219091517,5
5516,densenet161,750,0.5067219862360387,5
5517,efficientnetb0,550,1.0,3
5518,efficientnetb1,750,1.0,3
5519,efficientnetb0,550,1.0,3
5520,vgg19,550,0.7603022178684953,17
5521,resnet50,750,0.692684175445151,7
5522,resnet18,750,1.0,2
5523,densenet161,550,0.5735576563250782,5
5524,densenet161,750,0.9225205659416632,8
5525,vgg19,750,1.0,16
5526,densenet121,350,0.6263678162488967,5
5527,efficientnetb2,750,0.6313792880026403,4
5528,efficientnetb2,939,1.0,3
5529,densenet161,939,0.2831929044634787,5
5530,resnet18,939,1.0,2
5531,densenet161,550,0.0323579521725776,2
5532,resnet50,350,1.0,6
5533,densenet161,939,0.2831929044634787,5
5534,vgg19,350,0.786298354089681,18
5535,densenet161,939,0.2831929044634787,5
5536,efficientnetb1,750,1.0,3
5537,efficientnetb1,550,0.2436659344100393,2
5538,vgg19,939,0.6821322371858641,10
5539,efficientnetb1,939,1.0,3
5540,vgg19,550,0.7603022178684953,17
5541,vgg19,939,1.0,15
5542,vgg19,350,0.9884623593775808,15
5543,resnet50,350,1.0,6
5544,resnet50,350,1.0,6
5545,efficientnetb2,939,1.0,3
5546,densenet121,939,0.4858756243316292,5
5547,densenet161,550,0.0323579521725776,2
5548,efficientnetb2,350,1.0,3
5549,resnet18,350,0.9463184463728672,2
5550,resnet50,550,1.0,6
5551,resnet18,550,1.0,2
5552,vgg19,939,1.0,15
5553,vgg19,750,0.5392519021115965,9
5554,vgg19,550,0.93432282209291,16
5555,vgg19,550,1.0,15
5556,densenet161,750,0.5067219862360387,5
5557,efficientnetb1,939,1.0,3
5558,resnet50,750,0.8540914514899219,6
5559,resnet50,350,0.8169515861153699,7
5560,efficientnetb2,550,1.0,3
5561,resnet50,939,1.0,6
5562,efficientnetb2,550,1.0,3
5563,densenet161,750,0.5067219862360387,5
5564,densenet161,750,0.5067219862360387,5
5565,resnet50,750,0.8540914514899219,6
5566,resnet50,350,1.0,6
5567,densenet121,939,0.4858756243316292,5
5568,vgg19,550,1.0,15
5569,resnet50,939,1.0,6
5570,resnet50,350,1.0,6
5571,resnet50,350,0.2365622217411404,3
5572,densenet121,550,1.0,6
5573,vgg19,750,1.0,16
5574,efficientnetb0,550,1.0,3
5575,densenet161,939,0.2831929044634787,5
5576,efficientnetb2,750,1.0,3
5577,efficientnetb0,750,1.0,3
5578,efficientnetb0,750,1.0,3
5579,efficientnetb1,939,1.0,3
5580,efficientnetb0,939,1.0,3
5581,vgg19,939,1.0,15
5582,efficientnetb0,350,1.0,3
5583,vgg19,939,0.7512707723562208,18
5584,efficientnetb0,550,0.5319033905566624,5
5585,efficientnetb2,750,1.0,3
5586,resnet50,750,0.5189759550817877,8
5587,densenet161,350,0.472733213293796,5
5588,resnet50,939,0.8017819857800019,7
5589,densenet121,939,0.4858756243316292,5
5590,efficientnetb2,750,1.0,3
5591,resnet18,550,1.0,2
5592,efficientnetb0,350,0.7221681243288518,4
5593,resnet50,350,1.0,6
5594,densenet161,350,0.472733213293796,5
5595,densenet121,550,0.6262433485833546,5
5596,efficientnetb2,939,1.0,3
5597,resnet50,350,1.0,6
5598,vgg19,750,0.9936879963126718,15
5599,resnet50,750,0.8540914514899219,6
5600,vgg19,939,1.0,15
5601,densenet161,350,0.0606109279047736,12
5602,densenet121,550,0.6262433485833546,5
5603,densenet121,939,1.0,6
5604,densenet121,750,0.6549577219091517,5
5605,efficientnetb0,939,1.0,3
5606,densenet121,550,0.6262433485833546,5
5607,densenet161,750,1.0,7
5608,efficientnetb2,350,1.0,3
5609,densenet161,550,0.5735576563250782,5
5610,resnet18,350,0.9463184463728672,2
5611,efficientnetb2,750,1.0,3
5612,efficientnetb2,350,1.0,3
5613,vgg19,939,1.0,15
5614,resnet50,939,1.0,6
5615,resnet50,939,0.8248723661787692,5
5616,densenet161,750,0.5067219862360387,5
5617,vgg19,350,1.0,16
5618,efficientnetb1,939,1.0,3
5619,densenet121,550,0.6262433485833546,5
5620,efficientnetb2,350,1.0,3
5621,efficientnetb0,750,1.0,3
5622,efficientnetb1,350,1.0,3
5623,vgg19,750,0.9936879963126718,15
5624,efficientnetb1,939,0.7039994792384792,4
5625,efficientnetb0,939,1.0,3
5626,efficientnetb2,750,1.0,3
5627,efficientnetb2,350,1.0,3
5628,resnet50,750,0.8540914514899219,6
5629,efficientnetb0,550,1.0,3
5630,resnet50,750,0.8540914514899219,6
5631,resnet18,350,0.5934360820487711,1
5632,resnet50,750,0.8540914514899219,6
5633,efficientnetb2,750,1.0,3
5634,efficientnetb0,939,1.0,3
5635,efficientnetb0,939,1.0,3
5636,resnet18,750,1.0,2
5637,vgg19,550,0.93699417819052,14
5638,efficientnetb0,939,1.0,3
5639,vgg19,350,0.786298354089681,18
5640,vgg19,550,1.0,15
5641,vgg19,550,0.93432282209291,16
5642,vgg19,750,0.9936879963126718,15
5643,resnet50,350,1.0,6
5644,efficientnetb2,939,1.0,3
5645,resnet50,939,1.0,6
5646,efficientnetb2,939,1.0,3
5647,densenet161,350,0.472733213293796,5
5648,efficientnetb1,350,1.0,3
5649,efficientnetb0,939,1.0,3
5650,efficientnetb2,350,0.65175093664593,4
5651,efficientnetb2,350,1.0,3
5652,resnet18,350,0.9463184463728672,2
5653,resnet50,350,1.0,6
5654,efficientnetb0,550,1.0,3
5655,resnet50,939,1.0,6
5656,efficientnetb0,350,0.7221681243288518,4
5657,efficientnetb2,550,0.7219694682129152,4
5658,resnet50,350,1.0,6
5659,densenet161,750,0.5067219862360387,5
5660,efficientnetb0,550,1.0,3
5661,vgg19,350,1.0,16
5662,resnet50,350,1.0,6
5663,resnet18,750,1.0,2
5664,densenet121,750,0.6549577219091517,5
5665,densenet121,939,0.4858756243316292,5
5666,efficientnetb1,939,1.0,3
5667,densenet161,550,0.8307012363387156,6
5668,efficientnetb0,939,1.0,3
5669,vgg19,939,0.7537426666757167,12
5670,densenet161,550,0.5735576563250782,5
5671,densenet161,350,0.472733213293796,5
5672,resnet18,750,1.0,2
5673,resnet18,939,1.0,2
5674,resnet50,750,0.8540914514899219,6
5675,vgg19,939,0.3144631067328258,6
5676,resnet50,350,1.0,6
5677,vgg19,550,1.0,15
5678,efficientnetb0,750,1.0,3
5679,resnet50,939,0.8017819857800019,7
5680,densenet161,350,0.472733213293796,5
5681,vgg19,550,0.93432282209291,16
5682,densenet161,350,0.472733213293796,5
5683,efficientnetb0,939,0.6801221238861833,4
5684,efficientnetb0,750,1.0,3
5685,efficientnetb0,350,1.0,3
5686,efficientnetb1,939,1.0,3
5687,efficientnetb0,939,1.0,3
5688,densenet161,750,0.7754817419817108,6
5689,efficientnetb2,550,1.0,3
5690,efficientnetb0,939,1.0,3
5691,efficientnetb2,550,1.0,3
5692,efficientnetb1,750,1.0,3
5693,resnet50,350,1.0,6
5694,efficientnetb0,350,1.0,3
5695,efficientnetb0,750,1.0,3
5696,vgg19,550,0.93432282209291,16
5697,efficientnetb1,550,1.0,3
5698,efficientnetb0,750,1.0,3
5699,efficientnetb1,939,1.0,3
5700,efficientnetb0,750,0.221102352041803,2
5701,resnet18,939,1.0,2
5702,vgg19,750,0.9936879963126718,15
5703,resnet50,350,0.8169515861153699,7
5704,resnet50,939,1.0,6
5705,resnet18,939,1.0,2
5706,densenet161,550,0.5735576563250782,5
5707,efficientnetb2,939,1.0,3
5708,vgg19,550,1.0,15
5709,densenet161,550,0.5735576563250782,5
5710,efficientnetb0,750,1.0,3
5711,densenet161,550,0.5735576563250782,5
5712,vgg19,939,1.0,15
5713,resnet18,939,1.0,2
5714,efficientnetb0,750,1.0,3
5715,efficientnetb2,939,1.0,3
5716,densenet121,350,0.6263678162488967,5
5717,efficientnetb0,350,1.0,3
5718,densenet121,939,0.4858756243316292,5
5719,densenet121,350,1.0,6
5720,efficientnetb2,350,1.0,3
5721,efficientnetb2,939,1.0,3
5722,densenet161,939,1.0,6
5723,vgg19,350,1.0,16
5724,densenet161,350,0.472733213293796,5
5725,efficientnetb0,350,1.0,3
5726,efficientnetb0,750,1.0,3
5727,efficientnetb2,350,1.0,3
5728,densenet121,550,0.6262433485833546,5
5729,resnet50,550,1.0,6
5730,resnet18,939,1.0,2
5731,densenet161,350,0.472733213293796,5
5732,efficientnetb1,350,1.0,3
5733,resnet18,750,1.0,2
5734,efficientnetb2,550,1.0,3
5735,efficientnetb1,939,1.0,3
5736,densenet161,750,0.5067219862360387,5
5737,vgg19,939,1.0,15
5738,efficientnetb0,550,1.0,3
5739,efficientnetb0,939,1.0,3
5740,efficientnetb1,939,1.0,3
5741,resnet50,550,1.0,6
5742,vgg19,939,0.9322438807363724,13
5743,resnet50,750,0.8540914514899219,6
5744,resnet50,939,1.0,6
5745,densenet121,350,0.6263678162488967,5
5746,densenet121,550,0.6262433485833546,5
5747,resnet50,750,0.8540914514899219,6
5748,resnet50,550,1.0,6
5749,vgg19,550,1.0,15
5750,resnet50,750,0.8540914514899219,6
5751,efficientnetb0,939,1.0,3
5752,efficientnetb1,550,1.0,3
5753,vgg19,550,0.3992057636441661,5
5754,resnet50,350,1.0,6
5755,vgg19,350,0.9884623593775808,15
5756,resnet50,939,1.0,6
5757,resnet50,750,0.8540914514899219,6
5758,efficientnetb1,939,1.0,3
5759,efficientnetb2,939,0.6509085704414946,4
5760,resnet50,750,0.692684175445151,7
5761,densenet121,939,0.4858756243316292,5
5762,resnet50,550,1.0,6
5763,efficientnetb0,350,1.0,3
5764,efficientnetb1,350,1.0,3
5765,efficientnetb2,350,1.0,3
5766,efficientnetb0,550,0.7484594574197447,4
5767,efficientnetb1,750,1.0,3
5768,resnet50,750,0.8540914514899219,6
5769,resnet50,939,1.0,6
5770,efficientnetb2,939,1.0,3
5771,resnet50,939,1.0,6
5772,efficientnetb1,550,1.0,3
5773,efficientnetb1,550,1.0,3
5774,densenet161,939,0.2831929044634787,5
5775,efficientnetb1,750,1.0,3
5776,vgg19,550,1.0,15
5777,densenet161,350,0.472733213293796,5
5778,efficientnetb2,550,1.0,3
5779,resnet18,350,0.9463184463728672,2
5780,efficientnetb1,350,1.0,3
5781,densenet161,350,0.472733213293796,5
5782,vgg19,750,0.9936879963126718,15
5783,resnet18,939,1.0,2
5784,efficientnetb0,939,0.6801221238861833,4
5785,resnet18,350,0.9463184463728672,2
5786,resnet50,550,1.0,6
5787,efficientnetb0,939,1.0,3
5788,resnet50,550,1.0,6
5789,efficientnetb0,550,1.0,3
5790,densenet161,750,0.5067219862360387,5
5791,efficientnetb2,939,1.0,3
5792,densenet121,939,0.4858756243316292,5
5793,resnet50,550,1.0,6
5794,resnet50,350,1.0,6
5795,resnet18,350,0.9463184463728672,2
5796,densenet121,550,0.6262433485833546,5
5797,vgg19,939,1.0,15
5798,efficientnetb1,750,1.0,3
5799,resnet50,939,1.0,6
5800,densenet161,939,0.2831929044634787,5
5801,efficientnetb1,550,1.0,3
5802,efficientnetb0,550,1.0,3
5803,resnet18,939,1.0,2
5804,densenet161,939,0.2831929044634787,5
5805,resnet18,939,1.0,2
5806,resnet50,550,0.106889737057666,2
5807,resnet18,750,1.0,2
5808,efficientnetb2,350,1.0,3
5809,densenet121,939,0.4858756243316292,5
5810,resnet50,750,0.8540914514899219,6
5811,efficientnetb1,939,1.0,3
5812,resnet50,550,1.0,6
5813,vgg19,350,0.9884623593775808,15
5814,efficientnetb1,550,1.0,3
5815,efficientnetb1,939,1.0,3
5816,resnet18,750,1.0,2
5817,densenet161,750,0.5067219862360387,5
5818,efficientnetb0,939,1.0,3
5819,resnet18,939,1.0,2
5820,efficientnetb0,750,1.0,3
5821,densenet121,550,0.6262433485833546,5
5822,resnet18,939,1.0,2
5823,efficientnetb2,750,1.0,3
5824,densenet121,939,0.4858756243316292,5
5825,densenet161,550,0.5735576563250782,5
5826,vgg19,550,1.0,15
5827,resnet18,939,1.0,2
5828,efficientnetb2,939,1.0,3
5829,resnet18,550,1.0,2
5830,resnet50,350,1.0,6
5831,efficientnetb2,350,1.0,3
5832,resnet50,350,1.0,6
5833,efficientnetb0,350,1.0,3
5834,efficientnetb1,350,1.0,3
5835,efficientnetb2,550,1.0,3
5836,efficientnetb1,939,1.0,3
5837,resnet18,550,1.0,2
5838,efficientnetb2,939,1.0,3
5839,efficientnetb1,750,1.0,3
5840,efficientnetb0,550,1.0,3
5841,densenet121,550,0.5224277109043235,7
5842,resnet50,350,1.0,6
5843,densenet161,750,0.7754817419817108,6
5844,efficientnetb2,550,1.0,3
5845,efficientnetb0,939,1.0,3
5846,vgg19,939,1.0,15
5847,efficientnetb0,750,1.0,3
5848,vgg19,750,0.7555996769548718,17
5849,efficientnetb1,350,1.0,3
5850,densenet121,550,0.6262433485833546,5
5851,efficientnetb0,939,1.0,3
5852,densenet121,939,0.4858756243316292,5
5853,densenet121,939,0.4858756243316292,5
5854,efficientnetb2,550,1.0,3
5855,densenet121,550,0.6262433485833546,5
5856,resnet50,550,1.0,6
5857,densenet121,350,1.0,6
5858,densenet161,750,0.5067219862360387,5
5859,vgg19,750,0.9936879963126718,15
5860,resnet50,350,1.0,6
5861,densenet121,750,0.6549577219091517,5
5862,densenet121,939,0.4858756243316292,5
5863,densenet161,939,0.9380901386244868,8
5864,efficientnetb2,939,1.0,3
5865,resnet50,939,1.0,6
5866,resnet50,550,1.0,6
5867,efficientnetb2,939,1.0,3
5868,densenet121,939,0.4858756243316292,5
5869,efficientnetb1,350,1.0,3
5870,densenet121,939,0.4858756243316292,5
5871,densenet161,350,0.9422217589427628,7
5872,resnet18,939,1.0,2
5873,densenet121,350,0.6263678162488967,5
5874,densenet161,939,1.0,6
5875,densenet121,750,0.0357436179754728,3
5876,densenet161,550,0.084152532251803,12
5877,resnet50,550,1.0,6
5878,densenet161,350,0.9422217589427628,7
5879,densenet161,750,1.0,7
5880,resnet18,939,1.0,2
5881,densenet161,350,0.472733213293796,5
5882,efficientnetb0,550,1.0,3
5883,resnet18,550,0.9649971314956884,3
5884,efficientnetb2,750,1.0,3
5885,vgg19,939,1.0,15
5886,densenet161,350,0.472733213293796,5
5887,densenet161,750,1.0,7
5888,resnet18,550,1.0,2
5889,efficientnetb1,939,0.7039994792384792,4
5890,resnet18,750,1.0,2
5891,resnet18,750,1.0,2
5892,resnet18,350,0.9463184463728672,2
5893,vgg19,550,1.0,15
5894,resnet50,350,1.0,6
5895,vgg19,939,1.0,15
5896,resnet50,550,1.0,6
5897,efficientnetb2,750,1.0,3
5898,resnet18,550,1.0,2
5899,densenet121,750,0.6549577219091517,5
5900,densenet161,939,0.2831929044634787,5
5901,resnet18,939,1.0,2
5902,densenet161,350,0.472733213293796,5
5903,efficientnetb2,939,1.0,3
5904,resnet50,939,1.0,6
5905,efficientnetb0,550,1.0,3
5906,efficientnetb1,939,1.0,3
5907,efficientnetb2,550,1.0,3
5908,densenet121,550,0.6262433485833546,5
5909,densenet121,939,0.4858756243316292,5
5910,efficientnetb2,550,1.0,3
5911,efficientnetb0,550,0.7484594574197447,4
5912,densenet121,350,0.6263678162488967,5
5913,densenet121,750,0.6549577219091517,5
5914,resnet50,550,1.0,6
5915,resnet18,750,1.0,2
5916,efficientnetb2,750,1.0,3
5917,efficientnetb0,750,1.0,3
5918,efficientnetb1,350,1.0,3
5919,efficientnetb1,550,1.0,3
5920,efficientnetb0,939,1.0,3
5921,densenet161,350,0.472733213293796,5
5922,efficientnetb2,550,1.0,3
5923,efficientnetb2,550,1.0,3
5924,efficientnetb2,750,1.0,3
5925,efficientnetb0,350,1.0,3
5926,efficientnetb2,939,1.0,3
5927,vgg19,939,1.0,15
5928,densenet121,550,0.6262433485833546,5
5929,densenet121,550,0.6262433485833546,5
5930,resnet50,350,1.0,6
5931,densenet121,350,1.0,6
5932,densenet121,350,0.6263678162488967,5
5933,efficientnetb2,550,1.0,3
5934,resnet50,350,0.8830285561177872,5
5935,resnet50,939,1.0,6
5936,efficientnetb2,750,1.0,3
5937,efficientnetb2,350,1.0,3
5938,resnet50,550,1.0,6
5939,efficientnetb0,750,1.0,3
5940,resnet50,939,1.0,6
5941,densenet161,939,0.2831929044634787,5
5942,efficientnetb1,350,1.0,3
5943,efficientnetb0,350,1.0,3
5944,densenet121,939,0.4858756243316292,5
5945,resnet18,939,1.0,2
5946,resnet18,939,1.0,2
5947,efficientnetb1,750,1.0,3
5948,efficientnetb2,350,1.0,3
5949,densenet121,350,0.6263678162488967,5
5950,vgg19,350,0.9884623593775808,15
5951,resnet18,750,0.5563161859691826,1
5952,resnet50,939,1.0,6
5953,resnet18,550,1.0,2
5954,efficientnetb1,750,1.0,3
5955,efficientnetb1,750,1.0,3
5956,efficientnetb1,550,1.0,3
5957,vgg19,750,0.9936879963126718,15
5958,vgg19,550,0.93432282209291,16
5959,efficientnetb0,939,1.0,3
5960,resnet18,750,1.0,2
5961,efficientnetb2,939,1.0,3
5962,efficientnetb2,550,1.0,3
5963,efficientnetb1,550,1.0,3
5964,vgg19,350,0.9884623593775808,15
5965,resnet50,750,0.8540914514899219,6
5966,efficientnetb2,550,1.0,3
5967,vgg19,550,1.0,15
5968,vgg19,350,0.9654136477619172,14
5969,efficientnetb1,750,1.0,3
5970,efficientnetb1,939,1.0,3
5971,efficientnetb1,550,1.0,3
5972,densenet161,550,1.0,7
5973,efficientnetb0,550,1.0,3
5974,efficientnetb0,939,1.0,3
5975,efficientnetb2,939,1.0,3
5976,resnet18,750,1.0,2
5977,efficientnetb1,750,1.0,3
5978,efficientnetb0,939,1.0,3
5979,efficientnetb0,939,1.0,3
5980,efficientnetb0,939,1.0,3
5981,efficientnetb0,750,1.0,3
5982,resnet18,750,1.0,2
5983,efficientnetb1,350,0.0,1
5984,efficientnetb2,550,1.0,3
5985,densenet121,750,0.6549577219091517,5
5986,densenet161,939,0.2831929044634787,5
5987,efficientnetb0,350,0.7221681243288518,4
5988,vgg19,939,1.0,15
5989,vgg19,939,1.0,15
5990,efficientnetb0,750,1.0,3
5991,vgg19,350,0.9884623593775808,15
5992,efficientnetb1,550,1.0,3
5993,efficientnetb0,939,1.0,3
5994,vgg19,939,1.0,15
5995,resnet50,350,1.0,6
5996,resnet18,750,1.0,2
5997,efficientnetb0,550,1.0,3
5998,efficientnetb0,550,1.0,3
5999,densenet121,939,0.4858756243316292,5
6000,efficientnetb1,550,1.0,3
6001,resnet18,750,1.0,2
6002,densenet121,350,0.6263678162488967,5
6003,vgg19,350,1.0,16
6004,resnet18,350,0.9463184463728672,2
6005,resnet18,750,1.0,2
6006,efficientnetb2,550,1.0,3
6007,vgg19,750,0.9936879963126718,15
6008,densenet121,939,0.4858756243316292,5
6009,efficientnetb2,350,1.0,3
6010,efficientnetb2,939,1.0,3
6011,efficientnetb0,939,1.0,3
6012,efficientnetb2,550,1.0,3
6013,vgg19,550,1.0,15
6014,efficientnetb1,350,1.0,3
6015,efficientnetb0,750,1.0,3
6016,resnet50,750,0.8540914514899219,6
6017,densenet161,350,0.0606109279047736,12
6018,resnet18,750,1.0,2
6019,efficientnetb1,550,0.6878389778024664,4
6020,vgg19,939,1.0,15
6021,efficientnetb0,750,1.0,3
6022,vgg19,350,0.9884623593775808,15
6023,vgg19,550,0.93432282209291,16
6024,efficientnetb1,350,1.0,3
6025,efficientnetb0,750,1.0,3
6026,resnet18,350,1.0,3
6027,resnet18,750,1.0,2
6028,efficientnetb0,350,1.0,3
6029,densenet161,939,0.2831929044634787,5
6030,vgg19,350,0.9884623593775808,15
6031,densenet121,350,0.6263678162488967,5
6032,densenet161,550,0.0323579521725776,2
6033,efficientnetb2,750,1.0,3
6034,vgg19,350,0.9884623593775808,15
6035,resnet18,350,0.9463184463728672,2
6036,efficientnetb2,939,0.6509085704414946,4
6037,efficientnetb2,939,1.0,3
6038,efficientnetb2,750,0.1857252749278613,2
6039,efficientnetb2,550,1.0,3
6040,efficientnetb1,750,1.0,3
6041,efficientnetb0,939,1.0,3
6042,resnet18,350,0.9463184463728672,2
6043,efficientnetb2,750,1.0,3
6044,efficientnetb2,939,1.0,3
6045,resnet50,939,1.0,6
6046,efficientnetb2,550,1.0,3
6047,resnet18,750,1.0,2
6048,vgg19,350,0.9884623593775808,15
6049,efficientnetb1,350,1.0,3
6050,densenet161,750,0.5067219862360387,5
6051,efficientnetb1,939,1.0,3
6052,vgg19,939,1.0,15
6053,resnet18,750,1.0,2
6054,resnet50,550,1.0,6
6055,densenet161,750,0.5067219862360387,5
6056,vgg19,550,1.0,15
6057,vgg19,550,1.0,15
6058,densenet161,939,0.2831929044634787,5
6059,resnet50,750,0.8540914514899219,6
6060,vgg19,550,1.0,15
6061,efficientnetb2,750,1.0,3
6062,densenet121,350,0.6263678162488967,5
6063,vgg19,550,0.7412152580816892,11
6064,resnet18,550,1.0,2
6065,densenet161,350,0.472733213293796,5
6066,resnet50,939,1.0,6
6067,efficientnetb2,939,1.0,3
6068,resnet50,350,1.0,6
6069,densenet161,350,0.472733213293796,5
6070,resnet50,350,1.0,6
6071,efficientnetb0,350,0.4626689598236604,5
6072,resnet18,350,0.9463184463728672,2
6073,resnet18,550,1.0,2
6074,densenet121,750,0.6549577219091517,5
6075,vgg19,750,1.0,16
6076,efficientnetb1,939,1.0,3
6077,resnet50,750,0.8540914514899219,6
6078,densenet161,350,0.472733213293796,5
6079,densenet121,939,0.4858756243316292,5
6080,densenet161,750,1.0,7
6081,resnet18,939,1.0,2
6082,densenet161,939,1.0,6
6083,densenet121,350,0.5134540759121593,7
6084,efficientnetb2,550,0.0,1
6085,efficientnetb0,750,1.0,3
6086,densenet121,750,0.6549577219091517,5
6087,efficientnetb0,550,1.0,3
6088,resnet50,939,1.0,6
6089,densenet161,350,0.472733213293796,5
6090,resnet18,750,1.0,2
6091,vgg19,939,1.0,15
6092,resnet50,550,1.0,6
6093,densenet161,750,0.5067219862360387,5
6094,efficientnetb0,550,1.0,3
6095,vgg19,939,1.0,15
6096,efficientnetb0,750,1.0,3
6097,efficientnetb0,550,1.0,3
6098,resnet50,939,1.0,6
6099,efficientnetb1,939,1.0,3
6100,densenet121,550,0.6262433485833546,5
6101,efficientnetb1,350,1.0,3
6102,resnet50,550,0.4611472962789475,4
6103,densenet121,939,0.4858756243316292,5
6104,resnet50,350,1.0,6
6105,resnet50,550,1.0,6
6106,densenet121,350,0.6263678162488967,5
6107,densenet121,350,0.6263678162488967,5
6108,densenet161,350,0.7705044620574577,6
6109,densenet161,939,0.8028649279588222,7
6110,vgg19,550,1.0,15
6111,vgg19,939,1.0,15
6112,densenet161,939,1.0,6
6113,efficientnetb0,350,1.0,3
6114,resnet18,939,1.0,2
6115,densenet161,939,0.2831929044634787,5
6116,resnet18,750,1.0,2
6117,efficientnetb0,939,1.0,3
6118,resnet18,750,1.0,2
6119,efficientnetb2,550,1.0,3
6120,densenet121,750,0.6549577219091517,5
6121,resnet18,939,1.0,2
6122,efficientnetb0,750,1.0,3
6123,densenet121,550,0.6262433485833546,5
6124,resnet18,939,1.0,2
6125,densenet161,550,0.0323579521725776,2
6126,efficientnetb1,350,1.0,3
6127,efficientnetb0,350,1.0,3
6128,efficientnetb0,350,1.0,3
6129,densenet161,350,0.472733213293796,5
6130,efficientnetb1,350,1.0,3
6131,densenet121,550,0.6262433485833546,5
6132,efficientnetb1,350,1.0,3
6133,densenet161,939,0.8028649279588222,7
6134,densenet121,939,0.4858756243316292,5
6135,densenet121,550,0.6262433485833546,5
6136,efficientnetb1,350,1.0,3
6137,densenet121,550,0.6262433485833546,5
6138,efficientnetb2,939,1.0,3
6139,efficientnetb0,939,1.0,3
6140,densenet161,350,0.0606109279047736,12
6141,efficientnetb2,750,0.6313792880026403,4
6142,resnet18,750,1.0,2
6143,efficientnetb1,550,1.0,3
6144,resnet50,750,0.692684175445151,7
6145,efficientnetb0,750,1.0,3
6146,densenet161,939,0.0601439006764898,1
6147,densenet161,750,0.7754817419817108,6
6148,resnet50,350,1.0,6
6149,resnet50,939,1.0,6
6150,vgg19,350,0.063159932094785,4
6151,densenet161,750,0.5067219862360387,5
6152,efficientnetb0,550,0.7484594574197447,4
6153,densenet121,350,0.6263678162488967,5
6154,densenet121,750,0.6549577219091517,5
6155,resnet18,550,1.0,2
6156,efficientnetb2,350,1.0,3
6157,resnet50,750,0.8540914514899219,6
6158,efficientnetb1,350,1.0,3
6159,efficientnetb0,750,1.0,3
6160,densenet121,750,0.6549577219091517,5
6161,efficientnetb0,550,1.0,3
6162,vgg19,350,0.9884623593775808,15
6163,vgg19,550,1.0,15
6164,resnet50,750,0.8540914514899219,6
6165,efficientnetb0,550,1.0,3
6166,resnet50,350,1.0,6
6167,vgg19,939,1.0,15
6168,efficientnetb1,350,1.0,3
6169,vgg19,939,1.0,15
6170,densenet121,350,0.6263678162488967,5
6171,efficientnetb1,550,1.0,3
6172,resnet50,350,1.0,6
6173,resnet18,550,1.0,2
6174,resnet18,750,1.0,2
6175,densenet121,939,0.4858756243316292,5
6176,densenet121,939,0.4858756243316292,5
6177,vgg19,939,1.0,15
6178,efficientnetb2,939,1.0,3
6179,densenet121,939,0.4858756243316292,5
6180,vgg19,750,0.9936879963126718,15
6181,densenet161,350,0.0606109279047736,12
6182,efficientnetb0,939,1.0,3
6183,efficientnetb1,550,1.0,3
6184,densenet161,550,1.0,7
6185,vgg19,750,0.9936879963126718,15
6186,densenet121,939,0.4858756243316292,5
6187,efficientnetb0,350,1.0,3
6188,efficientnetb2,350,1.0,3
6189,densenet161,350,0.472733213293796,5
6190,resnet18,750,1.0,2
6191,densenet121,350,0.6263678162488967,5
6192,densenet161,750,0.5067219862360387,5
6193,efficientnetb1,939,0.4873612700075253,5
6194,vgg19,350,0.786298354089681,18
6195,densenet161,350,0.0606109279047736,12
6196,resnet50,350,1.0,6
6197,vgg19,750,0.9936879963126718,15
6198,resnet50,750,0.692684175445151,7
6199,densenet121,939,0.4858756243316292,5
6200,efficientnetb1,939,1.0,3
6201,densenet121,550,0.6262433485833546,5
6202,densenet161,550,0.8307012363387156,6
6203,vgg19,350,0.9884623593775808,15
6204,resnet50,350,1.0,6
6205,efficientnetb2,350,1.0,3
6206,resnet18,550,1.0,2
6207,densenet121,750,0.6549577219091517,5
6208,resnet50,750,0.8540914514899219,6
6209,efficientnetb2,939,1.0,3
6210,densenet121,939,0.4858756243316292,5
6211,efficientnetb2,939,1.0,3
6212,vgg19,750,1.0,16
6213,densenet161,350,0.472733213293796,5
6214,efficientnetb0,939,1.0,3
6215,efficientnetb2,939,1.0,3
6216,efficientnetb2,939,1.0,3
6217,resnet50,939,1.0,6
6218,efficientnetb1,750,1.0,3
6219,densenet161,750,0.5067219862360387,5
6220,resnet18,939,1.0,2
6221,vgg19,750,0.9936879963126718,15
6222,resnet18,350,0.9463184463728672,2
6223,resnet18,350,0.9463184463728672,2
6224,densenet161,939,0.8028649279588222,7
6225,vgg19,939,1.0,15
6226,vgg19,550,1.0,15
6227,resnet50,350,0.8169515861153699,7
6228,efficientnetb2,939,0.2064582521296088,2
6229,efficientnetb2,750,1.0,3
6230,resnet18,750,1.0,2
6231,resnet18,550,1.0,2
6232,efficientnetb2,750,1.0,3
6233,vgg19,350,0.7874284582909132,17
6234,resnet50,939,0.8248723661787692,5
6235,efficientnetb0,939,1.0,3
6236,efficientnetb1,939,1.0,3
6237,resnet50,939,1.0,6
6238,efficientnetb1,750,1.0,3
6239,efficientnetb1,550,1.0,3
6240,resnet18,350,0.9463184463728672,2
6241,vgg19,750,0.9936879963126718,15
6242,efficientnetb1,550,1.0,3
6243,efficientnetb1,550,1.0,3
6244,densenet121,750,0.6549577219091517,5
6245,vgg19,750,0.9936879963126718,15
6246,efficientnetb0,350,1.0,3
6247,efficientnetb0,939,1.0,3
6248,resnet50,550,1.0,6
6249,vgg19,550,1.0,15
6250,vgg19,939,1.0,15
6251,efficientnetb2,939,0.4515770715118704,5
6252,resnet50,550,1.0,6
6253,densenet121,550,0.6262433485833546,5
6254,efficientnetb1,750,1.0,3
6255,vgg19,750,0.9936879963126718,15
6256,densenet161,939,0.2611850784190904,12
6257,densenet161,550,0.5735576563250782,5
6258,efficientnetb0,350,1.0,3
6259,resnet50,939,0.8017819857800019,7
6260,densenet161,939,0.2831929044634787,5
6261,resnet50,550,1.0,6
6262,efficientnetb1,939,1.0,3
6263,densenet121,750,0.0,1
6264,resnet50,350,1.0,6
6265,vgg19,750,0.9936879963126718,15
6266,densenet161,350,0.472733213293796,5
6267,efficientnetb1,550,1.0,3
6268,resnet50,350,1.0,6
6269,efficientnetb1,550,1.0,3
6270,densenet121,939,0.4858756243316292,5
6271,densenet161,750,1.0,7
6272,efficientnetb1,350,1.0,3
6273,densenet121,750,0.6549577219091517,5
6274,resnet18,550,0.5341577662577371,1
6275,efficientnetb0,550,0.7484594574197447,4
6276,vgg19,939,1.0,15
6277,densenet121,350,0.6263678162488967,5
6278,efficientnetb0,750,1.0,3
6279,densenet161,550,0.5735576563250782,5
6280,efficientnetb2,939,1.0,3
6281,resnet50,550,1.0,6
6282,efficientnetb2,939,1.0,3
6283,resnet18,350,0.9463184463728672,2
6284,densenet121,550,0.6262433485833546,5
6285,densenet121,550,0.6262433485833546,5
6286,densenet121,550,0.6262433485833546,5
6287,efficientnetb0,939,1.0,3
6288,vgg19,550,0.9153142027929496,13
6289,efficientnetb2,939,1.0,3
6290,efficientnetb1,939,0.7039994792384792,4
6291,densenet121,750,0.6549577219091517,5
6292,vgg19,550,0.9153142027929496,13
6293,efficientnetb1,550,1.0,3
6294,efficientnetb2,350,1.0,3
6295,efficientnetb0,350,1.0,3
6296,resnet18,350,0.9463184463728672,2
6297,densenet161,550,0.5735576563250782,5
6298,efficientnetb0,750,1.0,3
6299,resnet18,939,1.0,2
6300,densenet121,350,0.6263678162488967,5
6301,resnet50,750,0.8540914514899219,6
6302,efficientnetb2,350,1.0,3
6303,densenet121,750,0.6549577219091517,5
6304,efficientnetb1,350,1.0,3
6305,densenet161,939,0.2831929044634787,5
6306,densenet161,550,0.5735576563250782,5
6307,efficientnetb2,350,1.0,3
6308,efficientnetb0,939,1.0,3
6309,efficientnetb1,750,1.0,3
6310,densenet161,550,0.5735576563250782,5
6311,densenet121,750,0.6549577219091517,5
6312,efficientnetb2,550,1.0,3
6313,vgg19,750,0.9936879963126718,15
6314,vgg19,750,0.9936879963126718,15
6315,efficientnetb1,350,1.0,3
6316,efficientnetb0,350,1.0,3
6317,densenet161,939,0.2831929044634787,5
6318,efficientnetb2,350,1.0,3
6319,resnet18,550,1.0,2
6320,efficientnetb1,350,1.0,3
6321,resnet50,350,1.0,6
6322,resnet18,550,0.9649971314956884,3
6323,resnet50,939,1.0,6
6324,efficientnetb2,550,0.7219694682129152,4
6325,efficientnetb0,350,1.0,3
6326,vgg19,550,1.0,15
6327,resnet18,550,1.0,2
6328,densenet121,550,0.6262433485833546,5
6329,efficientnetb2,550,1.0,3
6330,vgg19,350,0.3670248005033085,6
6331,resnet18,350,0.9463184463728672,2
6332,resnet50,750,0.8540914514899219,6
6333,efficientnetb0,350,0.2601845258832877,2
6334,vgg19,550,1.0,15
6335,resnet18,939,1.0,2
6336,densenet121,939,0.4858756243316292,5
6337,vgg19,550,0.9153142027929496,13
6338,efficientnetb0,939,1.0,3
6339,vgg19,550,0.9153142027929496,13
6340,resnet18,350,0.9463184463728672,2
6341,efficientnetb1,750,1.0,3
6342,efficientnetb1,750,1.0,3
6343,densenet161,939,0.2831929044634787,5
6344,densenet161,550,0.5735576563250782,5
6345,densenet161,550,0.5735576563250782,5
6346,efficientnetb2,750,1.0,3
6347,vgg19,550,1.0,15
6348,densenet121,550,0.6262433485833546,5
6349,efficientnetb0,939,1.0,3
6350,efficientnetb1,750,1.0,3
6351,efficientnetb2,350,1.0,3
6352,resnet18,939,1.0,2
6353,efficientnetb1,939,1.0,3
6354,resnet18,550,1.0,2
6355,densenet161,750,0.7754817419817108,6
6356,densenet161,550,0.5735576563250782,5
6357,efficientnetb1,550,1.0,3
6358,resnet18,939,1.0,2
6359,vgg19,550,1.0,15
6360,vgg19,939,1.0,15
6361,efficientnetb0,550,1.0,3
6362,resnet50,750,0.8540914514899219,6
6363,resnet50,939,1.0,6
6364,efficientnetb1,939,1.0,3
6365,vgg19,550,0.9153142027929496,13
6366,efficientnetb0,550,1.0,3
6367,densenet161,350,0.0195835026890192,2
6368,densenet161,750,0.5067219862360387,5
6369,resnet18,550,1.0,2
6370,densenet121,550,0.6262433485833546,5
6371,efficientnetb1,939,1.0,3
6372,densenet161,939,0.2831929044634787,5
6373,efficientnetb1,350,1.0,3
6374,densenet121,750,0.6549577219091517,5
6375,densenet161,939,0.9380901386244868,8
6376,resnet18,350,0.9463184463728672,2
6377,vgg19,550,1.0,15
6378,resnet50,350,1.0,6
6379,resnet50,350,0.8830285561177872,5
6380,resnet50,750,0.8540914514899219,6
6381,vgg19,350,0.9884623593775808,15
6382,densenet161,939,0.8028649279588222,7
6383,resnet18,750,1.0,2
6384,vgg19,750,0.9636492577949504,13
6385,vgg19,550,1.0,15
6386,resnet18,939,1.0,2
6387,densenet161,939,0.2831929044634787,5
6388,densenet161,939,1.0,6
6389,efficientnetb2,939,1.0,3
6390,efficientnetb1,350,1.0,3
6391,resnet50,939,1.0,6
6392,densenet121,939,0.4858756243316292,5
6393,densenet121,750,0.6549577219091517,5
6394,resnet18,750,1.0,2
6395,densenet121,750,0.6549577219091517,5
6396,densenet121,350,0.6263678162488967,5
6397,resnet18,550,1.0,2
6398,densenet121,350,0.6263678162488967,5
6399,efficientnetb1,750,1.0,3
6400,vgg19,750,0.9936879963126718,15
6401,densenet121,550,0.6262433485833546,5
6402,resnet50,550,0.8501913432605966,5
6403,densenet121,939,0.4858756243316292,5
6404,densenet121,750,0.6549577219091517,5
6405,resnet18,350,0.9463184463728672,2
6406,densenet121,939,0.4858756243316292,5
6407,efficientnetb0,550,1.0,3
6408,efficientnetb2,750,1.0,3
6409,densenet121,750,0.6549577219091517,5
6410,vgg19,750,0.9636492577949504,13
6411,resnet50,350,1.0,6
6412,densenet161,750,0.7754817419817108,6
6413,densenet121,350,0.6263678162488967,5
6414,densenet121,939,0.4858756243316292,5
6415,efficientnetb0,750,1.0,3
6416,efficientnetb0,939,1.0,3
6417,efficientnetb2,750,1.0,3
6418,resnet18,750,1.0,2
6419,efficientnetb0,750,1.0,3
6420,efficientnetb1,350,1.0,3
6421,densenet161,750,1.0,7
6422,resnet50,350,1.0,6
6423,densenet161,750,0.0408796516625536,12
6424,efficientnetb0,750,1.0,3
6425,densenet161,939,0.2831929044634787,5
6426,efficientnetb2,550,1.0,3
6427,resnet18,350,0.9463184463728672,2
6428,efficientnetb0,350,1.0,3
6429,resnet50,939,1.0,6
6430,vgg19,550,0.9153142027929496,13
6431,resnet50,350,1.0,6
6432,densenet121,350,1.0,6
6433,efficientnetb2,550,1.0,3
6434,resnet18,550,1.0,2
6435,efficientnetb0,550,1.0,3
6436,efficientnetb0,550,0.7484594574197447,4
6437,resnet18,550,1.0,2
6438,efficientnetb1,939,1.0,3
6439,vgg19,550,0.93432282209291,16
6440,efficientnetb2,350,1.0,3
6441,densenet121,939,0.4858756243316292,5
6442,resnet50,350,1.0,6
6443,efficientnetb2,939,1.0,3
6444,resnet18,939,1.0,2
6445,vgg19,550,1.0,15
6446,efficientnetb2,939,1.0,3
6447,efficientnetb1,350,1.0,3
6448,resnet18,750,1.0,2
6449,densenet121,350,0.6263678162488967,5
6450,densenet161,750,0.5067219862360387,5
6451,resnet50,939,1.0,6
6452,efficientnetb1,939,1.0,3
6453,vgg19,350,0.9722792391750928,13
6454,vgg19,939,1.0,15
6455,efficientnetb2,350,1.0,3
6456,densenet121,939,0.4858756243316292,5
6457,efficientnetb0,750,1.0,3
6458,vgg19,750,0.9636492577949504,13
6459,efficientnetb0,350,1.0,3
6460,vgg19,350,0.9722792391750928,13
6461,resnet18,750,1.0,2
6462,densenet121,350,0.6263678162488967,5
6463,efficientnetb1,939,1.0,3
6464,densenet161,350,0.472733213293796,5
6465,resnet18,550,1.0,2
6466,densenet161,550,1.0,7
6467,densenet121,750,0.6549577219091517,5
6468,vgg19,350,0.9722792391750928,13
6469,efficientnetb2,350,1.0,3
6470,efficientnetb0,550,1.0,3
6471,efficientnetb2,939,1.0,3
6472,densenet121,939,0.4858756243316292,5
6473,efficientnetb2,550,1.0,3
6474,densenet161,550,0.5735576563250782,5
6475,vgg19,550,1.0,15
6476,densenet161,550,0.9908784030365078,8
6477,efficientnetb0,939,0.6801221238861833,4
6478,densenet161,750,0.5067219862360387,5
6479,efficientnetb2,939,1.0,3
6480,efficientnetb2,350,1.0,3
6481,efficientnetb2,350,1.0,3
6482,efficientnetb1,550,1.0,3
6483,efficientnetb1,750,1.0,3
6484,vgg19,550,1.0,15
6485,vgg19,939,0.0,2
6486,densenet121,550,0.6262433485833546,5
6487,resnet18,350,0.9463184463728672,2
6488,resnet18,550,1.0,2
6489,efficientnetb1,750,1.0,3
6490,resnet50,550,1.0,6
6491,vgg19,550,0.9153142027929496,13
6492,densenet121,350,0.6263678162488967,5
6493,efficientnetb2,350,1.0,3
6494,efficientnetb2,939,1.0,3
6495,densenet121,750,0.6549577219091517,5
6496,vgg19,750,0.9936879963126718,15
6497,densenet121,550,0.6262433485833546,5
6498,efficientnetb1,750,1.0,3
6499,efficientnetb1,939,1.0,3
6500,efficientnetb0,750,1.0,3
6501,vgg19,350,0.9884623593775808,15
6502,resnet18,939,1.0,2
6503,resnet18,550,1.0,2
6504,efficientnetb1,350,0.5010852886204035,5
6505,efficientnetb0,550,1.0,3
6506,resnet18,350,0.9463184463728672,2
6507,efficientnetb2,350,1.0,3
6508,efficientnetb1,939,1.0,3
6509,densenet161,750,1.0,7
6510,efficientnetb1,750,1.0,3
6511,efficientnetb2,350,1.0,3
6512,resnet18,550,1.0,2
6513,resnet18,750,1.0,2
6514,densenet121,350,0.6263678162488967,5
6515,densenet161,550,1.0,7
6516,densenet121,939,0.4858756243316292,5
6517,vgg19,939,0.9322438807363724,13
6518,densenet121,350,0.6263678162488967,5
6519,densenet121,550,0.6262433485833546,5
6520,efficientnetb1,939,1.0,3
6521,densenet121,350,0.6263678162488967,5
6522,densenet121,750,1.0,6
6523,efficientnetb2,550,1.0,3
6524,densenet121,750,0.6549577219091517,5
6525,resnet50,550,0.8501913432605966,5
6526,vgg19,939,1.0,15
6527,resnet50,550,0.8215124558966982,7
6528,vgg19,350,0.9884623593775808,15
6529,densenet121,939,0.4858756243316292,5
6530,resnet18,750,1.0,2
6531,efficientnetb2,750,1.0,3
6532,efficientnetb0,939,1.0,3
6533,efficientnetb0,939,1.0,3
6534,efficientnetb0,750,1.0,3
6535,efficientnetb2,550,1.0,3
6536,densenet121,550,0.5185925451749753,8
6537,vgg19,550,0.9153142027929496,13
6538,densenet121,750,0.6549577219091517,5
6539,resnet18,350,0.9463184463728672,2
6540,resnet50,550,1.0,6
6541,resnet18,350,1.0,3
6542,vgg19,750,0.9936879963126718,15
6543,densenet121,750,0.6549577219091517,5
6544,efficientnetb2,939,1.0,3
6545,densenet121,550,0.6262433485833546,5
6546,efficientnetb1,550,1.0,3
6547,resnet50,939,1.0,6
6548,resnet18,750,1.0,2
6549,efficientnetb2,939,1.0,3
6550,efficientnetb1,550,1.0,3
6551,vgg19,750,0.9936879963126718,15
6552,resnet50,350,1.0,6
6553,resnet50,939,1.0,6
6554,efficientnetb2,550,1.0,3
6555,densenet161,750,0.5067219862360387,5
6556,densenet161,939,0.2831929044634787,5
6557,efficientnetb0,350,1.0,3
6558,resnet18,550,1.0,2
6559,densenet121,750,0.6549577219091517,5
6560,resnet18,939,1.0,2
6561,resnet18,550,1.0,2
6562,efficientnetb1,750,1.0,3
6563,efficientnetb0,550,1.0,3
6564,efficientnetb1,939,1.0,3
6565,densenet161,550,1.0,7
6566,efficientnetb1,550,1.0,3
6567,densenet161,750,0.5067219862360387,5
6568,resnet50,350,1.0,6
6569,efficientnetb0,750,1.0,3
6570,efficientnetb0,939,1.0,3
6571,densenet121,750,0.6549577219091517,5
6572,efficientnetb0,750,1.0,3
6573,efficientnetb0,550,1.0,3
6574,efficientnetb1,750,1.0,3
6575,resnet50,550,1.0,6
6576,efficientnetb2,350,1.0,3
6577,efficientnetb1,750,1.0,3
6578,vgg19,550,1.0,15
6579,vgg19,750,0.9936879963126718,15
6580,vgg19,750,0.9936879963126718,15
6581,efficientnetb1,750,1.0,3
6582,densenet161,750,0.5067219862360387,5
6583,efficientnetb0,550,1.0,3
6584,densenet161,939,0.2831929044634787,5
6585,densenet121,939,0.4858756243316292,5
6586,efficientnetb0,750,1.0,3
6587,resnet18,550,1.0,2
6588,resnet18,750,1.0,2
6589,vgg19,939,1.0,15
6590,densenet121,750,0.6549577219091517,5
6591,vgg19,750,0.9936879963126718,15
6592,efficientnetb2,750,1.0,3
6593,resnet18,350,0.9463184463728672,2
6594,densenet121,550,0.6262433485833546,5
6595,efficientnetb0,750,1.0,3
6596,resnet18,939,1.0,2
6597,efficientnetb2,550,1.0,3
6598,vgg19,939,1.0,15
6599,densenet161,350,0.472733213293796,5
6600,resnet18,350,0.9463184463728672,2
6601,efficientnetb0,939,1.0,3
6602,densenet121,350,0.6263678162488967,5
6603,efficientnetb1,939,1.0,3
6604,vgg19,350,0.7439023030951907,11
6605,resnet18,939,1.0,2
6606,resnet50,350,1.0,6
6607,densenet161,750,0.5067219862360387,5
6608,resnet50,750,0.692684175445151,7
6609,densenet161,350,0.9422217589427628,7
6610,efficientnetb1,350,1.0,3
6611,efficientnetb1,750,1.0,3
6612,vgg19,350,0.9884623593775808,15
6613,efficientnetb1,350,1.0,3
6614,resnet50,939,1.0,6
6615,densenet161,550,0.084152532251803,12
6616,vgg19,350,0.1104026426586838,3
6617,resnet18,550,1.0,2
6618,vgg19,350,0.9884623593775808,15
6619,resnet50,350,1.0,6
6620,vgg19,550,0.93432282209291,16
6621,efficientnetb2,750,1.0,3
6622,efficientnetb1,939,1.0,3
6623,efficientnetb1,550,1.0,3
6624,resnet50,750,0.8540914514899219,6
6625,densenet161,350,0.472733213293796,5
6626,efficientnetb2,350,1.0,3
6627,vgg19,350,0.9884623593775808,15
6628,resnet18,350,0.9463184463728672,2
6629,densenet121,750,0.6549577219091517,5
6630,vgg19,350,0.9884623593775808,15
6631,densenet161,939,0.2831929044634787,5
6632,resnet18,750,1.0,2
6633,efficientnetb2,350,1.0,3
6634,densenet121,750,0.6549577219091517,5
6635,densenet161,750,1.0,7
6636,efficientnetb0,350,1.0,3
6637,densenet121,550,0.6262433485833546,5
6638,densenet161,350,0.472733213293796,5
6639,resnet18,350,0.9463184463728672,2
6640,resnet18,750,1.0,2
6641,densenet121,750,0.6549577219091517,5
6642,efficientnetb0,550,1.0,3
6643,efficientnetb1,350,1.0,3
6644,efficientnetb2,750,1.0,3
6645,vgg19,350,0.9884623593775808,15
6646,densenet161,550,0.8307012363387156,6
6647,densenet161,550,0.8307012363387156,6
6648,densenet121,939,0.0230700539672484,2
6649,densenet161,350,0.472733213293796,5
6650,efficientnetb0,750,0.0,1
6651,efficientnetb1,350,1.0,3
6652,densenet161,939,0.8028649279588222,7
6653,efficientnetb0,350,1.0,3
6654,efficientnetb1,750,1.0,3
6655,resnet50,939,1.0,6
6656,efficientnetb2,750,1.0,3
6657,resnet50,350,0.8169515861153699,7
6658,densenet121,939,0.4858756243316292,5
6659,efficientnetb0,750,1.0,3
6660,resnet18,939,0.9772814215247084,3
6661,resnet18,939,0.9772814215247084,3
6662,vgg19,939,1.0,15
6663,resnet50,750,0.8540914514899219,6
6664,vgg19,750,1.0,16
6665,densenet121,550,0.6262433485833546,5
6666,efficientnetb1,350,1.0,3
6667,efficientnetb1,550,1.0,3
6668,resnet18,550,1.0,2
6669,resnet18,350,0.9463184463728672,2
6670,resnet18,550,1.0,2
6671,efficientnetb2,350,1.0,3
6672,densenet121,750,0.6549577219091517,5
6673,densenet121,750,0.6549577219091517,5
6674,efficientnetb2,350,1.0,3
6675,vgg19,750,0.9936879963126718,15
6676,efficientnetb2,550,1.0,3
6677,resnet50,939,1.0,6
6678,efficientnetb2,550,1.0,3
6679,efficientnetb2,350,1.0,3
6680,resnet50,939,0.8017819857800019,7
6681,resnet18,550,1.0,2
6682,densenet161,550,0.8307012363387156,6
6683,efficientnetb0,939,1.0,3
6684,densenet121,550,0.6262433485833546,5
6685,vgg19,939,1.0,15
6686,densenet121,939,0.4858756243316292,5
6687,resnet50,939,1.0,6
6688,efficientnetb1,350,1.0,3
6689,resnet18,939,1.0,2
6690,vgg19,939,0.783629319224574,17
6691,efficientnetb0,350,0.7221681243288518,4
6692,efficientnetb2,939,1.0,3
6693,densenet161,350,0.472733213293796,5
6694,efficientnetb0,750,1.0,3
6695,efficientnetb2,350,1.0,3
6696,vgg19,750,0.9936879963126718,15
6697,vgg19,350,0.9884623593775808,15
6698,efficientnetb1,939,0.7039994792384792,4
6699,resnet50,939,1.0,6
6700,densenet121,550,0.6262433485833546,5
6701,resnet50,750,0.8540914514899219,6
6702,densenet121,939,0.4858756243316292,5
6703,efficientnetb1,550,1.0,3
6704,efficientnetb1,350,1.0,3
6705,efficientnetb1,939,1.0,3
6706,densenet121,550,0.6262433485833546,5
6707,densenet161,939,0.8028649279588222,7
6708,efficientnetb0,350,1.0,3
6709,densenet121,550,0.6262433485833546,5
6710,efficientnetb0,939,1.0,3
6711,efficientnetb2,750,1.0,3
6712,densenet161,550,1.0,7
6713,resnet50,550,1.0,6
6714,efficientnetb2,750,1.0,3
6715,efficientnetb2,350,1.0,3
6716,resnet18,550,1.0,2
6717,resnet50,750,0.8540914514899219,6
6718,vgg19,550,0.93432282209291,16
6719,vgg19,550,1.0,15
6720,efficientnetb0,550,0.7484594574197447,4
6721,resnet50,750,1.0,5
6722,densenet161,550,0.5735576563250782,5
6723,vgg19,939,1.0,15
6724,vgg19,350,0.9884623593775808,15
6725,vgg19,550,0.93699417819052,14
6726,resnet18,550,1.0,2
6727,efficientnetb1,350,1.0,3
6728,resnet18,750,1.0,2
6729,resnet50,939,1.0,6
6730,resnet50,750,0.8540914514899219,6
6731,resnet18,550,1.0,2
6732,vgg19,939,1.0,15
6733,resnet18,550,1.0,2
6734,efficientnetb0,939,1.0,3
6735,efficientnetb2,550,1.0,3
6736,resnet18,750,1.0,2
6737,densenet121,550,0.6262433485833546,5
6738,resnet18,550,1.0,2
6739,resnet50,750,0.8540914514899219,6
6740,resnet18,350,0.9463184463728672,2
6741,efficientnetb2,939,1.0,3
6742,vgg19,750,0.7336613700677788,18
6743,efficientnetb0,350,1.0,3
6744,densenet161,550,0.5735576563250782,5
6745,efficientnetb1,550,1.0,3
6746,resnet18,939,1.0,2
6747,efficientnetb2,939,0.6509085704414946,4
6748,densenet121,939,0.4858756243316292,5
6749,efficientnetb2,550,1.0,3
6750,resnet50,939,1.0,6
6751,efficientnetb1,350,1.0,3
6752,efficientnetb1,550,1.0,3
6753,efficientnetb1,939,1.0,3
6754,efficientnetb0,750,1.0,3
6755,vgg19,350,1.0,16
6756,efficientnetb2,350,1.0,3
6757,densenet161,550,0.5735576563250782,5
6758,vgg19,750,0.9936879963126718,15
6759,resnet50,550,1.0,6
6760,efficientnetb2,550,1.0,3
6761,densenet161,939,0.2831929044634787,5
6762,densenet121,550,0.6262433485833546,5
6763,vgg19,350,0.9884623593775808,15
6764,resnet18,939,1.0,2
6765,efficientnetb0,550,0.7484594574197447,4
6766,resnet18,350,0.9463184463728672,2
6767,efficientnetb0,939,1.0,3
6768,efficientnetb2,939,1.0,3
6769,efficientnetb1,550,1.0,3
6770,efficientnetb2,750,1.0,3
6771,efficientnetb2,550,1.0,3
6772,densenet161,550,0.5735576563250782,5
6773,resnet50,350,1.0,6
6774,vgg19,550,1.0,15
6775,vgg19,939,0.6821322371858641,10
6776,efficientnetb1,350,1.0,3
6777,efficientnetb0,350,1.0,3
6778,resnet18,350,0.9463184463728672,2
6779,resnet18,550,1.0,2
6780,efficientnetb0,750,1.0,3
6781,densenet121,350,0.6263678162488967,5
6782,resnet50,750,0.8540914514899219,6
6783,efficientnetb1,350,1.0,3
6784,vgg19,750,0.3776216428097246,7
6785,densenet121,939,0.4858756243316292,5
6786,densenet161,750,0.5067219862360387,5
6787,efficientnetb1,350,1.0,3
6788,densenet121,939,0.4858756243316292,5
6789,efficientnetb1,750,1.0,3
6790,efficientnetb0,550,1.0,3
6791,resnet50,939,1.0,6
6792,efficientnetb1,939,1.0,3
6793,vgg19,550,1.0,15
6794,densenet161,350,0.472733213293796,5
6795,efficientnetb2,550,1.0,3
6796,vgg19,939,1.0,15
6797,resnet18,350,0.9463184463728672,2
6798,efficientnetb2,550,1.0,3
6799,efficientnetb1,939,1.0,3
6800,resnet18,350,0.9463184463728672,2
6801,efficientnetb0,750,1.0,3
6802,densenet121,939,0.4858756243316292,5
6803,efficientnetb0,550,1.0,3
6804,densenet121,550,0.6262433485833546,5
6805,densenet161,939,0.2831929044634787,5
6806,efficientnetb2,350,1.0,3
6807,densenet121,350,0.6263678162488967,5
6808,densenet161,350,0.9422217589427628,7
6809,resnet50,350,1.0,6
6810,densenet121,550,0.6262433485833546,5
6811,efficientnetb2,550,0.7219694682129152,4
6812,resnet50,939,1.0,6
6813,densenet121,939,0.4858756243316292,5
6814,efficientnetb2,750,1.0,3
6815,efficientnetb0,939,1.0,3
6816,efficientnetb0,750,1.0,3
6817,efficientnetb1,750,1.0,3
6818,efficientnetb1,750,1.0,3
6819,vgg19,939,0.9938700985656802,16
6820,densenet121,350,0.6263678162488967,5
6821,vgg19,750,0.9936879963126718,15
6822,resnet50,350,1.0,6
6823,densenet161,550,0.8307012363387156,6
6824,densenet161,550,0.5735576563250782,5
6825,vgg19,550,1.0,15
6826,densenet161,750,0.0912366792400731,4
6827,vgg19,550,1.0,15
6828,efficientnetb1,750,1.0,3
6829,resnet18,550,1.0,2
6830,vgg19,939,1.0,15
6831,efficientnetb0,750,1.0,3
6832,resnet50,350,1.0,6
6833,efficientnetb0,939,1.0,3
6834,densenet161,939,0.2831929044634787,5
6835,resnet18,550,1.0,2
6836,efficientnetb0,550,1.0,3
6837,efficientnetb2,939,1.0,3
6838,efficientnetb2,350,1.0,3
6839,densenet161,750,0.0408796516625536,12
6840,efficientnetb2,939,1.0,3
6841,efficientnetb2,750,1.0,3
6842,efficientnetb2,939,1.0,3
6843,efficientnetb1,939,1.0,3
6844,densenet121,939,0.4858756243316292,5
6845,densenet161,939,0.8028649279588222,7
6846,densenet121,550,0.6262433485833546,5
6847,efficientnetb1,350,1.0,3
6848,resnet50,350,0.4097205423764233,4
6849,efficientnetb1,350,1.0,3
6850,vgg19,750,0.9936879963126718,15
6851,vgg19,939,0.7512707723562208,18
6852,resnet18,750,0.9425112246169725,3
6853,efficientnetb2,750,1.0,3
6854,resnet50,350,1.0,6
6855,resnet18,550,0.9649971314956884,3
6856,resnet50,550,1.0,6
6857,efficientnetb0,750,1.0,3
6858,vgg19,350,0.9884623593775808,15
6859,densenet161,750,1.0,7
6860,densenet161,550,0.5735576563250782,5
6861,efficientnetb2,750,1.0,3
6862,vgg19,550,1.0,15
6863,efficientnetb2,550,1.0,3
6864,densenet161,750,1.0,7
6865,densenet121,750,0.6549577219091517,5
6866,resnet18,550,1.0,2
6867,efficientnetb0,350,0.0,1
6868,efficientnetb1,939,1.0,3
6869,resnet50,350,1.0,6
6870,resnet18,750,1.0,2
6871,efficientnetb0,350,0.4626689598236604,5
6872,efficientnetb1,550,1.0,3
6873,vgg19,939,0.9322438807363724,13
6874,densenet121,550,1.0,6
6875,resnet18,939,1.0,2
6876,efficientnetb0,350,1.0,3
6877,efficientnetb0,750,1.0,3
6878,resnet50,750,0.8540914514899219,6
6879,efficientnetb0,939,1.0,3
6880,efficientnetb2,939,1.0,3
6881,densenet161,939,0.8028649279588222,7
6882,efficientnetb0,550,1.0,3
6883,efficientnetb1,550,1.0,3
6884,efficientnetb2,939,1.0,3
6885,resnet18,550,1.0,2
6886,resnet18,939,1.0,2
6887,resnet50,750,0.8540914514899219,6
6888,efficientnetb0,750,1.0,3
6889,resnet50,550,1.0,6
6890,efficientnetb1,750,1.0,3
6891,resnet18,750,1.0,2
6892,efficientnetb1,550,1.0,3
6893,densenet161,750,0.5067219862360387,5
6894,resnet50,350,1.0,6
6895,vgg19,350,0.9884623593775808,15
6896,densenet161,550,0.0323579521725776,2
6897,densenet121,350,0.6263678162488967,5
6898,efficientnetb2,550,1.0,3
6899,efficientnetb1,750,1.0,3
6900,vgg19,939,0.783629319224574,17
6901,resnet18,939,1.0,2
6902,efficientnetb0,939,1.0,3
6903,efficientnetb0,750,1.0,3
6904,vgg19,550,1.0,15
6905,vgg19,939,1.0,15
6906,vgg19,939,0.9938700985656802,16
6907,densenet161,350,0.472733213293796,5
6908,densenet121,750,0.6549577219091517,5
6909,efficientnetb0,750,1.0,3
6910,efficientnetb2,939,1.0,3
6911,densenet161,750,1.0,7
6912,vgg19,550,1.0,15
6913,resnet18,550,1.0,2
6914,resnet18,350,0.9463184463728672,2
6915,efficientnetb0,750,1.0,3
6916,resnet18,750,0.9425112246169725,3
6917,efficientnetb1,350,1.0,3
6918,resnet18,550,1.0,2
6919,densenet121,939,0.4858756243316292,5
6920,efficientnetb0,350,1.0,3
6921,vgg19,939,1.0,15
6922,densenet161,939,1.0,6
6923,densenet121,750,0.6549577219091517,5
6924,efficientnetb1,939,1.0,3
6925,vgg19,350,0.9884623593775808,15
6926,densenet161,939,0.2831929044634787,5
6927,densenet161,939,0.2831929044634787,5
6928,densenet161,939,0.2831929044634787,5
6929,vgg19,550,1.0,15
6930,densenet121,550,0.6262433485833546,5
6931,efficientnetb1,550,1.0,3
6932,efficientnetb2,750,1.0,3
6933,resnet50,750,0.8540914514899219,6
6934,densenet161,350,0.472733213293796,5
6935,efficientnetb2,750,1.0,3
6936,resnet50,550,1.0,6
6937,resnet50,939,1.0,6
6938,densenet161,550,0.9908784030365078,8
6939,efficientnetb2,750,0.6313792880026403,4
6940,vgg19,350,0.9884623593775808,15
6941,efficientnetb2,939,1.0,3
6942,densenet121,350,0.6263678162488967,5
6943,efficientnetb1,750,1.0,3
6944,densenet161,750,0.5067219862360387,5
6945,efficientnetb1,750,1.0,3
6946,vgg19,550,1.0,15
6947,vgg19,550,1.0,15
6948,efficientnetb1,550,1.0,3
6949,efficientnetb2,750,1.0,3
6950,efficientnetb1,750,1.0,3
6951,efficientnetb1,750,1.0,3
6952,densenet121,750,0.6549577219091517,5
6953,densenet121,550,0.6262433485833546,5
6954,densenet161,550,1.0,7
6955,efficientnetb0,350,1.0,3
6956,densenet161,350,0.0606109279047736,12
6957,efficientnetb0,550,1.0,3
6958,vgg19,750,0.9936879963126718,15
6959,efficientnetb1,350,1.0,3
6960,efficientnetb2,939,1.0,3
6961,resnet50,939,1.0,6
6962,efficientnetb1,550,1.0,3
6963,resnet50,350,1.0,6
6964,densenet161,939,0.2611850784190904,12
6965,efficientnetb1,550,1.0,3
6966,efficientnetb1,550,1.0,3
6967,vgg19,939,1.0,15
6968,resnet50,939,0.6400205520491736,8
6969,resnet18,550,1.0,2
6970,resnet18,350,0.9463184463728672,2
6971,resnet50,939,1.0,6
6972,densenet161,550,0.5735576563250782,5
6973,densenet161,550,1.0,7
6974,resnet18,939,1.0,2
6975,efficientnetb0,939,1.0,3
6976,efficientnetb1,350,1.0,3
6977,resnet18,750,1.0,2
6978,densenet121,350,0.6263678162488967,5
6979,efficientnetb2,550,1.0,3
6980,densenet121,750,0.0279532973407523,2
6981,resnet18,939,1.0,2
6982,densenet121,550,0.6262433485833546,5
6983,efficientnetb0,550,1.0,3
6984,efficientnetb1,750,1.0,3
6985,densenet161,350,1.0,8
6986,vgg19,550,0.93432282209291,16
6987,resnet18,939,1.0,2
6988,resnet50,939,1.0,6
6989,resnet18,350,0.9463184463728672,2
6990,densenet121,550,1.0,6
6991,efficientnetb2,750,1.0,3
6992,resnet18,350,0.9463184463728672,2
6993,vgg19,939,1.0,15
6994,efficientnetb0,550,1.0,3
6995,densenet161,550,0.084152532251803,12
6996,efficientnetb1,550,1.0,3
6997,densenet161,550,0.5735576563250782,5
6998,densenet161,939,0.2611850784190904,12
6999,resnet50,750,0.692684175445151,7
7000,resnet18,550,1.0,2
7001,densenet121,750,0.6549577219091517,5
7002,efficientnetb2,550,1.0,3
7003,efficientnetb1,550,0.0,1
7004,vgg19,939,1.0,15
7005,efficientnetb1,750,1.0,3
7006,resnet50,550,1.0,6
7007,densenet121,550,1.0,6
7008,densenet121,939,0.4858756243316292,5
7009,resnet18,550,0.9649971314956884,3
7010,efficientnetb0,350,1.0,3
7011,resnet50,350,1.0,6
7012,efficientnetb1,750,1.0,3
7013,resnet18,750,1.0,2
7014,densenet161,550,0.084152532251803,12
7015,vgg19,939,1.0,15
7016,resnet50,939,1.0,6
7017,resnet50,939,0.8017819857800019,7
7018,efficientnetb1,939,1.0,3
7019,efficientnetb0,939,1.0,3
7020,efficientnetb0,750,1.0,3
7021,efficientnetb0,350,1.0,3
7022,resnet18,350,0.9463184463728672,2
7023,vgg19,750,0.9936879963126718,15
7024,densenet121,939,0.4858756243316292,5
7025,efficientnetb0,350,1.0,3
7026,resnet18,750,1.0,2
7027,vgg19,350,0.9884623593775808,15
7028,resnet18,350,0.9463184463728672,2
7029,vgg19,750,0.9936879963126718,15
7030,efficientnetb2,939,1.0,3
7031,resnet50,350,1.0,6
7032,densenet161,550,0.084152532251803,11
7033,efficientnetb2,550,0.7219694682129152,4
7034,densenet121,750,0.6549577219091517,5
7035,resnet50,750,0.8540914514899219,6
7036,efficientnetb2,550,1.0,3
7037,efficientnetb0,750,0.6483214388113725,4
7038,vgg19,939,1.0,15
7039,efficientnetb0,939,1.0,3
7040,efficientnetb1,550,1.0,3
7041,resnet50,939,1.0,6
7042,efficientnetb2,550,1.0,3
7043,vgg19,550,1.0,15
7044,efficientnetb2,550,1.0,3
7045,densenet121,550,0.6262433485833546,5
7046,resnet50,750,0.8540914514899219,6
7047,vgg19,350,0.9884623593775808,15
7048,efficientnetb2,939,1.0,3
7049,vgg19,350,0.9884623593775808,15
7050,efficientnetb1,750,1.0,3
7051,efficientnetb0,939,0.6801221238861833,4
7052,densenet121,939,0.4858756243316292,5
7053,vgg19,550,1.0,15
7054,vgg19,350,0.9884623593775808,15
7055,efficientnetb1,939,0.7039994792384792,4
7056,vgg19,350,0.9884623593775808,15
7057,efficientnetb1,750,1.0,3
7058,efficientnetb0,939,1.0,3
7059,densenet121,750,0.6549577219091517,5
7060,resnet18,350,0.9463184463728672,2
7061,vgg19,939,1.0,15
7062,efficientnetb2,750,1.0,3
7063,vgg19,350,0.9884623593775808,15
7064,densenet121,550,0.6262433485833546,5
7065,densenet121,550,0.6262433485833546,5
7066,resnet18,350,0.9463184463728672,2
7067,efficientnetb1,350,1.0,3
7068,efficientnetb2,750,1.0,3
7069,resnet50,750,0.8540914514899219,6
7070,resnet50,550,1.0,6
7071,densenet121,939,0.4858756243316292,5
7072,densenet161,550,0.084152532251803,12
7073,efficientnetb1,550,0.6878389778024664,4
7074,resnet18,350,0.9463184463728672,2
7075,efficientnetb1,750,1.0,3
7076,resnet18,350,1.0,3
7077,resnet50,939,1.0,6
7078,densenet121,350,1.0,6
7079,vgg19,550,1.0,15
7080,densenet161,550,0.084152532251803,12
7081,vgg19,750,0.9936879963126718,15
7082,resnet18,550,1.0,2
7083,efficientnetb2,550,1.0,3
7084,densenet161,750,0.5067219862360387,5
7085,efficientnetb2,750,1.0,3
7086,vgg19,550,1.0,15
7087,densenet161,750,0.0408796516625536,12
7088,efficientnetb1,750,1.0,3
7089,efficientnetb2,750,1.0,3
7090,efficientnetb0,350,1.0,3
7091,vgg19,750,1.0,16
7092,resnet50,939,1.0,6
7093,efficientnetb1,550,1.0,3
7094,efficientnetb2,750,0.6313792880026403,4
7095,densenet161,550,0.084152532251803,12
7096,resnet18,750,1.0,2
7097,densenet121,350,0.6263678162488967,5
7098,efficientnetb1,350,1.0,3
7099,resnet50,350,1.0,6
7100,efficientnetb1,939,1.0,3
7101,resnet18,750,1.0,2
7102,efficientnetb0,350,1.0,3
7103,efficientnetb0,550,1.0,3
7104,densenet121,750,0.6549577219091517,5
7105,densenet161,350,0.472733213293796,5
7106,densenet121,350,0.6263678162488967,5
7107,resnet50,939,1.0,6
7108,resnet18,939,1.0,2
7109,resnet18,550,1.0,2
7110,vgg19,350,0.9884623593775808,15
7111,resnet50,750,0.8540914514899219,6
7112,resnet18,350,0.9463184463728672,2
7113,efficientnetb2,550,1.0,3
7114,resnet18,750,1.0,2
7115,efficientnetb2,350,0.65175093664593,4
7116,resnet50,939,1.0,6
7117,efficientnetb0,550,1.0,3
7118,resnet50,350,1.0,6
7119,resnet50,550,1.0,6
7120,densenet161,750,0.0408796516625536,12
7121,efficientnetb0,939,1.0,3
7122,resnet18,550,1.0,2
7123,efficientnetb0,550,1.0,3
7124,resnet50,350,1.0,6
7125,vgg19,350,0.9884623593775808,15
7126,resnet50,550,1.0,6
7127,efficientnetb1,350,1.0,3
7128,densenet161,350,0.472733213293796,5
7129,densenet161,550,1.0,7
7130,efficientnetb2,750,1.0,3
7131,resnet18,550,0.9649971314956884,3
7132,densenet161,750,0.9225205659416632,8
7133,efficientnetb0,939,0.0,1
7134,efficientnetb0,350,1.0,3
7135,densenet161,750,0.7754817419817108,6
7136,densenet161,350,0.9422217589427628,7
7137,efficientnetb1,350,1.0,3
7138,efficientnetb0,350,1.0,3
7139,efficientnetb0,550,1.0,3
7140,vgg19,750,0.9936879963126718,15
7141,resnet50,750,0.8540914514899219,6
7142,resnet18,350,1.0,3
7143,resnet50,750,0.8540914514899219,6
7144,resnet18,939,0.5358361217945573,1
7145,efficientnetb1,750,1.0,3
7146,efficientnetb0,939,1.0,3
7147,densenet161,750,1.0,7
7148,efficientnetb1,750,1.0,3
7149,resnet50,939,1.0,6
7150,resnet50,350,1.0,6
7151,efficientnetb2,550,1.0,3
7152,resnet50,939,1.0,6
7153,resnet18,750,1.0,2
7154,resnet50,350,1.0,6
7155,densenet161,550,1.0,7
7156,resnet18,939,1.0,2
7157,efficientnetb0,939,1.0,3
7158,resnet50,550,1.0,6
7159,densenet121,750,1.0,6
7160,efficientnetb0,550,1.0,3
7161,resnet50,750,0.8540914514899219,6
7162,resnet50,550,1.0,6
7163,resnet18,350,0.9463184463728672,2
7164,resnet50,750,0.8540914514899219,6
7165,efficientnetb0,350,1.0,3
7166,densenet121,350,0.6263678162488967,5
7167,efficientnetb2,550,1.0,3
7168,efficientnetb1,550,1.0,3
7169,vgg19,350,1.0,16
7170,efficientnetb1,939,1.0,3
7171,densenet161,750,0.5067219862360387,5
7172,efficientnetb0,350,1.0,3
7173,efficientnetb1,350,1.0,3
7174,efficientnetb0,550,1.0,3
7175,resnet50,750,0.8540914514899219,6
7176,efficientnetb0,350,1.0,3
7177,efficientnetb1,750,1.0,3
7178,vgg19,550,0.93432282209291,16
7179,densenet121,750,0.6549577219091517,5
7180,efficientnetb2,750,1.0,3
7181,vgg19,350,0.9884623593775808,15
7182,efficientnetb0,750,1.0,3
7183,resnet50,750,0.8540914514899219,6
7184,resnet18,550,1.0,2
7185,densenet121,939,0.4858756243316292,5
7186,efficientnetb1,350,1.0,3
7187,efficientnetb1,750,1.0,3
7188,densenet121,750,0.6549577219091517,5
7189,efficientnetb2,939,1.0,3
7190,efficientnetb1,939,1.0,3
7191,resnet50,939,1.0,6
7192,resnet18,750,1.0,2
7193,resnet50,550,1.0,6
7194,resnet50,939,1.0,6
7195,densenet121,550,0.6262433485833546,5
7196,resnet18,750,1.0,2
7197,resnet50,939,1.0,6
7198,resnet18,939,1.0,2
7199,resnet18,350,0.9463184463728672,2
7200,efficientnetb2,750,1.0,3
7201,efficientnetb1,550,1.0,3
7202,densenet121,350,0.6263678162488967,5
7203,densenet121,750,0.6549577219091517,5
7204,vgg19,750,0.9936879963126718,15
7205,densenet161,750,0.5067219862360387,5
7206,efficientnetb0,550,1.0,3
7207,densenet121,939,0.4858756243316292,5
7208,densenet121,750,0.6549577219091517,5
7209,efficientnetb2,350,1.0,3
7210,resnet50,939,1.0,6
7211,resnet50,350,1.0,6
7212,efficientnetb1,750,1.0,3
7213,resnet18,350,0.9463184463728672,2
7214,vgg19,350,0.9884623593775808,15
7215,resnet50,750,0.8540914514899219,6
7216,efficientnetb1,939,1.0,3
7217,resnet18,550,1.0,2
7218,densenet121,939,0.4858756243316292,5
7219,efficientnetb1,350,1.0,3
7220,resnet50,939,1.0,6
7221,efficientnetb0,750,0.6483214388113725,4
7222,densenet121,350,0.6263678162488967,5
7223,vgg19,550,1.0,15
7224,densenet161,350,0.472733213293796,5
7225,densenet161,550,0.8307012363387156,6
7226,densenet121,750,0.6549577219091517,5
7227,efficientnetb1,939,1.0,3
7228,resnet18,350,0.9463184463728672,2
7229,efficientnetb2,350,1.0,3
7230,efficientnetb1,750,1.0,3
7231,densenet121,750,1.0,6
7232,densenet121,939,0.4858756243316292,5
7233,densenet121,750,0.6549577219091517,5
7234,efficientnetb2,750,1.0,3
7235,vgg19,350,0.9884623593775808,15
7236,efficientnetb2,939,1.0,3
7237,resnet18,750,1.0,2
7238,efficientnetb0,550,1.0,3
7239,densenet121,939,0.4858756243316292,5
7240,resnet18,939,1.0,2
7241,densenet121,939,0.4858756243316292,5
7242,efficientnetb0,350,1.0,3
7243,efficientnetb1,550,1.0,3
7244,efficientnetb2,750,1.0,3
7245,densenet121,550,0.6262433485833546,5
7246,efficientnetb1,939,1.0,3
7247,efficientnetb2,939,1.0,3
7248,densenet121,550,0.6262433485833546,5
7249,vgg19,750,0.9936879963126718,15
7250,densenet161,350,0.472733213293796,5
7251,efficientnetb2,939,1.0,3
7252,densenet161,350,0.9422217589427628,7
7253,vgg19,350,0.9884623593775808,15
7254,densenet161,350,0.9422217589427628,7
7255,efficientnetb2,550,1.0,3
7256,densenet121,350,0.6263678162488967,5
7257,efficientnetb1,350,1.0,3
7258,densenet121,550,0.6262433485833546,5
7259,densenet121,350,0.6263678162488967,5
7260,densenet161,939,0.8028649279588222,7
7261,resnet18,750,1.0,2
7262,efficientnetb0,550,1.0,3
7263,efficientnetb2,750,1.0,3
7264,resnet18,350,0.9463184463728672,2
7265,efficientnetb1,939,1.0,3
7266,resnet50,550,1.0,6
7267,densenet161,550,0.8307012363387156,6
7268,resnet18,750,0.9425112246169725,3
7269,densenet121,750,0.6549577219091517,5
7270,resnet50,550,1.0,6
7271,efficientnetb1,750,1.0,3
7272,resnet18,939,1.0,2
7273,efficientnetb2,939,1.0,3
7274,efficientnetb2,750,1.0,3
7275,densenet121,550,0.0267032533330688,3
7276,efficientnetb1,939,1.0,3
7277,resnet50,550,1.0,6
7278,efficientnetb1,550,1.0,3
7279,resnet50,550,1.0,6
7280,densenet161,350,0.472733213293796,5
7281,vgg19,350,0.9884623593775808,15
7282,resnet18,550,1.0,2
7283,resnet50,750,0.8540914514899219,6
7284,resnet18,939,1.0,2
7285,efficientnetb1,350,0.5010852886204035,5
7286,densenet161,350,0.472733213293796,5
7287,efficientnetb2,550,1.0,3
7288,densenet121,750,1.0,6
7289,efficientnetb1,939,1.0,3
7290,densenet121,350,0.6263678162488967,5
7291,resnet50,550,1.0,6
7292,resnet50,750,0.8540914514899219,6
7293,efficientnetb0,939,1.0,3
7294,densenet161,350,0.472733213293796,5
7295,densenet161,350,0.0606109279047736,12
7296,efficientnetb2,550,1.0,3
7297,vgg19,939,1.0,15
7298,resnet18,750,1.0,2
7299,efficientnetb1,750,1.0,3
7300,efficientnetb0,350,1.0,3
7301,densenet161,750,0.5067219862360387,5
7302,efficientnetb0,550,1.0,3
7303,efficientnetb1,350,1.0,3
7304,efficientnetb1,939,1.0,3
7305,efficientnetb2,350,1.0,3
7306,efficientnetb2,350,0.65175093664593,4
7307,efficientnetb2,750,1.0,3
7308,vgg19,750,0.9936879963126718,15
7309,densenet161,939,0.2831929044634787,5
7310,efficientnetb2,350,1.0,3
7311,efficientnetb2,939,1.0,3
7312,efficientnetb2,750,1.0,3
7313,efficientnetb0,550,1.0,3
7314,efficientnetb1,550,1.0,3
7315,resnet18,750,1.0,2
7316,vgg19,350,1.0,16
7317,densenet161,350,0.472733213293796,5
7318,efficientnetb1,939,1.0,3
7319,resnet50,350,0.8169515861153699,7
7320,densenet121,350,0.6263678162488967,5
7321,resnet18,750,1.0,2
7322,efficientnetb2,750,1.0,3
7323,efficientnetb0,750,1.0,3
7324,densenet121,750,0.6549577219091517,5
7325,efficientnetb2,750,0.6313792880026403,4
7326,efficientnetb1,750,1.0,3
7327,vgg19,939,1.0,15
7328,resnet50,939,0.8017819857800019,7
7329,efficientnetb0,550,1.0,3
7330,densenet121,550,0.6262433485833546,5
7331,densenet161,939,1.0,6
7332,efficientnetb0,550,1.0,3
7333,resnet18,350,0.9463184463728672,2
7334,resnet18,550,1.0,2
7335,efficientnetb0,939,1.0,3
7336,efficientnetb0,750,1.0,3
7337,efficientnetb0,550,1.0,3
7338,densenet161,750,0.5067219862360387,5
7339,resnet50,350,0.8169515861153699,7
7340,resnet18,550,1.0,2
7341,resnet18,550,1.0,2
7342,efficientnetb0,750,1.0,3
7343,efficientnetb0,750,1.0,3
7344,densenet161,550,0.5735576563250782,5
7345,vgg19,939,1.0,15
7346,resnet18,350,0.9463184463728672,2
7347,efficientnetb2,550,1.0,3
7348,vgg19,350,0.1104026426586838,3
7349,efficientnetb0,939,1.0,3
7350,vgg19,550,0.93432282209291,16
7351,efficientnetb1,750,1.0,3
7352,vgg19,750,0.9936879963126718,15
7353,vgg19,550,1.0,15
7354,vgg19,550,1.0,15
7355,efficientnetb1,350,1.0,3
7356,efficientnetb1,550,1.0,3
7357,efficientnetb1,750,1.0,3
7358,efficientnetb1,750,1.0,3
7359,efficientnetb2,939,1.0,3
7360,resnet50,750,0.692684175445151,7
7361,efficientnetb0,939,1.0,3
7362,resnet50,939,1.0,6
7363,efficientnetb2,939,1.0,3
7364,densenet121,939,0.4858756243316292,5
7365,vgg19,550,1.0,15
7366,resnet18,750,1.0,2
7367,efficientnetb0,939,1.0,3
7368,densenet121,750,0.6549577219091517,5
7369,efficientnetb0,750,1.0,3
7370,vgg19,750,0.9936879963126718,15
7371,efficientnetb2,750,1.0,3
7372,vgg19,350,1.0,16
7373,resnet18,939,1.0,2
7374,densenet121,550,0.6262433485833546,5
7375,resnet18,939,1.0,2
7376,densenet121,750,0.6549577219091517,5
7377,resnet18,939,1.0,2
7378,densenet161,939,0.8028649279588222,7
7379,densenet161,750,0.0408796516625536,12
7380,efficientnetb2,939,1.0,3
7381,efficientnetb1,750,1.0,3
7382,vgg19,550,0.93432282209291,16
7383,densenet121,750,0.6549577219091517,5
7384,resnet18,550,1.0,2
7385,efficientnetb1,939,1.0,3
7386,resnet18,750,1.0,2
7387,densenet121,350,0.6263678162488967,5
7388,efficientnetb2,939,1.0,3
7389,efficientnetb0,350,1.0,3
7390,efficientnetb1,750,1.0,3
7391,efficientnetb1,750,1.0,3
7392,resnet50,350,1.0,6
7393,efficientnetb1,750,1.0,3
7394,efficientnetb1,750,1.0,3
7395,efficientnetb1,750,1.0,3
7396,resnet18,350,0.9463184463728672,2
7397,efficientnetb1,350,0.2323535341648464,2
7398,efficientnetb0,550,1.0,3
7399,resnet18,750,1.0,2
7400,densenet161,350,0.0606109279047736,12
7401,resnet18,550,0.9649971314956884,3
7402,resnet18,350,0.9463184463728672,2
7403,densenet121,750,0.6549577219091517,5
7404,efficientnetb2,939,1.0,3
7405,efficientnetb1,350,1.0,3
7406,resnet18,550,1.0,2
7407,efficientnetb2,750,1.0,3
7408,resnet18,550,1.0,2
7409,efficientnetb1,939,1.0,3
7410,densenet161,750,0.0408796516625536,12
7411,densenet161,550,0.5735576563250782,5
7412,resnet50,750,0.8540914514899219,6
7413,densenet161,750,0.7754817419817108,6
7414,efficientnetb0,350,1.0,3
7415,efficientnetb0,750,1.0,3
7416,efficientnetb0,939,1.0,3
7417,efficientnetb0,750,1.0,3
7418,efficientnetb2,350,1.0,3
7419,resnet50,550,1.0,6
7420,densenet121,350,0.6263678162488967,5
7421,resnet50,750,0.8540914514899219,6
7422,vgg19,750,0.9936879963126718,15
7423,densenet121,350,0.6263678162488967,5
7424,densenet161,750,1.0,7
7425,efficientnetb1,939,0.7039994792384792,4
7426,efficientnetb1,550,1.0,3
7427,efficientnetb2,939,1.0,3
7428,efficientnetb0,939,1.0,3
7429,densenet161,350,0.472733213293796,5
7430,efficientnetb2,350,1.0,3
7431,densenet121,350,0.6263678162488967,5
7432,efficientnetb1,939,1.0,3
7433,resnet50,750,0.8540914514899219,6
7434,efficientnetb1,350,1.0,3
7435,densenet161,550,0.5735576563250782,5
7436,resnet50,350,1.0,6
7437,vgg19,350,0.9884623593775808,15
7438,resnet18,550,1.0,2
7439,efficientnetb1,350,1.0,3
7440,efficientnetb1,550,1.0,3
7441,efficientnetb2,750,1.0,3
7442,efficientnetb1,350,1.0,3
7443,efficientnetb0,350,1.0,3
7444,vgg19,750,0.9936879963126718,15
7445,resnet18,750,1.0,2
7446,densenet121,550,0.6262433485833546,5
7447,resnet18,750,1.0,2
7448,densenet121,350,0.6263678162488967,5
7449,densenet161,939,0.2831929044634787,5
7450,densenet161,939,0.2831929044634787,5
7451,efficientnetb1,939,1.0,3
7452,densenet161,750,0.9225205659416632,8
7453,efficientnetb1,350,1.0,3
7454,efficientnetb0,550,1.0,3
7455,densenet161,750,0.9225205659416632,8
7456,resnet18,750,1.0,2
7457,vgg19,750,0.9936879963126718,15
7458,efficientnetb2,550,1.0,3
7459,efficientnetb0,750,1.0,3
7460,resnet50,939,1.0,6
7461,efficientnetb0,350,1.0,3
7462,densenet161,350,0.9422217589427628,7
7463,resnet18,350,0.9463184463728672,2
7464,efficientnetb0,750,1.0,3
7465,resnet50,550,1.0,6
7466,densenet161,750,1.0,7
7467,resnet50,550,1.0,6
7468,efficientnetb2,550,1.0,3
7469,densenet121,939,0.4858756243316292,5
7470,efficientnetb1,939,1.0,3
7471,resnet18,350,0.9463184463728672,2
7472,efficientnetb0,550,1.0,3
7473,efficientnetb2,750,1.0,3
7474,efficientnetb2,750,1.0,3
7475,resnet50,550,1.0,6
7476,resnet18,939,1.0,2
7477,vgg19,750,0.9936879963126718,15
7478,densenet121,939,0.4858756243316292,5
7479,densenet161,750,1.0,7
7480,efficientnetb2,350,1.0,3
7481,densenet161,550,0.5735576563250782,5
7482,efficientnetb1,750,1.0,3
7483,efficientnetb1,350,1.0,3
7484,densenet161,750,1.0,7
7485,efficientnetb1,550,1.0,3
7486,resnet18,750,1.0,2
7487,vgg19,350,0.7874284582909132,17
7488,efficientnetb2,350,1.0,3
7489,densenet161,550,0.5735576563250782,5
7490,efficientnetb1,750,1.0,3
7491,efficientnetb0,550,1.0,3
7492,efficientnetb2,939,1.0,3
7493,resnet50,550,1.0,6
7494,densenet161,550,0.8307012363387156,6
7495,densenet121,350,0.6263678162488967,5
7496,densenet161,350,0.472733213293796,5
7497,densenet121,350,0.6263678162488967,5
7498,densenet161,939,1.0,6
7499,resnet50,939,1.0,6
7500,densenet161,750,0.9225205659416632,8
7501,resnet18,550,1.0,2
7502,efficientnetb0,750,1.0,3
7503,efficientnetb0,350,1.0,3
7504,efficientnetb2,750,1.0,3
7505,resnet50,939,1.0,6
7506,efficientnetb2,350,1.0,3
7507,vgg19,939,1.0,15
7508,densenet121,550,0.6262433485833546,5
7509,densenet161,750,0.0408796516625536,12
7510,densenet121,350,0.6263678162488967,5
7511,densenet161,550,0.8307012363387156,6
7512,resnet50,939,1.0,6
7513,efficientnetb0,350,1.0,3
7514,densenet121,750,1.0,6
7515,efficientnetb1,550,1.0,3
7516,efficientnetb0,939,1.0,3
7517,resnet18,550,1.0,2
7518,efficientnetb1,350,1.0,3
7519,efficientnetb1,939,1.0,3
7520,resnet18,750,1.0,2
7521,efficientnetb1,939,1.0,3
7522,densenet161,350,1.0,8
7523,resnet50,550,0.0097267662088094,1
7524,densenet121,550,0.6262433485833546,5
7525,densenet121,750,0.6549577219091517,5
7526,efficientnetb0,550,1.0,3
7527,resnet50,350,1.0,6
7528,resnet18,550,1.0,2
7529,vgg19,350,0.9884623593775808,15
7530,efficientnetb0,939,1.0,3
7531,efficientnetb0,350,1.0,3
7532,efficientnetb1,550,1.0,3
7533,resnet50,550,1.0,6
7534,efficientnetb2,939,1.0,3
7535,efficientnetb0,550,0.7484594574197447,4
7536,resnet18,550,1.0,2
7537,resnet18,550,1.0,2
7538,densenet121,350,0.6263678162488967,5
7539,efficientnetb2,939,1.0,3
7540,resnet50,750,0.8540914514899219,6
7541,resnet50,550,1.0,6
7542,densenet121,750,0.6549577219091517,5
7543,resnet50,350,1.0,6
7544,efficientnetb2,350,1.0,3
7545,densenet121,350,0.6263678162488967,5
7546,densenet121,750,0.6549577219091517,5
7547,resnet50,750,0.692684175445151,7
7548,densenet121,939,0.4858756243316292,5
7549,efficientnetb0,750,1.0,3
7550,efficientnetb2,939,1.0,3
7551,resnet18,550,1.0,2
7552,resnet50,939,1.0,6
7553,vgg19,350,0.9884623593775808,15
7554,vgg19,350,0.9884623593775808,15
7555,densenet121,750,0.6549577219091517,5
7556,resnet50,939,1.0,6
7557,efficientnetb2,750,1.0,3
7558,efficientnetb1,350,1.0,3
7559,efficientnetb0,350,1.0,3
7560,resnet18,350,0.9463184463728672,2
7561,vgg19,350,1.0,16
7562,densenet161,350,0.0606109279047736,12
7563,resnet18,750,1.0,2
7564,densenet161,939,0.9380901386244868,8
7565,resnet50,939,1.0,6
7566,densenet161,939,0.8028649279588222,7
7567,vgg19,750,0.9936879963126718,15
7568,resnet50,550,1.0,6
7569,efficientnetb0,550,1.0,3
7570,densenet121,350,0.6263678162488967,5
7571,efficientnetb0,750,1.0,3
7572,resnet50,550,1.0,6
7573,efficientnetb2,939,1.0,3
7574,resnet18,350,0.9463184463728672,2
7575,resnet50,350,1.0,6
7576,vgg19,939,1.0,15
7577,resnet18,750,1.0,2
7578,resnet50,939,1.0,6
7579,densenet161,750,1.0,7
7580,efficientnetb2,350,1.0,3
7581,efficientnetb1,939,1.0,3
7582,resnet18,550,1.0,2
7583,vgg19,750,0.9936879963126718,15
7584,resnet50,750,0.8540914514899219,6
7585,resnet50,750,0.8540914514899219,6
7586,efficientnetb1,350,1.0,3
7587,resnet18,350,0.9463184463728672,2
7588,efficientnetb0,550,1.0,3
7589,efficientnetb2,750,1.0,3
7590,densenet161,550,0.5735576563250782,5
7591,resnet50,750,0.692684175445151,7
7592,densenet161,350,0.9422217589427628,7
7593,efficientnetb2,550,1.0,3
7594,resnet18,550,1.0,2
7595,vgg19,350,1.0,16
7596,efficientnetb0,550,1.0,3
7597,efficientnetb1,939,1.0,3
7598,densenet161,550,0.084152532251803,12
7599,efficientnetb0,750,1.0,3
7600,resnet18,550,1.0,2
7601,efficientnetb0,939,1.0,3
7602,vgg19,939,1.0,15
7603,efficientnetb0,550,0.7484594574197447,4
7604,efficientnetb1,939,1.0,3
7605,densenet161,750,0.5067219862360387,5
7606,resnet50,550,1.0,6
7607,vgg19,350,0.9884623593775808,15
7608,efficientnetb2,550,1.0,3
7609,densenet161,939,1.0,6
7610,efficientnetb0,939,0.6801221238861833,4
7611,resnet50,550,1.0,6
7612,efficientnetb1,750,1.0,3
7613,densenet161,550,0.8307012363387156,6
7614,resnet18,750,1.0,2
7615,densenet161,350,0.472733213293796,5
7616,resnet18,350,0.9463184463728672,2
7617,efficientnetb2,550,1.0,3
7618,densenet161,750,0.5067219862360387,5
7619,resnet18,750,1.0,2
7620,resnet50,750,0.8540914514899219,6
7621,resnet50,750,0.8540914514899219,6
7622,densenet121,550,0.6262433485833546,5
7623,vgg19,350,0.9884623593775808,15
7624,vgg19,750,0.9936879963126718,15
7625,efficientnetb1,350,0.7181138626700144,4
7626,densenet161,750,1.0,7
7627,efficientnetb2,750,1.0,3
7628,densenet161,750,0.5067219862360387,5
7629,vgg19,750,0.9936879963126718,15
7630,densenet161,350,0.9422217589427628,7
7631,resnet18,939,1.0,2
7632,efficientnetb1,350,1.0,3
7633,densenet121,350,0.6263678162488967,5
7634,resnet18,939,0.9772814215247084,3
7635,densenet161,350,0.9422217589427628,7
7636,resnet18,350,1.0,3
7637,efficientnetb1,939,1.0,3
7638,efficientnetb2,550,1.0,3
7639,vgg19,550,1.0,15
7640,efficientnetb1,750,1.0,3
7641,efficientnetb0,350,1.0,3
7642,vgg19,939,1.0,15
7643,resnet50,550,1.0,6
7644,vgg19,350,0.9884623593775808,15
7645,efficientnetb0,750,1.0,3
7646,resnet18,350,0.9463184463728672,2
7647,densenet161,939,0.9380901386244868,8
7648,efficientnetb1,939,1.0,3
7649,vgg19,939,1.0,15
7650,resnet50,939,1.0,6
7651,resnet18,939,1.0,2
7652,efficientnetb2,939,1.0,3
7653,vgg19,550,1.0,15
7654,densenet161,939,1.0,6
7655,resnet18,550,1.0,2
7656,resnet50,350,1.0,6
7657,efficientnetb2,550,1.0,3
7658,densenet161,350,0.472733213293796,5
7659,efficientnetb1,550,0.6878389778024664,4
7660,densenet121,550,0.6262433485833546,5
7661,densenet121,550,0.6262433485833546,5
7662,efficientnetb2,550,1.0,3
7663,densenet161,350,0.472733213293796,5
7664,efficientnetb2,350,1.0,3
7665,densenet121,750,0.0983602208090902,4
7666,vgg19,939,1.0,15
7667,densenet121,750,0.6549577219091517,5
7668,efficientnetb1,750,1.0,3
7669,densenet121,350,0.6263678162488967,5
7670,vgg19,939,1.0,15
7671,densenet161,750,0.5067219862360387,5
7672,efficientnetb2,550,1.0,3
7673,efficientnetb1,350,0.7181138626700144,4
7674,resnet18,350,0.9463184463728672,2
7675,vgg19,939,1.0,15
7676,efficientnetb2,550,1.0,3
7677,densenet121,350,0.6263678162488967,5
7678,resnet50,550,1.0,6
7679,efficientnetb2,939,1.0,3
7680,efficientnetb0,550,1.0,3
7681,resnet18,550,1.0,2
7682,vgg19,750,0.9936879963126718,15
7683,efficientnetb2,550,1.0,3
7684,vgg19,939,1.0,15
7685,efficientnetb2,750,1.0,3
7686,resnet50,750,0.8540914514899219,6
7687,resnet18,939,1.0,2
7688,efficientnetb2,350,0.65175093664593,4
7689,vgg19,939,1.0,15
7690,densenet161,350,0.0606109279047736,12
7691,densenet161,939,0.9380901386244868,8
7692,efficientnetb2,550,1.0,3
7693,vgg19,350,0.9884623593775808,15
7694,resnet18,550,1.0,2
7695,efficientnetb1,939,1.0,3
7696,efficientnetb1,550,1.0,3
7697,resnet50,750,0.8540914514899219,6
7698,resnet50,750,0.8540914514899219,6
7699,vgg19,350,0.9884623593775808,15
7700,resnet18,750,1.0,2
7701,resnet50,939,1.0,6
7702,resnet50,550,1.0,6
7703,efficientnetb0,550,1.0,3
7704,resnet50,939,1.0,6
7705,densenet161,550,1.0,7
7706,densenet121,750,0.6549577219091517,5
7707,vgg19,939,1.0,15
7708,resnet18,550,1.0,2
7709,resnet18,750,1.0,2
7710,efficientnetb2,550,0.7219694682129152,4
7711,resnet18,350,0.9463184463728672,2
7712,efficientnetb1,350,1.0,3
7713,efficientnetb2,939,1.0,3
7714,vgg19,350,0.9884623593775808,15
7715,efficientnetb2,350,1.0,3
7716,resnet50,350,1.0,6
7717,densenet121,550,0.6262433485833546,5
7718,resnet50,939,1.0,6
7719,resnet50,939,1.0,6
7720,efficientnetb1,550,1.0,3
7721,vgg19,750,0.9936879963126718,15
7722,densenet121,750,0.6549577219091517,5
7723,vgg19,550,1.0,15
7724,efficientnetb0,939,0.6801221238861833,4
7725,densenet121,939,0.4858756243316292,5
7726,efficientnetb0,350,1.0,3
7727,densenet161,350,0.472733213293796,5
7728,efficientnetb1,750,1.0,3
7729,efficientnetb1,550,1.0,3
7730,efficientnetb1,750,1.0,3
7731,efficientnetb0,350,1.0,3
7732,resnet50,550,1.0,6
7733,densenet161,550,0.084152532251803,12
7734,resnet50,750,0.8540914514899219,6
7735,resnet50,750,0.8540914514899219,6
7736,efficientnetb0,750,1.0,3
7737,densenet121,350,0.6263678162488967,5
7738,vgg19,550,1.0,15
7739,efficientnetb0,350,1.0,3
7740,efficientnetb2,550,1.0,3
7741,efficientnetb0,750,1.0,3
7742,efficientnetb2,939,0.6509085704414946,4
7743,efficientnetb0,750,1.0,3
7744,efficientnetb2,550,1.0,3
7745,resnet18,350,0.9463184463728672,2
7746,resnet18,350,0.9463184463728672,2
7747,resnet18,750,1.0,2
7748,resnet50,750,0.8540914514899219,6
7749,efficientnetb0,750,0.6483214388113725,4
7750,densenet121,550,1.0,6
7751,efficientnetb2,350,1.0,3
7752,resnet50,939,1.0,6
7753,efficientnetb2,350,1.0,3
7754,efficientnetb1,939,1.0,3
7755,efficientnetb2,550,1.0,3
7756,resnet50,550,1.0,6
7757,efficientnetb1,939,1.0,3
7758,efficientnetb2,939,1.0,3
7759,efficientnetb0,350,1.0,3
7760,densenet121,750,0.6549577219091517,5
7761,efficientnetb0,350,1.0,3
7762,efficientnetb2,939,1.0,3
7763,resnet18,350,0.9463184463728672,2
7764,efficientnetb0,550,1.0,3
7765,vgg19,939,1.0,15
7766,densenet121,550,0.6262433485833546,5
7767,densenet161,350,1.0,8
7768,densenet161,550,0.5735576563250782,5
7769,resnet18,939,1.0,2
7770,densenet161,350,0.0606109279047736,12
7771,efficientnetb0,550,1.0,3
7772,densenet121,350,0.6263678162488967,5
7773,densenet161,750,0.5067219862360387,5
7774,efficientnetb2,939,1.0,3
7775,efficientnetb2,750,1.0,3
7776,densenet121,350,0.6263678162488967,5
7777,efficientnetb2,750,1.0,3
7778,densenet121,350,0.6263678162488967,5
7779,efficientnetb1,550,1.0,3
7780,efficientnetb0,550,1.0,3
7781,resnet50,939,0.1412757250508847,2
7782,efficientnetb1,939,1.0,3
7783,vgg19,750,0.9936879963126718,15
7784,efficientnetb0,350,1.0,3
7785,efficientnetb1,550,1.0,3
7786,densenet161,350,0.9422217589427628,7
7787,resnet50,750,0.8540914514899219,6
7788,vgg19,939,1.0,15
7789,densenet121,750,0.6549577219091517,5
7790,resnet18,750,1.0,2
7791,densenet121,750,0.6549577219091517,5
7792,resnet50,550,1.0,6
7793,densenet161,939,0.2831929044634787,5
7794,densenet121,350,1.0,6
7795,resnet50,550,1.0,6
7796,resnet50,750,0.8540914514899219,6
7797,resnet50,350,1.0,6
7798,densenet161,550,0.084152532251803,12
7799,efficientnetb2,939,1.0,3
7800,resnet18,750,1.0,2
7801,resnet18,350,0.9463184463728672,2
7802,efficientnetb1,550,1.0,3
7803,resnet50,550,1.0,6
7804,densenet161,350,0.472733213293796,5
7805,efficientnetb1,550,0.6878389778024664,4
7806,resnet18,750,0.9425112246169725,3
7807,vgg19,750,0.9936879963126718,15
7808,densenet161,939,0.8028649279588222,7
7809,densenet121,550,0.6262433485833546,5
7810,efficientnetb0,350,1.0,3
7811,resnet18,550,1.0,2
7812,densenet121,750,0.6549577219091517,5
7813,efficientnetb2,350,1.0,3
7814,resnet18,939,1.0,2
7815,resnet18,350,0.9463184463728672,2
7816,efficientnetb2,939,1.0,3
7817,vgg19,550,0.527063884872579,9
7818,densenet161,939,0.2831929044634787,5
7819,efficientnetb2,550,1.0,3
7820,densenet161,350,0.9422217589427628,7
7821,resnet18,750,1.0,2
7822,efficientnetb0,750,1.0,3
7823,vgg19,350,0.9884623593775808,15
7824,resnet50,750,0.8540914514899219,6
7825,efficientnetb0,939,1.0,3
7826,densenet121,750,0.6549577219091517,5
7827,resnet18,939,1.0,2
7828,resnet18,939,1.0,2
7829,resnet50,750,0.692684175445151,7
7830,resnet50,350,1.0,6
7831,resnet50,550,1.0,6
7832,densenet121,350,0.6263678162488967,5
7833,efficientnetb2,750,1.0,3
7834,densenet121,350,0.6263678162488967,5
7835,vgg19,939,1.0,15
7836,efficientnetb2,550,1.0,3
7837,efficientnetb1,939,1.0,3
7838,densenet121,550,0.6262433485833546,5
7839,resnet50,550,1.0,6
7840,densenet161,939,0.2831929044634787,5
7841,efficientnetb2,550,1.0,3
7842,densenet161,350,0.7705044620574577,6
7843,densenet161,350,0.7705044620574577,6
7844,resnet50,350,1.0,6
7845,densenet161,939,0.2611850784190904,12
7846,densenet161,939,0.2831929044634787,5
7847,efficientnetb2,750,1.0,3
7848,efficientnetb2,350,1.0,3
7849,resnet50,550,1.0,6
7850,densenet161,350,0.9422217589427628,7
7851,densenet161,939,0.8028649279588222,7
7852,resnet50,939,1.0,6
7853,densenet161,939,0.8028649279588222,7
7854,efficientnetb1,550,1.0,3
7855,resnet18,550,1.0,2
7856,vgg19,939,1.0,15
7857,efficientnetb2,350,1.0,3
7858,resnet50,939,1.0,6
7859,efficientnetb1,750,1.0,3
7860,efficientnetb2,350,1.0,3
7861,densenet121,750,0.6549577219091517,5
7862,resnet18,350,0.9463184463728672,2
7863,densenet121,750,0.6549577219091517,5
7864,efficientnetb0,939,1.0,3
7865,efficientnetb1,550,1.0,3
7866,vgg19,750,0.9936879963126718,15
7867,efficientnetb1,750,1.0,3
7868,densenet121,939,0.4858756243316292,5
7869,resnet50,750,0.8540914514899219,6
7870,vgg19,750,0.9936879963126718,15
7871,densenet121,750,0.6549577219091517,5
7872,efficientnetb0,350,1.0,3
7873,efficientnetb2,750,1.0,3
7874,densenet121,939,0.4858756243316292,5
7875,vgg19,939,1.0,15
7876,efficientnetb2,939,1.0,3
7877,resnet18,550,1.0,2
7878,densenet121,939,0.4858756243316292,5
7879,resnet18,939,1.0,2
7880,resnet50,750,0.692684175445151,7
7881,vgg19,750,0.9936879963126718,15
7882,densenet161,550,0.1645626434148789,10
7883,efficientnetb0,939,0.5462134982716761,5
7884,resnet18,939,1.0,2
7885,resnet50,550,1.0,6
7886,vgg19,939,1.0,15
7887,densenet161,750,1.0,7
7888,efficientnetb1,939,1.0,3
7889,densenet121,750,1.0,6
7890,vgg19,750,1.0,16
7891,densenet121,550,0.6262433485833546,5
7892,densenet121,550,0.6262433485833546,5
7893,resnet50,939,1.0,6
7894,efficientnetb2,750,1.0,3
7895,efficientnetb0,550,0.7484594574197447,4
7896,resnet18,550,1.0,2
7897,resnet18,350,0.9463184463728672,2
7898,densenet161,350,0.9422217589427628,7
7899,vgg19,750,0.9936879963126718,15
7900,vgg19,750,0.9936879963126718,15
7901,efficientnetb2,550,1.0,3
7902,densenet161,939,0.2611850784190904,12
7903,efficientnetb0,350,1.0,3
7904,resnet18,550,1.0,2
7905,efficientnetb2,750,1.0,3
7906,efficientnetb1,750,1.0,3
7907,densenet121,939,0.4858756243316292,5
7908,efficientnetb1,350,1.0,3
7909,resnet18,750,1.0,2
7910,densenet161,939,0.2831929044634787,5
7911,resnet18,350,0.9463184463728672,2
7912,densenet121,939,0.4858756243316292,5
7913,resnet50,939,1.0,6
7914,efficientnetb0,939,1.0,3
7915,efficientnetb1,750,1.0,3
7916,efficientnetb1,550,1.0,3
7917,efficientnetb1,550,1.0,3
7918,vgg19,939,1.0,15
7919,efficientnetb1,350,1.0,3
7920,efficientnetb2,550,1.0,3
7921,resnet50,350,1.0,6
7922,efficientnetb1,550,1.0,3
7923,densenet121,939,0.4858756243316292,5
7924,efficientnetb0,939,1.0,3
7925,efficientnetb2,550,1.0,3
7926,resnet18,750,1.0,2
7927,resnet50,550,1.0,6
7928,densenet121,750,0.6549577219091517,5
7929,resnet50,750,0.8540914514899219,6
7930,resnet18,750,1.0,2
7931,efficientnetb0,750,1.0,3
7932,vgg19,750,0.9936879963126718,15
7933,densenet161,939,0.2994714122049385,4
7934,vgg19,939,1.0,15
7935,resnet50,350,1.0,6
7936,densenet161,350,0.7705044620574577,6
7937,resnet18,750,1.0,2
7938,efficientnetb0,750,1.0,3
7939,vgg19,939,1.0,15
7940,resnet18,550,1.0,2
7941,densenet121,939,0.4858756243316292,5
7942,resnet18,550,1.0,2
7943,densenet121,939,0.4858756243316292,5
7944,resnet50,350,1.0,6
7945,efficientnetb0,550,1.0,3
7946,efficientnetb1,750,1.0,3
7947,efficientnetb1,550,1.0,3
7948,efficientnetb0,350,1.0,3
7949,densenet121,939,0.4858756243316292,5
7950,efficientnetb1,350,1.0,3
7951,densenet121,750,0.6549577219091517,5
7952,densenet121,750,0.6549577219091517,5
7953,resnet50,750,0.8540914514899219,6
7954,densenet161,550,0.5735576563250782,5
7955,efficientnetb1,550,1.0,3
7956,resnet18,550,1.0,2
7957,vgg19,350,0.9884623593775808,15
7958,resnet18,750,1.0,2
7959,resnet18,350,0.9463184463728672,2
7960,vgg19,550,1.0,15
7961,efficientnetb2,550,1.0,3
7962,efficientnetb0,550,1.0,3
7963,densenet121,350,1.0,6
7964,densenet161,939,0.8028649279588222,7
7965,vgg19,750,0.9936879963126718,15
7966,efficientnetb2,550,1.0,3
7967,densenet161,350,0.7705044620574577,6
7968,resnet18,550,1.0,2
7969,resnet18,750,1.0,2
7970,efficientnetb2,550,1.0,3
7971,densenet121,939,0.4858756243316292,5
7972,densenet161,350,0.0195835026890192,2
7973,resnet50,750,0.8540914514899219,6
7974,densenet121,750,0.6549577219091517,5
7975,densenet121,939,0.4858756243316292,5
7976,efficientnetb1,750,1.0,3
7977,efficientnetb2,550,1.0,3
7978,vgg19,750,0.9936879963126718,15
7979,efficientnetb1,350,1.0,3
7980,efficientnetb0,550,1.0,3
7981,densenet121,350,0.6263678162488967,5
7982,efficientnetb1,350,1.0,3
7983,densenet121,939,0.4858756243316292,5
7984,resnet50,939,1.0,6
7985,resnet50,550,1.0,6
7986,efficientnetb0,350,1.0,3
7987,efficientnetb0,939,1.0,3
7988,efficientnetb0,550,1.0,3
7989,densenet161,939,0.8028649279588222,7
7990,resnet18,350,0.9463184463728672,2
7991,densenet121,750,0.6549577219091517,5
7992,resnet18,350,0.9463184463728672,2
7993,efficientnetb0,750,1.0,3
7994,resnet50,350,1.0,6
7995,densenet161,750,0.5067219862360387,5
7996,efficientnetb0,550,1.0,3
7997,efficientnetb2,350,1.0,3
7998,vgg19,550,1.0,15
7999,resnet18,550,1.0,2
8000,vgg19,350,0.9884623593775808,15
8001,efficientnetb0,350,1.0,3
8002,resnet18,350,0.9463184463728672,2
8003,efficientnetb0,750,1.0,3
8004,resnet18,939,1.0,2
8005,vgg19,939,1.0,15
8006,efficientnetb1,550,1.0,3
8007,efficientnetb0,750,1.0,3
8008,efficientnetb1,939,1.0,3
8009,densenet121,350,0.6263678162488967,5
8010,efficientnetb0,350,1.0,3
8011,efficientnetb2,550,1.0,3
8012,vgg19,550,1.0,15
8013,resnet18,550,1.0,2
8014,efficientnetb2,550,1.0,3
8015,densenet121,350,0.6263678162488967,5
8016,resnet50,939,1.0,6
8017,efficientnetb1,550,1.0,3
8018,resnet18,939,1.0,2
8019,efficientnetb2,750,0.6313792880026403,4
8020,efficientnetb0,350,1.0,3
8021,efficientnetb2,939,1.0,3
8022,efficientnetb0,550,1.0,3
8023,resnet18,550,1.0,2
8024,densenet161,350,0.9422217589427628,7
8025,efficientnetb1,550,1.0,3
8026,resnet50,939,1.0,6
8027,efficientnetb0,750,1.0,3
8028,densenet161,550,0.8307012363387156,6
8029,efficientnetb0,550,1.0,3
8030,efficientnetb2,750,1.0,3
8031,densenet161,350,0.9422217589427628,7
8032,resnet18,939,1.0,2
8033,efficientnetb2,750,1.0,3
8034,efficientnetb1,350,1.0,3
8035,efficientnetb2,550,1.0,3
8036,densenet161,550,1.0,7
8037,efficientnetb1,350,1.0,3
8038,efficientnetb0,350,1.0,3
8039,efficientnetb2,550,1.0,3
8040,efficientnetb2,550,1.0,3
8041,densenet121,750,0.6549577219091517,5
8042,vgg19,350,0.9884623593775808,15
8043,densenet121,939,0.4858756243316292,5
8044,efficientnetb0,550,1.0,3
8045,resnet50,350,1.0,6
8046,efficientnetb0,350,1.0,3
8047,resnet50,550,1.0,6
8048,efficientnetb0,350,1.0,3
8049,vgg19,350,0.9884623593775808,15
8050,resnet18,350,0.9463184463728672,2
8051,resnet50,550,1.0,6
8052,vgg19,750,0.9936879963126718,15
8053,densenet121,350,1.0,6
8054,densenet161,750,0.5067219862360387,5
8055,efficientnetb1,750,1.0,3
8056,resnet50,550,1.0,6
8057,resnet18,550,1.0,2
8058,vgg19,550,1.0,15
8059,vgg19,550,1.0,15
8060,vgg19,350,0.9884623593775808,15
8061,efficientnetb1,350,1.0,3
8062,densenet121,939,0.390359012366206,7
8063,efficientnetb2,750,1.0,3
8064,efficientnetb1,550,1.0,3
8065,efficientnetb2,750,0.6313792880026403,4
8066,vgg19,750,0.9936879963126718,15
8067,resnet50,939,1.0,6
8068,efficientnetb1,350,1.0,3
8069,efficientnetb0,550,1.0,3
8070,densenet121,750,0.6549577219091517,5
8071,resnet50,939,1.0,6
8072,densenet121,350,0.6263678162488967,5
8073,efficientnetb1,939,1.0,3
8074,efficientnetb0,939,1.0,3
8075,resnet18,350,0.9463184463728672,2
8076,efficientnetb0,939,1.0,3
8077,densenet121,550,0.6262433485833546,5
8078,vgg19,750,0.9936879963126718,15
8079,resnet50,550,1.0,6
8080,densenet121,350,0.6263678162488967,5
8081,efficientnetb2,550,1.0,3
8082,efficientnetb0,939,1.0,3
8083,densenet161,350,0.9422217589427628,7
8084,resnet18,350,0.9463184463728672,2
8085,resnet18,750,1.0,2
8086,vgg19,550,1.0,15
8087,vgg19,939,1.0,15
8088,resnet50,750,0.8540914514899219,6
8089,resnet18,750,0.5563161859691826,1
8090,resnet18,350,0.9463184463728672,2
8091,efficientnetb0,550,1.0,3
8092,vgg19,350,0.9884623593775808,15
8093,resnet50,350,1.0,6
8094,densenet161,939,1.0,6
8095,resnet50,350,1.0,6
8096,densenet161,350,0.472733213293796,5
8097,efficientnetb0,350,1.0,3
8098,densenet121,550,0.6262433485833546,5
8099,efficientnetb0,550,1.0,3
8100,vgg19,550,1.0,15
8101,efficientnetb2,750,1.0,3
8102,efficientnetb0,550,1.0,3
8103,densenet161,939,0.8028649279588222,7
8104,densenet121,350,0.6263678162488967,5
8105,efficientnetb1,939,1.0,3
8106,efficientnetb2,750,1.0,3
8107,efficientnetb0,350,1.0,3
8108,densenet121,350,0.6263678162488967,5
8109,efficientnetb1,550,1.0,3
8110,efficientnetb0,939,1.0,3
8111,efficientnetb0,939,1.0,3
8112,efficientnetb0,939,0.0,1
8113,resnet50,350,1.0,6
8114,densenet161,550,0.8307012363387156,6
8115,efficientnetb2,750,1.0,3
8116,efficientnetb2,939,1.0,3
8117,efficientnetb1,550,1.0,3
8118,densenet161,939,0.8028649279588222,7
8119,densenet161,750,1.0,7
8120,efficientnetb2,550,1.0,3
8121,efficientnetb0,350,0.7221681243288518,4
8122,vgg19,750,0.9936879963126718,15
8123,efficientnetb0,550,1.0,3
8124,vgg19,939,1.0,15
8125,densenet121,550,0.6262433485833546,5
8126,vgg19,550,1.0,15
8127,resnet50,550,0.8501913432605966,5
8128,vgg19,939,0.4910509157637427,8
8129,vgg19,550,1.0,15
8130,densenet121,750,1.0,6
8131,resnet18,550,1.0,2
8132,resnet50,350,1.0,6
8133,efficientnetb1,550,1.0,3
8134,densenet161,750,0.9225205659416632,8
8135,densenet121,350,0.6263678162488967,5
8136,efficientnetb2,350,1.0,3
8137,densenet161,750,0.5067219862360387,5
8138,efficientnetb1,350,1.0,3
8139,resnet50,350,1.0,6
8140,resnet50,350,1.0,6
8141,efficientnetb0,939,1.0,3
8142,resnet50,550,1.0,6
8143,densenet121,350,0.6263678162488967,5
8144,efficientnetb2,750,1.0,3
8145,densenet161,350,0.0606109279047736,12
8146,efficientnetb0,939,1.0,3
8147,resnet50,550,1.0,6
8148,resnet50,750,0.8540914514899219,6
8149,resnet18,750,1.0,2
8150,resnet18,550,1.0,2
8151,efficientnetb1,750,1.0,3
8152,efficientnetb1,939,1.0,3
8153,efficientnetb2,350,1.0,3
8154,densenet161,939,0.2611850784190904,12
8155,vgg19,350,0.9884623593775808,15
8156,resnet18,750,1.0,2
8157,densenet121,750,0.6549577219091517,5
8158,densenet161,350,0.0606109279047736,12
8159,resnet18,350,0.9463184463728672,2
8160,resnet50,550,1.0,6
8161,vgg19,550,1.0,15
8162,efficientnetb2,750,1.0,3
8163,densenet161,350,0.9422217589427628,7
8164,densenet161,350,0.0606109279047736,12
8165,efficientnetb0,750,1.0,3
8166,densenet161,939,0.2831929044634787,5
8167,resnet50,750,0.8540914514899219,6
8168,resnet18,939,1.0,2
8169,efficientnetb2,350,1.0,3
8170,densenet161,750,1.0,7
8171,vgg19,550,1.0,15
8172,efficientnetb1,350,1.0,3
8173,efficientnetb2,550,1.0,3
8174,densenet121,550,0.6262433485833546,5
8175,vgg19,750,0.9936879963126718,15
8176,densenet161,939,0.9380901386244868,8
8177,efficientnetb2,550,1.0,3
8178,resnet18,750,1.0,2
8179,efficientnetb2,939,1.0,3
8180,vgg19,550,1.0,15
8181,efficientnetb2,750,1.0,3
8182,resnet18,550,1.0,2
8183,resnet18,350,0.9463184463728672,2
8184,efficientnetb0,350,1.0,3
8185,efficientnetb0,939,1.0,3
8186,densenet161,550,0.084152532251803,12
8187,efficientnetb0,350,1.0,3
8188,resnet50,750,0.8540914514899219,6
8189,densenet121,939,0.4858756243316292,5
8190,densenet121,550,0.6262433485833546,5
8191,densenet121,550,1.0,6
8192,densenet121,550,0.6262433485833546,5
8193,vgg19,939,1.0,15
8194,densenet121,939,0.4858756243316292,5
8195,efficientnetb0,350,1.0,3
8196,vgg19,350,0.9884623593775808,15
8197,densenet121,350,0.6263678162488967,5
8198,vgg19,939,1.0,15
8199,resnet50,939,1.0,6
8200,vgg19,939,1.0,15
8201,densenet161,750,0.5067219862360387,5
8202,densenet121,350,0.6263678162488967,5
8203,resnet50,350,1.0,6
8204,resnet18,350,0.9463184463728672,2
8205,efficientnetb1,750,1.0,3
8206,resnet50,750,0.8540914514899219,6
8207,efficientnetb1,550,1.0,3
8208,resnet18,550,1.0,2
8209,vgg19,750,0.7555996769548718,17
8210,densenet161,750,1.0,7
8211,densenet161,939,0.2611850784190904,12
8212,efficientnetb0,750,1.0,3
8213,efficientnetb2,750,1.0,3
8214,efficientnetb0,939,1.0,3
8215,densenet161,750,0.0408796516625536,12
8216,densenet121,939,0.4858756243316292,5
8217,vgg19,750,0.9936879963126718,15
8218,resnet50,939,1.0,6
8219,densenet121,550,0.6262433485833546,5
8220,resnet18,550,1.0,2
8221,vgg19,939,1.0,15
8222,vgg19,939,1.0,15
8223,densenet161,939,0.2831929044634787,5
8224,efficientnetb2,550,1.0,3
8225,resnet50,939,1.0,6
8226,densenet121,750,0.6549577219091517,5
8227,densenet161,750,0.5067219862360387,5
8228,efficientnetb0,750,1.0,3
8229,densenet121,550,0.6262433485833546,5
8230,vgg19,350,0.9884623593775808,15
8231,resnet50,550,1.0,6
8232,densenet121,939,0.4858756243316292,5
8233,resnet50,550,1.0,6
8234,resnet50,550,1.0,6
8235,densenet161,939,0.2611850784190904,12
8236,efficientnetb2,350,1.0,3
8237,densenet121,939,0.4858756243316292,5
8238,vgg19,939,1.0,15
8239,efficientnetb1,939,1.0,3
8240,efficientnetb0,750,1.0,3
8241,resnet50,550,1.0,6
8242,resnet50,939,1.0,6
8243,efficientnetb0,550,1.0,3
8244,resnet18,939,1.0,2
8245,resnet18,939,1.0,2
8246,efficientnetb1,550,1.0,3
8247,densenet161,939,1.0,6
8248,vgg19,350,0.9884623593775808,15
8249,resnet18,750,1.0,2
8250,efficientnetb1,750,1.0,3
8251,efficientnetb0,550,1.0,3
8252,densenet161,350,0.9422217589427628,7
8253,resnet18,750,0.9425112246169725,3
8254,densenet121,350,0.6263678162488967,5
8255,densenet161,750,0.9225205659416632,8
8256,resnet18,550,0.5341577662577371,1
8257,vgg19,350,0.9884623593775808,15
8258,efficientnetb1,939,1.0,3
8259,resnet18,350,0.9463184463728672,2
8260,resnet50,550,1.0,6
8261,densenet161,939,0.2611850784190904,12
8262,resnet18,939,1.0,2
8263,efficientnetb2,939,1.0,3
8264,efficientnetb2,350,1.0,3
8265,efficientnetb0,550,1.0,3
8266,vgg19,350,0.9884623593775808,15
8267,efficientnetb2,939,1.0,3
8268,resnet18,350,0.9463184463728672,2
8269,resnet18,750,1.0,2
8270,resnet18,550,1.0,2
8271,densenet161,550,0.8307012363387156,6
8272,efficientnetb0,750,1.0,3
8273,efficientnetb1,550,1.0,3
8274,densenet161,939,0.2611850784190904,12
8275,resnet18,939,1.0,2
8276,efficientnetb0,750,1.0,3
8277,efficientnetb1,939,1.0,3
8278,resnet18,750,1.0,2
8279,resnet18,350,0.9463184463728672,2
8280,densenet161,550,0.9908784030365078,8
8281,densenet121,350,0.6263678162488967,5
8282,densenet161,350,0.0606109279047736,12
8283,resnet18,939,1.0,2
8284,resnet18,550,1.0,2
8285,resnet18,939,1.0,2
8286,densenet161,750,1.0,7
8287,efficientnetb2,550,1.0,3
8288,efficientnetb1,550,1.0,3
8289,resnet50,550,1.0,6
8290,densenet121,550,0.6262433485833546,5
8291,efficientnetb2,550,1.0,3
8292,efficientnetb1,550,1.0,3
8293,densenet121,550,0.6262433485833546,5
8294,efficientnetb2,939,1.0,3
8295,resnet18,939,1.0,2
8296,efficientnetb2,550,1.0,3
8297,densenet121,350,0.6263678162488967,5
8298,resnet50,750,0.8540914514899219,6
8299,efficientnetb1,750,1.0,3
8300,efficientnetb2,939,1.0,3
8301,efficientnetb2,939,1.0,3
8302,efficientnetb1,550,1.0,3
8303,resnet18,350,0.9463184463728672,2
8304,resnet18,939,1.0,2
8305,resnet18,550,1.0,2
8306,efficientnetb1,550,1.0,3
8307,efficientnetb1,550,1.0,3
8308,resnet18,750,1.0,2
8309,vgg19,550,1.0,15
8310,efficientnetb0,350,1.0,3
8311,resnet50,750,0.692684175445151,7
8312,efficientnetb0,350,1.0,3
8313,vgg19,550,1.0,15
8314,vgg19,939,1.0,15
8315,efficientnetb2,350,1.0,3
8316,resnet50,939,1.0,6
8317,efficientnetb0,750,1.0,3
8318,efficientnetb2,939,1.0,3
8319,efficientnetb0,939,1.0,3
8320,densenet121,350,0.6263678162488967,5
8321,resnet18,939,1.0,2
8322,efficientnetb2,750,1.0,3
8323,efficientnetb0,550,1.0,3
8324,efficientnetb2,750,1.0,3
8325,vgg19,750,0.9936879963126718,15
8326,vgg19,350,0.9884623593775808,15
8327,efficientnetb0,550,1.0,3
8328,densenet121,550,0.6262433485833546,5
8329,efficientnetb2,750,1.0,3
8330,vgg19,350,0.9884623593775808,15
8331,efficientnetb2,350,1.0,3
8332,efficientnetb2,350,1.0,3
8333,resnet50,750,0.8540914514899219,6
8334,efficientnetb2,350,1.0,3
8335,vgg19,550,1.0,15
8336,densenet161,550,0.8307012363387156,6
8337,resnet50,550,1.0,6
8338,efficientnetb0,750,0.6483214388113725,4
8339,efficientnetb2,350,1.0,3
8340,resnet50,939,1.0,6
8341,densenet121,550,1.0,6
8342,efficientnetb1,550,1.0,3
8343,resnet50,750,0.8540914514899219,6
8344,resnet50,750,0.8540914514899219,6
8345,efficientnetb1,750,1.0,3
8346,efficientnetb2,550,1.0,3
8347,efficientnetb0,550,1.0,3
8348,densenet121,939,0.4858756243316292,5
8349,efficientnetb2,550,1.0,3
8350,efficientnetb2,350,1.0,3
8351,densenet161,350,0.9422217589427628,7
8352,efficientnetb0,750,1.0,3
8353,efficientnetb2,350,0.65175093664593,4
8354,efficientnetb2,350,1.0,3
8355,densenet121,939,0.4858756243316292,5
8356,efficientnetb1,939,0.7039994792384792,4
8357,efficientnetb0,750,1.0,3
8358,densenet121,939,0.4858756243316292,5
8359,efficientnetb1,550,1.0,3
8360,resnet18,939,1.0,2
8361,densenet161,350,0.7705044620574577,6
8362,efficientnetb0,550,1.0,3
8363,vgg19,750,0.9936879963126718,15
8364,vgg19,750,0.9936879963126718,15
8365,densenet121,350,0.6263678162488967,5
8366,vgg19,550,0.9153142027929496,13
8367,vgg19,350,0.9884623593775808,15
8368,densenet161,350,0.7705044620574577,6
8369,efficientnetb0,750,1.0,3
8370,efficientnetb2,750,1.0,3
8371,densenet121,939,0.4858756243316292,5
8372,efficientnetb2,350,1.0,3
8373,vgg19,939,0.9322438807363724,13
8374,efficientnetb1,550,1.0,3
8375,resnet50,939,1.0,6
8376,vgg19,550,1.0,15
8377,efficientnetb2,350,1.0,3
8378,densenet121,350,0.6263678162488967,5
8379,efficientnetb2,750,1.0,3
8380,vgg19,550,1.0,15
8381,resnet50,350,1.0,6
8382,densenet121,750,0.6549577219091517,5
8383,efficientnetb1,550,1.0,3
8384,densenet121,550,1.0,6
8385,efficientnetb2,939,1.0,3
8386,efficientnetb2,939,1.0,3
8387,efficientnetb0,750,1.0,3
8388,vgg19,550,0.1248786103205342,4
8389,densenet121,350,0.6263678162488967,5
8390,densenet161,550,0.5735576563250782,5
8391,efficientnetb2,750,1.0,3
8392,resnet50,939,1.0,6
8393,densenet121,350,0.6263678162488967,5
8394,resnet18,939,1.0,2
8395,densenet121,939,0.4858756243316292,5
8396,efficientnetb0,550,1.0,3
8397,densenet121,550,0.6262433485833546,5
8398,resnet50,350,1.0,6
8399,resnet18,550,1.0,2
8400,resnet50,350,1.0,6
8401,densenet121,550,0.6262433485833546,5
8402,resnet18,550,1.0,2
8403,efficientnetb2,550,1.0,3
8404,efficientnetb0,750,1.0,3
8405,densenet161,939,0.2611850784190904,12
8406,vgg19,750,0.9636492577949504,13
8407,densenet121,550,0.6262433485833546,5
8408,densenet121,350,0.6263678162488967,5
8409,efficientnetb2,750,1.0,3
8410,densenet161,350,0.472733213293796,5
8411,densenet121,350,0.6263678162488967,5
8412,resnet18,350,0.9463184463728672,2
8413,densenet161,350,0.7705044620574577,6
8414,efficientnetb0,350,0.7221681243288518,4
8415,resnet18,550,1.0,2
8416,efficientnetb0,750,1.0,3
8417,densenet161,939,0.8028649279588222,7
8418,vgg19,550,0.9153142027929496,13
8419,densenet161,939,0.8028649279588222,7
8420,densenet161,939,0.2831929044634787,5
8421,densenet161,939,0.2611850784190904,12
8422,vgg19,939,1.0,15
8423,efficientnetb0,939,1.0,3
8424,efficientnetb2,750,1.0,3
8425,efficientnetb2,750,1.0,3
8426,efficientnetb1,750,1.0,3
8427,efficientnetb2,750,1.0,3
8428,densenet121,750,0.6549577219091517,5
8429,efficientnetb1,750,0.7228690296773087,4
8430,resnet50,350,1.0,6
8431,resnet50,939,1.0,6
8432,resnet18,550,1.0,2
8433,efficientnetb0,939,1.0,3
8434,resnet18,550,1.0,2
8435,vgg19,550,1.0,15
8436,resnet18,550,1.0,2
8437,vgg19,350,0.9722792391750928,13
8438,densenet121,550,0.6262433485833546,5
8439,densenet161,939,0.2831929044634787,5
8440,efficientnetb0,550,1.0,3
8441,efficientnetb2,550,1.0,3
8442,efficientnetb1,350,1.0,3
8443,densenet161,550,0.084152532251803,12
8444,efficientnetb1,350,1.0,3
8445,densenet161,939,1.0,6
8446,densenet121,550,0.6262433485833546,5
8447,efficientnetb0,350,1.0,3
8448,densenet121,350,0.6263678162488967,5
8449,efficientnetb1,750,0.7228690296773087,4
8450,efficientnetb1,750,1.0,3
8451,densenet121,550,0.6262433485833546,5
8452,vgg19,750,0.9936879963126718,15
8453,vgg19,550,0.9153142027929496,13
8454,efficientnetb2,750,1.0,3
8455,efficientnetb1,350,1.0,3
8456,resnet50,939,1.0,6
8457,resnet18,350,0.9463184463728672,2
8458,efficientnetb2,350,1.0,3
8459,resnet50,939,1.0,6
8460,densenet121,939,0.4858756243316292,5
8461,vgg19,350,0.9722792391750928,13
8462,efficientnetb2,350,1.0,3
8463,densenet161,939,1.0,6
8464,densenet161,750,0.5067219862360387,5
8465,efficientnetb1,750,1.0,3
8466,resnet50,939,1.0,6
8467,efficientnetb0,350,1.0,3
8468,efficientnetb0,350,1.0,3
8469,vgg19,750,0.9936879963126718,15
8470,densenet121,939,0.4858756243316292,5
8471,efficientnetb0,550,1.0,3
8472,vgg19,550,0.9153142027929496,13
8473,vgg19,939,0.9322438807363724,13
8474,densenet161,939,0.2831929044634787,5
8475,resnet50,939,1.0,6
8476,densenet121,750,0.6549577219091517,5
8477,efficientnetb1,350,1.0,3
8478,efficientnetb1,939,1.0,3
8479,efficientnetb2,350,1.0,3
8480,vgg19,939,0.9322438807363724,13
8481,efficientnetb1,550,1.0,3
8482,vgg19,550,1.0,15
8483,resnet50,550,1.0,6
8484,densenet161,550,1.0,7
8485,efficientnetb1,939,1.0,3
8486,efficientnetb1,750,1.0,3
8487,efficientnetb0,750,1.0,3
8488,resnet18,750,1.0,2
8489,densenet161,350,0.7705044620574577,6
8490,resnet18,350,0.9463184463728672,2
8491,efficientnetb0,350,1.0,3
8492,resnet50,750,0.8540914514899219,6
8493,efficientnetb1,350,1.0,3
8494,efficientnetb0,750,1.0,3
8495,efficientnetb1,550,1.0,3
8496,resnet50,350,1.0,6
8497,efficientnetb0,550,1.0,3
8498,resnet50,750,0.8540914514899219,6
8499,efficientnetb1,939,1.0,3
8500,vgg19,939,0.3786480345124817,5
8501,densenet121,939,0.4858756243316292,5
8502,densenet161,939,0.8028649279588222,7
8503,efficientnetb1,939,1.0,3
8504,efficientnetb2,350,1.0,3
8505,resnet50,550,1.0,6
8506,resnet18,550,1.0,2
8507,efficientnetb1,939,1.0,3
8508,densenet161,550,0.084152532251803,12
8509,densenet161,350,0.9422217589427628,7
8510,densenet121,939,0.4858756243316292,5
8511,vgg19,550,0.9153142027929496,13
8512,resnet50,350,1.0,6
8513,efficientnetb0,550,1.0,3
8514,vgg19,750,0.9936879963126718,15
8515,efficientnetb1,350,1.0,3
8516,efficientnetb1,550,1.0,3
8517,resnet18,939,1.0,2
8518,efficientnetb2,550,1.0,3
8519,efficientnetb2,750,1.0,3
8520,densenet161,350,0.9422217589427628,7
8521,resnet18,750,1.0,2
8522,efficientnetb0,750,1.0,3
8523,resnet18,550,1.0,2
8524,resnet18,939,1.0,2
8525,vgg19,350,0.9884623593775808,15
8526,efficientnetb1,550,1.0,3
8527,densenet161,750,0.7754817419817108,6
8528,efficientnetb2,350,1.0,3
8529,resnet18,939,1.0,2
8530,efficientnetb2,350,1.0,3
8531,vgg19,550,0.9153142027929496,13
8532,efficientnetb1,350,1.0,3
8533,densenet121,750,0.6549577219091517,5
8534,densenet161,750,0.9225205659416632,8
8535,efficientnetb0,350,1.0,3
8536,resnet50,350,1.0,6
8537,efficientnetb1,939,1.0,3
8538,resnet50,939,1.0,6
8539,efficientnetb2,750,1.0,3
8540,efficientnetb2,750,1.0,3
8541,efficientnetb1,939,1.0,3
8542,vgg19,350,0.9884623593775808,15
8543,vgg19,939,0.4817677379651593,9
8544,efficientnetb2,350,1.0,3
8545,resnet50,939,1.0,6
8546,vgg19,939,1.0,15
8547,densenet121,750,0.6549577219091517,5
8548,efficientnetb1,550,1.0,3
8549,efficientnetb0,350,1.0,3
8550,efficientnetb1,939,1.0,3
8551,densenet161,350,0.9422217589427628,7
8552,efficientnetb0,750,1.0,3
8553,resnet18,350,0.9463184463728672,2
8554,efficientnetb0,350,1.0,3
8555,densenet161,750,1.0,7
8556,efficientnetb2,939,1.0,3
8557,efficientnetb1,939,1.0,3
8558,vgg19,550,0.7144872600964158,10
8559,resnet50,550,1.0,6
8560,densenet121,550,0.6262433485833546,5
8561,vgg19,939,0.6821322371858641,10
8562,resnet50,939,1.0,6
8563,resnet50,550,1.0,6
8564,vgg19,550,1.0,15
8565,efficientnetb1,550,1.0,3
8566,efficientnetb2,750,1.0,3
8567,resnet50,350,1.0,6
8568,efficientnetb0,350,1.0,3
8569,densenet121,939,0.4858756243316292,5
8570,resnet18,750,1.0,2
8571,densenet121,550,0.6262433485833546,5
8572,efficientnetb0,350,1.0,3
8573,efficientnetb1,550,1.0,3
8574,efficientnetb1,750,1.0,3
8575,efficientnetb2,350,1.0,3
8576,resnet18,350,0.9463184463728672,2
8577,efficientnetb1,750,1.0,3
8578,efficientnetb2,550,1.0,3
8579,vgg19,350,0.9884623593775808,15
8580,densenet121,750,0.6549577219091517,5
8581,efficientnetb0,550,1.0,3
8582,efficientnetb1,550,1.0,3
8583,efficientnetb0,750,1.0,3
8584,efficientnetb1,550,1.0,3
8585,efficientnetb0,939,1.0,3
8586,densenet161,550,0.5735576563250782,5
8587,efficientnetb1,550,1.0,3
8588,efficientnetb0,750,1.0,3
8589,resnet18,550,1.0,2
8590,resnet18,350,1.0,3
8591,densenet121,750,0.6549577219091517,5
8592,vgg19,939,0.9938700985656802,16
8593,densenet161,550,0.8307012363387156,6
8594,efficientnetb2,350,1.0,3
8595,efficientnetb1,550,1.0,3
8596,densenet161,750,1.0,7
8597,efficientnetb1,350,1.0,3
8598,vgg19,550,1.0,15
8599,resnet18,750,1.0,2
8600,densenet121,350,0.6263678162488967,5
8601,efficientnetb2,550,1.0,3
8602,efficientnetb1,750,1.0,3
8603,efficientnetb2,550,1.0,3
8604,densenet121,750,0.6549577219091517,5
8605,resnet18,550,1.0,2
8606,densenet161,750,0.5067219862360387,5
8607,densenet121,750,1.0,6
8608,resnet50,750,0.8540914514899219,6
8609,densenet121,750,0.6549577219091517,5
8610,vgg19,939,1.0,15
8611,efficientnetb2,350,1.0,3
8612,efficientnetb1,750,1.0,3
8613,efficientnetb1,350,1.0,3
8614,densenet121,939,0.4858756243316292,5
8615,efficientnetb1,350,1.0,3
8616,efficientnetb1,750,1.0,3
8617,efficientnetb2,550,1.0,3
8618,vgg19,939,0.9938700985656802,16
8619,efficientnetb1,550,1.0,3
8620,densenet121,350,0.6263678162488967,5
8621,resnet50,350,1.0,6
8622,efficientnetb1,750,1.0,3
8623,efficientnetb0,939,1.0,3
8624,resnet50,550,1.0,6
8625,efficientnetb1,550,1.0,3
8626,vgg19,750,0.9936879963126718,15
8627,efficientnetb1,750,1.0,3
8628,efficientnetb1,750,1.0,3
8629,resnet18,939,1.0,2
8630,densenet161,550,1.0,7
8631,resnet50,939,1.0,6
8632,efficientnetb0,939,1.0,3
8633,efficientnetb0,939,1.0,3
8634,densenet161,750,1.0,7
8635,efficientnetb1,550,1.0,3
8636,efficientnetb2,350,1.0,3
8637,densenet161,939,1.0,6
8638,densenet121,750,0.6549577219091517,5
8639,vgg19,939,1.0,15
8640,vgg19,939,1.0,15
8641,resnet50,350,0.8169515861153699,7
8642,resnet18,750,1.0,2
8643,efficientnetb2,750,1.0,3
8644,densenet161,550,0.5735576563250782,5
8645,resnet50,750,0.8540914514899219,6
8646,efficientnetb0,750,1.0,3
8647,resnet18,939,1.0,2
8648,resnet50,550,1.0,6
8649,densenet121,350,0.6263678162488967,5
8650,efficientnetb2,939,1.0,3
8651,densenet161,939,0.2831929044634787,5
8652,resnet50,550,1.0,6
8653,efficientnetb2,350,1.0,3
8654,efficientnetb0,750,1.0,3
8655,resnet50,350,1.0,6
8656,densenet161,939,1.0,6
8657,densenet121,939,0.4858756243316292,5
8658,efficientnetb2,750,1.0,3
8659,vgg19,550,0.93432282209291,16
8660,densenet121,939,0.4858756243316292,5
8661,densenet161,939,0.9380901386244868,8
8662,resnet18,939,1.0,2
8663,efficientnetb0,350,1.0,3
8664,resnet18,350,0.9463184463728672,2
8665,efficientnetb1,939,1.0,3
8666,efficientnetb1,750,1.0,3
8667,efficientnetb2,750,1.0,3
8668,efficientnetb0,350,1.0,3
8669,efficientnetb0,939,1.0,3
8670,resnet50,350,0.8169515861153699,7
8671,efficientnetb2,350,1.0,3
8672,efficientnetb1,750,1.0,3
8673,efficientnetb0,550,1.0,3
8674,efficientnetb1,939,1.0,3
8675,resnet18,750,1.0,2
8676,resnet50,350,1.0,6
8677,resnet50,550,1.0,6
8678,resnet50,550,1.0,6
8679,resnet50,939,1.0,6
8680,densenet161,550,0.5735576563250782,5
8681,densenet161,750,0.7754817419817108,6
8682,resnet50,550,1.0,6
8683,vgg19,350,0.9884623593775808,15
8684,efficientnetb0,550,1.0,3
8685,densenet121,939,0.4858756243316292,5
8686,efficientnetb0,939,1.0,3
8687,efficientnetb0,750,1.0,3
8688,resnet50,750,0.8540914514899219,6
8689,densenet121,939,0.4858756243316292,5
8690,vgg19,550,1.0,15
8691,resnet18,750,1.0,2
8692,resnet18,550,1.0,2
8693,resnet50,350,1.0,6
8694,efficientnetb2,350,1.0,3
8695,efficientnetb1,750,1.0,3
8696,efficientnetb1,750,1.0,3
8697,resnet18,350,0.9463184463728672,2
8698,efficientnetb0,750,1.0,3
8699,efficientnetb0,939,1.0,3
8700,resnet50,550,1.0,6
8701,resnet18,750,1.0,2
8702,efficientnetb2,350,1.0,3
8703,efficientnetb1,350,1.0,3
8704,vgg19,939,0.783629319224574,17
8705,resnet18,550,1.0,2
8706,resnet50,350,1.0,6
8707,resnet18,750,1.0,2
8708,resnet18,350,0.9463184463728672,2
8709,vgg19,939,1.0,15
8710,densenet161,939,1.0,6
8711,resnet50,750,0.8540914514899219,6
8712,vgg19,550,0.93432282209291,16
8713,resnet50,939,1.0,6
8714,efficientnetb0,939,1.0,3
8715,efficientnetb1,939,1.0,3
8716,resnet50,350,1.0,6
8717,resnet50,750,0.8540914514899219,6
8718,efficientnetb1,550,1.0,3
8719,efficientnetb1,750,1.0,3
8720,efficientnetb1,350,1.0,3
8721,efficientnetb2,350,1.0,3
8722,vgg19,939,1.0,15
8723,vgg19,750,0.9936879963126718,15
8724,efficientnetb0,939,1.0,3
8725,resnet50,750,0.8540914514899219,6
8726,densenet161,550,0.8307012363387156,6
8727,efficientnetb0,750,1.0,3
8728,resnet50,350,1.0,6
8729,efficientnetb1,350,1.0,3
8730,densenet161,550,0.8307012363387156,6
8731,resnet18,939,1.0,2
8732,efficientnetb2,939,1.0,3
8733,efficientnetb2,550,1.0,3
8734,resnet50,350,1.0,6
8735,efficientnetb0,750,1.0,3
8736,efficientnetb1,550,1.0,3
8737,efficientnetb1,550,1.0,3
8738,densenet121,550,0.6262433485833546,5
8739,resnet50,939,1.0,6
8740,densenet121,550,0.6262433485833546,5
8741,resnet50,750,0.8540914514899219,6
8742,resnet50,550,1.0,6
8743,resnet50,750,0.8540914514899219,6
8744,efficientnetb2,939,1.0,3
8745,efficientnetb1,550,1.0,3
8746,resnet18,750,1.0,2
8747,resnet50,939,1.0,6
8748,vgg19,939,0.783629319224574,17
8749,efficientnetb2,750,1.0,3
8750,efficientnetb1,550,1.0,3
8751,efficientnetb2,750,1.0,3
8752,densenet161,550,1.0,7
8753,densenet121,750,0.6549577219091517,5
8754,densenet121,350,0.6263678162488967,5
8755,densenet121,550,0.6262433485833546,5
8756,vgg19,350,0.9884623593775808,15
8757,resnet50,550,1.0,6
8758,efficientnetb2,750,1.0,3
8759,densenet161,939,0.9380901386244868,8
8760,resnet50,350,1.0,6
8761,resnet18,350,0.9463184463728672,2
8762,efficientnetb2,939,1.0,3
8763,resnet50,750,0.8540914514899219,6
8764,densenet161,350,0.7705044620574577,6
8765,resnet18,550,1.0,2
8766,vgg19,939,1.0,15
8767,densenet161,939,1.0,6
8768,densenet161,350,0.9422217589427628,7
8769,efficientnetb1,750,1.0,3
8770,densenet161,550,1.0,7
8771,efficientnetb2,939,1.0,3
8772,resnet18,550,1.0,2
8773,densenet161,550,0.8307012363387156,6
8774,densenet161,750,0.7754817419817108,6
8775,efficientnetb0,350,1.0,3
8776,densenet161,550,0.084152532251803,12
8777,resnet18,550,1.0,2
8778,vgg19,550,1.0,15
8779,resnet50,550,1.0,6
8780,vgg19,939,1.0,15
8781,efficientnetb1,550,1.0,3
8782,resnet18,350,0.9463184463728672,2
8783,efficientnetb2,350,1.0,3
8784,efficientnetb2,350,1.0,3
8785,efficientnetb0,750,1.0,3
8786,efficientnetb1,750,1.0,3
8787,densenet121,750,0.6549577219091517,5
8788,efficientnetb2,550,1.0,3
8789,densenet161,750,0.0408796516625536,12
8790,efficientnetb1,550,1.0,3
8791,densenet121,939,1.0,6
8792,vgg19,750,0.9636492577949504,13
8793,efficientnetb0,350,1.0,3
8794,efficientnetb0,750,1.0,3
8795,efficientnetb0,939,1.0,3
8796,efficientnetb1,350,1.0,3
8797,efficientnetb1,939,1.0,3
8798,efficientnetb1,939,1.0,3
8799,efficientnetb0,550,1.0,3
8800,vgg19,350,0.9884623593775808,15
8801,efficientnetb2,750,1.0,3
8802,efficientnetb0,350,1.0,3
8803,vgg19,939,1.0,15
8804,vgg19,939,0.9322438807363724,13
8805,vgg19,350,0.9884623593775808,15
8806,resnet50,550,0.8501913432605966,5
8807,efficientnetb2,550,1.0,3
8808,vgg19,550,1.0,15
8809,resnet18,939,1.0,2
8810,vgg19,550,0.9153142027929496,13
8811,efficientnetb0,350,1.0,3
8812,efficientnetb0,750,1.0,3
8813,efficientnetb1,550,1.0,3
8814,efficientnetb0,550,1.0,3
8815,densenet121,350,0.6263678162488967,5
8816,efficientnetb1,350,1.0,3
8817,resnet18,550,0.9649971314956884,3
8818,densenet161,550,0.084152532251803,12
8819,efficientnetb1,550,1.0,3
8820,vgg19,939,1.0,15
8821,densenet121,350,0.6263678162488967,5
8822,efficientnetb1,750,1.0,3
8823,vgg19,350,0.9884623593775808,15
8824,resnet18,750,1.0,2
8825,densenet161,550,0.8307012363387156,6
8826,efficientnetb0,750,1.0,3
8827,resnet18,939,1.0,2
8828,efficientnetb2,550,1.0,3
8829,efficientnetb0,750,1.0,3
8830,densenet161,939,0.2831929044634787,5
8831,efficientnetb2,939,1.0,3
8832,efficientnetb1,350,1.0,3
8833,resnet18,550,1.0,2
8834,resnet50,350,1.0,6
8835,efficientnetb1,350,0.7181138626700144,4
8836,efficientnetb2,939,1.0,3
8837,efficientnetb1,350,1.0,3
8838,densenet161,939,0.2831929044634787,5
8839,efficientnetb1,350,1.0,3
8840,densenet161,750,0.0408796516625536,12
8841,vgg19,350,0.9884623593775808,15
8842,efficientnetb0,350,1.0,3
8843,densenet161,350,0.7705044620574577,6
8844,efficientnetb0,350,1.0,3
8845,efficientnetb1,939,1.0,3
8846,efficientnetb2,350,0.65175093664593,4
8847,densenet121,550,0.6262433485833546,5
8848,resnet18,939,1.0,2
8849,densenet121,750,0.6549577219091517,5
8850,densenet121,350,0.6263678162488967,5
8851,vgg19,750,0.9936879963126718,15
8852,efficientnetb2,750,1.0,3
8853,densenet121,350,0.6263678162488967,5
8854,resnet50,350,1.0,6
8855,resnet18,750,0.5563161859691826,1
8856,efficientnetb2,750,1.0,3
8857,densenet161,939,0.8028649279588222,7
8858,densenet121,550,0.6262433485833546,5
8859,resnet18,750,1.0,2
8860,resnet50,750,0.8540914514899219,6
8861,efficientnetb0,939,1.0,3
8862,vgg19,750,0.9936879963126718,15
8863,resnet18,350,0.9463184463728672,2
8864,efficientnetb0,939,1.0,3
8865,vgg19,939,0.3786480345124817,5
8866,efficientnetb1,939,1.0,3
8867,vgg19,350,0.9884623593775808,15
8868,densenet161,939,0.2611850784190904,12
8869,densenet121,750,0.6549577219091517,5
8870,efficientnetb0,350,1.0,3
8871,vgg19,550,1.0,15
8872,resnet18,550,1.0,2
8873,densenet121,939,0.4858756243316292,5
8874,efficientnetb1,750,1.0,3
8875,efficientnetb2,550,1.0,3
8876,resnet18,939,1.0,2
8877,vgg19,750,0.9936879963126718,15
8878,densenet161,550,0.8307012363387156,6
8879,efficientnetb2,350,1.0,3
8880,vgg19,750,0.9936879963126718,15
8881,densenet121,350,0.6263678162488967,5
8882,efficientnetb0,550,1.0,3
8883,efficientnetb1,750,1.0,3
8884,efficientnetb1,939,1.0,3
8885,resnet50,350,1.0,6
8886,densenet161,350,0.472733213293796,5
8887,densenet121,550,0.6262433485833546,5
8888,resnet50,939,0.0,1
8889,efficientnetb0,350,1.0,3
8890,efficientnetb0,939,0.0,1
8891,resnet50,750,0.8540914514899219,6
8892,efficientnetb2,939,1.0,3
8893,resnet18,750,1.0,2
8894,densenet121,750,0.6549577219091517,5
8895,densenet161,350,0.9422217589427628,7
8896,efficientnetb0,550,1.0,3
8897,resnet50,350,1.0,6
8898,vgg19,750,0.9936879963126718,15
8899,densenet121,350,0.6263678162488967,5
8900,efficientnetb0,550,1.0,3
8901,vgg19,350,0.9884623593775808,15
8902,densenet121,350,0.6263678162488967,5
8903,vgg19,350,0.9884623593775808,15
8904,vgg19,350,0.9884623593775808,15
8905,resnet18,939,1.0,2
8906,vgg19,350,0.9884623593775808,15
8907,efficientnetb1,550,1.0,3
8908,efficientnetb1,550,1.0,3
8909,resnet18,939,1.0,2
8910,efficientnetb0,350,1.0,3
8911,densenet161,939,0.8028649279588222,7
8912,efficientnetb2,750,1.0,3
8913,vgg19,550,0.93699417819052,14
8914,vgg19,350,0.9884623593775808,15
8915,efficientnetb1,350,1.0,3
8916,resnet50,939,1.0,6
8917,efficientnetb0,350,1.0,3
8918,efficientnetb0,750,1.0,3
8919,vgg19,939,0.9322438807363724,13
8920,resnet50,750,0.8540914514899219,6
8921,densenet121,350,0.6263678162488967,5
8922,vgg19,550,1.0,15
8923,densenet121,350,0.6263678162488967,5
8924,resnet18,550,1.0,2
8925,vgg19,350,0.9884623593775808,15
8926,vgg19,550,1.0,15
8927,vgg19,939,1.0,15
8928,efficientnetb0,350,1.0,3
8929,efficientnetb2,350,1.0,3
8930,resnet18,350,0.9463184463728672,2
8931,vgg19,550,1.0,15
8932,densenet121,350,0.6263678162488967,5
8933,efficientnetb2,750,1.0,3
8934,resnet50,939,1.0,6
8935,efficientnetb2,939,1.0,3
8936,resnet18,550,0.9649971314956884,3
8937,efficientnetb2,350,1.0,3
8938,vgg19,939,1.0,15
8939,resnet18,750,1.0,2
8940,efficientnetb0,550,1.0,3
8941,efficientnetb1,550,0.6878389778024664,4
8942,densenet161,750,0.7754817419817108,6
8943,resnet50,550,1.0,6
8944,densenet121,939,0.4858756243316292,5
8945,resnet50,350,1.0,6
8946,efficientnetb0,939,1.0,3
8947,efficientnetb1,939,1.0,3
8948,efficientnetb0,350,1.0,3
8949,efficientnetb0,350,1.0,3
8950,vgg19,750,1.0,16
8951,efficientnetb0,350,1.0,3
8952,resnet50,350,0.8169515861153699,7
8953,densenet121,939,0.4858756243316292,5
8954,resnet50,939,1.0,6
8955,efficientnetb0,350,1.0,3
8956,resnet18,750,1.0,2
8957,resnet50,550,1.0,6
8958,efficientnetb2,350,1.0,3
8959,efficientnetb1,350,1.0,3
8960,resnet50,939,1.0,6
8961,vgg19,939,1.0,15
8962,resnet50,939,1.0,6
8963,densenet161,350,0.472733213293796,5
8964,efficientnetb0,750,1.0,3
8965,densenet121,550,0.6262433485833546,5
8966,densenet121,350,0.6263678162488967,5
8967,efficientnetb2,750,1.0,3
8968,efficientnetb2,750,1.0,3
8969,densenet121,750,0.6549577219091517,5
8970,efficientnetb0,750,1.0,3
8971,densenet121,939,0.4858756243316292,5
8972,efficientnetb0,750,1.0,3
8973,vgg19,550,1.0,15
8974,efficientnetb1,550,1.0,3
8975,resnet18,350,0.9463184463728672,2
8976,resnet18,550,1.0,2
8977,efficientnetb2,350,1.0,3
8978,densenet161,939,1.0,6
8979,resnet50,350,1.0,6
8980,densenet121,550,0.6262433485833546,5
8981,efficientnetb1,750,1.0,3
8982,resnet50,939,1.0,6
8983,densenet161,750,0.5067219862360387,5
8984,densenet161,750,0.0408796516625536,12
8985,resnet50,939,1.0,6
8986,efficientnetb0,550,1.0,3
8987,densenet121,350,0.6263678162488967,5
8988,vgg19,550,1.0,15
8989,resnet18,350,0.9463184463728672,2
8990,efficientnetb2,750,1.0,3
8991,efficientnetb1,350,1.0,3
8992,efficientnetb1,939,1.0,3
8993,resnet18,350,0.9463184463728672,2
8994,densenet161,350,0.9422217589427628,7
8995,efficientnetb0,350,1.0,3
8996,resnet18,750,1.0,2
8997,densenet121,750,0.6549577219091517,5
8998,efficientnetb2,550,1.0,3
8999,resnet18,750,1.0,2
9000,vgg19,350,0.9884623593775808,15
9001,resnet50,550,1.0,6
9002,efficientnetb2,750,1.0,3
9003,densenet121,750,0.6549577219091517,5
9004,resnet18,939,1.0,2
9005,resnet18,550,1.0,2
9006,vgg19,939,1.0,15
9007,efficientnetb2,939,1.0,3
9008,densenet161,750,0.0408796516625536,12
9009,resnet18,750,1.0,2
9010,vgg19,939,1.0,15
9011,resnet18,550,1.0,2
9012,vgg19,939,1.0,15
9013,efficientnetb1,350,1.0,3
9014,vgg19,939,1.0,15
9015,densenet121,939,0.4858756243316292,5
9016,vgg19,350,0.9884623593775808,15
9017,efficientnetb0,750,1.0,3
9018,efficientnetb0,550,1.0,3
9019,vgg19,350,0.9884623593775808,15
9020,densenet161,750,0.0408796516625536,12
9021,efficientnetb2,350,1.0,3
9022,vgg19,750,0.9936879963126718,15
9023,efficientnetb0,750,1.0,3
9024,densenet161,550,0.084152532251803,12
9025,resnet18,939,1.0,2
9026,densenet121,750,0.6549577219091517,5
9027,vgg19,350,0.9884623593775808,15
9028,efficientnetb1,550,1.0,3
9029,efficientnetb0,350,1.0,3
9030,efficientnetb1,750,1.0,3
9031,vgg19,550,1.0,15
9032,resnet18,550,1.0,2
9033,efficientnetb1,750,1.0,3
9034,resnet18,550,1.0,2
9035,efficientnetb2,550,1.0,3
9036,efficientnetb2,350,1.0,3
9037,vgg19,350,0.9884623593775808,15
9038,efficientnetb2,550,1.0,3
9039,densenet161,750,0.0408796516625536,12
9040,vgg19,350,0.9884623593775808,15
9041,efficientnetb0,750,1.0,3
9042,densenet161,750,0.7754817419817108,6
9043,efficientnetb2,939,1.0,3
9044,resnet18,750,1.0,2
9045,vgg19,939,1.0,15
9046,resnet18,750,1.0,2
9047,densenet161,750,1.0,7
9048,resnet50,750,0.8540914514899219,6
9049,resnet18,550,1.0,2
9050,efficientnetb1,939,1.0,3
9051,efficientnetb1,350,1.0,3
9052,densenet161,750,1.0,7
9053,vgg19,939,0.9938700985656802,16
9054,densenet121,939,0.4858756243316292,5
9055,densenet161,350,0.9422217589427628,7
9056,efficientnetb1,750,1.0,3
9057,resnet50,550,1.0,6
9058,resnet18,939,1.0,2
9059,vgg19,550,1.0,15
9060,densenet121,550,0.6262433485833546,5
9061,densenet121,750,0.6549577219091517,5
9062,resnet50,939,1.0,6
9063,efficientnetb1,550,1.0,3
9064,vgg19,939,1.0,15
9065,efficientnetb0,350,1.0,3
9066,efficientnetb2,350,1.0,3
9067,efficientnetb0,350,1.0,3
9068,efficientnetb2,939,1.0,3
9069,efficientnetb0,939,1.0,3
9070,resnet50,550,1.0,6
9071,vgg19,550,1.0,15
9072,resnet50,550,1.0,6
9073,resnet50,939,1.0,6
9074,resnet50,550,1.0,6
9075,resnet18,550,1.0,2
9076,resnet50,350,1.0,6
9077,resnet18,750,1.0,2
9078,resnet18,350,0.9463184463728672,2
9079,efficientnetb1,750,1.0,3
9080,efficientnetb0,550,1.0,3
9081,efficientnetb2,350,1.0,3
9082,efficientnetb2,939,1.0,3
9083,resnet50,939,1.0,6
9084,resnet50,750,0.8540914514899219,6
9085,resnet18,350,0.9463184463728672,2
9086,densenet161,939,0.8028649279588222,7
9087,resnet18,350,0.9463184463728672,2
9088,densenet121,550,0.6262433485833546,5
9089,vgg19,550,1.0,15
9090,resnet50,939,1.0,6
9091,efficientnetb1,939,1.0,3
9092,efficientnetb2,550,1.0,3
9093,densenet161,939,0.2831929044634787,5
9094,densenet161,550,0.9908784030365078,8
9095,resnet50,550,1.0,6
9096,resnet50,350,1.0,6
9097,resnet50,750,0.8540914514899219,6
9098,resnet18,939,1.0,2
9099,densenet161,550,1.0,7
9100,resnet18,350,0.9463184463728672,2
9101,densenet161,350,0.7705044620574577,6
9102,densenet121,550,0.6262433485833546,5
9103,resnet18,939,1.0,2
9104,efficientnetb0,550,1.0,3
9105,vgg19,750,0.9936879963126718,15
9106,densenet121,750,0.6549577219091517,5
9107,vgg19,350,0.9884623593775808,15
9108,efficientnetb2,750,1.0,3
9109,densenet121,350,0.6263678162488967,5
9110,resnet50,939,1.0,6
9111,resnet50,550,1.0,6
9112,vgg19,939,1.0,15
9113,efficientnetb1,350,1.0,3
9114,efficientnetb1,750,1.0,3
9115,resnet50,750,0.8540914514899219,6
9116,densenet161,350,0.9422217589427628,7
9117,resnet50,550,1.0,6
9118,densenet161,939,0.8028649279588222,7
9119,vgg19,550,1.0,15
9120,vgg19,350,0.9884623593775808,15
9121,densenet121,939,0.4858756243316292,5
9122,efficientnetb0,939,1.0,3
9123,resnet50,350,1.0,6
9124,vgg19,550,1.0,15
9125,resnet50,939,1.0,6
9126,efficientnetb2,750,1.0,3
9127,densenet121,939,0.4858756243316292,5
9128,resnet50,939,1.0,6
9129,efficientnetb2,750,1.0,3
9130,efficientnetb2,350,1.0,3
9131,vgg19,750,0.9936879963126718,15
9132,resnet18,750,1.0,2
9133,densenet161,550,1.0,7
9134,efficientnetb1,350,1.0,3
9135,resnet18,939,1.0,2
9136,densenet121,750,0.6549577219091517,5
9137,efficientnetb2,550,1.0,3
9138,efficientnetb1,550,1.0,3
9139,densenet121,550,0.6262433485833546,5
9140,efficientnetb2,939,1.0,3
9141,resnet50,350,1.0,6
9142,densenet161,350,1.0,8
9143,resnet50,750,0.8540914514899219,6
9144,efficientnetb1,550,1.0,3
9145,densenet161,550,0.084152532251803,12
9146,vgg19,750,1.0,16
9147,vgg19,939,1.0,15
9148,resnet50,550,1.0,6
9149,efficientnetb0,550,1.0,3
9150,efficientnetb1,939,1.0,3
9151,densenet161,350,0.7705044620574577,6
9152,resnet50,750,0.8540914514899219,6
9153,resnet50,750,0.8540914514899219,6
9154,efficientnetb0,350,1.0,3
9155,efficientnetb1,350,1.0,3
9156,vgg19,550,1.0,15
9157,densenet121,750,0.6549577219091517,5
9158,vgg19,550,1.0,15
9159,densenet161,750,0.5067219862360387,5
9160,vgg19,939,1.0,15
9161,efficientnetb0,350,1.0,3
9162,resnet18,939,1.0,2
9163,resnet18,550,1.0,2
9164,resnet18,350,0.9463184463728672,2
9165,resnet18,350,0.9463184463728672,2
9166,vgg19,350,0.9884623593775808,15
9167,vgg19,939,0.9938700985656802,16
9168,densenet121,750,0.6549577219091517,5
9169,resnet50,750,0.8540914514899219,6
9170,vgg19,939,0.9322438807363724,13
9171,efficientnetb2,350,1.0,3
9172,densenet121,550,0.6262433485833546,5
9173,efficientnetb0,350,1.0,3
9174,densenet121,750,0.6549577219091517,5
9175,efficientnetb2,939,1.0,3
9176,resnet18,350,0.9463184463728672,2
9177,efficientnetb2,550,1.0,3
9178,efficientnetb1,550,1.0,3
9179,efficientnetb0,939,1.0,3
9180,resnet18,750,1.0,2
9181,efficientnetb1,750,1.0,3
9182,efficientnetb0,350,1.0,3
9183,efficientnetb2,750,1.0,3
9184,efficientnetb2,350,1.0,3
9185,densenet121,350,0.6263678162488967,5
9186,efficientnetb2,350,1.0,3
9187,resnet50,550,1.0,6
9188,efficientnetb1,550,1.0,3
9189,efficientnetb1,939,1.0,3
9190,densenet161,350,1.0,8
9191,efficientnetb0,750,0.6483214388113725,4
9192,densenet161,550,0.5735576563250782,5
9193,resnet18,750,1.0,2
9194,densenet121,750,0.6549577219091517,5
9195,densenet161,939,0.8028649279588222,7
9196,resnet18,350,0.9463184463728672,2
9197,resnet18,939,1.0,2
9198,efficientnetb1,550,1.0,3
9199,efficientnetb0,550,1.0,3
9200,vgg19,350,0.9884623593775808,15
9201,efficientnetb0,939,1.0,3
9202,efficientnetb0,550,1.0,3
9203,densenet121,350,0.6263678162488967,5
9204,vgg19,550,1.0,15
9205,efficientnetb1,750,1.0,3
9206,resnet18,750,1.0,2
9207,densenet121,550,1.0,6
9208,densenet121,350,0.6263678162488967,5
9209,efficientnetb1,939,1.0,3
9210,resnet50,939,1.0,6
9211,efficientnetb2,750,1.0,3
9212,resnet50,350,1.0,6
9213,efficientnetb1,350,1.0,3
9214,densenet161,750,1.0,7
9215,efficientnetb1,750,1.0,3
9216,vgg19,939,1.0,15
9217,resnet18,939,1.0,2
9218,efficientnetb0,550,1.0,3
9219,densenet121,550,0.6262433485833546,5
9220,densenet121,939,0.4858756243316292,5
9221,efficientnetb0,550,1.0,3
9222,efficientnetb2,550,1.0,3
9223,efficientnetb0,750,1.0,3
9224,efficientnetb0,350,1.0,3
9225,resnet18,550,0.9649971314956884,3
9226,efficientnetb2,550,1.0,3
9227,vgg19,750,0.9936879963126718,15
9228,vgg19,750,0.9936879963126718,15
9229,efficientnetb2,750,1.0,3
9230,resnet50,939,0.8017819857800019,7
9231,resnet50,939,1.0,6
9232,densenet161,350,0.472733213293796,5
9233,vgg19,350,0.9884623593775808,15
9234,resnet50,350,1.0,6
9235,resnet50,750,0.8540914514899219,6
9236,efficientnetb0,350,1.0,3
9237,resnet50,750,0.8540914514899219,6
9238,resnet18,550,1.0,2
9239,efficientnetb2,939,1.0,3
9240,efficientnetb0,350,1.0,3
9241,efficientnetb0,550,1.0,3
9242,efficientnetb1,750,1.0,3
9243,densenet121,750,0.6549577219091517,5
9244,efficientnetb0,350,1.0,3
9245,efficientnetb2,939,1.0,3
9246,resnet50,350,1.0,6
9247,vgg19,350,0.9884623593775808,15
9248,efficientnetb0,750,1.0,3
9249,efficientnetb1,350,1.0,3
9250,resnet18,939,1.0,2
9251,efficientnetb2,550,1.0,3
9252,resnet50,350,1.0,6
9253,resnet18,750,1.0,2
9254,efficientnetb0,750,1.0,3
9255,efficientnetb2,750,1.0,3
9256,efficientnetb2,939,1.0,3
9257,efficientnetb1,939,1.0,3
9258,densenet161,750,0.7754817419817108,6
9259,resnet50,550,1.0,6
9260,efficientnetb2,350,1.0,3
9261,efficientnetb0,750,1.0,3
9262,resnet18,550,1.0,2
9263,densenet121,750,0.6549577219091517,5
9264,resnet18,939,1.0,2
9265,resnet50,750,0.8540914514899219,6
9266,efficientnetb1,550,1.0,3
9267,vgg19,750,0.9936879963126718,15
9268,efficientnetb2,550,1.0,3
9269,densenet121,350,0.6263678162488967,5
9270,efficientnetb2,939,1.0,3
9271,vgg19,550,1.0,15
9272,resnet18,350,0.9463184463728672,2
9273,efficientnetb1,939,1.0,3
9274,vgg19,750,0.9936879963126718,15
9275,vgg19,939,1.0,15
9276,efficientnetb1,939,1.0,3
9277,vgg19,350,0.9884623593775808,15
9278,resnet18,750,1.0,2
9279,resnet18,350,0.9463184463728672,2
9280,densenet121,350,0.6263678162488967,5
9281,efficientnetb1,750,1.0,3
9282,vgg19,550,1.0,15
9283,densenet121,939,0.4858756243316292,5
9284,efficientnetb1,750,1.0,3
9285,efficientnetb0,939,1.0,3
9286,efficientnetb1,350,1.0,3
9287,resnet18,350,0.9463184463728672,2
9288,vgg19,750,0.9936879963126718,15
9289,densenet161,350,0.472733213293796,5
9290,resnet50,750,0.8540914514899219,6
9291,resnet50,750,0.8540914514899219,6
9292,efficientnetb2,939,1.0,3
9293,vgg19,350,1.0,16
9294,densenet161,350,0.9422217589427628,7
9295,densenet121,350,0.6263678162488967,5
9296,resnet50,750,0.8540914514899219,6
9297,efficientnetb0,550,1.0,3
9298,resnet50,550,1.0,6
9299,efficientnetb2,939,1.0,3
9300,resnet18,939,1.0,2
9301,vgg19,550,1.0,15
9302,vgg19,750,0.9936879963126718,15
9303,densenet121,550,0.6262433485833546,5
9304,densenet121,939,0.4858756243316292,5
9305,densenet121,939,0.4858756243316292,5
9306,resnet18,350,0.9463184463728672,2
9307,efficientnetb2,750,1.0,3
9308,resnet50,550,1.0,6
9309,efficientnetb0,550,1.0,3
9310,efficientnetb2,550,1.0,3
9311,efficientnetb2,550,1.0,3
9312,densenet121,939,0.4858756243316292,5
9313,efficientnetb0,939,1.0,3
9314,efficientnetb1,939,1.0,3
9315,densenet161,939,0.8028649279588222,7
9316,efficientnetb0,350,1.0,3
9317,densenet121,939,0.4858756243316292,5
9318,efficientnetb1,550,1.0,3
9319,vgg19,750,0.9936879963126718,15
9320,densenet121,550,0.6262433485833546,5
9321,resnet18,939,1.0,2
9322,densenet121,750,0.6549577219091517,5
9323,efficientnetb2,350,1.0,3
9324,efficientnetb0,750,1.0,3
9325,vgg19,750,0.9936879963126718,15
9326,vgg19,550,1.0,15
9327,resnet50,550,1.0,6
9328,resnet50,939,1.0,6
9329,efficientnetb1,550,1.0,3
9330,efficientnetb0,550,1.0,3
9331,resnet50,350,0.4097205423764233,4
9332,efficientnetb0,350,0.7221681243288518,4
9333,efficientnetb1,939,1.0,3
9334,efficientnetb2,939,1.0,3
9335,resnet50,550,1.0,6
9336,efficientnetb2,939,1.0,3
9337,densenet161,750,0.9225205659416632,8
9338,vgg19,350,0.9884623593775808,15
9339,resnet50,750,0.8540914514899219,6
9340,efficientnetb1,350,1.0,3
9341,resnet18,750,1.0,2
9342,resnet18,750,1.0,2
9343,efficientnetb0,550,1.0,3
9344,efficientnetb2,750,1.0,3
9345,densenet161,550,0.084152532251803,12
9346,efficientnetb2,350,1.0,3
9347,efficientnetb1,550,1.0,3
9348,resnet18,939,1.0,2
9349,efficientnetb1,939,1.0,3
9350,efficientnetb2,550,1.0,3
9351,resnet50,939,1.0,6
9352,efficientnetb2,939,1.0,3
9353,resnet18,350,0.9463184463728672,2
9354,densenet121,750,0.6549577219091517,5
9355,resnet50,939,1.0,6
9356,vgg19,750,0.9936879963126718,15
9357,efficientnetb2,550,1.0,3
9358,efficientnetb1,750,1.0,3
9359,efficientnetb1,350,1.0,3
9360,efficientnetb1,939,1.0,3
9361,vgg19,550,1.0,15
9362,efficientnetb1,939,1.0,3
9363,densenet161,939,1.0,6
9364,densenet121,750,0.6549577219091517,5
9365,densenet161,350,0.7705044620574577,6
9366,densenet161,750,0.7754817419817108,6
9367,densenet161,350,0.9422217589427628,7
9368,resnet18,550,1.0,2
9369,resnet18,350,0.9463184463728672,2
9370,densenet161,939,0.8028649279588222,7
9371,vgg19,550,1.0,15
9372,densenet161,350,0.9422217589427628,7
9373,resnet50,550,1.0,6
9374,efficientnetb2,939,1.0,3
9375,efficientnetb0,939,1.0,3
9376,densenet161,750,0.0408796516625536,12
9377,densenet121,750,0.6549577219091517,5
9378,resnet50,550,1.0,6
9379,efficientnetb0,750,1.0,3
9380,efficientnetb0,350,1.0,3
9381,densenet161,939,0.2611850784190904,12
9382,vgg19,939,1.0,15
9383,vgg19,750,0.9936879963126718,15
9384,efficientnetb0,939,1.0,3
9385,efficientnetb0,350,1.0,3
9386,efficientnetb0,550,1.0,3
9387,densenet161,939,0.8028649279588222,7
9388,resnet18,350,0.9463184463728672,2
9389,efficientnetb2,550,1.0,3
9390,vgg19,350,0.9884623593775808,15
9391,efficientnetb0,750,1.0,3
9392,vgg19,750,0.9936879963126718,15
9393,vgg19,550,1.0,15
9394,efficientnetb2,550,1.0,3
9395,densenet121,550,0.6262433485833546,5
9396,efficientnetb0,750,1.0,3
9397,resnet50,550,1.0,6
9398,efficientnetb1,350,1.0,3
9399,densenet121,750,0.6549577219091517,5
9400,densenet161,350,1.0,8
9401,densenet161,350,0.472733213293796,5
9402,vgg19,350,0.9884623593775808,15
9403,resnet18,550,1.0,2
9404,efficientnetb0,550,1.0,3
9405,efficientnetb2,750,1.0,3
9406,densenet121,750,0.6549577219091517,5
9407,efficientnetb0,550,1.0,3
9408,densenet121,939,0.4858756243316292,5
9409,densenet121,550,0.6262433485833546,5
9410,densenet161,350,0.7705044620574577,6
9411,vgg19,750,0.9936879963126718,15
9412,efficientnetb1,350,1.0,3
9413,densenet161,350,0.7705044620574577,6
9414,resnet18,939,1.0,2
9415,densenet121,939,0.4858756243316292,5
9416,efficientnetb1,550,1.0,3
9417,efficientnetb2,750,1.0,3
9418,efficientnetb1,939,1.0,3
9419,densenet121,939,0.4858756243316292,5
9420,densenet121,750,0.6549577219091517,5
9421,resnet18,550,1.0,2
9422,vgg19,939,1.0,15
9423,resnet50,550,1.0,6
9424,efficientnetb2,350,1.0,3
9425,resnet50,750,0.8540914514899219,6
9426,resnet50,550,1.0,6
9427,vgg19,750,0.9936879963126718,15
9428,densenet161,350,0.472733213293796,5
9429,efficientnetb1,350,1.0,3
9430,resnet50,550,1.0,6
9431,resnet50,550,1.0,6
9432,resnet18,750,1.0,2
9433,densenet121,550,0.6262433485833546,5
9434,efficientnetb1,350,1.0,3
9435,efficientnetb0,939,1.0,3
9436,resnet18,939,1.0,2
9437,efficientnetb0,550,1.0,3
9438,efficientnetb1,550,1.0,3
9439,efficientnetb2,350,1.0,3
9440,efficientnetb1,550,1.0,3
9441,efficientnetb0,550,1.0,3
9442,densenet161,550,0.084152532251803,12
9443,resnet18,750,1.0,2
9444,vgg19,939,1.0,15
9445,efficientnetb2,939,1.0,3
9446,resnet18,750,1.0,2
9447,densenet121,550,0.6262433485833546,5
9448,efficientnetb2,350,1.0,3
9449,densenet161,939,0.2831929044634787,5
9450,densenet121,550,0.6262433485833546,5
9451,efficientnetb2,939,1.0,3
9452,efficientnetb0,350,1.0,3
9453,efficientnetb2,350,1.0,3
9454,resnet50,750,0.8540914514899219,6
9455,efficientnetb2,750,1.0,3
9456,densenet121,750,0.6549577219091517,5
9457,densenet161,550,0.8307012363387156,6
9458,efficientnetb1,939,1.0,3
9459,efficientnetb0,750,1.0,3
9460,vgg19,750,0.9936879963126718,15
9461,efficientnetb0,350,1.0,3
9462,densenet121,939,0.4858756243316292,5
9463,efficientnetb0,550,1.0,3
9464,densenet121,550,0.6262433485833546,5
9465,efficientnetb2,350,1.0,3
9466,vgg19,939,1.0,15
9467,efficientnetb2,939,1.0,3
9468,resnet18,750,1.0,2
9469,efficientnetb1,550,1.0,3
9470,efficientnetb1,550,1.0,3
9471,densenet161,550,1.0,7
9472,densenet121,750,0.6549577219091517,5
9473,densenet161,939,0.2611850784190904,12
9474,efficientnetb0,550,1.0,3
9475,densenet121,750,0.6549577219091517,5
9476,densenet121,750,0.6549577219091517,5
9477,densenet121,939,0.4858756243316292,5
9478,efficientnetb1,350,1.0,3
9479,efficientnetb1,939,1.0,3
9480,resnet50,550,1.0,6
9481,efficientnetb1,939,1.0,3
9482,vgg19,939,1.0,15
9483,efficientnetb1,550,1.0,3
9484,vgg19,550,1.0,15
9485,resnet50,350,1.0,6
9486,efficientnetb1,350,1.0,3
9487,resnet18,750,1.0,2
9488,densenet121,939,0.4858756243316292,5
9489,vgg19,550,1.0,15
9490,vgg19,550,1.0,15
9491,efficientnetb1,750,1.0,3
9492,densenet161,550,0.8307012363387156,6
9493,resnet18,550,1.0,2
9494,resnet18,350,0.9463184463728672,2
9495,resnet18,550,1.0,2
9496,resnet50,939,0.8017819857800019,7
9497,densenet121,350,0.6263678162488967,5
9498,densenet121,550,0.6262433485833546,5
9499,resnet18,750,1.0,2
9500,densenet161,550,0.084152532251803,12
9501,resnet18,939,1.0,2
9502,densenet121,550,0.6262433485833546,5
9503,efficientnetb0,350,1.0,3
9504,efficientnetb0,350,1.0,3
9505,densenet121,750,0.6549577219091517,5
9506,efficientnetb1,350,1.0,3
9507,vgg19,750,0.9936879963126718,15
9508,vgg19,550,1.0,15
9509,efficientnetb1,550,1.0,3
9510,densenet161,550,1.0,7
9511,efficientnetb1,350,1.0,3
9512,resnet50,939,1.0,6
9513,resnet18,750,1.0,2
9514,efficientnetb0,550,1.0,3
9515,densenet121,350,0.6263678162488967,5
9516,efficientnetb2,350,1.0,3
9517,resnet18,350,0.9463184463728672,2
9518,resnet50,750,0.8540914514899219,6
9519,densenet161,750,0.0408796516625536,12
9520,efficientnetb1,550,1.0,3
9521,densenet161,750,1.0,7
9522,densenet161,550,1.0,7
9523,densenet121,350,0.6263678162488967,5
9524,efficientnetb0,939,1.0,3
9525,efficientnetb2,550,1.0,3
9526,resnet50,350,1.0,6
9527,efficientnetb2,350,1.0,3
9528,densenet161,939,0.2611850784190904,12
9529,densenet161,939,1.0,6
9530,efficientnetb2,939,1.0,3
9531,efficientnetb2,939,1.0,3
9532,densenet161,550,0.084152532251803,12
9533,efficientnetb0,939,1.0,3
9534,resnet50,750,0.8540914514899219,6
9535,vgg19,750,0.9936879963126718,15
9536,resnet50,750,0.8540914514899219,6
9537,resnet50,939,1.0,6
9538,resnet50,750,0.8540914514899219,6
9539,efficientnetb0,350,1.0,3
9540,densenet161,939,0.2611850784190904,12
9541,efficientnetb1,750,1.0,3
9542,efficientnetb2,750,1.0,3
9543,densenet121,550,0.6262433485833546,5
9544,resnet50,750,0.8540914514899219,6
9545,resnet18,350,0.9463184463728672,2
9546,vgg19,550,1.0,15
9547,efficientnetb1,939,1.0,3
9548,efficientnetb2,550,1.0,3
9549,resnet18,350,0.9463184463728672,2
9550,efficientnetb1,939,1.0,3
9551,resnet50,939,1.0,6
9552,efficientnetb2,750,1.0,3
9553,densenet121,550,0.6262433485833546,5
9554,efficientnetb2,350,1.0,3
9555,efficientnetb2,750,1.0,3
9556,resnet50,939,1.0,6
9557,densenet121,939,0.4858756243316292,5
9558,densenet161,750,1.0,7
9559,efficientnetb1,350,1.0,3
9560,densenet161,939,0.2611850784190904,12
9561,resnet18,550,1.0,2
9562,vgg19,939,1.0,15
9563,densenet161,350,0.2110700120789124,9
9564,densenet161,350,0.7705044620574577,6
9565,resnet18,939,1.0,2
9566,resnet50,350,1.0,6
9567,resnet18,550,1.0,2
9568,densenet161,550,0.9908784030365078,8
9569,efficientnetb2,350,1.0,3
9570,resnet18,750,1.0,2
9571,efficientnetb1,350,1.0,3
9572,densenet161,750,0.9225205659416632,8
9573,efficientnetb0,350,1.0,3
9574,densenet161,939,0.2611850784190904,12
9575,densenet121,550,0.6262433485833546,5
9576,densenet161,350,0.472733213293796,5
9577,efficientnetb1,350,1.0,3
9578,vgg19,939,1.0,15
9579,efficientnetb2,939,1.0,3
9580,efficientnetb1,350,1.0,3
9581,resnet50,550,1.0,6
9582,vgg19,350,0.9884623593775808,15
9583,efficientnetb0,939,1.0,3
9584,densenet121,939,0.4858756243316292,5
9585,densenet121,550,0.6262433485833546,5
9586,efficientnetb1,939,1.0,3
9587,densenet121,550,0.6262433485833546,5
9588,resnet50,750,0.8540914514899219,6
9589,densenet161,550,0.8307012363387156,6
9590,densenet121,939,0.4858756243316292,5
9591,efficientnetb2,750,1.0,3
9592,resnet18,350,0.9463184463728672,2
9593,efficientnetb2,350,1.0,3
9594,densenet121,939,0.4858756243316292,5
9595,efficientnetb1,350,1.0,3
9596,efficientnetb1,550,1.0,3
9597,efficientnetb2,350,1.0,3
9598,resnet18,350,0.9463184463728672,2
9599,resnet50,350,1.0,6
9600,resnet18,750,1.0,2
9601,vgg19,750,0.9936879963126718,15
9602,densenet161,750,0.7754817419817108,6
9603,densenet161,350,1.0,8
9604,resnet50,939,0.8248723661787692,5
9605,resnet50,350,1.0,6
9606,efficientnetb1,939,1.0,3
9607,resnet50,550,1.0,6
9608,efficientnetb2,939,1.0,3
9609,efficientnetb2,550,1.0,3
9610,densenet161,939,0.0,2
9611,resnet50,350,1.0,6
9612,vgg19,350,0.9884623593775808,15
9613,resnet50,750,0.8540914514899219,6
9614,densenet161,550,0.0323579521725776,2
9615,densenet161,939,0.8028649279588222,7
9616,efficientnetb0,750,1.0,3
9617,efficientnetb2,550,0.4196653103687508,5
9618,efficientnetb1,550,1.0,3
9619,efficientnetb2,750,1.0,3
9620,densenet121,750,0.6549577219091517,5
9621,densenet121,750,0.6549577219091517,5
9622,resnet18,939,1.0,2
9623,resnet50,550,1.0,6
9624,vgg19,350,0.9884623593775808,15
9625,resnet18,550,1.0,2
9626,densenet161,939,1.0,6
9627,densenet161,939,0.8028649279588222,7
9628,efficientnetb2,750,1.0,3
9629,efficientnetb2,939,1.0,3
9630,resnet50,750,0.8540914514899219,6
9631,resnet50,350,1.0,6
9632,densenet121,939,0.4858756243316292,5
9633,densenet161,939,0.8028649279588222,7
9634,resnet50,350,1.0,6
9635,vgg19,750,0.9936879963126718,15
9636,efficientnetb1,550,1.0,3
9637,efficientnetb0,350,1.0,3
9638,efficientnetb1,550,1.0,3
9639,efficientnetb0,550,1.0,3
9640,efficientnetb1,550,1.0,3
9641,efficientnetb2,939,1.0,3
9642,vgg19,939,1.0,15
9643,vgg19,350,0.9722792391750928,13
9644,efficientnetb0,939,1.0,3
9645,resnet50,350,1.0,6
9646,densenet121,939,0.4858756243316292,5
9647,efficientnetb0,550,1.0,3
9648,vgg19,939,1.0,15
9649,vgg19,939,1.0,15
9650,resnet18,939,1.0,2
9651,vgg19,750,0.9936879963126718,15
9652,resnet50,750,0.098265786808133,1
9653,vgg19,939,1.0,15
9654,densenet121,350,0.6263678162488967,5
9655,efficientnetb0,550,1.0,3
9656,resnet50,350,1.0,6
9657,efficientnetb1,750,1.0,3
9658,efficientnetb1,550,1.0,3
9659,densenet121,550,0.6262433485833546,5
9660,vgg19,750,0.9936879963126718,15
9661,resnet18,939,1.0,2
9662,efficientnetb1,350,1.0,3
9663,resnet50,350,1.0,6
9664,densenet161,550,1.0,7
9665,densenet121,550,0.6262433485833546,5
9666,efficientnetb1,750,1.0,3
9667,resnet50,939,1.0,6
9668,vgg19,750,0.9936879963126718,15
9669,vgg19,350,0.9884623593775808,15
9670,densenet161,750,0.7754817419817108,6
9671,efficientnetb1,750,1.0,3
9672,vgg19,750,0.9936879963126718,15
9673,densenet121,550,1.0,6
9674,resnet50,350,1.0,6
9675,resnet18,939,1.0,2
9676,vgg19,550,1.0,15
9677,resnet18,550,1.0,2
9678,densenet161,750,0.7754817419817108,6
9679,densenet161,350,0.7705044620574577,6
9680,efficientnetb2,750,1.0,3
9681,resnet50,939,1.0,6
9682,densenet121,350,0.6263678162488967,5
9683,efficientnetb0,550,1.0,3
9684,densenet121,750,0.6549577219091517,5
9685,resnet18,750,1.0,2
9686,vgg19,939,1.0,15
9687,efficientnetb0,350,1.0,3
9688,efficientnetb1,750,1.0,3
9689,efficientnetb1,939,1.0,3
9690,densenet161,550,1.0,7
9691,densenet161,350,0.7705044620574577,6
9692,resnet18,939,1.0,2
9693,resnet50,350,1.0,6
9694,efficientnetb2,350,1.0,3
9695,efficientnetb1,550,1.0,3
9696,efficientnetb1,350,1.0,3
9697,resnet18,350,0.9463184463728672,2
9698,efficientnetb2,550,1.0,3
9699,densenet161,550,1.0,7
9700,resnet50,939,1.0,6
9701,densenet121,939,0.4858756243316292,5
9702,resnet50,550,1.0,6
9703,densenet161,550,0.5735576563250782,5
9704,densenet161,550,0.8307012363387156,6
9705,resnet50,350,1.0,6
9706,vgg19,350,0.9884623593775808,15
9707,densenet161,350,0.7705044620574577,6
9708,efficientnetb2,939,1.0,3
9709,efficientnetb0,350,1.0,3
9710,vgg19,750,0.9936879963126718,15
9711,densenet121,939,0.4858756243316292,5
9712,efficientnetb1,550,1.0,3
9713,densenet121,750,0.6549577219091517,5
9714,efficientnetb1,750,1.0,3
9715,efficientnetb1,350,1.0,3
9716,densenet161,750,0.7754817419817108,6
9717,vgg19,750,0.9936879963126718,15
9718,efficientnetb1,550,1.0,3
9719,efficientnetb2,350,1.0,3
9720,vgg19,350,0.9884623593775808,15
9721,densenet161,939,0.9380901386244868,8
9722,efficientnetb2,350,1.0,3
9723,efficientnetb1,550,1.0,3
9724,densenet121,939,1.0,6
9725,efficientnetb2,939,1.0,3
9726,efficientnetb2,350,1.0,3
9727,resnet18,750,1.0,2
9728,vgg19,750,0.6673220941960659,10
9729,vgg19,550,1.0,15
9730,efficientnetb0,350,1.0,3
9731,densenet161,939,0.8028649279588222,7
9732,efficientnetb2,939,1.0,3
9733,resnet18,750,1.0,2
9734,resnet18,550,1.0,2
9735,vgg19,750,0.9936879963126718,15
9736,densenet161,750,0.5067219862360387,5
9737,vgg19,939,1.0,15
9738,resnet18,939,1.0,2
9739,densenet121,939,0.4858756243316292,5
9740,resnet18,550,1.0,2
9741,densenet161,750,0.7754817419817108,6
9742,resnet50,939,1.0,6
9743,resnet50,550,1.0,6
9744,efficientnetb1,939,1.0,3
9745,vgg19,550,1.0,15
9746,densenet121,350,0.6263678162488967,5
9747,efficientnetb0,550,1.0,3
9748,densenet161,550,1.0,7
9749,efficientnetb2,550,1.0,3
9750,densenet121,939,0.4858756243316292,5
9751,resnet50,550,1.0,6
9752,densenet121,939,0.4858756243316292,5
9753,resnet50,750,0.692684175445151,7
9754,resnet18,750,1.0,2
9755,densenet121,350,0.6263678162488967,5
9756,resnet50,550,1.0,6
9757,vgg19,939,1.0,15
9758,densenet161,939,0.8028649279588222,7
9759,vgg19,939,0.9938700985656802,16
9760,vgg19,350,0.9884623593775808,15
9761,resnet50,550,1.0,6
9762,resnet50,350,1.0,6
9763,efficientnetb0,350,1.0,3
9764,resnet50,550,1.0,6
9765,densenet161,939,1.0,6
9766,densenet121,750,0.6549577219091517,5
9767,efficientnetb1,350,1.0,3
9768,efficientnetb2,350,1.0,3
9769,efficientnetb1,350,1.0,3
9770,densenet161,750,0.7754817419817108,6
9771,vgg19,750,0.9936879963126718,15
9772,efficientnetb1,939,1.0,3
9773,resnet50,939,1.0,6
9774,efficientnetb0,750,1.0,3
9775,densenet161,750,0.7754817419817108,6
9776,efficientnetb0,550,1.0,3
9777,vgg19,550,1.0,15
9778,vgg19,350,0.9884623593775808,15
9779,vgg19,939,1.0,15
9780,resnet18,750,1.0,2
9781,densenet161,939,0.9380901386244868,8
9782,densenet121,939,0.4858756243316292,5
9783,vgg19,750,0.9936879963126718,15
9784,vgg19,750,0.9936879963126718,15
9785,densenet161,550,0.084152532251803,12
9786,resnet18,550,0.9649971314956884,3
9787,densenet161,939,0.2611850784190904,12
9788,densenet121,350,0.6263678162488967,5
9789,efficientnetb2,350,1.0,3
9790,efficientnetb2,350,0.65175093664593,4
9791,resnet18,750,1.0,2
9792,densenet161,750,0.7754817419817108,6
9793,densenet161,939,1.0,6
9794,densenet121,750,0.6549577219091517,5
9795,efficientnetb0,939,1.0,3
9796,resnet18,939,1.0,2
9797,densenet121,939,0.4858756243316292,5
9798,densenet121,750,0.6549577219091517,5
9799,resnet18,750,1.0,2
9800,resnet18,939,1.0,2
9801,vgg19,350,0.9884623593775808,15
9802,efficientnetb2,750,1.0,3
9803,efficientnetb1,350,1.0,3
9804,densenet121,939,0.4858756243316292,5
9805,efficientnetb1,939,1.0,3
9806,efficientnetb0,939,1.0,3
9807,densenet161,350,0.472733213293796,5
9808,resnet50,750,0.8540914514899219,6
9809,efficientnetb2,750,1.0,3
9810,efficientnetb0,350,1.0,3
9811,densenet161,939,0.8028649279588222,7
9812,vgg19,350,0.9884623593775808,15
9813,resnet18,939,1.0,2
9814,efficientnetb1,939,1.0,3
9815,efficientnetb2,350,1.0,3
9816,resnet18,350,0.9463184463728672,2
9817,efficientnetb2,939,1.0,3
9818,resnet18,350,0.9463184463728672,2
9819,resnet18,350,0.9463184463728672,2
9820,resnet50,939,1.0,6
9821,resnet18,939,1.0,2
9822,densenet161,550,0.8307012363387156,6
9823,efficientnetb0,939,1.0,3
9824,efficientnetb2,350,1.0,3
9825,efficientnetb2,939,1.0,3
9826,densenet161,939,1.0,6
9827,vgg19,550,1.0,15
9828,densenet121,550,0.6262433485833546,5
9829,resnet50,550,1.0,6
9830,efficientnetb1,550,1.0,3
9831,efficientnetb2,939,1.0,3
9832,efficientnetb0,750,1.0,3
9833,densenet161,750,1.0,7
9834,densenet161,750,0.0408796516625536,12
9835,vgg19,939,1.0,15
9836,densenet161,350,1.0,8
9837,densenet161,939,0.8028649279588222,7
9838,vgg19,550,0.93699417819052,14
9839,efficientnetb1,939,1.0,3
9840,efficientnetb1,550,1.0,3
9841,efficientnetb2,550,1.0,3
9842,densenet121,750,0.6549577219091517,5
9843,efficientnetb2,550,1.0,3
9844,resnet50,550,1.0,6
9845,vgg19,750,1.0,16
9846,resnet18,550,1.0,2
9847,densenet121,350,0.6263678162488967,5
9848,densenet121,939,0.4858756243316292,5
9849,densenet121,350,0.6263678162488967,5
9850,efficientnetb0,939,1.0,3
9851,efficientnetb0,750,1.0,3
9852,efficientnetb0,750,1.0,3
9853,efficientnetb2,750,1.0,3
9854,densenet121,939,0.4858756243316292,5
9855,densenet161,750,0.0408796516625536,12
9856,efficientnetb0,350,1.0,3
9857,efficientnetb1,350,1.0,3
9858,efficientnetb0,550,1.0,3
9859,densenet121,939,0.4858756243316292,5
9860,resnet50,550,1.0,6
9861,densenet161,750,0.5067219862360387,5
9862,efficientnetb0,939,1.0,3
9863,resnet18,550,1.0,2
9864,vgg19,550,1.0,15
9865,vgg19,550,1.0,15
9866,efficientnetb2,939,1.0,3
9867,resnet50,939,1.0,6
9868,densenet121,550,0.6262433485833546,5
9869,efficientnetb2,939,1.0,3
9870,densenet121,350,0.6263678162488967,5
9871,resnet50,939,1.0,6
9872,densenet121,750,0.6549577219091517,5
9873,vgg19,750,0.9936879963126718,15
9874,efficientnetb0,550,1.0,3
9875,efficientnetb2,350,1.0,3
9876,efficientnetb2,750,1.0,3
9877,densenet121,939,0.4858756243316292,5
9878,resnet50,550,1.0,6
9879,efficientnetb2,550,1.0,3
9880,densenet161,939,1.0,6
9881,resnet50,550,1.0,6
9882,efficientnetb0,939,1.0,3
9883,efficientnetb1,939,1.0,3
9884,efficientnetb2,550,1.0,3
9885,densenet161,350,0.9422217589427628,7
9886,efficientnetb2,750,1.0,3
9887,vgg19,939,1.0,15
9888,efficientnetb1,750,1.0,3
9889,densenet121,350,0.6263678162488967,5
9890,efficientnetb0,350,1.0,3
9891,efficientnetb0,350,1.0,3
9892,resnet50,550,1.0,6
9893,densenet121,939,0.4858756243316292,5
9894,efficientnetb0,750,1.0,3
9895,densenet121,550,0.6262433485833546,5
9896,densenet121,939,0.4858756243316292,5
9897,densenet121,939,0.4858756243316292,5
9898,resnet18,550,1.0,2
9899,efficientnetb1,939,1.0,3
9900,efficientnetb2,939,1.0,3
9901,vgg19,750,0.9936879963126718,15
9902,resnet50,750,0.8540914514899219,6
9903,efficientnetb1,350,1.0,3
9904,vgg19,750,0.9936879963126718,15
9905,densenet121,350,0.6263678162488967,5
9906,densenet161,939,1.0,6
9907,vgg19,550,1.0,15
9908,densenet121,939,0.4858756243316292,5
9909,densenet161,939,0.8028649279588222,7
9910,efficientnetb0,350,1.0,3
9911,efficientnetb0,350,1.0,3
9912,resnet50,750,0.8540914514899219,6
9913,resnet18,350,0.9463184463728672,2
9914,densenet161,939,0.2611850784190904,12
9915,vgg19,939,1.0,15
9916,vgg19,350,0.9884623593775808,15
9917,resnet50,550,1.0,6
9918,densenet121,350,0.6263678162488967,5
9919,efficientnetb0,350,1.0,3
9920,efficientnetb1,939,1.0,3
9921,efficientnetb0,939,1.0,3
9922,densenet121,939,0.4858756243316292,5
9923,vgg19,550,1.0,15
9924,efficientnetb2,750,1.0,3
9925,efficientnetb1,750,1.0,3
9926,resnet18,350,0.9463184463728672,2
9927,densenet121,750,0.6549577219091517,5
9928,efficientnetb0,750,1.0,3
9929,efficientnetb1,750,1.0,3
9930,efficientnetb0,750,1.0,3
9931,efficientnetb0,939,1.0,3
9932,efficientnetb0,939,1.0,3
9933,efficientnetb2,750,1.0,3
9934,densenet121,750,0.6549577219091517,5
9935,efficientnetb2,350,1.0,3
9936,densenet161,750,0.7754817419817108,6
9937,densenet121,939,0.4858756243316292,5
9938,efficientnetb0,350,1.0,3
9939,efficientnetb0,750,1.0,3
9940,resnet50,550,1.0,6
9941,efficientnetb1,750,1.0,3
9942,resnet18,550,1.0,2
9943,resnet18,939,1.0,2
9944,efficientnetb1,350,1.0,3
9945,densenet121,350,0.6263678162488967,5
9946,vgg19,350,0.9884623593775808,15
9947,densenet161,350,1.0,8
9948,efficientnetb2,750,1.0,3
9949,densenet121,939,0.4858756243316292,5
9950,vgg19,750,0.9936879963126718,15
9951,efficientnetb1,550,1.0,3
9952,densenet121,350,1.0,6
9953,resnet50,750,0.8540914514899219,6
9954,efficientnetb0,350,1.0,3
9955,resnet50,350,1.0,6
9956,efficientnetb2,750,1.0,3
9957,efficientnetb1,750,1.0,3
9958,resnet50,939,1.0,6
9959,efficientnetb1,750,1.0,3
9960,efficientnetb2,350,1.0,3
9961,efficientnetb1,750,1.0,3
9962,resnet50,750,0.8540914514899219,6
9963,efficientnetb1,550,1.0,3
9964,resnet50,750,0.8540914514899219,6
9965,resnet50,750,0.8540914514899219,6
9966,resnet50,939,1.0,6
9967,resnet18,350,0.9463184463728672,2
9968,efficientnetb0,750,1.0,3
9969,efficientnetb1,550,1.0,3
9970,resnet18,350,0.9463184463728672,2
9971,densenet121,350,0.6263678162488967,5
9972,efficientnetb1,750,1.0,3
9973,densenet161,350,0.472733213293796,5
9974,resnet50,750,0.8540914514899219,6
9975,densenet121,550,0.6262433485833546,5
9976,efficientnetb0,350,1.0,3
9977,efficientnetb0,750,1.0,3
9978,efficientnetb2,939,1.0,3
9979,efficientnetb1,350,1.0,3
9980,efficientnetb0,939,1.0,3
9981,efficientnetb0,550,1.0,3
9982,efficientnetb2,550,0.7219694682129152,4
9983,resnet18,350,0.9463184463728672,2
9984,resnet18,750,1.0,2
9985,densenet121,350,0.6263678162488967,5
9986,efficientnetb1,350,1.0,3
9987,resnet50,350,1.0,6
9988,efficientnetb1,550,1.0,3
9989,densenet121,750,0.6549577219091517,5
9990,efficientnetb2,350,1.0,3
9991,efficientnetb0,350,1.0,3
9992,efficientnetb0,750,1.0,3
9993,densenet161,750,0.7754817419817108,6
9994,densenet121,350,0.6263678162488967,5
9995,efficientnetb0,750,1.0,3
9996,vgg19,939,1.0,15
9997,efficientnetb0,750,1.0,3
9998,efficientnetb1,939,1.0,3
9999,efficientnetb0,550,1.0,3
10000,vgg19,750,0.9936879963126718,15
