episode,model,bandwidth,final_reward,split_point
1,resnet50,939,0.0,1
2,densenet161,750,0.0,1
3,efficientnetb1,750,0.0,1
4,vgg16,750,0.0058887013115276,1
5,efficientnetb1,750,0.0,1
6,vgg16,350,0.0,1
7,densenet161,750,0.0,1
8,efficientnetb1,939,0.2284047954549483,2
9,resnet18,750,0.5563161859691826,1
10,vgg16,550,0.0199271539720846,1
11,resnet18,939,0.5358361217945573,1
12,vgg19,939,0.3698836387150448,7
13,efficientnetb0,939,0.0,1
14,efficientnetb1,350,0.0,1
15,efficientnetb0,939,0.0,1
16,resnet18,939,1.0,2
17,densenet161,750,0.0,1
18,densenet161,750,0.0193762853485244,2
19,resnet18,550,0.5341577662577371,1
20,densenet121,750,0.0,1
21,vgg16,939,0.0060710231598882,1
22,densenet121,350,0.0,1
23,densenet121,350,0.0,1
24,efficientnetb1,939,0.0,1
25,efficientnetb0,550,0.290069122860228,2
26,efficientnetb1,550,0.0,1
27,densenet161,750,0.0,1
28,densenet121,939,0.0166311998595305,3
29,densenet121,350,0.0,1
30,efficientnetb0,350,0.0,1
31,vgg16,750,0.0058887013115276,1
32,densenet161,750,0.0,1
33,resnet50,350,0.0174859151390518,1
34,densenet121,750,0.0279532973407523,2
35,vgg19,550,0.3608150480635607,7
36,densenet121,350,0.0,1
37,resnet18,750,0.5563161859691826,1
38,densenet161,750,0.0,1
39,vgg19,550,0.0192737323606945,1
40,resnet50,750,0.3344894405367239,2
41,efficientnetb0,939,0.0,1
42,vgg16,350,0.0238402416290037,2
43,vgg19,939,0.0183675354070255,1
44,efficientnetb0,550,0.0,1
45,efficientnetb0,350,0.0,1
46,efficientnetb0,350,0.0,1
47,resnet18,750,0.0,8
48,resnet50,939,0.0,1
49,efficientnetb1,350,0.2323535341648464,2
50,efficientnetb0,350,0.0,1
51,densenet161,550,0.0,1
52,densenet161,750,0.0,1
53,vgg16,550,0.0768889395683232,3
54,densenet121,550,0.0,1
55,vgg16,750,0.0835468528760409,3
56,resnet18,750,0.5563161859691826,1
57,resnet18,550,0.5341577662577371,1
58,densenet161,350,0.0213386295855335,3
59,vgg16,350,0.0713714441743471,3
60,densenet161,550,0.0210735879951949,3
61,efficientnetb0,750,0.0,1
62,efficientnetb1,939,0.0,1
63,densenet161,750,0.0,1
64,densenet121,750,0.0279532973407523,2
65,vgg16,550,0.0199271539720846,1
66,resnet50,350,0.0948151869136176,2
67,resnet50,750,0.5242927837491854,3
68,vgg19,350,0.0047515404264518,2
69,densenet121,350,0.0321065308334073,2
70,vgg16,550,0.0768889395683232,3
71,vgg19,939,0.0183675354070255,1
72,vgg19,550,0.0192737323606945,1
73,resnet50,750,0.9081489241651808,4
74,densenet161,350,0.0213386295855335,3
75,resnet18,939,0.5358361217945573,1
76,densenet161,550,0.1068700282907242,4
77,vgg16,350,0.0238402416290037,2
78,resnet50,750,0.098265786808133,1
79,efficientnetb1,350,0.0,1
80,resnet18,750,0.5563161859691826,1
81,vgg19,939,0.0183675354070255,1
82,efficientnetb1,350,0.7181138626700144,4
83,efficientnetb1,550,0.5223117533457641,5
84,efficientnetb1,550,0.2436659344100393,2
85,resnet18,939,0.5358361217945573,1
86,efficientnetb0,550,0.0,1
87,resnet18,939,0.5358361217945573,1
88,efficientnetb1,550,0.0,1
89,resnet50,939,0.1412757250508847,2
90,efficientnetb0,939,0.0,1
91,vgg16,750,0.0058887013115276,1
92,efficientnetb0,939,1.0,3
93,efficientnetb0,939,0.245393377540531,2
94,efficientnetb0,550,0.290069122860228,2
95,resnet18,750,1.0,2
96,densenet161,350,0.0,1
97,efficientnetb1,750,0.0,1
98,densenet121,939,0.0,1
99,efficientnetb0,939,1.0,3
100,vgg19,939,0.0183675354070255,1
101,densenet121,350,0.0,1
102,densenet121,750,0.0279532973407523,2
103,resnet50,550,0.0097267662088094,1
104,vgg19,550,0.0192737323606945,1
105,efficientnetb0,550,1.0,3
106,densenet161,350,0.0,1
107,efficientnetb0,750,1.0,3
108,densenet161,939,0.0601439006764898,1
109,resnet50,350,0.0948151869136176,2
110,densenet161,939,0.0601439006764898,1
111,vgg19,550,0.0,2
112,vgg19,550,0.0,2
113,vgg19,750,0.0,1
114,densenet161,939,0.0601439006764898,1
115,densenet161,750,0.0,1
116,efficientnetb1,939,0.2284047954549483,2
117,densenet121,750,0.0,1
118,vgg16,750,0.0835468528760409,3
119,densenet121,750,0.0357436179754728,3
120,resnet50,939,0.0,1
121,efficientnetb0,550,0.290069122860228,2
122,densenet161,550,0.0,1
123,efficientnetb0,550,0.0,1
124,resnet50,350,0.2365622217411404,3
125,efficientnetb0,939,0.0,1
126,densenet161,350,0.0195835026890192,2
127,efficientnetb0,750,1.0,3
128,vgg19,550,0.0192737323606945,1
129,efficientnetb0,750,1.0,3
130,densenet161,350,0.0,1
131,efficientnetb1,750,0.0,1
132,densenet121,750,0.0279532973407523,2
133,vgg16,750,0.0058887013115276,1
134,efficientnetb1,750,0.0,1
135,resnet18,550,0.5341577662577371,1
136,efficientnetb0,550,0.290069122860228,2
137,densenet121,750,0.0279532973407523,2
138,vgg19,350,0.0,1
139,densenet161,939,0.0601439006764898,1
140,efficientnetb0,350,1.0,3
141,densenet121,750,0.0,1
142,resnet18,350,0.9463184463728672,2
143,efficientnetb1,550,0.0,1
144,efficientnetb0,939,0.0,1
145,efficientnetb1,939,1.0,3
146,resnet18,750,0.5563161859691826,1
147,vgg19,750,0.0,1
148,efficientnetb1,350,0.0,1
149,densenet161,939,0.0018556587877228,3
150,resnet18,939,0.9772814215247084,3
151,vgg16,350,0.0,1
152,vgg16,939,0.0060710231598882,1
153,resnet18,939,0.5358361217945573,1
154,densenet121,939,0.0,1
155,efficientnetb0,550,0.290069122860228,2
156,vgg16,750,0.0058887013115276,1
157,efficientnetb0,939,0.0,1
158,vgg19,750,0.0,1
159,densenet161,350,0.0,1
160,vgg19,350,0.0,1
161,efficientnetb1,350,0.0,1
162,efficientnetb1,350,0.5010852886204035,5
163,densenet161,550,0.0,1
164,resnet50,550,0.2772450699669692,3
165,densenet161,550,0.1068700282907242,4
166,efficientnetb0,550,0.0,1
167,densenet121,939,0.0230700539672484,2
168,densenet121,550,0.0,1
169,resnet50,350,0.0948151869136176,2
170,vgg16,939,0.0060710231598882,1
171,vgg16,939,0.0060710231598882,1
172,vgg16,939,0.0,2
173,densenet161,750,0.0193762853485244,2
174,efficientnetb0,550,0.0,1
175,densenet121,350,0.0523859604428457,3
176,resnet18,550,0.5341577662577371,1
177,resnet50,550,0.106889737057666,2
178,vgg16,939,0.0,2
179,vgg19,939,0.0,2
180,efficientnetb1,350,0.0,1
181,resnet18,939,1.0,2
182,resnet50,550,0.0097267662088094,1
183,resnet50,939,0.0,1
184,efficientnetb1,939,0.0,1
185,efficientnetb1,939,0.0,1
186,efficientnetb0,550,0.0,1
187,densenet121,350,0.0,1
188,vgg19,350,0.1104026426586838,3
189,densenet121,550,0.0,1
190,resnet18,939,1.0,2
191,efficientnetb0,750,0.0,1
192,efficientnetb1,350,0.0,1
193,resnet50,939,0.0,1
194,resnet18,939,1.0,2
195,efficientnetb0,750,0.0,1
196,vgg19,939,0.053642035656265,3
197,efficientnetb0,939,0.6801221238861833,4
198,resnet18,350,0.5934360820487711,1
199,vgg16,550,0.0199271539720846,1
200,densenet161,350,0.0,1
201,densenet121,350,0.0,1
202,densenet161,350,0.0,1
203,efficientnetb1,750,1.0,3
204,vgg19,750,0.0,1
205,resnet50,939,1.0,6
206,resnet50,550,0.106889737057666,2
207,densenet121,350,0.0,1
208,resnet18,550,0.5341577662577371,1
209,densenet121,550,0.0266970250369456,2
210,densenet161,939,0.0601439006764898,1
211,densenet121,550,0.0,1
212,vgg16,350,0.0,1
213,vgg19,550,0.0,2
214,resnet18,350,1.0,3
215,vgg16,350,0.0,1
216,densenet161,939,0.0601439006764898,1
217,vgg16,550,0.0,2
218,resnet50,939,0.0,1
219,resnet18,350,0.6798528330010116,4
220,densenet121,550,0.0,1
221,vgg16,350,0.0,1
222,efficientnetb0,550,0.290069122860228,2
223,efficientnetb1,550,0.0,1
224,resnet18,350,1.0,3
225,resnet18,939,0.5358361217945573,1
226,efficientnetb1,939,0.0,1
227,efficientnetb0,750,0.221102352041803,2
228,efficientnetb0,350,0.0,1
229,vgg16,550,0.0199271539720846,1
230,vgg16,750,0.0,2
231,efficientnetb1,550,0.0,1
232,resnet18,939,0.5358361217945573,1
233,efficientnetb0,750,0.0,1
234,densenet121,550,0.0,1
235,resnet18,550,0.5341577662577371,1
236,resnet50,750,0.098265786808133,1
237,resnet50,750,0.098265786808133,1
238,efficientnetb0,350,0.0,1
239,efficientnetb0,550,0.0,1
240,resnet18,939,0.666846850715217,4
241,resnet50,350,0.5125994165201655,9
242,efficientnetb1,350,1.0,3
243,vgg16,550,0.0199271539720846,1
244,efficientnetb1,750,0.0,1
245,vgg16,350,0.0,1
246,efficientnetb1,750,0.0,1
247,vgg16,939,0.0,2
248,vgg16,550,0.0768889395683232,3
249,efficientnetb1,550,0.0,1
250,resnet18,750,0.9425112246169725,3
251,densenet161,550,0.0210735879951949,3
252,resnet18,350,1.0,3
253,vgg16,350,0.0238402416290037,2
254,densenet161,750,0.0193762853485244,2
255,densenet161,750,0.0,1
256,efficientnetb1,350,0.2323535341648464,2
257,densenet161,750,0.0193762853485244,2
258,efficientnetb0,750,1.0,3
259,vgg19,550,0.0,2
260,resnet50,939,0.8017819857800019,7
261,efficientnetb0,550,0.0,1
262,resnet18,750,0.5563161859691826,1
263,vgg16,939,0.0060710231598882,1
264,densenet121,750,0.0279532973407523,2
265,resnet50,939,0.0,1
266,densenet161,350,0.0,1
267,vgg16,939,0.0548212617333455,3
268,vgg19,550,0.0192737323606945,1
269,efficientnetb0,550,0.290069122860228,2
270,resnet50,750,0.098265786808133,1
271,resnet50,939,0.3012988939538109,3
272,efficientnetb1,750,0.0,1
273,resnet18,350,0.6798528330010116,4
274,resnet50,939,0.0,1
275,densenet121,750,0.0,1
276,densenet121,939,0.0,1
277,densenet121,350,0.0523859604428457,3
278,vgg19,350,0.0,1
279,densenet121,550,0.0266970250369456,2
280,efficientnetb0,550,0.0,1
281,vgg19,750,0.0,1
282,vgg16,350,0.0238402416290037,2
283,vgg19,550,0.0192737323606945,1
284,resnet18,750,1.0,2
285,resnet18,750,0.9425112246169725,3
286,densenet161,750,0.0,1
287,resnet18,939,0.5358361217945573,1
288,resnet50,550,0.2772450699669692,3
289,vgg16,550,0.0199271539720846,1
290,resnet50,350,0.4097205423764233,4
291,densenet121,939,0.4858756243316292,5
292,vgg16,350,0.0,1
293,efficientnetb1,550,0.2436659344100393,2
294,efficientnetb1,550,0.0,1
295,vgg19,750,0.0863442753339673,3
296,densenet121,550,0.0,1
297,densenet121,550,0.0,1
298,resnet50,750,0.098265786808133,1
299,vgg16,750,0.0058887013115276,1
300,vgg19,350,0.0,1
301,resnet18,750,0.9425112246169725,3
302,efficientnetb0,350,0.2601845258832877,2
303,vgg19,550,0.0192737323606945,1
304,efficientnetb0,750,0.221102352041803,2
305,vgg19,939,0.0183675354070255,1
306,resnet18,939,0.5358361217945573,1
307,vgg16,939,0.0060710231598882,1
308,vgg16,750,0.0,2
309,vgg16,350,0.0,1
310,densenet121,550,0.0,1
311,densenet161,939,0.0601439006764898,1
312,resnet50,350,0.0174859151390518,1
313,densenet161,939,0.0018556587877228,3
314,resnet18,750,1.0,2
315,resnet50,750,0.098265786808133,1
316,densenet161,939,0.0,2
317,densenet121,939,0.0230700539672484,2
318,vgg19,550,0.1248786103205342,4
319,densenet121,939,0.0166311998595305,3
320,vgg16,750,0.0058887013115276,1
321,efficientnetb1,750,0.0,1
322,vgg19,550,0.0192737323606945,1
323,resnet50,350,0.0174859151390518,1
324,vgg19,350,0.0,1
325,resnet50,939,0.0,1
326,vgg19,550,0.0192737323606945,1
327,vgg16,750,0.0058887013115276,1
328,resnet18,550,0.5341577662577371,1
329,vgg19,939,0.053642035656265,3
330,resnet18,750,0.5563161859691826,1
331,resnet18,939,1.0,2
332,resnet50,350,0.0174859151390518,1
333,resnet18,750,0.9425112246169725,3
334,vgg19,750,0.0863442753339673,3
335,vgg16,750,0.0,2
336,resnet50,350,0.0948151869136176,2
337,resnet50,350,0.0948151869136176,2
338,resnet50,550,0.8501913432605966,5
339,efficientnetb0,350,0.2601845258832877,2
340,vgg16,939,0.0,2
341,efficientnetb0,750,0.0,1
342,efficientnetb0,550,0.290069122860228,2
343,vgg19,550,0.0,2
344,efficientnetb0,750,0.0,1
345,vgg16,939,0.0060710231598882,1
346,densenet161,939,0.0601439006764898,1
347,resnet50,350,0.0174859151390518,1
348,resnet50,750,0.3344894405367239,2
349,densenet161,350,0.0195835026890192,2
350,resnet50,750,0.098265786808133,1
351,vgg19,939,0.0183675354070255,1
352,densenet121,939,0.0,1
353,resnet50,350,0.0174859151390518,1
354,efficientnetb0,750,0.0,1
355,resnet18,750,0.5563161859691826,1
356,densenet121,550,0.0,1
357,efficientnetb0,939,0.245393377540531,2
358,densenet121,350,0.0321065308334073,2
359,vgg19,750,0.3776216428097246,7
360,densenet161,750,0.0912366792400731,4
361,efficientnetb0,350,0.0,1
362,vgg19,939,0.0183675354070255,1
363,efficientnetb0,750,0.0,1
364,efficientnetb1,350,0.0,1
365,densenet161,350,0.0195835026890192,2
366,vgg19,939,0.3144631067328258,6
367,vgg16,350,0.0713714441743471,3
368,efficientnetb0,939,0.0,1
369,densenet121,939,0.390359012366206,7
370,resnet50,939,0.0,1
371,vgg19,939,0.0,2
372,vgg16,750,0.0058887013115276,1
373,resnet50,350,0.2365622217411404,3
374,vgg16,939,0.0060710231598882,1
375,vgg19,939,0.0183675354070255,1
376,resnet18,750,0.5563161859691826,1
377,densenet121,550,0.0,1
378,vgg19,550,0.0192737323606945,1
379,efficientnetb1,350,0.2323535341648464,2
380,vgg16,939,0.0060710231598882,1
381,densenet121,750,0.0,1
382,densenet121,750,0.0,1
383,densenet161,550,0.0323579521725776,2
384,resnet18,550,1.0,2
385,resnet50,939,0.0,1
386,vgg16,550,0.0199271539720846,1
387,resnet18,550,0.5341577662577371,1
388,efficientnetb1,550,0.6878389778024664,4
389,resnet50,750,0.098265786808133,1
390,resnet50,939,0.3012988939538109,3
391,efficientnetb1,350,0.0,1
392,vgg16,939,0.0060710231598882,1
393,vgg19,350,0.0047515404264518,2
394,densenet161,550,0.1068700282907242,4
395,densenet121,350,0.0321065308334073,2
396,vgg19,350,0.0,1
397,efficientnetb1,350,0.0,1
398,resnet18,750,0.6570784835049883,4
399,densenet161,550,0.0323579521725776,2
400,efficientnetb0,939,1.0,3
401,densenet121,750,0.0357436179754728,3
402,resnet18,750,0.5563161859691826,1
403,resnet18,939,1.0,2
404,efficientnetb0,550,1.0,3
405,efficientnetb1,939,0.0,1
406,resnet18,750,0.5563161859691826,1
407,efficientnetb0,939,0.0,1
408,efficientnetb1,350,0.5010852886204035,5
409,resnet18,350,0.5934360820487711,1
410,resnet50,550,0.106889737057666,2
411,densenet121,550,0.0,1
412,densenet121,550,0.0267032533330688,3
413,resnet50,939,0.0,1
414,efficientnetb0,350,0.0,1
415,resnet18,939,0.5358361217945573,1
416,densenet121,750,0.0,1
417,resnet18,939,0.5358361217945573,1
418,vgg16,350,0.0713714441743471,3
419,densenet161,939,0.0601439006764898,1
420,resnet18,350,0.5934360820487711,1
421,densenet161,750,0.0355493113357071,3
422,resnet50,350,0.0174859151390518,1
423,resnet18,939,1.0,2
424,vgg16,350,0.0238402416290037,2
425,vgg19,939,0.0,2
426,densenet121,939,0.0,1
427,vgg19,750,0.0,1
428,densenet161,750,0.0355493113357071,3
429,resnet50,939,0.0,1
430,densenet161,939,0.0601439006764898,1
431,resnet50,350,0.0174859151390518,1
432,densenet121,350,0.0,1
433,densenet161,350,0.0,1
434,efficientnetb1,550,0.2436659344100393,2
435,vgg16,550,0.0983706975456484,4
436,vgg19,939,0.053642035656265,3
437,densenet121,350,0.6263678162488967,5
438,densenet121,939,0.0,1
439,densenet121,750,0.0,1
440,vgg16,550,0.0768889395683232,3
441,efficientnetb0,750,0.0,1
442,vgg19,350,0.4051376815444835,5
443,densenet161,350,0.0,1
444,resnet50,550,0.0097267662088094,1
445,densenet161,750,0.0,1
446,vgg19,350,0.0,1
447,densenet121,939,0.0,1
448,densenet161,750,0.0193762853485244,2
449,efficientnetb1,750,1.0,3
450,vgg19,750,0.0863442753339673,3
451,resnet50,350,0.0174859151390518,1
452,densenet161,750,0.0912366792400731,4
453,resnet18,350,0.9463184463728672,2
454,vgg19,939,0.0183675354070255,1
455,resnet18,550,0.5341577662577371,1
456,densenet121,550,0.0,1
457,efficientnetb0,350,1.0,3
458,efficientnetb1,750,0.258386396623143,2
459,resnet18,350,0.9463184463728672,2
460,vgg19,939,0.0183675354070255,1
461,densenet121,939,0.0166311998595305,3
462,densenet121,350,0.0321065308334073,2
463,efficientnetb1,350,0.2323535341648464,2
464,resnet18,350,0.5934360820487711,1
465,resnet50,350,0.8830285561177872,5
466,vgg19,750,0.0061276421520036,2
467,resnet18,939,1.0,2
468,resnet50,350,0.8830285561177872,5
469,vgg19,750,0.0,1
470,resnet18,350,0.9463184463728672,2
471,vgg19,550,0.0,2
472,densenet161,750,0.0,1
473,densenet121,750,0.0,1
474,efficientnetb0,750,0.0,1
475,resnet50,550,0.0097267662088094,1
476,resnet18,750,0.9425112246169725,3
477,vgg16,750,0.0058887013115276,1
478,resnet50,939,0.4611727687596107,9
479,resnet18,550,0.9649971314956884,3
480,resnet50,939,0.1412757250508847,2
481,resnet50,350,0.0174859151390518,1
482,resnet50,750,0.5242927837491854,3
483,resnet50,750,0.098265786808133,1
484,resnet18,350,0.5934360820487711,1
485,resnet50,550,0.8501913432605966,5
486,vgg19,550,0.1112152559945396,3
487,vgg16,350,0.0,1
488,vgg16,939,0.0548212617333455,3
489,vgg16,939,0.0060710231598882,1
490,resnet18,550,1.0,2
491,efficientnetb1,550,0.2436659344100393,2
492,efficientnetb0,550,0.0843169863849983,8
493,efficientnetb1,939,0.2284047954549483,2
494,resnet50,550,0.2772450699669692,3
495,densenet161,750,0.0,1
496,efficientnetb0,550,0.290069122860228,2
497,densenet161,350,0.0195835026890192,2
498,efficientnetb1,350,0.0,1
499,densenet161,350,0.0,1
500,vgg19,350,0.0047515404264518,2
501,densenet161,939,0.0601439006764898,1
502,densenet161,750,0.0355493113357071,3
503,vgg19,350,0.0047515404264518,2
504,resnet50,750,0.098265786808133,1
505,densenet161,350,0.472733213293796,5
506,vgg19,750,0.0061276421520036,2
507,vgg19,550,0.3630539177738009,6
508,densenet161,939,1.0,6
509,densenet121,550,0.0,1
510,vgg16,750,0.0,2
511,densenet161,350,0.0,1
512,vgg19,550,0.0,2
513,vgg16,550,0.0,2
514,efficientnetb0,750,1.0,3
515,resnet18,939,0.5358361217945573,1
516,resnet18,939,0.5358361217945573,1
517,vgg19,350,0.0,1
518,resnet50,939,0.481243768988981,4
519,efficientnetb0,750,0.6483214388113725,4
520,densenet161,550,0.0210735879951949,3
521,resnet18,550,0.9649971314956884,3
522,vgg19,939,0.0,2
523,vgg16,350,0.0,1
524,resnet50,939,0.3012988939538109,3
525,densenet121,939,0.0,1
526,efficientnetb1,350,0.2323535341648464,2
527,resnet50,939,0.1412757250508847,2
528,efficientnetb1,939,0.2284047954549483,2
529,densenet161,550,0.0323579521725776,2
530,vgg16,350,0.0,1
531,resnet18,550,0.5341577662577371,1
532,vgg19,550,0.0192737323606945,1
533,densenet161,750,1.0,7
534,efficientnetb0,750,1.0,3
535,efficientnetb0,550,0.0,1
536,efficientnetb1,350,0.2323535341648464,2
537,vgg16,550,0.0,2
538,vgg19,350,0.0,1
539,densenet161,350,0.0213386295855335,3
540,vgg19,750,0.0,1
541,resnet50,350,0.0948151869136176,2
542,densenet121,750,0.0,1
543,vgg19,550,0.1248786103205342,4
544,vgg19,550,0.0,2
545,efficientnetb0,939,0.6801221238861833,4
546,densenet121,939,0.0166311998595305,3
547,efficientnetb0,750,0.0,1
548,resnet50,750,0.098265786808133,1
549,resnet18,550,0.9649971314956884,3
550,efficientnetb0,350,0.2601845258832877,2
551,efficientnetb1,939,0.2284047954549483,2
552,resnet18,350,0.5934360820487711,1
553,vgg19,350,0.0,1
554,efficientnetb0,939,0.0,1
555,efficientnetb1,350,0.2323535341648464,2
556,efficientnetb1,350,1.0,3
557,densenet121,350,0.0,1
558,densenet161,939,0.0,2
559,densenet121,750,0.0,1
560,resnet18,939,0.5358361217945573,1
561,vgg19,750,0.3954673323042385,5
562,vgg16,939,0.0060710231598882,1
563,vgg16,550,0.0,2
564,vgg19,750,0.0061276421520036,2
565,efficientnetb1,750,0.0,1
566,densenet161,939,0.0,2
567,densenet161,750,0.0,1
568,vgg16,550,0.4337023661646058,6
569,densenet121,350,0.0,1
570,resnet18,350,1.0,3
571,efficientnetb1,550,0.6878389778024664,4
572,resnet18,350,0.5934360820487711,1
573,vgg19,750,0.0863442753339673,3
574,resnet18,550,1.0,2
575,densenet161,350,0.0213386295855335,3
576,efficientnetb0,750,0.0,1
577,densenet161,550,0.0,1
578,vgg19,550,0.0192737323606945,1
579,vgg19,550,0.0192737323606945,1
580,vgg19,350,0.0047515404264518,2
581,efficientnetb1,550,0.0,1
582,vgg19,350,0.0,1
583,vgg19,350,0.0,1
584,efficientnetb0,550,1.0,3
585,densenet121,939,0.0230700539672484,2
586,resnet18,350,0.5934360820487711,1
587,efficientnetb0,939,0.5462134982716761,5
588,efficientnetb1,550,0.2436659344100393,2
589,vgg16,350,0.0238402416290037,2
590,efficientnetb1,750,0.0,1
591,vgg16,750,0.0058887013115276,1
592,densenet161,550,0.0323579521725776,2
593,resnet18,350,0.9463184463728672,2
594,vgg16,750,0.0,2
595,densenet121,750,0.0279532973407523,2
596,efficientnetb0,939,0.0,1
597,efficientnetb1,550,0.2436659344100393,2
598,efficientnetb1,750,0.0,1
599,resnet50,350,0.8169515861153699,7
600,densenet121,750,0.0357436179754728,3
601,vgg19,939,0.0183675354070255,1
602,vgg19,939,0.0183675354070255,1
603,vgg19,750,0.3954673323042385,5
604,efficientnetb0,550,0.0,1
605,vgg16,550,0.0199271539720846,1
606,vgg16,550,0.0768889395683232,3
607,densenet161,750,0.0,1
608,efficientnetb0,350,0.2601845258832877,2
609,vgg19,350,0.7047271852759325,10
610,densenet121,939,0.0,1
611,vgg19,939,0.053642035656265,3
612,efficientnetb0,550,0.0,1
613,efficientnetb1,939,0.2284047954549483,2
614,densenet161,750,0.0355493113357071,3
615,resnet18,350,0.5934360820487711,1
616,resnet50,350,0.0174859151390518,1
617,densenet161,550,0.0210735879951949,3
618,efficientnetb0,939,0.245393377540531,2
619,densenet121,550,0.5185925451749753,8
620,densenet161,550,0.0323579521725776,2
621,efficientnetb0,350,0.0,1
622,densenet121,750,0.0279532973407523,2
623,vgg16,350,0.0238402416290037,2
624,resnet18,350,0.5048206439889544,5
625,densenet161,939,0.0601439006764898,1
626,resnet50,750,0.5242927837491854,3
627,efficientnetb1,550,0.0,1
628,resnet18,350,0.9463184463728672,2
629,vgg19,550,0.0192737323606945,1
630,vgg19,550,0.0192737323606945,1
631,densenet161,750,0.0193762853485244,2
632,resnet50,350,0.0174859151390518,1
633,densenet161,350,0.0,1
634,efficientnetb0,550,0.290069122860228,2
635,resnet50,350,0.0948151869136176,2
636,vgg19,350,0.4051376815444835,5
637,efficientnetb1,750,1.0,3
638,vgg16,939,0.4173293874259716,5
639,resnet50,350,0.2365622217411404,3
640,vgg19,750,0.0061276421520036,2
641,efficientnetb1,750,0.7228690296773087,4
642,efficientnetb1,750,0.7228690296773087,4
643,vgg19,350,0.0,1
644,resnet50,550,0.106889737057666,2
645,resnet50,750,0.9081489241651808,4
646,efficientnetb1,550,0.2436659344100393,2
647,efficientnetb1,939,0.2284047954549483,2
648,vgg19,350,0.1104026426586838,3
649,vgg16,750,0.0058887013115276,1
650,vgg19,750,0.0061276421520036,2
651,resnet50,750,0.098265786808133,1
652,resnet50,939,0.1412757250508847,2
653,densenet121,750,0.0357436179754728,3
654,resnet18,350,0.5934360820487711,1
655,densenet161,550,0.0323579521725776,2
656,efficientnetb1,939,0.2284047954549483,2
657,vgg19,939,0.053642035656265,3
658,efficientnetb0,750,0.0025215886423978,8
659,efficientnetb1,550,0.0,1
660,densenet121,939,0.0,1
661,densenet161,350,0.9422217589427628,7
662,vgg19,939,0.0183675354070255,1
663,resnet18,939,0.5358361217945573,1
664,vgg16,350,0.4552780768214839,7
665,vgg16,750,0.0835468528760409,3
666,efficientnetb1,939,0.4873612700075253,5
667,resnet18,350,0.5934360820487711,1
668,resnet50,750,0.5242927837491854,3
669,vgg19,350,0.0047515404264518,2
670,densenet121,550,0.0,1
671,resnet18,939,1.0,2
672,densenet121,350,0.1341157974542594,4
673,efficientnetb0,939,0.0,1
674,resnet18,350,1.0,3
675,resnet50,750,0.3024732800391974,11
676,densenet121,350,0.0,1
677,vgg16,550,0.0983706975456484,4
678,vgg19,550,0.1248786103205342,4
679,vgg16,939,0.0060710231598882,1
680,efficientnetb1,750,0.258386396623143,2
681,vgg16,939,0.0060710231598882,1
682,densenet121,939,0.3516434776147618,8
683,densenet161,939,0.0018556587877228,3
684,vgg16,750,0.0058887013115276,1
685,vgg16,750,0.3927521762586766,6
686,resnet18,350,0.6798528330010116,4
687,vgg19,350,0.0,1
688,efficientnetb0,750,0.0,1
689,efficientnetb1,350,0.2323535341648464,2
690,vgg19,750,0.0,1
691,vgg19,350,0.0,1
692,vgg19,939,0.0183675354070255,1
693,vgg16,550,0.0199271539720846,1
694,vgg19,939,0.0183675354070255,1
695,efficientnetb0,939,0.0,1
696,densenet161,750,0.0,1
697,efficientnetb0,350,0.2601845258832877,2
698,vgg19,550,0.0192737323606945,1
699,efficientnetb1,750,0.258386396623143,2
700,vgg19,939,0.0183675354070255,1
701,densenet161,550,0.8307012363387156,6
702,resnet50,350,0.0174859151390518,1
703,resnet18,939,1.0,2
704,densenet121,750,0.0983602208090902,4
705,densenet121,350,0.6263678162488967,5
706,vgg19,939,0.0183675354070255,1
707,resnet50,350,1.0,6
708,resnet18,750,1.0,2
709,efficientnetb1,939,0.2284047954549483,2
710,vgg16,939,0.0,2
711,efficientnetb0,550,0.7484594574197447,4
712,resnet50,750,0.098265786808133,1
713,resnet18,550,0.9649971314956884,3
714,efficientnetb1,750,0.258386396623143,2
715,vgg16,939,0.0,2
716,densenet121,939,0.4858756243316292,5
717,densenet121,550,0.0,1
718,resnet50,939,0.8248723661787692,5
719,densenet161,939,0.0,2
720,resnet50,350,0.4097205423764233,4
721,vgg19,550,0.1112152559945396,3
722,vgg16,750,0.5870702344568659,8
723,efficientnetb0,750,0.0,1
724,vgg16,750,0.0,2
725,efficientnetb1,550,0.0,1
726,efficientnetb1,350,0.0,1
727,efficientnetb1,550,0.2436659344100393,2
728,vgg19,750,0.1063831635744575,4
729,resnet18,350,0.5934360820487711,1
730,densenet121,350,0.0,1
731,efficientnetb1,350,0.7181138626700144,4
732,densenet161,939,0.8028649279588222,7
733,resnet18,939,1.0,2
734,densenet121,939,0.3516434776147618,8
735,densenet161,550,0.9908784030365078,8
736,resnet50,550,0.0097267662088094,1
737,efficientnetb1,350,0.2323535341648464,2
738,resnet18,350,0.5934360820487711,1
739,densenet121,550,0.0,1
740,efficientnetb1,750,0.7228690296773087,4
741,efficientnetb0,350,1.0,3
742,vgg19,550,0.1112152559945396,3
743,resnet18,939,1.0,2
744,densenet161,750,0.0,1
745,efficientnetb0,550,0.290069122860228,2
746,densenet161,550,0.0,1
747,resnet50,939,1.0,6
748,vgg16,750,0.0,2
749,vgg16,750,0.0058887013115276,1
750,resnet50,550,0.4611472962789475,4
751,vgg16,750,0.0058887013115276,1
752,densenet161,939,0.0,2
753,resnet50,750,0.3344894405367239,2
754,resnet50,939,0.3012988939538109,3
755,efficientnetb0,939,0.0,1
756,densenet161,350,0.0,1
757,efficientnetb0,550,0.0,1
758,resnet18,350,0.9463184463728672,2
759,resnet50,939,0.8017819857800019,7
760,efficientnetb1,939,0.0,1
761,resnet18,550,0.5341577662577371,1
762,densenet161,350,0.0195835026890192,2
763,vgg16,750,0.0,2
764,resnet18,550,0.5341577662577371,1
765,densenet121,550,0.0,1
766,resnet18,939,0.5358361217945573,1
767,resnet18,939,1.0,2
768,resnet18,350,0.9463184463728672,2
769,densenet161,939,0.0,2
770,resnet18,750,1.0,2
771,vgg19,750,0.0,1
772,vgg16,350,0.4955592672941035,5
773,efficientnetb1,550,1.0,3
774,resnet50,550,0.0097267662088094,1
775,efficientnetb1,750,0.0,1
776,vgg19,350,0.0047515404264518,2
777,resnet18,550,0.5341577662577371,1
778,resnet18,939,0.5358361217945573,1
779,vgg19,350,0.4051376815444835,5
780,efficientnetb0,550,0.7484594574197447,4
781,efficientnetb0,350,1.0,3
782,densenet121,550,0.0266970250369456,2
783,densenet121,350,0.0321065308334073,2
784,resnet18,550,0.5341577662577371,1
785,resnet18,939,0.4650005330060861,5
786,resnet50,750,0.3344894405367239,2
787,vgg16,550,0.0199271539720846,1
788,efficientnetb0,350,0.0,1
789,vgg19,750,0.3954673323042385,5
790,resnet18,350,1.0,3
791,efficientnetb1,550,0.5223117533457641,5
792,resnet18,550,0.2785187719074968,6
793,efficientnetb1,939,0.0,1
794,vgg19,750,0.1063831635744575,4
795,efficientnetb1,750,0.0,1
796,densenet161,550,0.0323579521725776,2
797,densenet161,550,0.9908784030365078,8
798,resnet50,550,1.0,6
799,densenet161,939,0.0601439006764898,1
800,densenet121,550,0.0266970250369456,2
801,vgg19,550,0.0192737323606945,1
802,efficientnetb1,939,1.0,3
803,densenet121,939,0.0230700539672484,2
804,vgg19,550,0.1112152559945396,3
805,vgg19,939,0.0,2
806,densenet121,550,0.6262433485833546,5
807,densenet161,939,0.0,2
808,efficientnetb1,350,0.2323535341648464,2
809,vgg16,550,0.0199271539720846,1
810,efficientnetb1,750,0.0,1
811,resnet50,350,0.6807257591827157,8
812,resnet50,939,0.1412757250508847,2
813,vgg19,550,0.0192737323606945,1
814,efficientnetb0,750,0.6483214388113725,4
815,efficientnetb0,550,0.0,1
816,vgg16,750,0.0058887013115276,1
817,densenet161,750,0.0,1
818,efficientnetb1,350,0.0,1
819,vgg16,350,0.4552780768214839,7
820,resnet18,550,0.5341577662577371,1
821,efficientnetb1,550,0.2436659344100393,2
822,vgg16,750,0.0835468528760409,3
823,vgg19,939,0.053642035656265,3
824,resnet18,939,0.9772814215247084,3
825,resnet50,550,0.645703014729161,8
826,resnet50,939,0.4611727687596107,9
827,resnet50,350,1.0,6
828,efficientnetb0,350,0.7221681243288518,4
829,efficientnetb0,939,0.0,1
830,resnet18,550,0.1485490516197205,7
831,densenet121,939,1.0,6
832,efficientnetb0,350,0.7221681243288518,4
833,vgg19,939,0.053642035656265,3
834,resnet50,350,0.0948151869136176,2
835,vgg19,550,0.1112152559945396,3
836,vgg16,750,0.0,2
837,vgg16,350,1.0,12
838,densenet161,350,0.0213386295855335,3
839,efficientnetb1,550,0.0720571217046986,8
840,densenet121,350,0.0321065308334073,2
841,vgg16,750,0.0058887013115276,1
842,densenet161,750,0.0,1
843,densenet121,350,0.6263678162488967,5
844,efficientnetb0,750,0.6483214388113725,4
845,vgg19,350,0.0,1
846,efficientnetb1,350,0.0,1
847,resnet50,350,0.0174859151390518,1
848,resnet50,939,0.1412757250508847,2
849,resnet50,550,0.0097267662088094,1
850,densenet121,939,0.0230700539672484,2
851,resnet50,939,0.1412757250508847,2
852,efficientnetb0,750,0.0665010548114934,7
853,densenet121,550,0.0267032533330688,3
854,resnet18,350,0.5048206439889544,5
855,resnet18,350,0.5934360820487711,1
856,efficientnetb0,350,0.094356304646394,8
857,vgg19,350,0.0047515404264518,2
858,vgg16,550,0.0,2
859,efficientnetb0,550,0.0,1
860,densenet121,939,0.133680659859905,4
861,densenet161,350,0.472733213293796,5
862,densenet161,750,0.0912366792400731,4
863,vgg16,550,0.4337023661646058,6
864,efficientnetb1,350,1.0,3
865,densenet161,350,0.0,1
866,vgg19,750,0.0,1
867,vgg19,350,0.4995659680915179,8
868,vgg16,750,0.0835468528760409,3
869,densenet121,550,1.0,6
870,densenet121,350,0.0,1
871,vgg16,939,0.0548212617333455,3
872,densenet161,550,0.0,1
873,resnet50,350,0.8169515861153699,7
874,resnet50,750,0.098265786808133,1
875,resnet50,550,0.0097267662088094,1
876,vgg16,350,0.0,1
877,vgg19,750,0.0863442753339673,3
878,vgg16,939,0.0060710231598882,1
879,densenet161,939,0.0,2
880,densenet161,550,0.0210735879951949,3
881,resnet50,550,0.2772450699669692,3
882,densenet161,939,0.0,2
883,densenet161,750,0.0193762853485244,2
884,vgg19,750,0.0,1
885,vgg19,750,0.0,1
886,densenet121,350,0.0,1
887,resnet50,939,0.0,1
888,resnet18,750,1.0,2
889,resnet18,750,0.0,8
890,vgg16,550,0.0768889395683232,3
891,vgg16,750,0.5870702344568659,8
892,densenet121,550,1.0,6
893,vgg16,750,0.4544437830679675,5
894,resnet18,550,0.6805816088044464,4
895,efficientnetb1,750,0.0,1
896,resnet50,350,0.4097205423764233,4
897,resnet50,750,0.8540914514899219,6
898,efficientnetb0,939,0.0,1
899,resnet50,939,0.3012988939538109,3
900,vgg16,550,0.0199271539720846,1
901,efficientnetb1,939,0.0,1
902,resnet50,550,0.0097267662088094,1
903,efficientnetb0,750,0.221102352041803,2
904,efficientnetb0,350,0.2601845258832877,2
905,efficientnetb1,750,0.258386396623143,2
906,densenet161,550,0.1068700282907242,4
907,resnet18,350,0.5934360820487711,1
908,vgg16,350,0.0238402416290037,2
909,densenet161,350,0.0195835026890192,2
910,resnet18,550,0.5341577662577371,1
911,efficientnetb0,350,0.7221681243288518,4
912,densenet161,750,0.0193762853485244,2
913,densenet121,350,0.0,1
914,efficientnetb1,350,0.2325508521386866,7
915,vgg19,939,0.0183675354070255,1
916,efficientnetb0,350,0.2601845258832877,2
917,resnet18,750,0.6570784835049883,4
918,vgg19,750,0.5392519021115965,9
919,vgg19,550,0.0,2
920,vgg19,939,0.4910509157637427,8
921,resnet18,550,0.46598992776295,5
922,efficientnetb0,939,0.0,1
923,resnet18,939,0.666846850715217,4
924,vgg19,550,0.7144872600964158,10
925,densenet121,750,0.6549577219091517,5
926,densenet121,939,0.3516434776147618,8
927,vgg16,350,0.1139662905811487,4
928,densenet121,350,0.0321065308334073,2
929,vgg19,550,0.0,2
930,vgg19,350,0.0047515404264518,2
931,densenet121,350,0.0321065308334073,2
932,resnet50,939,0.8017819857800019,7
933,vgg16,350,0.451298059329941,6
934,efficientnetb1,939,0.4873612700075253,5
935,efficientnetb1,939,0.7039994792384792,4
936,efficientnetb0,350,1.0,3
937,densenet161,750,0.9225205659416632,8
938,resnet18,350,0.5934360820487711,1
939,densenet161,350,0.0,1
940,efficientnetb1,750,0.0,1
941,vgg16,939,0.4173293874259716,5
942,resnet18,939,0.9772814215247084,3
943,efficientnetb0,750,0.6483214388113725,4
944,resnet18,750,0.5563161859691826,1
945,densenet161,350,0.0,1
946,efficientnetb0,350,0.4626689598236604,5
947,densenet161,350,0.0,1
948,vgg19,350,0.3670248005033085,6
949,vgg16,550,0.0768889395683232,3
950,vgg19,939,0.0183675354070255,1
951,densenet161,939,0.0601439006764898,1
952,densenet121,750,0.0,1
953,resnet50,550,1.0,6
954,resnet18,750,1.0,2
955,vgg19,939,0.0183675354070255,1
956,vgg19,350,0.0,1
957,densenet161,939,0.0,2
958,densenet121,350,0.0321065308334073,2
959,densenet121,939,1.0,6
960,efficientnetb1,350,0.7181138626700144,4
961,efficientnetb0,550,0.0,1
962,vgg16,939,0.8568556422949929,11
963,efficientnetb1,350,0.0,1
964,densenet161,750,0.0,1
965,densenet161,350,0.0195835026890192,2
966,vgg19,350,0.3670248005033085,6
967,densenet161,939,0.2831929044634787,5
968,resnet18,350,0.5048206439889544,5
969,vgg19,750,0.0,1
970,resnet18,750,1.0,2
971,efficientnetb0,939,0.5462134982716761,5
972,efficientnetb1,750,0.5409660759543289,5
973,densenet161,939,0.2994714122049385,4
974,densenet121,350,0.0,1
975,vgg16,550,0.0768889395683232,3
976,efficientnetb1,750,0.0,1
977,resnet50,550,0.1340152397076321,14
978,densenet121,750,0.5014039257956258,7
979,vgg16,939,0.0548212617333455,3
980,vgg16,939,0.0,2
981,efficientnetb0,939,0.6801221238861833,4
982,densenet121,939,0.0166311998595305,3
983,vgg19,939,0.3786480345124817,5
984,vgg19,350,0.0,1
985,efficientnetb0,550,0.0,1
986,efficientnetb1,550,1.0,3
987,resnet50,350,0.2365622217411404,3
988,vgg16,939,0.0,2
989,vgg19,550,0.0192737323606945,1
990,resnet18,939,0.9772814215247084,3
991,resnet50,939,0.1412757250508847,2
992,efficientnetb1,750,1.0,3
993,densenet161,550,1.0,7
994,vgg19,350,0.3463718988145903,7
995,vgg16,350,0.751180927944886,17
996,densenet161,939,0.2611850784190904,12
997,vgg16,550,0.0983706975456484,4
998,densenet121,350,0.0321065308334073,2
999,densenet161,550,0.8307012363387156,6
1000,efficientnetb0,550,0.7484594574197447,4
1001,densenet121,750,1.0,6
1002,densenet161,350,0.0195835026890192,2
1003,densenet121,939,0.3516434776147618,8
1004,densenet161,350,0.1012991674218925,4
1005,vgg19,350,0.0,1
1006,vgg19,750,0.0061276421520036,2
1007,resnet50,750,0.9081489241651808,4
1008,densenet121,550,0.0266970250369456,2
1009,densenet161,939,0.0601439006764898,1
1010,resnet18,550,0.5341577662577371,1
1011,vgg16,939,0.0060710231598882,1
1012,efficientnetb1,939,0.7039994792384792,4
1013,densenet121,750,0.0279532973407523,2
1014,efficientnetb1,350,0.5010852886204035,5
1015,efficientnetb1,550,0.0,1
1016,vgg16,350,0.4955592672941035,5
1017,densenet161,350,0.9422217589427628,7
1018,resnet18,550,1.0,2
1019,resnet50,939,0.0,1
1020,efficientnetb1,939,0.023223098071313,8
1021,vgg19,939,0.0,2
1022,densenet121,939,0.0166311998595305,3
1023,densenet121,750,0.0,1
1024,densenet161,939,0.2994714122049385,4
1025,densenet161,939,1.0,6
1026,resnet18,939,0.666846850715217,4
1027,efficientnetb0,550,0.0,1
1028,densenet161,350,0.0606109279047736,12
1029,efficientnetb1,550,1.0,3
1030,vgg16,750,0.0058887013115276,1
1031,efficientnetb1,750,0.258386396623143,2
1032,densenet161,750,0.0,1
1033,resnet18,939,0.2713411337912176,6
1034,densenet121,939,0.390359012366206,7
1035,densenet161,939,0.0601439006764898,1
1036,densenet161,939,0.0018556587877228,3
1037,resnet18,750,0.5563161859691826,1
1038,resnet50,939,0.8248723661787692,5
1039,efficientnetb0,550,0.5319033905566624,5
1040,densenet121,350,0.0321065308334073,2
1041,densenet121,550,1.0,6
1042,vgg16,350,0.0,1
1043,resnet18,350,0.9463184463728672,2
1044,resnet18,750,0.5563161859691826,1
1045,resnet18,750,0.5563161859691826,1
1046,densenet161,939,0.8028649279588222,7
1047,resnet50,939,0.0,1
1048,efficientnetb1,939,0.023223098071313,8
1049,resnet18,750,0.2819735347623552,6
1050,vgg19,939,0.053642035656265,3
1051,resnet18,750,1.0,2
1052,resnet50,350,0.0174859151390518,1
1053,resnet18,750,0.9425112246169725,3
1054,resnet18,750,0.1421843391804894,7
1055,densenet161,750,0.7754817419817108,6
1056,efficientnetb1,750,1.0,3
1057,vgg19,550,0.0,2
1058,vgg16,350,0.9208348165236296,10
1059,vgg19,939,0.1144285467096243,4
1060,vgg16,750,0.3927521762586766,6
1061,efficientnetb1,939,1.0,3
1062,efficientnetb1,550,0.6878389778024664,4
1063,efficientnetb0,939,0.0277656910590755,8
1064,vgg16,750,0.0835468528760409,3
1065,resnet18,350,0.6798528330010116,4
1066,efficientnetb0,350,0.0,1
1067,vgg19,939,0.0183675354070255,1
1068,vgg19,939,0.053642035656265,3
1069,vgg16,550,0.0768889395683232,3
1070,densenet121,939,0.0230700539672484,2
1071,densenet161,350,0.0195835026890192,2
1072,resnet50,550,0.0097267662088094,1
1073,efficientnetb0,550,0.0,1
1074,densenet161,550,0.8307012363387156,6
1075,densenet161,550,0.2084375640861151,9
1076,efficientnetb1,350,0.2323535341648464,2
1077,densenet161,750,0.7754817419817108,6
1078,efficientnetb0,939,0.0,1
1079,efficientnetb1,750,0.1568217242640732,7
1080,vgg19,939,0.3786480345124817,5
1081,resnet50,939,0.1412757250508847,2
1082,resnet50,350,0.0948151869136176,2
1083,efficientnetb1,350,0.1057479814087846,8
1084,resnet18,750,0.4551076759252049,5
1085,resnet18,550,0.46598992776295,5
1086,resnet18,550,0.2785187719074968,6
1087,densenet121,939,0.0,1
1088,vgg16,750,0.0240042451732625,4
1089,efficientnetb0,750,1.0,3
1090,efficientnetb0,750,0.6483214388113725,4
1091,resnet50,550,0.4775732514001548,9
1092,efficientnetb1,939,0.023223098071313,8
1093,vgg16,750,0.0058887013115276,1
1094,efficientnetb0,939,0.6801221238861833,4
1095,resnet18,750,1.0,2
1096,resnet50,550,0.4775732514001548,9
1097,vgg16,939,0.5519575390300896,9
1098,vgg19,350,0.3670248005033085,6
1099,efficientnetb0,939,0.245393377540531,2
1100,densenet121,939,0.0,1
1101,resnet50,750,0.3344894405367239,2
1102,vgg16,350,0.6117716042882734,8
1103,vgg19,550,0.1112152559945396,3
1104,efficientnetb0,350,1.0,3
1105,densenet121,750,0.0,1
1106,resnet18,750,0.4551076759252049,5
1107,resnet18,939,0.9772814215247084,3
1108,vgg19,550,0.4939105417814899,8
1109,densenet161,750,0.0,1
1110,vgg16,350,0.0,1
1111,vgg16,350,0.0713714441743471,3
1112,resnet18,550,0.9649971314956884,3
1113,resnet18,750,0.0,8
1114,efficientnetb1,550,1.0,3
1115,densenet161,550,0.0,1
1116,densenet121,750,0.0,1
1117,resnet18,350,0.9463184463728672,2
1118,efficientnetb0,350,0.4626689598236604,5
1119,vgg16,550,0.0,2
1120,resnet50,550,0.8501913432605966,5
1121,efficientnetb1,939,0.7039994792384792,4
1122,densenet161,350,0.472733213293796,5
1123,densenet161,350,0.0195835026890192,2
1124,densenet121,750,0.5014039257956258,7
1125,vgg16,350,0.1139662905811487,4
1126,efficientnetb1,750,0.3094983907889674,6
1127,densenet121,550,1.0,6
1128,resnet50,550,0.8215124558966982,7
1129,vgg16,750,0.4544437830679675,5
1130,resnet18,750,0.6570784835049883,4
1131,densenet121,939,0.3516434776147618,8
1132,vgg19,350,0.0047515404264518,2
1133,resnet50,350,0.2126428534133265,13
1134,resnet50,350,0.0174859151390518,1
1135,densenet121,350,0.083035958882802,12
1136,vgg16,750,0.4544437830679675,5
1137,vgg19,939,0.0183675354070255,1
1138,vgg16,750,0.0,2
1139,resnet50,939,0.8017819857800019,7
1140,efficientnetb1,350,0.7181138626700144,4
1141,efficientnetb0,350,0.0,1
1142,densenet121,350,0.0,1
1143,resnet18,350,0.9463184463728672,2
1144,resnet50,750,0.5242927837491854,3
1145,efficientnetb1,550,1.0,3
1146,vgg19,550,0.0,2
1147,densenet121,350,0.1341157974542594,4
1148,densenet121,550,0.0731558842200006,12
1149,vgg19,550,0.1248786103205342,4
1150,densenet121,350,0.529578650458239,8
1151,efficientnetb1,750,0.1568217242640732,7
1152,densenet161,939,0.3296837125189169,9
1153,vgg16,550,0.0,2
1154,vgg16,939,0.0060710231598882,1
1155,vgg16,350,0.0,1
1156,resnet50,939,0.1412757250508847,2
1157,densenet161,750,0.0,1
1158,efficientnetb0,550,0.5319033905566624,5
1159,vgg19,750,0.0,1
1160,efficientnetb0,550,1.0,3
1161,vgg19,939,0.3786480345124817,5
1162,efficientnetb0,750,1.0,3
1163,resnet50,350,0.0174859151390518,1
1164,efficientnetb1,939,1.0,3
1165,densenet161,939,0.2994714122049385,4
1166,densenet161,350,0.0213386295855335,3
1167,efficientnetb0,550,0.5319033905566624,5
1168,densenet161,939,0.0,2
1169,vgg16,939,0.0060710231598882,1
1170,densenet161,350,0.0195835026890192,2
1171,densenet121,939,0.4858756243316292,5
1172,vgg19,350,0.0047515404264518,2
1173,efficientnetb1,750,0.7228690296773087,4
1174,densenet121,550,0.0,1
1175,densenet121,350,0.0523859604428457,3
1176,vgg16,750,0.3719773828090447,7
1177,densenet161,750,0.5067219862360387,5
1178,densenet161,750,0.7754817419817108,6
1179,efficientnetb0,550,0.0,1
1180,densenet161,550,0.8307012363387156,6
1181,vgg19,750,0.5392519021115965,9
1182,resnet18,939,0.0,8
1183,resnet18,939,0.4650005330060861,5
1184,resnet18,939,0.5358361217945573,1
1185,densenet161,350,0.7705044620574577,6
1186,efficientnetb1,550,0.6878389778024664,4
1187,vgg16,750,0.4544437830679675,5
1188,densenet161,350,0.0606109279047736,12
1189,resnet18,939,0.2713411337912176,6
1190,vgg19,750,0.482051380981956,8
1191,vgg16,750,0.0835468528760409,3
1192,vgg19,350,0.9722792391750928,13
1193,resnet50,550,0.2772450699669692,3
1194,vgg16,550,0.941205716630206,14
1195,densenet121,750,0.0,1
1196,resnet18,350,0.0,8
1197,efficientnetb1,350,0.7181138626700144,4
1198,efficientnetb0,939,0.245393377540531,2
1199,vgg16,550,0.0768889395683232,3
1200,efficientnetb0,550,0.7484594574197447,4
1201,densenet161,350,0.472733213293796,5
1202,efficientnetb0,750,1.0,3
1203,vgg19,750,0.1063831635744575,4
1204,resnet50,939,0.3012988939538109,3
1205,resnet50,350,0.0948151869136176,2
1206,resnet18,550,0.6805816088044464,4
1207,densenet161,550,0.0323579521725776,2
1208,densenet161,550,0.084152532251803,12
1209,vgg19,750,0.0,1
1210,vgg16,939,0.4187967673445678,7
1211,resnet50,750,0.692684175445151,7
1212,densenet161,350,0.0195835026890192,2
1213,vgg16,550,0.0983706975456484,4
1214,efficientnetb0,750,0.0,1
1215,efficientnetb1,750,0.0,1
1216,resnet50,939,0.8248723661787692,5
1217,vgg19,939,0.053642035656265,3
1218,densenet121,750,0.5014039257956258,7
1219,vgg19,550,0.0,2
1220,vgg19,939,0.3698836387150448,7
1221,efficientnetb1,939,1.0,3
1222,resnet18,350,0.292613278460834,6
1223,efficientnetb1,750,0.5409660759543289,5
1224,vgg16,350,0.0238402416290037,2
1225,resnet18,750,0.4551076759252049,5
1226,efficientnetb0,939,0.5462134982716761,5
1227,efficientnetb1,750,1.0,3
1228,efficientnetb1,350,0.0,1
1229,resnet18,750,0.4551076759252049,5
1230,resnet18,750,0.9425112246169725,3
1231,vgg16,350,0.4552780768214839,7
1232,resnet18,550,0.5341577662577371,1
1233,resnet50,750,0.098265786808133,1
1234,vgg19,350,0.3463718988145903,7
1235,densenet121,550,0.6262433485833546,5
1236,densenet121,750,0.0983602208090902,4
1237,vgg16,550,0.0,2
1238,vgg16,750,0.0240042451732625,4
1239,densenet161,750,0.0355493113357071,3
1240,densenet121,550,0.6262433485833546,5
1241,densenet121,350,0.0,1
1242,resnet18,350,0.6798528330010116,4
1243,efficientnetb0,939,0.5462134982716761,5
1244,vgg16,350,0.6117716042882734,8
1245,vgg19,550,0.0192737323606945,1
1246,densenet161,750,0.5067219862360387,5
1247,resnet50,939,0.3012988939538109,3
1248,densenet121,350,0.6263678162488967,5
1249,resnet50,550,0.106889737057666,2
1250,resnet18,750,0.6570784835049883,4
1251,efficientnetb0,750,0.4450311925360435,5
1252,efficientnetb1,350,0.5010852886204035,5
1253,efficientnetb0,939,0.5462134982716761,5
1254,vgg19,350,0.0,1
1255,vgg16,550,1.0,12
1256,densenet121,550,1.0,6
1257,efficientnetb0,550,0.0,1
1258,efficientnetb1,550,0.5223117533457641,5
1259,vgg16,550,0.0,2
1260,efficientnetb0,750,0.4450311925360435,5
1261,vgg19,939,0.0183675354070255,1
1262,vgg16,350,0.6117716042882734,8
1263,vgg19,750,0.7549293405793684,12
1264,efficientnetb1,750,0.5409660759543289,5
1265,vgg16,939,0.986973209346794,14
1266,densenet161,750,1.0,7
1267,resnet18,750,0.2819735347623552,6
1268,efficientnetb0,350,0.7221681243288518,4
1269,densenet121,750,0.0983602208090902,4
1270,densenet161,939,0.2611850784190904,12
1271,resnet50,350,0.0174859151390518,1
1272,efficientnetb1,350,0.7181138626700144,4
1273,densenet121,350,0.5134540759121593,7
1274,vgg16,550,0.4909442737237837,5
1275,vgg16,939,0.4173293874259716,5
1276,resnet50,550,0.4611472962789475,4
1277,resnet18,750,0.9425112246169725,3
1278,efficientnetb0,550,0.7484594574197447,4
1279,efficientnetb1,750,0.258386396623143,2
1280,vgg19,350,0.4051376815444835,5
1281,densenet161,550,0.1068700282907242,4
1282,resnet18,550,0.9649971314956884,3
1283,resnet18,550,1.0,2
1284,vgg19,350,0.4995659680915179,8
1285,densenet161,939,0.0601439006764898,1
1286,vgg16,350,0.0238402416290037,2
1287,resnet18,350,0.5934360820487711,1
1288,densenet121,350,1.0,6
1289,resnet18,939,0.5358361217945573,1
1290,resnet18,939,1.0,2
1291,efficientnetb0,550,0.7484594574197447,4
1292,vgg16,550,0.941205716630206,14
1293,vgg19,350,0.4051376815444835,5
1294,resnet18,550,0.5341577662577371,1
1295,efficientnetb1,550,0.6878389778024664,4
1296,efficientnetb1,939,0.2680647929070547,6
1297,densenet161,350,0.0,1
1298,efficientnetb0,350,1.0,3
1299,vgg19,939,0.7537426666757167,12
1300,resnet50,350,0.8169515861153699,7
1301,densenet121,750,0.0983602208090902,4
1302,resnet50,350,0.2365622217411404,3
1303,efficientnetb0,750,0.6483214388113725,4
1304,vgg16,939,0.0060710231598882,1
1305,resnet50,350,0.2365622217411404,3
1306,vgg19,550,0.3608150480635607,7
1307,resnet50,750,0.098265786808133,1
1308,densenet161,350,0.0195835026890192,2
1309,efficientnetb0,750,0.221102352041803,2
1310,vgg19,939,0.1144285467096243,4
1311,resnet18,939,0.9772814215247084,3
1312,resnet18,939,1.0,2
1313,densenet161,550,0.0,1
1314,vgg16,750,0.0058887013115276,1
1315,vgg16,350,0.4552780768214839,7
1316,vgg19,939,0.1144285467096243,4
1317,vgg19,939,0.4910509157637427,8
1318,efficientnetb0,750,0.0025215886423978,8
1319,vgg19,350,0.3670248005033085,6
1320,resnet18,550,0.5341577662577371,1
1321,vgg19,750,0.0061276421520036,2
1322,resnet50,350,0.2126428534133265,13
1323,resnet50,350,0.0948151869136176,2
1324,efficientnetb0,750,1.0,3
1325,efficientnetb0,350,0.7221681243288518,4
1326,vgg16,350,0.1139662905811487,4
1327,vgg19,550,0.0192737323606945,1
1328,efficientnetb1,939,0.7039994792384792,4
1329,densenet161,550,0.0210735879951949,3
1330,densenet161,939,0.2831929044634787,5
1331,resnet18,350,0.292613278460834,6
1332,resnet50,550,0.8501913432605966,5
1333,efficientnetb0,939,0.0277656910590755,8
1334,vgg19,350,0.0,1
1335,vgg19,939,0.0183675354070255,1
1336,resnet18,750,1.0,2
1337,densenet121,939,0.4858756243316292,5
1338,vgg19,750,0.1063831635744575,4
1339,densenet161,350,0.0606109279047736,11
1340,vgg16,750,0.0058887013115276,1
1341,vgg16,350,0.0713714441743471,3
1342,densenet121,550,1.0,6
1343,densenet161,750,0.0912366792400731,4
1344,vgg16,350,0.4955592672941035,5
1345,efficientnetb0,939,0.0277656910590755,8
1346,resnet18,350,0.6798528330010116,4
1347,efficientnetb1,750,0.7228690296773087,4
1348,resnet50,350,0.0948151869136176,2
1349,efficientnetb1,350,0.2323535341648464,2
1350,densenet161,350,1.0,8
1351,densenet161,750,0.5067219862360387,5
1352,densenet121,750,0.0357436179754728,3
1353,efficientnetb0,939,0.245393377540531,2
1354,densenet121,750,0.0950290048283749,10
1355,densenet121,750,0.4798884872288328,8
1356,vgg16,750,0.0058887013115276,1
1357,densenet161,550,0.0210735879951949,3
1358,vgg19,939,0.0,2
1359,efficientnetb1,350,0.5010852886204035,5
1360,efficientnetb0,750,0.4450311925360435,5
1361,vgg16,550,0.0199271539720846,1
1362,vgg19,750,0.0061276421520036,2
1363,vgg19,939,0.4910509157637427,8
1364,efficientnetb1,350,1.0,3
1365,efficientnetb1,750,0.7228690296773087,4
1366,efficientnetb1,550,0.315622132205788,6
1367,resnet18,550,1.0,2
1368,densenet121,750,1.0,6
1369,resnet50,750,0.098265786808133,1
1370,vgg19,550,0.0192737323606945,1
1371,efficientnetb1,350,0.3137835430767212,6
1372,vgg19,350,0.063159932094785,4
1373,resnet50,750,0.098265786808133,1
1374,vgg16,750,1.0,14
1375,vgg16,750,0.0058887013115276,1
1376,densenet121,550,0.5185925451749753,8
1377,resnet18,350,1.0,3
1378,densenet121,550,0.6262433485833546,5
1379,vgg19,550,0.1248786103205342,4
1380,resnet18,750,0.5563161859691826,1
1381,resnet50,750,0.8540914514899219,6
1382,resnet50,550,0.106889737057666,2
1383,resnet50,550,0.3122123747244922,11
1384,vgg16,750,0.4838006072854688,20
1385,resnet18,939,0.666846850715217,4
1386,vgg19,350,0.0047515404264518,2
1387,densenet161,750,0.0193762853485244,2
1388,resnet50,939,1.0,6
1389,vgg19,350,0.0047515404264518,2
1390,densenet161,750,0.140363807198106,10
1391,vgg16,750,0.0240042451732625,4
1392,resnet18,750,0.5563161859691826,1
1393,efficientnetb1,350,0.7181138626700144,4
1394,resnet18,350,0.6798528330010116,4
1395,densenet161,550,0.1068700282907242,4
1396,resnet50,350,0.6807257591827157,8
1397,densenet121,939,0.4858756243316292,5
1398,vgg16,350,0.0,1
1399,efficientnetb1,750,1.0,3
1400,efficientnetb0,550,0.0,1
1401,densenet161,550,0.0323579521725776,2
1402,resnet50,939,0.0,1
1403,efficientnetb0,550,0.290069122860228,2
1404,densenet121,350,0.5134540759121593,7
1405,resnet50,350,0.4097205423764233,4
1406,densenet161,350,1.0,8
1407,densenet161,939,0.2994714122049385,4
1408,densenet121,350,0.5134540759121593,7
1409,vgg19,939,0.3144631067328258,6
1410,vgg16,550,0.0983706975456484,4
1411,resnet18,350,0.9463184463728672,2
1412,densenet161,350,0.2110700120789124,9
1413,vgg16,939,0.0548212617333455,3
1414,densenet161,939,0.3296837125189169,9
1415,resnet50,350,0.0948151869136176,2
1416,resnet50,550,0.8215124558966982,7
1417,vgg16,550,0.4214217351871893,20
1418,efficientnetb1,750,0.258386396623143,2
1419,densenet121,550,0.0266970250369456,2
1420,vgg19,939,0.0183675354070255,1
1421,vgg16,750,0.5870702344568659,8
1422,vgg19,350,0.1104026426586838,3
1423,vgg16,350,0.0,1
1424,vgg19,750,0.0061276421520036,2
1425,densenet121,750,0.0,1
1426,densenet121,939,1.0,6
1427,densenet121,939,0.0230700539672484,2
1428,densenet161,750,0.0355493113357071,3
1429,vgg16,350,0.9150494503700808,13
1430,vgg16,750,0.5870702344568659,8
1431,densenet121,939,0.0936504679137054,10
1432,vgg19,939,0.0,2
1433,densenet121,750,0.0,1
1434,efficientnetb0,750,0.4450311925360435,5
1435,densenet121,550,1.0,6
1436,densenet161,939,0.3296837125189169,9
1437,resnet18,350,0.6798528330010116,4
1438,vgg16,350,1.0,12
1439,vgg19,750,0.1063831635744575,4
1440,densenet121,939,0.4858756243316292,5
1441,densenet121,750,0.5014039257956258,7
1442,densenet121,939,0.0,1
1443,densenet161,750,0.0,1
1444,densenet121,350,0.0,1
1445,vgg19,939,0.6505261318746068,20
1446,densenet121,350,0.0523859604428457,3
1447,vgg19,939,0.4910509157637427,8
1448,vgg16,939,0.7455450313368192,10
1449,densenet161,550,0.0210735879951949,3
1450,densenet161,939,0.0018556587877228,3
1451,efficientnetb1,939,0.0,1
1452,efficientnetb1,350,0.0,1
1453,densenet121,550,1.0,6
1454,resnet50,550,0.2451978873368881,12
1455,vgg16,750,0.3719773828090447,7
1456,resnet50,550,0.8501913432605966,5
1457,vgg16,550,0.0,2
1458,densenet161,550,0.5735576563250782,5
1459,efficientnetb0,750,0.2823668742486632,6
1460,efficientnetb1,939,0.0,1
1461,efficientnetb0,350,0.2601845258832877,2
1462,resnet18,939,0.5358361217945573,1
1463,vgg16,750,0.4544437830679675,5
1464,densenet161,750,0.9225205659416632,8
1465,efficientnetb0,550,0.0977278646092725,7
1466,efficientnetb0,550,0.7484594574197447,4
1467,densenet121,939,1.0,6
1468,densenet121,939,0.4858756243316292,5
1469,efficientnetb0,750,0.0665010548114934,7
1470,densenet161,939,1.0,6
1471,densenet121,939,0.1007807070881022,9
1472,densenet161,550,0.0323579521725776,2
1473,vgg19,550,0.7603022178684953,17
1474,densenet121,939,0.0230700539672484,2
1475,densenet121,939,1.0,6
1476,efficientnetb1,550,0.1264304258348263,7
1477,densenet161,350,0.9422217589427628,7
1478,efficientnetb1,350,0.2323535341648464,2
1479,vgg16,939,0.0,2
1480,efficientnetb0,750,1.0,3
1481,densenet121,939,0.390359012366206,7
1482,resnet18,750,0.4551076759252049,5
1483,resnet18,939,0.4650005330060861,5
1484,efficientnetb1,550,0.5223117533457641,5
1485,vgg16,350,0.6122688308267832,9
1486,vgg19,750,0.3954673323042385,5
1487,resnet50,750,0.5189759550817877,8
1488,densenet161,939,0.0,2
1489,resnet50,750,0.3344894405367239,2
1490,vgg19,750,0.6673220941960659,10
1491,vgg19,350,0.4842986650150916,9
1492,resnet18,939,0.9772814215247084,3
1493,resnet18,939,0.9772814215247084,3
1494,efficientnetb1,350,0.7181138626700144,4
1495,resnet50,350,0.5125994165201655,9
1496,resnet18,750,0.6570784835049883,4
1497,resnet18,350,0.6798528330010116,4
1498,vgg19,939,0.3144631067328258,6
1499,efficientnetb0,550,0.5319033905566624,5
1500,densenet161,550,0.8307012363387156,6
1501,densenet121,550,0.5224277109043235,7
1502,efficientnetb1,550,1.0,3
1503,densenet161,550,0.0,1
1504,vgg19,939,0.3144631067328258,6
1505,vgg16,550,0.4258663118883697,21
1506,resnet18,939,0.4650005330060861,5
1507,densenet161,550,0.0,1
1508,vgg19,350,0.0,1
1509,vgg19,550,0.3992057636441661,5
1510,efficientnetb1,750,0.7228690296773087,4
1511,vgg19,550,0.4939105417814899,8
1512,vgg16,350,0.1139662905811487,4
1513,densenet121,550,1.0,6
1514,resnet50,750,1.0,5
1515,vgg16,350,0.6117716042882734,8
1516,vgg16,550,0.941205716630206,14
1517,resnet50,939,0.3012988939538109,3
1518,vgg19,350,0.0,1
1519,efficientnetb1,550,0.315622132205788,6
1520,resnet18,350,0.9463184463728672,2
1521,vgg16,750,0.4544437830679675,5
1522,densenet121,550,0.1132152876154946,4
1523,densenet121,550,0.1410295003434332,9
1524,vgg16,350,0.451298059329941,6
1525,vgg19,550,0.4939105417814899,8
1526,densenet161,939,0.0,2
1527,vgg16,939,0.4344798424333491,20
1528,efficientnetb0,750,0.0,1
1529,vgg19,750,0.0863442753339673,3
1530,resnet18,939,0.4650005330060861,5
1531,resnet18,550,0.0,8
1532,resnet50,350,0.4185699515342624,10
1533,vgg16,750,0.3719773828090447,7
1534,efficientnetb0,939,0.0,1
1535,efficientnetb1,750,0.7228690296773087,4
1536,resnet18,939,0.9772814215247084,3
1537,vgg16,750,0.7792226912655664,15
1538,resnet18,550,0.6805816088044464,4
1539,densenet121,939,1.0,6
1540,vgg16,550,0.6336692532833877,9
1541,efficientnetb1,750,0.0,1
1542,resnet18,939,0.666846850715217,4
1543,efficientnetb0,350,0.094356304646394,8
1544,densenet121,750,0.0983602208090902,4
1545,densenet161,939,0.8028649279588222,7
1546,densenet121,750,1.0,6
1547,resnet18,350,0.6798528330010116,4
1548,resnet18,939,0.666846850715217,4
1549,efficientnetb0,550,0.0,1
1550,vgg19,350,0.0,1
1551,densenet161,750,0.0912366792400731,4
1552,resnet18,350,0.6798528330010116,4
1553,efficientnetb0,750,0.6483214388113725,4
1554,vgg19,750,0.0863442753339673,3
1555,efficientnetb1,939,1.0,3
1556,resnet18,750,0.6570784835049883,4
1557,resnet50,550,0.2772450699669692,3
1558,densenet161,750,0.7754817419817108,6
1559,resnet50,750,0.3344894405367239,2
1560,efficientnetb1,350,0.5010852886204035,5
1561,vgg16,939,0.0548212617333455,3
1562,vgg16,550,1.0,12
1563,efficientnetb1,750,0.0,1
1564,densenet161,550,0.0323579521725776,2
1565,resnet18,939,0.666846850715217,4
1566,resnet50,750,0.692684175445151,7
1567,resnet50,550,0.3122123747244922,11
1568,efficientnetb0,350,0.4626689598236604,5
1569,resnet18,750,0.4551076759252049,5
1570,resnet50,350,0.0948151869136176,2
1571,resnet18,550,0.5341577662577371,1
1572,densenet161,750,0.140363807198106,10
1573,densenet161,350,0.7705044620574577,6
1574,resnet50,550,0.645703014729161,8
1575,resnet18,350,1.0,3
1576,efficientnetb1,350,1.0,3
1577,densenet121,939,0.390359012366206,7
1578,resnet18,350,0.6798528330010116,4
1579,resnet50,550,0.8501913432605966,5
1580,resnet50,939,0.3016164674088932,11
1581,resnet18,550,0.9649971314956884,3
1582,densenet121,350,0.0,1
1583,vgg16,550,0.0199271539720846,1
1584,resnet18,939,0.666846850715217,4
1585,densenet121,939,0.4858756243316292,5
1586,densenet121,350,0.529578650458239,8
1587,vgg16,350,0.4955592672941035,5
1588,efficientnetb0,550,0.7484594574197447,4
1589,vgg16,550,0.0,2
1590,efficientnetb1,939,0.7039994792384792,4
1591,vgg19,939,0.6821322371858641,10
1592,densenet121,750,0.4798884872288328,8
1593,resnet50,350,0.5125994165201655,9
1594,efficientnetb1,939,1.0,3
1595,densenet161,350,0.0606109279047736,11
1596,vgg19,939,0.7537426666757167,12
1597,resnet18,350,0.6798528330010116,4
1598,vgg16,939,0.4173293874259716,5
1599,efficientnetb0,750,0.221102352041803,2
1600,resnet50,550,0.2451978873368881,12
1601,vgg16,550,0.0,2
1602,efficientnetb1,750,0.7228690296773087,4
1603,vgg16,750,0.6510588618105234,19
1604,efficientnetb1,350,0.7181138626700144,4
1605,densenet121,350,0.083035958882802,12
1606,efficientnetb0,550,0.7484594574197447,4
1607,efficientnetb1,939,0.2284047954549483,2
1608,efficientnetb1,939,0.4873612700075253,5
1609,efficientnetb0,750,0.2823668742486632,6
1610,densenet121,550,0.5224277109043235,7
1611,vgg16,550,0.4909442737237837,5
1612,densenet161,350,0.0213386295855335,3
1613,efficientnetb1,939,1.0,3
1614,resnet50,350,0.0174859151390518,1
1615,efficientnetb1,550,1.0,3
1616,resnet18,939,0.9772814215247084,3
1617,vgg16,939,0.7455450313368192,10
1618,vgg16,939,0.6119189798079298,18
1619,resnet50,550,0.4775732514001548,9
1620,densenet161,350,0.0606109279047736,12
1621,vgg19,939,0.783629319224574,17
1622,resnet50,750,0.3344894405367239,2
1623,densenet121,750,1.0,6
1624,vgg19,350,0.7439023030951907,11
1625,efficientnetb0,750,1.0,3
1626,vgg19,550,0.7144872600964158,10
1627,efficientnetb0,939,0.0277656910590755,8
1628,efficientnetb1,939,0.7039994792384792,4
1629,efficientnetb1,750,0.5409660759543289,5
1630,resnet50,750,1.0,5
1631,densenet161,939,1.0,6
1632,densenet161,750,0.7754817419817108,6
1633,densenet161,750,0.0193762853485244,2
1634,efficientnetb0,939,1.0,3
1635,resnet50,350,0.0,16
1636,resnet50,550,0.4611472962789475,4
1637,resnet18,939,0.9772814215247084,3
1638,densenet121,939,0.0,1
1639,resnet50,550,0.4775732514001548,9
1640,vgg19,550,0.7144872600964158,10
1641,resnet50,550,0.8501913432605966,5
1642,densenet121,550,0.0266970250369456,2
1643,resnet50,750,0.3024732800391974,11
1644,vgg19,550,0.6532435397082842,20
1645,vgg16,350,0.1139662905811487,4
1646,densenet161,939,0.0601439006764898,1
1647,densenet121,939,0.4858756243316292,5
1648,resnet18,550,0.6805816088044464,4
1649,vgg19,939,0.0183675354070255,1
1650,resnet18,350,0.9463184463728672,2
1651,vgg16,750,1.0,14
1652,efficientnetb0,350,1.0,3
1653,vgg19,550,0.7587179131016882,12
1654,resnet18,750,0.9425112246169725,3
1655,efficientnetb0,750,0.0,1
1656,resnet50,550,1.0,6
1657,resnet18,939,0.4650005330060861,5
1658,vgg19,750,0.3954673323042385,5
1659,vgg16,550,0.9599292331742392,11
1660,densenet121,750,0.0983602208090902,4
1661,efficientnetb1,350,0.3137835430767212,6
1662,resnet18,350,0.5048206439889544,5
1663,densenet161,350,0.7705044620574577,6
1664,efficientnetb1,550,0.6878389778024664,4
1665,resnet50,750,0.692684175445151,7
1666,vgg19,550,0.3992057636441661,5
1667,resnet18,550,0.46598992776295,5
1668,vgg19,939,0.053642035656265,3
1669,efficientnetb0,750,0.221102352041803,2
1670,efficientnetb0,350,0.7221681243288518,4
1671,vgg16,939,0.0548212617333455,3
1672,densenet161,350,0.7705044620574577,6
1673,resnet50,939,0.3743501150304915,10
1674,resnet18,939,1.0,2
1675,vgg19,750,0.0863442753339673,3
1676,vgg16,550,0.941205716630206,14
1677,efficientnetb0,550,0.7484594574197447,4
1678,resnet18,350,1.0,3
1679,efficientnetb0,350,0.3057373745716766,6
1680,resnet18,750,0.9425112246169725,3
1681,resnet50,350,0.8830285561177872,5
1682,vgg16,750,0.8760175184574507,11
1683,vgg16,750,0.7930687335281449,10
1684,efficientnetb1,550,0.1264304258348263,7
1685,vgg16,939,0.0060710231598882,1
1686,efficientnetb0,939,0.245393377540531,2
1687,vgg16,939,0.8548072768189431,12
1688,vgg19,350,0.9654136477619172,14
1689,resnet18,550,0.9649971314956884,3
1690,vgg19,550,0.7144872600964158,10
1691,efficientnetb0,550,0.7484594574197447,4
1692,efficientnetb1,750,0.7228690296773087,4
1693,densenet121,350,0.6263678162488967,5
1694,vgg19,750,0.5392519021115965,9
1695,efficientnetb1,750,0.3094983907889674,6
1696,densenet161,750,0.0193762853485244,2
1697,vgg19,750,0.0,1
1698,vgg16,939,0.746695083747165,16
1699,vgg19,939,0.0183675354070255,1
1700,vgg16,939,0.5519575390300896,9
1701,efficientnetb1,350,0.7181138626700144,4
1702,vgg19,750,0.1063831635744575,4
1703,vgg19,550,0.1248786103205342,4
1704,densenet121,350,0.5134540759121593,7
1705,densenet121,939,0.133680659859905,4
1706,resnet18,550,0.9649971314956884,3
1707,resnet18,350,1.0,3
1708,densenet121,750,0.5014039257956258,7
1709,vgg19,939,1.0,15
1710,resnet18,350,1.0,3
1711,vgg19,750,0.3776216428097246,7
1712,vgg16,750,0.3927521762586766,6
1713,densenet161,550,0.8307012363387156,6
1714,resnet50,939,0.1412757250508847,2
1715,vgg16,350,0.0238402416290037,2
1716,resnet50,939,0.3012988939538109,3
1717,resnet50,350,0.6807257591827157,8
1718,densenet161,350,0.1401135930463219,10
1719,resnet50,550,0.0097267662088094,1
1720,efficientnetb0,750,0.2823668742486632,6
1721,vgg19,350,0.3670248005033085,6
1722,vgg16,750,0.6199568106045172,9
1723,vgg16,550,0.4554756020263791,7
1724,resnet18,550,0.5341577662577371,1
1725,vgg19,750,0.6363916165984517,21
1726,vgg16,550,0.6395986703296175,8
1727,efficientnetb0,550,0.290069122860228,2
1728,resnet50,939,0.4611727687596107,9
1729,vgg19,550,0.9153142027929496,13
1730,vgg19,350,0.4842986650150916,9
1731,densenet161,939,0.2611850784190904,12
1732,vgg19,939,0.0,2
1733,vgg19,939,0.1144285467096243,4
1734,resnet18,750,0.9425112246169725,3
1735,efficientnetb0,939,0.0,1
1736,resnet50,550,0.645703014729161,8
1737,resnet50,750,0.3344894405367239,2
1738,vgg16,939,0.4173293874259716,5
1739,vgg19,550,0.1248786103205342,4
1740,efficientnetb1,550,0.5223117533457641,5
1741,densenet161,939,0.2994714122049385,4
1742,densenet161,750,0.7754817419817108,6
1743,efficientnetb1,750,1.0,3
1744,densenet121,550,0.6262433485833546,5
1745,vgg19,750,0.0,1
1746,resnet50,550,0.4611472962789475,4
1747,vgg19,939,0.7512707723562208,18
1748,efficientnetb0,750,0.6483214388113725,4
1749,efficientnetb0,750,0.4450311925360435,5
1750,resnet50,939,0.1412757250508847,2
1751,efficientnetb1,550,1.0,3
1752,resnet18,350,0.6798528330010116,4
1753,densenet121,939,1.0,6
1754,efficientnetb1,939,0.4873612700075253,5
1755,efficientnetb0,939,1.0,3
1756,vgg19,939,0.053642035656265,3
1757,vgg19,550,0.527063884872579,9
1758,efficientnetb0,550,0.0,1
1759,vgg19,350,0.1104026426586838,3
1760,densenet121,550,0.6262433485833546,5
1761,vgg19,750,0.5392519021115965,9
1762,resnet18,750,1.0,2
1763,resnet50,750,0.5189759550817877,8
1764,efficientnetb1,939,0.7039994792384792,4
1765,resnet50,350,0.2737525021671528,12
1766,efficientnetb1,939,1.0,3
1767,efficientnetb0,550,1.0,3
1768,efficientnetb1,550,0.6878389778024664,4
1769,resnet50,550,0.8215124558966982,7
1770,efficientnetb1,550,0.6878389778024664,4
1771,vgg16,939,0.7370975339620958,17
1772,densenet161,550,0.5735576563250782,5
1773,densenet161,350,0.1012991674218925,4
1774,vgg19,350,0.4842986650150916,9
1775,efficientnetb0,350,1.0,3
1776,resnet18,750,0.9425112246169725,3
1777,densenet161,750,0.140363807198106,10
1778,efficientnetb1,939,0.2680647929070547,6
1779,vgg16,750,0.7792226912655664,15
1780,densenet161,350,0.472733213293796,5
1781,resnet50,350,0.2737525021671528,12
1782,densenet121,750,0.0983602208090902,4
1783,efficientnetb0,550,0.7484594574197447,4
1784,vgg16,550,0.0,2
1785,efficientnetb1,939,0.2680647929070547,6
1786,densenet161,939,0.2994714122049385,4
1787,efficientnetb1,550,0.6878389778024664,4
1788,densenet161,750,0.9225205659416632,8
1789,vgg19,750,0.676490846767288,20
1790,efficientnetb1,550,1.0,3
1791,efficientnetb1,750,0.5409660759543289,5
1792,resnet18,750,1.0,2
1793,densenet161,350,0.1012991674218925,4
1794,efficientnetb0,750,0.221102352041803,2
1795,resnet50,350,0.5125994165201655,9
1796,densenet161,550,0.1068700282907242,4
1797,efficientnetb1,550,0.315622132205788,6
1798,vgg19,350,0.4051376815444835,5
1799,efficientnetb0,750,0.6483214388113725,4
1800,efficientnetb0,550,0.5319033905566624,5
1801,efficientnetb1,350,1.0,3
1802,vgg19,750,0.1063831635744575,4
1803,efficientnetb1,350,1.0,3
1804,resnet18,350,0.5048206439889544,5
1805,resnet18,939,0.9772814215247084,3
1806,efficientnetb1,350,0.0,1
1807,efficientnetb1,939,1.0,3
1808,vgg16,550,0.5906081697578759,18
1809,densenet121,350,0.0523859604428457,3
1810,vgg19,350,0.1104026426586838,3
1811,resnet50,750,0.3530361156189798,10
1812,resnet50,750,0.8540914514899219,6
1813,resnet18,550,0.9649971314956884,3
1814,resnet18,939,0.666846850715217,4
1815,densenet161,939,0.8028649279588222,7
1816,densenet121,550,0.6262433485833546,5
1817,densenet121,350,1.0,6
1818,resnet18,750,1.0,2
1819,densenet121,350,0.6263678162488967,5
1820,efficientnetb1,750,1.0,3
1821,resnet50,939,0.3012988939538109,3
1822,vgg19,350,0.4051376815444835,5
1823,efficientnetb1,750,1.0,3
1824,resnet50,350,0.4097205423764233,4
1825,resnet50,939,1.0,6
1826,efficientnetb0,750,1.0,3
1827,vgg19,939,0.9322438807363724,13
1828,efficientnetb0,750,1.0,3
1829,efficientnetb0,939,0.5462134982716761,5
1830,efficientnetb1,750,1.0,3
1831,resnet18,750,1.0,2
1832,resnet50,939,0.3012988939538109,3
1833,resnet18,350,0.6798528330010116,4
1834,resnet50,750,0.8540914514899219,6
1835,densenet121,350,1.0,6
1836,vgg19,350,0.1104026426586838,3
1837,resnet18,939,1.0,2
1838,efficientnetb0,550,0.0,1
1839,efficientnetb1,939,1.0,3
1840,vgg16,939,0.4031740758458291,6
1841,efficientnetb1,750,1.0,3
1842,densenet121,350,0.6263678162488967,5
1843,resnet50,939,0.8017819857800019,7
1844,efficientnetb0,750,1.0,3
1845,efficientnetb0,750,0.221102352041803,2
1846,vgg19,750,0.0,1
1847,resnet18,939,0.9772814215247084,3
1848,vgg19,750,0.5392519021115965,9
1849,resnet18,550,0.9649971314956884,3
1850,efficientnetb0,550,0.0,1
1851,vgg16,350,0.6856932128300365,16
1852,resnet18,750,0.6570784835049883,4
1853,resnet50,550,0.8215124558966982,7
1854,efficientnetb0,350,0.4626689598236604,5
1855,efficientnetb0,550,1.0,3
1856,densenet161,350,0.9422217589427628,7
1857,efficientnetb1,550,1.0,3
1858,resnet50,350,0.5125994165201655,9
1859,efficientnetb0,939,1.0,3
1860,efficientnetb0,550,1.0,3
1861,densenet161,939,0.2994714122049385,4
1862,resnet18,939,0.9772814215247084,3
1863,resnet50,939,0.1412757250508847,2
1864,densenet121,350,0.0,1
1865,vgg16,939,0.7455450313368192,10
1866,efficientnetb0,550,0.290069122860228,2
1867,vgg16,750,0.3719773828090447,7
1868,efficientnetb1,939,0.2680647929070547,6
1869,efficientnetb1,750,0.7228690296773087,4
1870,vgg16,350,0.9208348165236296,10
1871,resnet50,550,0.4611472962789475,4
1872,vgg16,350,0.6856932128300365,16
1873,vgg16,750,0.7930687335281449,10
1874,efficientnetb0,350,1.0,3
1875,densenet161,939,0.0018556587877228,3
1876,resnet50,350,0.4185699515342624,10
1877,efficientnetb0,550,1.0,3
1878,densenet121,350,1.0,6
1879,vgg19,939,0.958551617010162,14
1880,efficientnetb1,939,1.0,3
1881,resnet18,350,1.0,3
1882,resnet50,350,0.4185699515342624,10
1883,vgg19,750,0.0,1
1884,resnet18,550,0.9649971314956884,3
1885,densenet161,350,0.472733213293796,5
1886,resnet18,350,0.5934360820487711,1
1887,resnet18,550,0.6805816088044464,4
1888,resnet18,550,0.9649971314956884,3
1889,densenet121,750,0.6549577219091517,5
1890,densenet161,350,0.0606109279047736,12
1891,efficientnetb0,550,0.0,1
1892,efficientnetb1,550,1.0,3
1893,efficientnetb0,350,0.0,1
1894,vgg16,939,0.8548072768189431,12
1895,densenet121,750,0.6549577219091517,5
1896,vgg19,939,0.053642035656265,3
1897,densenet161,550,0.8307012363387156,6
1898,resnet18,550,1.0,2
1899,resnet18,550,1.0,2
1900,densenet161,550,0.0,1
1901,densenet121,750,0.0279532973407523,2
1902,vgg16,939,0.0,2
1903,vgg16,750,0.0835468528760409,3
1904,resnet18,750,0.9425112246169725,3
1905,vgg16,939,0.0381294915227273,4
1906,resnet50,939,0.1412757250508847,2
1907,resnet18,550,0.9649971314956884,3
1908,efficientnetb0,750,0.2823668742486632,6
1909,densenet121,350,0.6263678162488967,5
1910,densenet121,750,1.0,6
1911,densenet121,750,1.0,6
1912,vgg16,939,0.7455450313368192,10
1913,efficientnetb0,750,0.4450311925360435,5
1914,resnet18,750,0.9425112246169725,3
1915,efficientnetb0,750,0.0,1
1916,efficientnetb0,350,0.2601845258832877,2
1917,densenet121,550,0.6262433485833546,5
1918,resnet18,350,0.5934360820487711,1
1919,vgg19,939,0.6821322371858641,10
1920,densenet121,350,0.6263678162488967,5
1921,efficientnetb0,750,0.0,1
1922,resnet18,750,0.6570784835049883,4
1923,densenet121,350,0.6263678162488967,5
1924,densenet161,550,0.8307012363387156,6
1925,efficientnetb1,750,0.3094983907889674,6
1926,densenet161,939,1.0,6
1927,efficientnetb1,550,1.0,3
1928,densenet161,750,0.7754817419817108,6
1929,efficientnetb1,750,1.0,3
1930,efficientnetb1,750,1.0,3
1931,densenet121,550,0.0,1
1932,densenet121,939,1.0,6
1933,vgg16,939,0.986973209346794,14
1934,vgg19,550,0.7144872600964158,10
1935,efficientnetb1,550,0.1264304258348263,7
1936,vgg19,750,0.7555996769548718,17
1937,densenet161,350,0.7705044620574577,6
1938,vgg16,350,0.0238402416290037,2
1939,efficientnetb1,350,0.7181138626700144,4
1940,resnet18,350,0.9463184463728672,2
1941,densenet161,750,0.0912366792400731,4
1942,resnet18,350,0.9463184463728672,2
1943,densenet161,939,0.2994714122049385,4
1944,resnet50,939,0.6400205520491736,8
1945,efficientnetb0,750,0.221102352041803,2
1946,vgg19,350,0.0,1
1947,densenet121,939,0.4858756243316292,5
1948,efficientnetb0,350,0.7221681243288518,4
1949,vgg19,939,0.0183675354070255,1
1950,efficientnetb0,939,0.6801221238861833,4
1951,resnet50,350,0.8169515861153699,7
1952,efficientnetb1,939,0.7039994792384792,4
1953,resnet18,939,0.9772814215247084,3
1954,efficientnetb0,350,0.7221681243288518,4
1955,efficientnetb0,939,1.0,3
1956,densenet161,550,0.0323579521725776,2
1957,densenet121,350,0.6263678162488967,5
1958,densenet161,550,1.0,7
1959,efficientnetb1,550,1.0,3
1960,efficientnetb0,350,0.4626689598236604,5
1961,efficientnetb0,939,0.6801221238861833,4
1962,resnet18,750,0.5563161859691826,1
1963,resnet18,939,0.666846850715217,4
1964,densenet161,750,0.0355493113357071,3
1965,vgg19,939,0.783629319224574,17
1966,densenet121,550,0.6262433485833546,5
1967,resnet18,550,1.0,2
1968,vgg16,939,0.8548072768189431,12
1969,resnet18,750,0.9425112246169725,3
1970,densenet121,939,1.0,6
1971,densenet161,350,1.0,8
1972,efficientnetb0,939,0.6801221238861833,4
1973,vgg16,350,0.1139662905811487,4
1974,densenet161,750,0.7754817419817108,6
1975,efficientnetb0,750,0.221102352041803,2
1976,vgg16,939,0.5519575390300896,9
1977,efficientnetb0,750,0.6483214388113725,4
1978,densenet161,350,0.0606109279047736,12
1979,vgg16,550,0.4554756020263791,7
1980,resnet50,550,0.0097267662088094,1
1981,resnet50,750,0.9081489241651808,4
1982,resnet18,350,0.5048206439889544,5
1983,efficientnetb0,350,0.4626689598236604,5
1984,resnet50,750,0.41601881255758,9
1985,resnet50,750,0.3530361156189798,10
1986,vgg16,550,0.0983706975456484,4
1987,vgg16,550,0.0983706975456484,4
1988,efficientnetb0,750,1.0,3
1989,efficientnetb1,550,1.0,3
1990,efficientnetb1,750,0.7228690296773087,4
1991,efficientnetb0,750,0.0665010548114934,7
1992,efficientnetb0,350,1.0,3
1993,efficientnetb1,350,1.0,3
1994,densenet161,550,0.0210735879951949,3
1995,efficientnetb1,750,0.7228690296773087,4
1996,vgg16,350,1.0,12
1997,resnet18,550,1.0,2
1998,vgg16,350,0.9208348165236296,10
1999,densenet161,350,0.7705044620574577,6
2000,resnet50,939,0.8017819857800019,7
2001,vgg19,350,0.9884623593775808,15
2002,efficientnetb1,350,1.0,3
2003,vgg16,750,0.4838006072854688,20
2004,vgg16,750,0.5870702344568659,8
2005,resnet18,550,0.9649971314956884,3
2006,vgg19,750,0.7336613700677788,18
2007,vgg19,550,0.0192737323606945,1
2008,densenet121,350,0.0321065308334073,2
2009,efficientnetb1,550,0.6878389778024664,4
2010,efficientnetb0,939,0.245393377540531,2
2011,densenet161,550,0.8307012363387156,6
2012,vgg19,750,0.9936879963126718,15
2013,resnet50,939,0.6400205520491736,8
2014,resnet18,550,0.9649971314956884,3
2015,resnet50,939,0.4611727687596107,9
2016,resnet50,750,0.9081489241651808,4
2017,resnet18,939,0.9772814215247084,3
2018,efficientnetb1,939,0.4873612700075253,5
2019,resnet50,350,0.0174859151390518,1
2020,densenet121,939,0.0230700539672484,2
2021,densenet121,750,0.0357436179754728,3
2022,vgg16,939,0.7455450313368192,10
2023,densenet121,939,0.133680659859905,4
2024,resnet50,550,0.3122123747244922,11
2025,densenet121,939,0.390359012366206,7
2026,densenet121,939,0.0166311998595305,3
2027,efficientnetb1,750,1.0,3
2028,resnet50,350,0.3548656355696806,11
2029,densenet121,750,0.6549577219091517,5
2030,resnet50,750,0.692684175445151,7
2031,vgg16,350,1.0,12
2032,efficientnetb0,550,0.7484594574197447,4
2033,densenet121,350,0.6263678162488967,5
2034,vgg19,939,0.4910509157637427,8
2035,vgg19,350,0.7647138013706365,12
2036,resnet50,750,0.9081489241651808,4
2037,resnet50,550,0.3122123747244922,11
2038,vgg19,750,0.7530821587638967,19
2039,densenet121,350,0.1341157974542594,4
2040,resnet50,750,0.8540914514899219,6
2041,vgg19,350,0.6466731189634506,21
2042,resnet50,350,0.8169515861153699,7
2043,resnet50,939,0.8248723661787692,5
2044,densenet121,750,0.0357436179754728,3
2045,vgg19,750,0.1063831635744575,4
2046,densenet121,939,1.0,6
2047,efficientnetb1,550,0.2436659344100393,2
2048,densenet121,350,0.0,1
2049,vgg16,350,0.9208348165236296,10
2050,efficientnetb1,550,0.6878389778024664,4
2051,resnet50,750,0.692684175445151,7
2052,vgg16,350,0.1139662905811487,4
2053,vgg19,750,0.7555996769548718,17
2054,resnet50,350,0.4185699515342624,10
2055,vgg19,750,0.349757663747874,6
2056,vgg16,939,1.0,13
2057,resnet18,939,0.9772814215247084,3
2058,resnet50,939,0.0,1
2059,densenet161,750,0.5067219862360387,5
2060,vgg16,550,0.6395986703296175,8
2061,densenet161,350,0.7705044620574577,6
2062,efficientnetb0,750,0.221102352041803,2
2063,densenet161,550,0.084152532251803,11
2064,resnet18,939,0.9772814215247084,3
2065,efficientnetb0,750,0.4450311925360435,5
2066,efficientnetb0,350,0.2301319400884027,7
2067,vgg16,939,1.0,13
2068,efficientnetb1,750,0.3094983907889674,6
2069,resnet18,550,0.9649971314956884,3
2070,resnet18,939,0.9772814215247084,3
2071,efficientnetb1,750,0.7228690296773087,4
2072,resnet50,939,1.0,6
2073,densenet161,939,0.8028649279588222,7
2074,densenet121,750,0.5014039257956258,7
2075,densenet121,550,0.1132152876154946,4
2076,densenet121,750,1.0,6
2077,densenet121,550,1.0,6
2078,densenet161,939,0.2994714122049385,4
2079,vgg16,350,0.6117716042882734,8
2080,densenet161,350,0.472733213293796,5
2081,resnet18,350,0.9463184463728672,2
2082,efficientnetb1,939,1.0,3
2083,densenet161,350,0.472733213293796,5
2084,vgg16,350,0.9277415950475124,14
2085,vgg16,550,0.9599292331742392,11
2086,densenet121,750,1.0,6
2087,resnet18,939,1.0,2
2088,densenet121,550,1.0,6
2089,resnet50,939,0.4611727687596107,9
2090,efficientnetb1,750,0.7228690296773087,4
2091,resnet18,750,0.9425112246169725,3
2092,resnet50,550,0.0097267662088094,1
2093,resnet50,550,0.8501913432605966,5
2094,vgg19,750,0.9936879963126718,15
2095,vgg16,350,0.0,1
2096,vgg19,939,0.7315721114772937,19
2097,efficientnetb0,550,0.7484594574197447,4
2098,resnet18,750,0.9425112246169725,3
2099,vgg19,750,0.9636492577949504,13
2100,resnet18,350,1.0,3
2101,resnet50,550,0.4775732514001548,9
2102,vgg19,550,0.7657914977642502,19
2103,resnet18,350,0.5048206439889544,5
2104,densenet161,939,1.0,6
2105,vgg16,550,0.0983706975456484,4
2106,densenet121,939,0.4858756243316292,5
2107,efficientnetb0,750,0.221102352041803,2
2108,resnet18,939,0.9772814215247084,3
2109,resnet18,350,1.0,3
2110,efficientnetb1,750,1.0,3
2111,densenet121,350,0.1341157974542594,4
2112,vgg16,350,0.6122688308267832,9
2113,densenet121,350,0.0523859604428457,3
2114,densenet161,350,0.9422217589427628,7
2115,vgg16,750,0.8760175184574507,11
2116,efficientnetb1,750,1.0,3
2117,vgg19,350,0.7047271852759325,10
2118,densenet121,939,1.0,6
2119,densenet121,350,1.0,6
2120,efficientnetb1,550,1.0,3
2121,vgg16,350,0.6093130317946549,19
2122,efficientnetb1,550,1.0,3
2123,vgg19,350,0.7900442607978805,19
2124,resnet18,350,1.0,3
2125,resnet18,750,0.9425112246169725,3
2126,vgg16,750,0.888612802013523,12
2127,densenet161,550,0.8307012363387156,6
2128,vgg16,750,0.5870702344568659,8
2129,vgg19,939,0.6821322371858641,10
2130,vgg16,750,0.7792226912655664,15
2131,resnet50,939,0.8248723661787692,5
2132,densenet161,750,0.0912366792400731,4
2133,densenet161,350,0.7705044620574577,6
2134,efficientnetb0,350,0.7221681243288518,4
2135,resnet18,350,0.9463184463728672,2
2136,vgg19,350,0.786298354089681,18
2137,efficientnetb1,550,0.6878389778024664,4
2138,vgg19,939,0.3698836387150448,7
2139,vgg16,550,1.0,12
2140,efficientnetb0,939,1.0,3
2141,resnet18,939,1.0,2
2142,resnet50,550,0.4775732514001548,9
2143,resnet50,939,0.0,1
2144,densenet121,550,0.5224277109043235,7
2145,densenet121,750,0.4798884872288328,8
2146,densenet161,939,0.9380901386244868,8
2147,densenet121,350,0.6263678162488967,5
2148,resnet18,939,0.9772814215247084,3
2149,vgg19,350,0.3670248005033085,6
2150,efficientnetb1,750,0.258386396623143,2
2151,vgg19,350,0.9722792391750928,13
2152,resnet50,939,1.0,6
2153,vgg16,750,0.0835468528760409,3
2154,densenet161,350,0.472733213293796,5
2155,efficientnetb1,750,0.5409660759543289,5
2156,efficientnetb1,550,0.2436659344100393,2
2157,vgg19,939,0.7315721114772937,19
2158,vgg16,750,0.0,2
2159,vgg16,939,0.0060710231598882,1
2160,efficientnetb1,550,1.0,3
2161,vgg16,350,0.0,1
2162,efficientnetb0,939,0.6801221238861833,4
2163,resnet18,350,1.0,3
2164,resnet18,350,1.0,3
2165,resnet18,350,0.9463184463728672,2
2166,vgg16,939,0.5638100259338691,8
2167,efficientnetb1,939,1.0,3
2168,vgg16,939,0.8568556422949929,11
2169,vgg16,350,0.968053827189964,11
2170,resnet50,350,0.0174859151390518,1
2171,densenet161,939,0.8028649279588222,7
2172,vgg16,750,0.3927521762586766,6
2173,densenet121,350,0.6263678162488967,5
2174,efficientnetb0,750,1.0,3
2175,densenet121,750,0.6549577219091517,5
2176,efficientnetb0,350,0.7221681243288518,4
2177,resnet50,350,0.5125994165201655,9
2178,densenet161,939,0.9380901386244868,8
2179,efficientnetb1,550,1.0,3
2180,resnet50,939,0.6400205520491736,8
2181,efficientnetb0,550,1.0,3
2182,efficientnetb1,939,0.7039994792384792,4
2183,resnet18,939,0.9772814215247084,3
2184,resnet50,350,1.0,6
2185,densenet161,750,0.7754817419817108,6
2186,densenet161,550,0.084152532251803,12
2187,efficientnetb1,550,1.0,3
2188,densenet161,750,0.5067219862360387,5
2189,efficientnetb1,939,1.0,3
2190,vgg16,750,0.3927521762586766,6
2191,resnet18,750,0.9425112246169725,3
2192,densenet161,750,0.5067219862360387,5
2193,vgg16,939,0.8548072768189431,12
2194,vgg19,350,0.9654136477619172,14
2195,resnet18,550,0.9649971314956884,3
2196,efficientnetb1,550,0.5223117533457641,5
2197,resnet18,750,0.9425112246169725,3
2198,efficientnetb0,939,1.0,3
2199,densenet121,350,0.6263678162488967,5
2200,efficientnetb1,350,0.1057479814087846,8
2201,resnet50,939,0.481243768988981,4
2202,vgg16,350,0.968053827189964,11
2203,densenet161,939,0.8028649279588222,7
2204,efficientnetb1,550,1.0,3
2205,efficientnetb0,939,0.245393377540531,2
2206,densenet161,350,0.7705044620574577,6
2207,resnet50,750,0.9081489241651808,4
2208,vgg19,550,0.7587179131016882,12
2209,vgg19,550,0.527063884872579,9
2210,vgg16,550,0.9599292331742392,11
2211,vgg19,750,0.3954673323042385,5
2212,efficientnetb1,750,1.0,3
2213,densenet161,750,0.140363807198106,10
2214,resnet50,350,0.6807257591827157,8
2215,vgg16,350,1.0,12
2216,efficientnetb1,550,1.0,3
2217,densenet121,350,0.6263678162488967,5
2218,efficientnetb1,350,0.7181138626700144,4
2219,vgg16,550,0.941205716630206,14
2220,efficientnetb1,939,1.0,3
2221,vgg16,939,0.986973209346794,14
2222,vgg19,550,0.4939105417814899,8
2223,vgg16,550,0.941205716630206,14
2224,efficientnetb0,550,0.0,1
2225,resnet18,939,0.9772814215247084,3
2226,resnet18,550,0.9649971314956884,3
2227,resnet18,750,1.0,2
2228,densenet161,750,0.0355493113357071,3
2229,densenet161,550,0.5735576563250782,5
2230,vgg19,939,0.958551617010162,14
2231,vgg16,750,0.3719773828090447,7
2232,densenet161,550,0.5735576563250782,5
2233,densenet161,350,0.0606109279047736,12
2234,efficientnetb1,350,0.7181138626700144,4
2235,vgg16,350,0.4552780768214839,7
2236,efficientnetb1,350,1.0,3
2237,densenet121,350,0.5134540759121593,7
2238,resnet18,750,0.6570784835049883,4
2239,efficientnetb0,350,1.0,3
2240,efficientnetb1,350,0.2323535341648464,2
2241,resnet18,750,1.0,2
2242,resnet18,350,0.6798528330010116,4
2243,vgg16,350,0.968053827189964,11
2244,densenet161,750,0.5067219862360387,5
2245,vgg19,750,0.0863442753339673,3
2246,resnet18,750,0.9425112246169725,3
2247,vgg19,939,0.958551617010162,14
2248,vgg19,750,0.1063831635744575,4
2249,vgg19,550,0.93432282209291,16
2250,vgg19,750,0.1063831635744575,4
2251,efficientnetb0,350,0.2601845258832877,2
2252,efficientnetb1,550,0.5223117533457641,5
2253,resnet50,750,1.0,5
2254,densenet161,550,0.0210735879951949,3
2255,resnet50,750,0.41601881255758,9
2256,densenet161,750,0.7754817419817108,6
2257,resnet50,750,0.692684175445151,7
2258,vgg16,550,0.5906081697578759,18
2259,resnet50,939,0.4611727687596107,9
2260,vgg16,939,0.4187967673445678,7
2261,densenet121,350,0.1341157974542594,4
2262,densenet121,350,0.6263678162488967,5
2263,resnet50,939,0.8017819857800019,7
2264,efficientnetb0,550,0.7484594574197447,4
2265,resnet50,939,0.8017819857800019,7
2266,resnet50,939,1.0,6
2267,densenet161,750,1.0,7
2268,resnet50,550,0.645703014729161,8
2269,vgg19,550,0.7587179131016882,12
2270,resnet18,550,0.9649971314956884,3
2271,efficientnetb0,939,0.5462134982716761,5
2272,efficientnetb0,550,1.0,3
2273,vgg19,550,0.3630539177738009,6
2274,densenet161,939,0.2831929044634787,5
2275,resnet18,750,1.0,2
2276,densenet121,550,0.6262433485833546,5
2277,vgg16,350,0.6122688308267832,9
2278,vgg19,350,0.7874284582909132,17
2279,resnet18,939,0.9772814215247084,3
2280,densenet161,550,0.0323579521725776,2
2281,vgg16,550,0.6336692532833877,9
2282,vgg16,550,1.0,12
2283,resnet50,750,0.692684175445151,7
2284,vgg19,550,0.93432282209291,16
2285,vgg19,550,1.0,15
2286,efficientnetb0,939,1.0,3
2287,efficientnetb1,750,1.0,3
2288,efficientnetb0,350,1.0,3
2289,efficientnetb1,350,1.0,3
2290,efficientnetb0,750,1.0,3
2291,efficientnetb0,550,1.0,3
2292,efficientnetb1,750,1.0,3
2293,resnet18,550,0.2785187719074968,6
2294,resnet18,350,0.6798528330010116,4
2295,efficientnetb0,350,1.0,3
2296,resnet50,350,0.8830285561177872,5
2297,vgg19,350,0.9722792391750928,13
2298,vgg16,939,1.0,13
2299,efficientnetb1,939,1.0,3
2300,efficientnetb1,939,1.0,3
2301,efficientnetb0,550,1.0,3
2302,densenet121,750,0.0983602208090902,4
2303,densenet121,550,0.1132152876154946,4
2304,vgg19,350,0.7647138013706365,12
2305,resnet50,750,0.692684175445151,7
2306,densenet161,939,0.2831929044634787,5
2307,vgg19,550,1.0,15
2308,efficientnetb1,750,1.0,3
2309,vgg16,550,0.941205716630206,14
2310,resnet18,550,0.9649971314956884,3
2311,efficientnetb0,350,1.0,3
2312,densenet161,750,0.5067219862360387,5
2313,efficientnetb0,939,0.2344467476320147,6
2314,resnet18,939,0.9772814215247084,3
2315,resnet50,939,0.481243768988981,4
2316,vgg19,350,0.7439023030951907,11
2317,efficientnetb1,550,1.0,3
2318,resnet18,350,1.0,3
2319,efficientnetb0,350,1.0,3
2320,resnet18,750,0.9425112246169725,3
2321,densenet121,750,0.6549577219091517,5
2322,densenet121,350,0.5134540759121593,7
2323,efficientnetb0,350,1.0,3
2324,vgg19,939,0.1144285467096243,4
2325,vgg16,550,0.0768889395683232,3
2326,densenet161,350,0.0195835026890192,2
2327,resnet18,350,1.0,3
2328,resnet18,550,0.9649971314956884,3
2329,efficientnetb0,939,0.245393377540531,2
2330,vgg19,350,0.7647138013706365,12
2331,vgg19,750,1.0,16
2332,vgg19,939,1.0,15
2333,vgg16,750,0.7792226912655664,15
2334,vgg16,550,0.9461219284703368,13
2335,vgg19,939,0.9322438807363724,13
2336,efficientnetb1,550,0.6878389778024664,4
2337,vgg19,939,0.4817677379651593,9
2338,resnet50,750,0.5189759550817877,8
2339,resnet18,550,0.46598992776295,5
2340,efficientnetb1,550,0.6878389778024664,4
2341,efficientnetb0,939,1.0,3
2342,densenet121,550,0.5224277109043235,7
2343,vgg16,939,0.5638100259338691,8
2344,resnet50,939,0.6400205520491736,8
2345,vgg19,750,0.9783359431256168,14
2346,resnet50,550,0.645703014729161,8
2347,efficientnetb0,750,1.0,3
2348,efficientnetb1,939,0.2680647929070547,6
2349,densenet121,550,0.6262433485833546,5
2350,resnet50,350,0.5125994165201655,9
2351,densenet161,350,0.1012991674218925,4
2352,resnet18,939,0.9772814215247084,3
2353,vgg16,750,0.6199568106045172,9
2354,vgg19,350,0.7647138013706365,12
2355,efficientnetb0,550,1.0,3
2356,efficientnetb1,550,1.0,3
2357,densenet121,939,0.3516434776147618,8
2358,efficientnetb0,750,1.0,3
2359,densenet161,939,0.2831929044634787,5
2360,resnet18,350,0.9463184463728672,2
2361,densenet121,939,1.0,6
2362,vgg16,350,1.0,12
2363,densenet121,939,0.4858756243316292,5
2364,efficientnetb0,550,0.0,1
2365,vgg19,939,0.958551617010162,14
2366,densenet161,939,1.0,6
2367,resnet50,550,0.645703014729161,8
2368,vgg19,939,1.0,15
2369,vgg19,750,1.0,16
2370,efficientnetb1,750,1.0,3
2371,efficientnetb1,350,0.7181138626700144,4
2372,efficientnetb0,550,1.0,3
2373,resnet50,750,0.692684175445151,7
2374,efficientnetb0,939,0.5462134982716761,5
2375,densenet161,750,0.7754817419817108,6
2376,efficientnetb1,939,1.0,3
2377,resnet50,550,0.645703014729161,8
2378,vgg16,550,1.0,12
2379,densenet161,350,0.472733213293796,5
2380,efficientnetb0,939,1.0,3
2381,densenet121,750,0.0,1
2382,efficientnetb1,750,1.0,3
2383,resnet50,939,1.0,6
2384,resnet18,550,0.9649971314956884,3
2385,efficientnetb1,750,1.0,3
2386,efficientnetb1,350,1.0,3
2387,resnet18,750,0.9425112246169725,3
2388,resnet50,350,0.6807257591827157,8
2389,resnet50,550,0.8215124558966982,7
2390,resnet50,350,0.2365622217411404,3
2391,vgg16,550,0.6395986703296175,8
2392,efficientnetb0,750,1.0,3
2393,resnet50,550,0.2772450699669692,3
2394,efficientnetb1,350,1.0,3
2395,vgg19,550,1.0,15
2396,efficientnetb0,939,1.0,3
2397,resnet18,750,0.6570784835049883,4
2398,densenet121,550,1.0,6
2399,vgg16,550,0.941205716630206,14
2400,vgg19,550,0.7412152580816892,11
2401,efficientnetb0,939,1.0,3
2402,efficientnetb1,550,0.1264304258348263,7
2403,resnet18,750,0.6570784835049883,4
2404,efficientnetb0,939,1.0,3
2405,efficientnetb1,750,1.0,3
2406,resnet50,350,0.0948151869136176,2
2407,densenet121,750,0.0357436179754728,3
2408,resnet50,939,0.8017819857800019,7
2409,densenet161,939,0.8028649279588222,7
2410,vgg16,939,1.0,13
2411,vgg19,939,0.7315721114772937,19
2412,vgg16,750,0.9989474447948092,13
2413,vgg16,939,0.986973209346794,14
2414,efficientnetb1,939,0.7039994792384792,4
2415,vgg19,750,0.9783359431256168,14
2416,vgg16,939,0.5519575390300896,9
2417,densenet121,750,0.6549577219091517,5
2418,resnet18,750,0.6570784835049883,4
2419,vgg16,550,0.9461219284703368,13
2420,densenet121,350,0.6263678162488967,5
2421,resnet18,350,1.0,3
2422,vgg16,939,0.8548072768189431,12
2423,vgg16,750,0.888612802013523,12
2424,resnet50,550,0.8501913432605966,5
2425,resnet50,550,0.645703014729161,8
2426,efficientnetb0,750,0.0,1
2427,efficientnetb1,939,1.0,3
2428,resnet18,350,1.0,3
2429,efficientnetb1,939,1.0,3
2430,efficientnetb0,750,1.0,3
2431,vgg19,939,1.0,15
2432,densenet161,350,0.9422217589427628,7
2433,vgg19,350,0.7900442607978805,19
2434,densenet121,750,0.0983602208090902,4
2435,efficientnetb0,750,1.0,3
2436,efficientnetb0,750,1.0,3
2437,densenet161,939,0.9380901386244868,8
2438,efficientnetb0,550,1.0,3
2439,vgg16,750,0.3927521762586766,6
2440,efficientnetb0,350,0.7221681243288518,4
2441,efficientnetb1,350,0.7181138626700144,4
2442,resnet18,350,0.9463184463728672,2
2443,efficientnetb0,750,1.0,3
2444,efficientnetb0,939,1.0,3
2445,efficientnetb1,939,0.7039994792384792,4
2446,vgg19,550,1.0,15
2447,efficientnetb0,350,1.0,3
2448,efficientnetb0,939,0.245393377540531,2
2449,vgg16,550,1.0,12
2450,efficientnetb1,350,0.5010852886204035,5
2451,efficientnetb1,550,1.0,3
2452,efficientnetb1,750,0.0,1
2453,vgg19,550,0.7603022178684953,17
2454,resnet50,939,0.8017819857800019,7
2455,vgg16,550,1.0,12
2456,vgg19,939,0.7512707723562208,18
2457,efficientnetb1,939,1.0,3
2458,efficientnetb0,550,1.0,3
2459,resnet18,750,0.9425112246169725,3
2460,resnet18,939,0.9772814215247084,3
2461,vgg16,939,0.7391812735874347,15
2462,resnet18,350,0.9463184463728672,2
2463,vgg19,550,0.93432282209291,16
2464,densenet121,939,0.0166311998595305,3
2465,vgg16,750,0.7792226912655664,15
2466,densenet121,350,0.6263678162488967,5
2467,efficientnetb0,350,1.0,3
2468,resnet18,350,1.0,3
2469,vgg19,350,0.4051376815444835,5
2470,resnet18,939,0.9772814215247084,3
2471,vgg19,939,1.0,15
2472,vgg19,939,0.6596989303057831,21
2473,densenet121,939,0.4858756243316292,5
2474,densenet121,550,0.6262433485833546,5
2475,resnet50,750,0.692684175445151,7
2476,efficientnetb1,750,0.7228690296773087,4
2477,efficientnetb1,939,1.0,3
2478,efficientnetb1,750,1.0,3
2479,efficientnetb0,939,1.0,3
2480,resnet50,350,0.8169515861153699,7
2481,efficientnetb0,750,1.0,3
2482,vgg16,939,0.986973209346794,14
2483,vgg16,750,0.0058887013115276,1
2484,densenet121,939,0.0230700539672484,2
2485,resnet18,350,0.9463184463728672,2
2486,densenet161,939,0.2831929044634787,5
2487,resnet18,550,0.6805816088044464,4
2488,densenet121,350,1.0,6
2489,vgg16,939,0.746695083747165,16
2490,vgg19,939,0.9938700985656802,16
2491,resnet18,350,0.9463184463728672,2
2492,efficientnetb1,350,1.0,3
2493,efficientnetb1,750,1.0,3
2494,efficientnetb0,939,1.0,3
2495,densenet121,550,0.6262433485833546,5
2496,vgg16,350,0.9150494503700808,13
2497,vgg16,750,0.9989474447948092,13
2498,vgg19,939,1.0,15
2499,resnet50,550,0.645703014729161,8
2500,resnet50,350,0.6807257591827157,8
2501,resnet18,939,0.9772814215247084,3
2502,densenet161,750,0.5067219862360387,5
2503,efficientnetb1,750,1.0,3
2504,efficientnetb1,939,0.4873612700075253,5
2505,resnet18,350,1.0,3
2506,densenet161,939,0.9380901386244868,8
2507,densenet161,750,1.0,7
2508,densenet121,939,0.4858756243316292,5
2509,efficientnetb0,550,0.7484594574197447,4
2510,resnet18,350,1.0,3
2511,densenet161,939,0.8028649279588222,7
2512,vgg19,350,0.063159932094785,4
2513,densenet161,350,0.472733213293796,5
2514,resnet18,550,0.6805816088044464,4
2515,efficientnetb0,350,1.0,3
2516,efficientnetb1,939,1.0,3
2517,densenet121,350,0.6263678162488967,5
2518,densenet121,550,0.5224277109043235,7
2519,efficientnetb0,350,0.0,1
2520,densenet121,939,0.4858756243316292,5
2521,efficientnetb1,939,1.0,3
2522,resnet18,750,0.9425112246169725,3
2523,vgg19,550,0.3992057636441661,5
2524,efficientnetb0,750,0.6483214388113725,4
2525,resnet18,350,1.0,3
2526,vgg16,350,0.7070851752612257,15
2527,resnet18,750,0.9425112246169725,3
2528,efficientnetb0,550,1.0,3
2529,vgg19,550,0.7587179131016882,12
2530,resnet50,550,0.106889737057666,2
2531,vgg16,550,0.0983706975456484,4
2532,vgg19,939,0.0183675354070255,1
2533,vgg19,550,0.7587179131016882,12
2534,densenet121,550,0.6262433485833546,5
2535,efficientnetb0,939,1.0,3
2536,efficientnetb1,750,0.3094983907889674,6
2537,densenet161,939,0.0601439006764898,1
2538,resnet18,939,0.9772814215247084,3
2539,vgg16,750,0.3927521762586766,6
2540,efficientnetb0,550,0.5319033905566624,5
2541,vgg16,550,0.9599292331742392,11
2542,vgg16,750,0.888612802013523,12
2543,resnet18,350,1.0,3
2544,efficientnetb1,350,0.5010852886204035,5
2545,densenet161,550,0.8307012363387156,6
2546,densenet161,939,1.0,6
2547,densenet121,350,0.6263678162488967,5
2548,efficientnetb1,350,0.7181138626700144,4
2549,vgg16,939,0.5638100259338691,8
2550,densenet121,350,0.0,1
2551,efficientnetb1,750,1.0,3
2552,densenet121,939,0.390359012366206,7
2553,resnet18,939,0.5358361217945573,1
2554,vgg19,750,1.0,16
2555,vgg19,939,1.0,15
2556,densenet161,550,0.8307012363387156,6
2557,vgg19,750,0.9783359431256168,14
2558,densenet121,550,0.6262433485833546,5
2559,vgg19,750,0.349757663747874,6
2560,vgg16,939,0.5638100259338691,8
2561,resnet50,939,0.8017819857800019,7
2562,resnet18,350,1.0,3
2563,resnet50,550,0.645703014729161,8
2564,resnet18,750,0.9425112246169725,3
2565,efficientnetb1,750,1.0,3
2566,resnet50,550,1.0,6
2567,vgg19,939,1.0,15
2568,vgg19,750,0.9936879963126718,15
2569,efficientnetb0,350,1.0,3
2570,resnet18,350,0.9463184463728672,2
2571,vgg16,350,0.9277415950475124,14
2572,resnet18,939,0.666846850715217,4
2573,efficientnetb0,750,0.4450311925360435,5
2574,efficientnetb1,550,1.0,3
2575,vgg19,750,0.0,1
2576,vgg19,350,0.9884623593775808,15
2577,densenet121,550,0.6262433485833546,5
2578,resnet18,350,0.5048206439889544,5
2579,densenet121,350,0.6263678162488967,5
2580,vgg16,550,0.6336692532833877,9
2581,densenet161,939,0.9380901386244868,8
2582,efficientnetb1,750,0.7228690296773087,4
2583,densenet161,939,0.8028649279588222,7
2584,resnet18,939,0.9772814215247084,3
2585,vgg16,550,0.6336692532833877,9
2586,densenet121,939,0.0,1
2587,efficientnetb1,939,1.0,3
2588,efficientnetb0,550,0.290069122860228,2
2589,resnet18,750,0.9425112246169725,3
2590,densenet121,350,0.5134540759121593,7
2591,resnet50,750,0.5189759550817877,8
2592,vgg19,350,0.7439023030951907,11
2593,densenet161,939,0.2994714122049385,4
2594,vgg16,350,0.0713714441743471,3
2595,efficientnetb0,550,0.0,1
2596,resnet18,939,0.9772814215247084,3
2597,vgg19,939,1.0,15
2598,resnet50,939,0.481243768988981,4
2599,vgg16,550,0.0199271539720846,1
2600,densenet121,750,1.0,6
2601,vgg19,550,0.0,2
2602,resnet18,350,1.0,3
2603,vgg19,939,0.958551617010162,14
2604,efficientnetb1,750,0.7228690296773087,4
2605,resnet18,350,1.0,3
2606,efficientnetb1,939,0.7039994792384792,4
2607,resnet18,550,0.9649971314956884,3
2608,resnet50,550,0.645703014729161,8
2609,resnet50,750,0.5189759550817877,8
2610,densenet121,939,1.0,6
2611,densenet121,350,0.6263678162488967,5
2612,resnet18,750,0.9425112246169725,3
2613,vgg19,350,0.1104026426586838,3
2614,vgg19,350,0.7874284582909132,17
2615,vgg16,750,0.9989474447948092,13
2616,efficientnetb0,350,1.0,3
2617,resnet18,750,0.9425112246169725,3
2618,vgg19,550,0.6532435397082842,20
2619,efficientnetb1,550,1.0,3
2620,resnet50,350,0.8830285561177872,5
2621,resnet50,750,0.5189759550817877,8
2622,efficientnetb0,350,1.0,3
2623,efficientnetb0,750,1.0,3
2624,resnet50,939,0.6400205520491736,8
2625,resnet50,550,0.3122123747244922,11
2626,resnet50,939,0.8017819857800019,7
2627,densenet121,550,0.0267032533330688,3
2628,efficientnetb0,550,0.7484594574197447,4
2629,resnet18,550,0.9649971314956884,3
2630,densenet161,350,0.9422217589427628,7
2631,densenet161,550,0.5735576563250782,5
2632,efficientnetb0,350,1.0,3
2633,densenet121,939,0.390359012366206,7
2634,efficientnetb1,350,1.0,3
2635,vgg16,750,0.9989474447948092,13
2636,vgg16,750,0.888612802013523,12
2637,efficientnetb0,350,0.7221681243288518,4
2638,densenet161,550,0.5735576563250782,5
2639,vgg16,550,0.9461219284703368,13
2640,densenet161,750,0.7754817419817108,6
2641,resnet50,750,0.5189759550817877,8
2642,resnet50,750,0.41601881255758,9
2643,densenet121,750,0.6549577219091517,5
2644,densenet161,939,0.2831929044634787,5
2645,densenet161,750,0.9225205659416632,8
2646,densenet161,550,0.8307012363387156,6
2647,vgg19,939,0.6821322371858641,10
2648,resnet50,350,0.6807257591827157,8
2649,densenet121,350,0.6263678162488967,5
2650,densenet121,750,0.5014039257956258,7
2651,efficientnetb0,350,1.0,3
2652,resnet50,939,0.6400205520491736,8
2653,densenet121,750,1.0,6
2654,resnet50,550,0.645703014729161,8
2655,vgg19,550,0.93432282209291,16
2656,efficientnetb1,939,0.7039994792384792,4
2657,densenet121,550,0.6262433485833546,5
2658,vgg16,550,1.0,12
2659,efficientnetb0,550,1.0,3
2660,efficientnetb0,750,1.0,3
2661,vgg16,550,0.6944058532919857,15
2662,densenet121,550,0.6262433485833546,5
2663,densenet121,550,0.6262433485833546,5
2664,vgg19,939,0.7537426666757167,12
2665,resnet18,939,0.5358361217945573,1
2666,densenet121,350,1.0,6
2667,densenet161,550,0.1068700282907242,4
2668,densenet161,350,0.9422217589427628,7
2669,resnet18,350,0.9463184463728672,2
2670,densenet161,350,0.7705044620574577,6
2671,resnet50,550,1.0,6
2672,resnet50,750,0.5189759550817877,8
2673,resnet18,550,0.9649971314956884,3
2674,efficientnetb1,939,1.0,3
2675,resnet50,350,1.0,6
2676,efficientnetb1,550,1.0,3
2677,efficientnetb1,350,0.7181138626700144,4
2678,vgg16,550,0.873525344145539,10
2679,vgg16,750,0.9989474447948092,13
2680,resnet50,939,0.4611727687596107,9
2681,vgg19,750,0.9936879963126718,15
2682,resnet18,350,0.6798528330010116,4
2683,vgg16,350,0.0238402416290037,2
2684,efficientnetb0,939,1.0,3
2685,densenet121,350,0.0523859604428457,3
2686,vgg16,750,0.888612802013523,12
2687,efficientnetb0,350,0.7221681243288518,4
2688,efficientnetb0,350,1.0,3
2689,vgg16,750,0.8760175184574507,11
2690,efficientnetb1,750,1.0,3
2691,vgg16,939,0.7391812735874347,15
2692,efficientnetb1,550,1.0,3
2693,resnet18,550,0.6805816088044464,4
2694,densenet121,750,0.6549577219091517,5
2695,resnet50,350,1.0,6
2696,densenet161,350,0.472733213293796,5
2697,densenet161,550,0.8307012363387156,6
2698,densenet121,750,1.0,6
2699,densenet121,550,1.0,6
2700,resnet18,550,0.9649971314956884,3
2701,vgg16,350,0.0,1
2702,resnet18,750,0.9425112246169725,3
2703,resnet50,939,0.4611727687596107,9
2704,densenet161,939,0.2831929044634787,5
2705,densenet121,350,0.6263678162488967,5
2706,efficientnetb1,750,1.0,3
2707,efficientnetb0,939,1.0,3
2708,vgg19,350,0.9884623593775808,15
2709,efficientnetb1,350,1.0,3
2710,resnet18,939,0.9772814215247084,3
2711,resnet18,750,1.0,2
2712,efficientnetb1,350,1.0,3
2713,resnet18,750,0.9425112246169725,3
2714,vgg19,750,0.9783359431256168,14
2715,resnet18,350,1.0,3
2716,resnet18,750,0.9425112246169725,3
2717,vgg19,750,0.9936879963126718,15
2718,resnet18,750,1.0,2
2719,efficientnetb0,350,1.0,3
2720,densenet121,550,0.6262433485833546,5
2721,efficientnetb0,350,1.0,3
2722,efficientnetb0,750,0.0,1
2723,vgg16,939,0.8548072768189431,12
2724,resnet50,550,0.4775732514001548,9
2725,vgg16,550,0.9461219284703368,13
2726,efficientnetb1,939,1.0,3
2727,densenet161,350,0.472733213293796,5
2728,efficientnetb0,939,0.5462134982716761,5
2729,resnet18,350,0.9463184463728672,2
2730,vgg16,550,0.6646720284686836,16
2731,vgg19,350,0.9722792391750928,13
2732,efficientnetb0,939,0.0,1
2733,efficientnetb0,750,1.0,3
2734,resnet18,750,0.9425112246169725,3
2735,vgg16,939,0.0381294915227273,4
2736,efficientnetb1,550,1.0,3
2737,resnet18,350,0.9463184463728672,2
2738,vgg16,350,0.7070851752612257,15
2739,efficientnetb1,350,1.0,3
2740,efficientnetb1,939,1.0,3
2741,efficientnetb1,750,0.5409660759543289,5
2742,efficientnetb0,750,1.0,3
2743,vgg19,939,0.3786480345124817,5
2744,efficientnetb1,550,1.0,3
2745,vgg16,350,1.0,12
2746,efficientnetb0,350,0.0,1
2747,vgg19,350,0.7439023030951907,11
2748,efficientnetb0,350,1.0,3
2749,resnet18,550,0.9649971314956884,3
2750,resnet18,750,0.9425112246169725,3
2751,vgg16,550,1.0,12
2752,resnet18,350,1.0,3
2753,efficientnetb0,550,0.7484594574197447,4
2754,densenet121,750,1.0,6
2755,efficientnetb1,939,0.0961268279883589,7
2756,efficientnetb0,350,1.0,3
2757,resnet18,939,0.9772814215247084,3
2758,efficientnetb0,939,0.6801221238861833,4
2759,densenet161,350,0.472733213293796,5
2760,vgg19,350,0.7874284582909132,17
2761,densenet121,350,0.6263678162488967,5
2762,vgg19,350,1.0,16
2763,efficientnetb1,939,0.7039994792384792,4
2764,vgg19,939,1.0,15
2765,vgg16,939,0.7455450313368192,10
2766,vgg19,750,0.9783359431256168,14
2767,efficientnetb1,750,1.0,3
2768,efficientnetb0,350,0.4626689598236604,5
2769,resnet50,350,0.8830285561177872,5
2770,resnet18,350,1.0,3
2771,resnet50,350,1.0,6
2772,densenet161,939,0.2831929044634787,5
2773,vgg16,350,0.9208348165236296,10
2774,vgg19,350,0.7647138013706365,12
2775,efficientnetb0,350,0.7221681243288518,4
2776,resnet18,550,0.9649971314956884,3
2777,resnet18,350,0.5934360820487711,1
2778,efficientnetb1,550,1.0,3
2779,densenet161,350,0.472733213293796,5
2780,resnet50,350,0.8169515861153699,7
2781,vgg16,350,0.0,1
2782,efficientnetb1,550,1.0,3
2783,efficientnetb1,350,1.0,3
2784,resnet50,350,0.8169515861153699,7
2785,densenet161,750,0.0912366792400731,4
2786,resnet50,750,0.692684175445151,7
2787,resnet18,750,1.0,2
2788,resnet18,750,0.9425112246169725,3
2789,densenet161,550,0.5735576563250782,5
2790,resnet50,350,0.8169515861153699,7
2791,resnet18,350,1.0,3
2792,densenet161,750,1.0,7
2793,densenet121,350,0.6263678162488967,5
2794,efficientnetb1,550,0.315622132205788,6
2795,vgg19,550,1.0,15
2796,resnet18,750,0.6570784835049883,4
2797,efficientnetb0,750,1.0,3
2798,vgg19,350,1.0,16
2799,vgg16,550,0.4554756020263791,7
2800,efficientnetb1,750,1.0,3
2801,vgg16,550,0.873525344145539,10
2802,vgg19,750,0.9636492577949504,13
2803,efficientnetb1,750,1.0,3
2804,resnet18,939,0.9772814215247084,3
2805,densenet161,550,0.8307012363387156,6
2806,efficientnetb1,939,1.0,3
2807,densenet121,939,0.390359012366206,7
2808,efficientnetb1,939,1.0,3
2809,densenet161,939,1.0,6
2810,efficientnetb0,939,1.0,3
2811,vgg16,939,1.0,13
2812,resnet18,350,1.0,3
2813,vgg16,750,0.9989474447948092,13
2814,densenet161,750,0.7754817419817108,6
2815,resnet50,550,0.8501913432605966,5
2816,resnet18,350,1.0,3
2817,vgg19,550,0.9153142027929496,13
2818,efficientnetb0,550,0.290069122860228,2
2819,densenet121,939,1.0,6
2820,efficientnetb1,750,1.0,3
2821,densenet121,750,0.6549577219091517,5
2822,efficientnetb0,550,0.7484594574197447,4
2823,resnet50,939,0.6400205520491736,8
2824,vgg19,350,0.7874284582909132,17
2825,vgg16,350,0.4552780768214839,7
2826,resnet50,550,0.645703014729161,8
2827,resnet18,939,0.9772814215247084,3
2828,efficientnetb0,350,1.0,3
2829,densenet161,939,0.2831929044634787,5
2830,vgg16,550,0.873525344145539,10
2831,densenet121,750,0.6549577219091517,5
2832,densenet161,750,0.5067219862360387,5
2833,densenet161,350,0.7705044620574577,6
2834,vgg19,939,1.0,15
2835,densenet161,350,0.0213386295855335,3
2836,densenet161,750,1.0,7
2837,efficientnetb1,350,1.0,3
2838,efficientnetb1,939,1.0,3
2839,vgg19,939,0.9938700985656802,16
2840,densenet161,550,0.0210735879951949,3
2841,efficientnetb0,550,1.0,3
2842,vgg16,350,0.9208348165236296,10
2843,densenet121,750,0.6549577219091517,5
2844,efficientnetb0,350,0.7221681243288518,4
2845,resnet50,350,0.8169515861153699,7
2846,resnet50,350,0.8169515861153699,7
2847,efficientnetb0,939,1.0,3
2848,densenet121,939,0.4858756243316292,5
2849,vgg16,939,0.4031740758458291,6
2850,resnet18,939,0.9772814215247084,3
2851,resnet50,750,0.8540914514899219,6
2852,vgg19,550,1.0,15
2853,densenet161,939,1.0,6
2854,resnet18,750,1.0,2
2855,vgg16,939,1.0,13
2856,efficientnetb1,350,0.7181138626700144,4
2857,vgg19,939,1.0,15
2858,resnet50,350,1.0,6
2859,efficientnetb0,350,0.7221681243288518,4
2860,efficientnetb1,750,1.0,3
2861,vgg19,550,0.93432282209291,16
2862,resnet50,550,0.645703014729161,8
2863,vgg19,939,0.7038804657074393,11
2864,densenet161,750,0.7754817419817108,6
2865,resnet50,750,0.8540914514899219,6
2866,densenet161,350,0.472733213293796,5
2867,resnet50,350,0.8169515861153699,7
2868,resnet50,750,1.0,5
2869,vgg16,939,0.5638100259338691,8
2870,vgg16,350,0.968053827189964,11
2871,vgg19,350,1.0,16
2872,vgg16,350,0.9208348165236296,10
2873,densenet121,350,0.6263678162488967,5
2874,vgg19,939,0.9322438807363724,13
2875,efficientnetb1,350,0.7181138626700144,4
2876,efficientnetb0,750,1.0,3
2877,vgg19,350,0.9884623593775808,15
2878,densenet121,350,1.0,6
2879,efficientnetb0,939,0.6801221238861833,4
2880,densenet121,350,1.0,6
2881,efficientnetb1,550,0.315622132205788,6
2882,densenet121,350,1.0,6
2883,resnet50,550,0.8215124558966982,7
2884,efficientnetb1,350,1.0,3
2885,efficientnetb0,750,0.221102352041803,2
2886,efficientnetb1,750,1.0,3
2887,resnet50,750,0.41601881255758,9
2888,resnet50,939,0.8017819857800019,7
2889,resnet50,939,1.0,6
2890,densenet161,939,0.2994714122049385,4
2891,resnet50,350,0.5125994165201655,9
2892,vgg16,750,0.9989474447948092,13
2893,densenet121,750,0.6549577219091517,5
2894,densenet161,750,0.5067219862360387,5
2895,densenet161,939,1.0,6
2896,vgg19,550,0.93432282209291,16
2897,efficientnetb1,550,1.0,3
2898,densenet121,939,0.4858756243316292,5
2899,resnet50,350,0.3548656355696806,11
2900,vgg19,550,0.93699417819052,14
2901,resnet18,939,0.9772814215247084,3
2902,efficientnetb1,550,1.0,3
2903,resnet50,550,1.0,6
2904,efficientnetb1,750,1.0,3
2905,resnet18,350,1.0,3
2906,efficientnetb1,750,0.7228690296773087,4
2907,densenet161,550,0.5735576563250782,5
2908,densenet121,750,0.6549577219091517,5
2909,vgg16,750,0.9989474447948092,13
2910,resnet18,750,1.0,2
2911,resnet18,750,0.9425112246169725,3
2912,resnet50,750,0.8540914514899219,6
2913,densenet121,550,0.6262433485833546,5
2914,densenet121,750,0.0983602208090902,4
2915,vgg16,939,1.0,13
2916,efficientnetb1,750,0.7228690296773087,4
2917,efficientnetb1,350,0.2323535341648464,2
2918,densenet161,939,0.2831929044634787,5
2919,resnet18,939,1.0,2
2920,efficientnetb1,350,0.5010852886204035,5
2921,efficientnetb1,550,1.0,3
2922,efficientnetb1,550,0.2436659344100393,2
2923,resnet18,939,0.9772814215247084,3
2924,vgg16,550,0.9599292331742392,11
2925,vgg16,939,0.7455450313368192,10
2926,efficientnetb1,350,0.5010852886204035,5
2927,vgg19,550,0.93432282209291,16
2928,resnet50,550,0.645703014729161,8
2929,vgg16,939,0.0,2
2930,resnet18,750,0.9425112246169725,3
2931,densenet161,939,0.2831929044634787,5
2932,efficientnetb1,550,1.0,3
2933,resnet18,939,0.666846850715217,4
2934,resnet18,939,1.0,2
2935,vgg19,750,0.9636492577949504,13
2936,efficientnetb0,550,1.0,3
2937,vgg16,550,0.9461219284703368,13
2938,resnet18,939,0.9772814215247084,3
2939,vgg19,350,0.9654136477619172,14
2940,resnet18,350,1.0,3
2941,efficientnetb0,550,1.0,3
2942,efficientnetb1,750,1.0,3
2943,densenet121,939,0.390359012366206,7
2944,vgg16,750,0.6199568106045172,9
2945,resnet50,750,0.098265786808133,1
2946,efficientnetb0,550,1.0,3
2947,efficientnetb1,939,1.0,3
2948,efficientnetb0,750,0.6483214388113725,4
2949,efficientnetb0,750,0.6483214388113725,4
2950,efficientnetb1,350,1.0,3
2951,vgg16,550,0.6395986703296175,8
2952,efficientnetb1,550,1.0,3
2953,vgg19,350,0.7647138013706365,12
2954,resnet18,350,1.0,3
2955,resnet50,550,0.0097267662088094,1
2956,vgg19,550,1.0,15
2957,efficientnetb1,939,0.4873612700075253,5
2958,densenet121,939,0.4858756243316292,5
2959,vgg19,939,1.0,15
2960,efficientnetb1,550,0.6878389778024664,4
2961,densenet121,750,0.6549577219091517,5
2962,densenet161,750,0.5067219862360387,5
2963,densenet161,550,0.5735576563250782,5
2964,vgg16,939,0.986973209346794,14
2965,efficientnetb0,350,1.0,3
2966,resnet50,550,0.8215124558966982,7
2967,densenet161,350,0.7705044620574577,6
2968,vgg16,550,0.9461219284703368,13
2969,efficientnetb1,939,0.4873612700075253,5
2970,densenet121,350,0.6263678162488967,5
2971,efficientnetb1,350,1.0,3
2972,densenet161,939,0.0018556587877228,3
2973,efficientnetb0,350,0.7221681243288518,4
2974,resnet50,350,0.6807257591827157,8
2975,densenet121,550,0.6262433485833546,5
2976,resnet18,939,1.0,2
2977,vgg16,550,0.9599292331742392,11
2978,densenet161,750,1.0,7
2979,densenet121,350,0.0321065308334073,2
2980,vgg16,750,0.888612802013523,12
2981,efficientnetb1,550,1.0,3
2982,resnet18,939,0.9772814215247084,3
2983,vgg16,939,0.0060710231598882,1
2984,densenet121,550,0.6262433485833546,5
2985,resnet50,550,0.106889737057666,2
2986,vgg16,350,0.9277415950475124,14
2987,densenet121,550,0.6262433485833546,5
2988,efficientnetb1,550,0.6878389778024664,4
2989,densenet161,750,0.0193762853485244,2
2990,efficientnetb0,750,1.0,3
2991,vgg16,939,0.0060710231598882,1
2992,densenet121,350,0.5134540759121593,7
2993,vgg19,550,0.1248786103205342,4
2994,densenet161,939,1.0,6
2995,resnet18,350,1.0,3
2996,resnet18,550,1.0,2
2997,vgg19,350,0.9654136477619172,14
2998,densenet121,750,0.6549577219091517,5
2999,efficientnetb0,750,1.0,3
3000,vgg16,939,0.7455450313368192,10
3001,densenet161,350,0.0,1
3002,resnet18,939,0.9772814215247084,3
3003,vgg16,939,0.8568556422949929,11
3004,resnet50,350,0.8169515861153699,7
3005,resnet50,350,0.5125994165201655,9
3006,vgg19,350,0.7874284582909132,17
3007,densenet161,550,0.0323579521725776,2
3008,efficientnetb1,750,0.7228690296773087,4
3009,vgg16,550,0.6944058532919857,15
3010,vgg16,939,0.8548072768189431,12
3011,resnet50,750,0.692684175445151,7
3012,efficientnetb0,550,1.0,3
3013,densenet161,550,0.5735576563250782,5
3014,resnet18,750,0.9425112246169725,3
3015,vgg16,750,1.0,14
3016,densenet161,350,0.9422217589427628,7
3017,resnet50,350,0.0174859151390518,1
3018,resnet50,350,0.6807257591827157,8
3019,efficientnetb0,550,1.0,3
3020,efficientnetb0,750,0.4450311925360435,5
3021,efficientnetb1,750,1.0,3
3022,densenet121,750,0.5014039257956258,7
3023,resnet18,350,0.9463184463728672,2
3024,densenet121,350,0.6263678162488967,5
3025,resnet18,750,0.9425112246169725,3
3026,densenet121,750,0.6549577219091517,5
3027,densenet121,350,0.6263678162488967,5
3028,efficientnetb0,750,1.0,3
3029,efficientnetb0,939,0.5462134982716761,5
3030,vgg16,350,0.9208348165236296,10
3031,resnet18,550,0.6805816088044464,4
3032,resnet50,350,0.8169515861153699,7
3033,densenet121,750,0.6549577219091517,5
3034,densenet121,550,0.5224277109043235,7
3035,efficientnetb1,939,1.0,3
3036,vgg19,550,0.93432282209291,16
3037,vgg16,550,0.4554756020263791,7
3038,densenet161,939,0.2831929044634787,5
3039,densenet121,939,0.4858756243316292,5
3040,vgg19,550,0.93699417819052,14
3041,resnet50,550,0.8215124558966982,7
3042,vgg19,939,0.9938700985656802,16
3043,efficientnetb0,750,1.0,3
3044,vgg16,350,0.9150494503700808,13
3045,resnet18,750,0.9425112246169725,3
3046,vgg16,550,0.6944058532919857,15
3047,vgg16,750,0.9989474447948092,13
3048,resnet50,750,0.8540914514899219,6
3049,efficientnetb0,350,1.0,3
3050,vgg19,939,0.958551617010162,14
3051,densenet161,550,0.8307012363387156,6
3052,vgg16,750,0.5870702344568659,8
3053,resnet18,350,0.6798528330010116,4
3054,efficientnetb1,939,1.0,3
3055,vgg19,350,0.3670248005033085,6
3056,densenet161,939,0.2994714122049385,4
3057,vgg19,350,0.7874284582909132,17
3058,resnet18,350,0.9463184463728672,2
3059,vgg19,550,0.93699417819052,14
3060,resnet18,939,0.9772814215247084,3
3061,efficientnetb0,939,0.245393377540531,2
3062,densenet121,939,0.4858756243316292,5
3063,vgg16,939,1.0,13
3064,vgg16,939,0.0548212617333455,3
3065,vgg16,350,0.9150494503700808,13
3066,resnet50,550,0.645703014729161,8
3067,resnet50,939,0.6400205520491736,8
3068,densenet121,750,0.6549577219091517,5
3069,densenet161,550,0.5735576563250782,5
3070,resnet50,550,0.645703014729161,8
3071,resnet50,550,0.645703014729161,8
3072,resnet50,550,1.0,6
3073,efficientnetb0,750,1.0,3
3074,densenet161,939,0.2831929044634787,5
3075,efficientnetb1,750,1.0,3
3076,resnet18,750,0.5563161859691826,1
3077,vgg19,350,0.9654136477619172,14
3078,efficientnetb1,939,1.0,3
3079,densenet121,350,0.6263678162488967,5
3080,resnet50,550,0.4611472962789475,4
3081,densenet121,939,0.4858756243316292,5
3082,vgg19,550,0.93432282209291,16
3083,efficientnetb1,750,1.0,3
3084,densenet161,350,0.7705044620574577,6
3085,densenet161,350,0.472733213293796,5
3086,densenet161,750,1.0,7
3087,vgg16,750,0.9989474447948092,13
3088,resnet18,550,1.0,2
3089,densenet121,350,1.0,6
3090,vgg19,750,0.9783359431256168,14
3091,vgg19,550,0.93432282209291,16
3092,densenet121,750,0.6549577219091517,5
3093,efficientnetb1,350,1.0,3
3094,vgg19,350,0.9722792391750928,13
3095,vgg16,550,0.9461219284703368,13
3096,densenet161,750,1.0,7
3097,vgg16,350,1.0,12
3098,densenet121,350,1.0,6
3099,resnet18,550,0.9649971314956884,3
3100,efficientnetb1,550,1.0,3
3101,densenet121,550,0.6262433485833546,5
3102,densenet161,750,0.7754817419817108,6
3103,vgg19,750,0.9783359431256168,14
3104,resnet50,939,0.6400205520491736,8
3105,densenet121,350,0.6263678162488967,5
3106,resnet18,939,0.666846850715217,4
3107,efficientnetb0,750,0.6483214388113725,4
3108,vgg16,939,0.8548072768189431,12
3109,efficientnetb1,750,1.0,3
3110,resnet50,750,0.5189759550817877,8
3111,vgg16,750,0.888612802013523,12
3112,vgg16,750,0.9989474447948092,13
3113,vgg19,350,0.9884623593775808,15
3114,resnet50,939,0.6400205520491736,8
3115,densenet161,939,0.8028649279588222,7
3116,vgg16,550,0.9461219284703368,13
3117,densenet121,939,1.0,6
3118,densenet121,939,0.4858756243316292,5
3119,efficientnetb1,550,1.0,3
3120,resnet50,350,0.8169515861153699,7
3121,vgg16,550,0.873525344145539,10
3122,efficientnetb1,750,1.0,3
3123,efficientnetb1,750,1.0,3
3124,efficientnetb0,350,1.0,3
3125,efficientnetb1,939,1.0,3
3126,resnet18,550,0.9649971314956884,3
3127,densenet161,350,0.9422217589427628,7
3128,resnet18,350,0.9463184463728672,2
3129,densenet161,550,0.5735576563250782,5
3130,resnet50,939,0.8017819857800019,7
3131,densenet121,550,0.6262433485833546,5
3132,efficientnetb0,350,1.0,3
3133,densenet121,939,1.0,6
3134,densenet121,750,0.6549577219091517,5
3135,densenet121,350,0.6263678162488967,5
3136,resnet18,550,0.9649971314956884,3
3137,efficientnetb1,750,1.0,3
3138,vgg16,350,1.0,12
3139,vgg19,939,0.3144631067328258,6
3140,efficientnetb0,939,0.6801221238861833,4
3141,densenet161,550,0.8307012363387156,6
3142,resnet18,350,0.5934360820487711,1
3143,densenet121,550,0.6262433485833546,5
3144,vgg19,550,1.0,15
3145,resnet18,939,0.9772814215247084,3
3146,resnet50,939,0.8017819857800019,7
3147,efficientnetb0,350,1.0,3
3148,efficientnetb1,939,1.0,3
3149,resnet50,550,0.645703014729161,8
3150,resnet50,939,1.0,6
3151,resnet50,550,0.645703014729161,8
3152,vgg19,750,0.349757663747874,6
3153,efficientnetb0,550,1.0,3
3154,efficientnetb1,939,1.0,3
3155,efficientnetb0,550,1.0,3
3156,vgg19,550,0.93432282209291,16
3157,densenet121,550,0.5185925451749753,8
3158,densenet121,550,0.6262433485833546,5
3159,vgg16,550,0.9599292331742392,11
3160,vgg16,750,0.9989474447948092,13
3161,densenet161,350,0.9422217589427628,7
3162,resnet50,750,0.5189759550817877,8
3163,efficientnetb1,939,1.0,3
3164,vgg19,350,0.7047271852759325,10
3165,densenet161,939,0.2611850784190904,12
3166,densenet121,350,0.6263678162488967,5
3167,efficientnetb1,550,1.0,3
3168,densenet161,350,0.472733213293796,5
3169,resnet18,939,1.0,2
3170,vgg16,939,0.7455450313368192,10
3171,efficientnetb0,350,1.0,3
3172,efficientnetb1,750,0.7228690296773087,4
3173,densenet161,550,1.0,7
3174,efficientnetb1,350,1.0,3
3175,resnet18,939,0.9772814215247084,3
3176,densenet121,550,0.0,1
3177,efficientnetb1,750,1.0,3
3178,resnet18,550,0.9649971314956884,3
3179,densenet161,350,0.7705044620574577,6
3180,densenet161,939,1.0,6
3181,efficientnetb0,750,1.0,3
3182,efficientnetb0,550,1.0,3
3183,densenet161,750,0.5067219862360387,5
3184,efficientnetb0,350,1.0,3
3185,densenet161,550,0.1068700282907242,4
3186,vgg16,350,0.9150494503700808,13
3187,densenet161,350,0.9422217589427628,7
3188,vgg19,750,0.9783359431256168,14
3189,resnet50,550,0.645703014729161,8
3190,densenet121,939,0.4858756243316292,5
3191,densenet121,550,0.6262433485833546,5
3192,resnet50,939,1.0,6
3193,vgg16,550,0.0,2
3194,resnet18,939,0.9772814215247084,3
3195,resnet18,939,1.0,2
3196,resnet18,750,1.0,2
3197,efficientnetb0,550,0.7484594574197447,4
3198,resnet18,350,0.9463184463728672,2
3199,resnet18,939,0.9772814215247084,3
3200,vgg19,939,0.7537426666757167,12
3201,densenet121,350,0.6263678162488967,5
3202,densenet161,750,0.7754817419817108,6
3203,efficientnetb0,550,1.0,3
3204,resnet18,939,1.0,2
3205,densenet121,750,0.0983602208090902,4
3206,vgg19,939,1.0,15
3207,resnet50,550,0.8215124558966982,7
3208,efficientnetb1,750,1.0,3
3209,densenet121,750,0.6549577219091517,5
3210,resnet50,550,1.0,6
3211,vgg19,350,0.9884623593775808,15
3212,resnet50,750,0.8540914514899219,6
3213,efficientnetb0,550,1.0,3
3214,resnet50,939,1.0,6
3215,resnet18,350,1.0,3
3216,resnet50,550,0.645703014729161,8
3217,densenet161,939,0.2831929044634787,5
3218,densenet121,750,0.6549577219091517,5
3219,efficientnetb1,750,0.7228690296773087,4
3220,densenet161,350,0.7705044620574577,6
3221,densenet121,350,1.0,6
3222,efficientnetb1,939,1.0,3
3223,densenet161,550,0.8307012363387156,6
3224,densenet121,750,1.0,6
3225,vgg16,750,0.0,2
3226,resnet50,550,1.0,6
3227,densenet161,550,0.5735576563250782,5
3228,densenet161,939,0.2831929044634787,5
3229,densenet161,350,0.472733213293796,5
3230,efficientnetb1,939,1.0,3
3231,resnet50,350,0.6807257591827157,8
3232,vgg16,750,0.888612802013523,12
3233,vgg16,750,0.888612802013523,12
3234,resnet50,350,0.8169515861153699,7
3235,vgg19,750,0.9936879963126718,15
3236,resnet18,350,1.0,3
3237,efficientnetb0,750,1.0,3
3238,resnet50,350,0.8169515861153699,7
3239,densenet121,939,0.4858756243316292,5
3240,densenet161,939,0.2831929044634787,5
3241,densenet121,550,0.6262433485833546,5
3242,efficientnetb0,939,1.0,3
3243,efficientnetb1,550,0.5223117533457641,5
3244,efficientnetb1,750,1.0,3
3245,resnet18,939,0.666846850715217,4
3246,vgg16,750,0.7792226912655664,15
3247,densenet161,939,0.2831929044634787,5
3248,efficientnetb1,350,1.0,3
3249,efficientnetb0,939,1.0,3
3250,vgg19,939,1.0,15
3251,densenet121,550,0.6262433485833546,5
3252,efficientnetb0,750,1.0,3
3253,vgg19,350,0.9722792391750928,13
3254,densenet161,750,0.7754817419817108,6
3255,vgg19,939,0.958551617010162,14
3256,vgg16,750,1.0,14
3257,vgg16,350,1.0,12
3258,efficientnetb1,550,1.0,3
3259,densenet161,550,1.0,7
3260,efficientnetb0,550,1.0,3
3261,densenet121,550,1.0,6
3262,vgg19,550,1.0,15
3263,densenet121,939,0.4858756243316292,5
3264,resnet50,750,0.5189759550817877,8
3265,densenet121,350,0.6263678162488967,5
3266,vgg16,750,0.3927521762586766,6
3267,densenet121,750,1.0,6
3268,efficientnetb0,750,1.0,3
3269,densenet121,750,0.6549577219091517,5
3270,efficientnetb1,550,1.0,3
3271,densenet161,750,0.7754817419817108,6
3272,vgg19,350,0.9884623593775808,15
3273,efficientnetb1,550,1.0,3
3274,efficientnetb0,550,0.7484594574197447,4
3275,resnet18,350,0.9463184463728672,2
3276,vgg16,939,1.0,13
3277,densenet121,750,0.6549577219091517,5
3278,resnet18,350,0.9463184463728672,2
3279,vgg19,550,0.93432282209291,16
3280,resnet50,939,0.8017819857800019,7
3281,resnet50,939,1.0,6
3282,densenet121,939,0.0,1
3283,vgg19,550,0.3630539177738009,6
3284,densenet121,550,0.6262433485833546,5
3285,vgg19,939,0.7512707723562208,18
3286,densenet121,939,0.4858756243316292,5
3287,vgg19,350,0.9722792391750928,13
3288,vgg16,750,0.9989474447948092,13
3289,densenet121,939,0.4858756243316292,5
3290,resnet50,350,0.2365622217411404,3
3291,vgg16,350,0.9150494503700808,13
3292,resnet50,550,1.0,6
3293,densenet121,350,1.0,6
3294,efficientnetb1,750,0.5409660759543289,5
3295,densenet121,350,0.0321065308334073,2
3296,efficientnetb1,350,1.0,3
3297,vgg19,750,0.0863442753339673,3
3298,densenet161,550,0.8307012363387156,6
3299,vgg16,750,0.0835468528760409,3
3300,efficientnetb0,550,1.0,3
3301,vgg19,750,0.9783359431256168,14
3302,vgg19,550,0.93699417819052,14
3303,densenet121,939,0.4858756243316292,5
3304,efficientnetb1,939,0.7039994792384792,4
3305,vgg16,350,0.9150494503700808,13
3306,resnet50,350,0.6807257591827157,8
3307,densenet121,750,0.6549577219091517,5
3308,densenet161,939,0.2831929044634787,5
3309,efficientnetb0,939,0.6801221238861833,4
3310,vgg16,350,0.6117716042882734,8
3311,efficientnetb0,350,0.4626689598236604,5
3312,densenet121,350,0.6263678162488967,5
3313,resnet18,939,0.9772814215247084,3
3314,densenet161,939,0.3296837125189169,9
3315,densenet161,350,0.472733213293796,5
3316,efficientnetb0,550,0.290069122860228,2
3317,resnet18,939,0.9772814215247084,3
3318,vgg16,939,0.8568556422949929,11
3319,resnet18,350,1.0,3
3320,efficientnetb0,750,1.0,3
3321,resnet50,350,0.6807257591827157,8
3322,resnet18,939,0.9772814215247084,3
3323,densenet121,939,0.4858756243316292,5
3324,vgg19,550,0.93432282209291,16
3325,efficientnetb0,550,1.0,3
3326,densenet121,750,0.6549577219091517,5
3327,vgg16,750,0.7792226912655664,15
3328,vgg16,550,0.9461219284703368,13
3329,densenet121,350,0.6263678162488967,5
3330,resnet50,550,1.0,6
3331,densenet121,350,0.6263678162488967,5
3332,resnet18,939,1.0,2
3333,resnet50,350,0.6807257591827157,8
3334,resnet50,939,0.6400205520491736,8
3335,resnet50,939,0.6400205520491736,8
3336,efficientnetb1,550,1.0,3
3337,resnet50,350,1.0,6
3338,resnet18,550,0.9649971314956884,3
3339,efficientnetb0,939,0.6801221238861833,4
3340,efficientnetb0,350,1.0,3
3341,vgg19,939,0.783629319224574,17
3342,resnet18,939,1.0,2
3343,vgg16,550,0.9461219284703368,13
3344,resnet50,550,0.8215124558966982,7
3345,densenet161,550,0.8307012363387156,6
3346,densenet161,350,0.472733213293796,5
3347,efficientnetb0,750,1.0,3
3348,efficientnetb0,550,0.7484594574197447,4
3349,efficientnetb0,750,1.0,3
3350,densenet121,750,0.6549577219091517,5
3351,densenet161,750,0.5067219862360387,5
3352,resnet18,550,1.0,2
3353,resnet50,750,0.5189759550817877,8
3354,densenet121,550,0.6262433485833546,5
3355,densenet121,750,0.6549577219091517,5
3356,resnet50,550,0.8215124558966982,7
3357,densenet121,550,0.6262433485833546,5
3358,vgg19,750,0.7555996769548718,17
3359,resnet50,750,1.0,5
3360,efficientnetb0,550,1.0,3
3361,resnet50,350,0.8169515861153699,7
3362,resnet18,750,0.9425112246169725,3
3363,vgg19,550,0.93699417819052,14
3364,resnet18,550,1.0,2
3365,vgg19,350,0.9884623593775808,15
3366,resnet18,550,0.9649971314956884,3
3367,vgg16,750,0.7930687335281449,10
3368,densenet121,939,0.4858756243316292,5
3369,resnet50,550,0.645703014729161,8
3370,vgg16,350,0.9208348165236296,10
3371,efficientnetb0,939,0.6801221238861833,4
3372,resnet18,350,0.9463184463728672,2
3373,densenet161,939,0.8028649279588222,7
3374,vgg19,550,0.93432282209291,16
3375,resnet50,750,0.5189759550817877,8
3376,resnet18,350,0.9463184463728672,2
3377,densenet121,350,0.6263678162488967,5
3378,densenet121,939,1.0,6
3379,efficientnetb0,750,0.4450311925360435,5
3380,densenet161,550,0.8307012363387156,6
3381,vgg19,550,0.93699417819052,14
3382,resnet50,939,0.8017819857800019,7
3383,resnet50,939,0.8017819857800019,7
3384,resnet18,350,0.9463184463728672,2
3385,densenet161,350,0.9422217589427628,7
3386,resnet50,350,1.0,6
3387,efficientnetb1,750,1.0,3
3388,efficientnetb0,550,0.7484594574197447,4
3389,resnet50,750,0.8540914514899219,6
3390,vgg16,750,0.888612802013523,12
3391,densenet121,550,1.0,6
3392,densenet161,750,1.0,7
3393,resnet18,350,0.9463184463728672,2
3394,resnet18,750,1.0,2
3395,resnet50,550,1.0,6
3396,vgg16,750,0.7687574864572922,16
3397,densenet121,750,0.6549577219091517,5
3398,resnet18,939,1.0,2
3399,efficientnetb1,939,1.0,3
3400,vgg16,550,1.0,12
3401,vgg19,939,0.0,2
3402,vgg19,350,1.0,16
3403,efficientnetb0,750,0.6483214388113725,4
3404,resnet50,550,0.8215124558966982,7
3405,resnet18,550,0.5341577662577371,1
3406,densenet161,750,1.0,7
3407,densenet121,550,0.6262433485833546,5
3408,vgg19,939,0.9938700985656802,16
3409,efficientnetb1,550,1.0,3
3410,densenet161,350,0.7705044620574577,6
3411,vgg16,939,0.986973209346794,14
3412,densenet121,939,0.4858756243316292,5
3413,densenet121,350,0.6263678162488967,5
3414,densenet161,550,0.0210735879951949,3
3415,densenet161,750,0.5067219862360387,5
3416,resnet50,350,0.8169515861153699,7
3417,resnet50,750,0.692684175445151,7
3418,densenet121,550,0.6262433485833546,5
3419,efficientnetb1,939,1.0,3
3420,vgg19,750,0.7555996769548718,17
3421,densenet161,550,0.5735576563250782,5
3422,resnet18,550,1.0,2
3423,densenet121,750,0.6549577219091517,5
3424,vgg16,750,0.7930687335281449,10
3425,efficientnetb1,350,1.0,3
3426,densenet121,750,0.6549577219091517,5
3427,vgg16,939,0.8568556422949929,11
3428,resnet50,750,0.692684175445151,7
3429,resnet18,550,0.9649971314956884,3
3430,vgg16,350,0.4552780768214839,7
3431,resnet18,550,0.46598992776295,5
3432,vgg19,939,0.958551617010162,14
3433,efficientnetb0,750,1.0,3
3434,efficientnetb0,550,1.0,3
3435,densenet161,939,0.8028649279588222,7
3436,resnet50,750,0.692684175445151,7
3437,vgg19,750,0.9783359431256168,14
3438,efficientnetb1,750,1.0,3
3439,densenet121,350,0.6263678162488967,5
3440,densenet121,550,0.6262433485833546,5
3441,resnet50,350,0.6807257591827157,8
3442,vgg16,750,0.888612802013523,12
3443,resnet50,350,0.8169515861153699,7
3444,vgg19,550,1.0,15
3445,efficientnetb1,939,1.0,3
3446,resnet18,550,1.0,2
3447,efficientnetb1,550,0.0,1
3448,densenet121,939,0.3516434776147618,8
3449,efficientnetb0,550,0.7484594574197447,4
3450,densenet161,550,0.5735576563250782,5
3451,resnet18,939,1.0,2
3452,vgg16,550,0.9599292331742392,11
3453,densenet161,939,0.8028649279588222,7
3454,efficientnetb0,550,0.290069122860228,2
3455,efficientnetb0,550,1.0,3
3456,densenet161,939,0.2831929044634787,5
3457,resnet18,550,0.46598992776295,5
3458,efficientnetb0,750,1.0,3
3459,efficientnetb1,350,1.0,3
3460,efficientnetb0,750,1.0,3
3461,efficientnetb1,350,1.0,3
3462,densenet161,750,1.0,7
3463,densenet161,550,0.9908784030365078,8
3464,vgg16,750,0.8760175184574507,11
3465,resnet18,350,0.9463184463728672,2
3466,resnet50,350,1.0,6
3467,efficientnetb0,350,1.0,3
3468,vgg16,939,1.0,13
3469,densenet121,750,0.6549577219091517,5
3470,resnet18,939,0.666846850715217,4
3471,densenet121,750,0.4798884872288328,8
3472,densenet121,550,0.0,1
3473,vgg19,350,0.9722792391750928,13
3474,resnet50,939,1.0,6
3475,densenet161,550,0.5735576563250782,5
3476,resnet18,939,0.9772814215247084,3
3477,resnet18,939,1.0,2
3478,vgg16,550,0.9599292331742392,11
3479,densenet121,939,0.0,1
3480,resnet50,939,1.0,6
3481,vgg19,350,0.9884623593775808,15
3482,resnet18,350,0.9463184463728672,2
3483,efficientnetb1,350,1.0,3
3484,efficientnetb1,550,1.0,3
3485,efficientnetb0,939,0.245393377540531,2
3486,densenet121,939,0.4858756243316292,5
3487,densenet121,550,0.1132152876154946,4
3488,vgg16,350,0.9208348165236296,10
3489,densenet161,550,0.5735576563250782,5
3490,efficientnetb1,350,0.5010852886204035,5
3491,efficientnetb1,939,0.2284047954549483,2
3492,efficientnetb1,939,1.0,3
3493,efficientnetb0,939,1.0,3
3494,densenet121,350,0.6263678162488967,5
3495,efficientnetb1,750,0.7228690296773087,4
3496,vgg19,939,0.0,2
3497,densenet161,750,0.0193762853485244,2
3498,densenet161,350,0.0195835026890192,2
3499,vgg19,350,0.4995659680915179,8
3500,efficientnetb1,939,1.0,3
3501,vgg16,550,0.9461219284703368,13
3502,vgg16,939,1.0,13
3503,resnet50,550,0.8215124558966982,7
3504,efficientnetb1,550,1.0,3
3505,densenet161,750,0.5067219862360387,5
3506,densenet161,750,1.0,7
3507,vgg19,350,0.9654136477619172,14
3508,vgg16,550,1.0,12
3509,efficientnetb1,939,1.0,3
3510,resnet50,550,0.4775732514001548,9
3511,vgg16,550,0.6336692532833877,9
3512,efficientnetb1,350,1.0,3
3513,efficientnetb1,550,1.0,3
3514,vgg16,350,1.0,12
3515,vgg16,350,0.6117716042882734,8
3516,efficientnetb0,750,0.6483214388113725,4
3517,efficientnetb0,350,1.0,3
3518,resnet18,550,1.0,2
3519,vgg19,939,0.9938700985656802,16
3520,efficientnetb1,939,1.0,3
3521,vgg19,939,0.9938700985656802,16
3522,densenet121,939,0.4858756243316292,5
3523,densenet161,939,0.2994714122049385,4
3524,densenet121,750,0.6549577219091517,5
3525,densenet161,750,0.0912366792400731,4
3526,densenet121,939,0.4858756243316292,5
3527,densenet161,350,0.7705044620574577,6
3528,densenet161,550,0.8307012363387156,6
3529,resnet18,550,0.9649971314956884,3
3530,vgg19,750,0.9636492577949504,13
3531,efficientnetb0,939,0.6801221238861833,4
3532,densenet161,939,0.2831929044634787,5
3533,vgg16,750,0.9989474447948092,13
3534,efficientnetb0,939,0.6801221238861833,4
3535,densenet161,350,0.0195835026890192,2
3536,vgg16,939,0.8568556422949929,11
3537,resnet50,350,0.8169515861153699,7
3538,vgg16,939,0.7455450313368192,10
3539,densenet121,550,1.0,6
3540,efficientnetb1,750,1.0,3
3541,vgg19,750,0.9783359431256168,14
3542,vgg19,750,0.9936879963126718,15
3543,densenet121,550,0.6262433485833546,5
3544,densenet121,750,0.6549577219091517,5
3545,densenet161,939,0.0018556587877228,3
3546,resnet18,939,1.0,2
3547,vgg19,550,0.93699417819052,14
3548,efficientnetb0,939,1.0,3
3549,resnet18,939,0.9772814215247084,3
3550,densenet121,750,0.6549577219091517,5
3551,densenet121,939,0.4858756243316292,5
3552,efficientnetb1,939,0.7039994792384792,4
3553,vgg16,939,0.986973209346794,14
3554,resnet18,939,1.0,2
3555,resnet18,750,1.0,2
3556,vgg16,750,0.0240042451732625,4
3557,densenet121,750,1.0,6
3558,resnet18,550,0.6805816088044464,4
3559,vgg16,350,0.0238402416290037,2
3560,resnet18,550,0.6805816088044464,4
3561,resnet50,550,0.8215124558966982,7
3562,efficientnetb0,939,1.0,3
3563,efficientnetb0,350,1.0,3
3564,efficientnetb1,939,0.7039994792384792,4
3565,resnet18,939,1.0,2
3566,efficientnetb0,939,0.6801221238861833,4
3567,efficientnetb0,550,0.7484594574197447,4
3568,densenet161,550,1.0,7
3569,vgg19,350,0.7874284582909132,17
3570,resnet18,939,0.9772814215247084,3
3571,resnet18,939,1.0,2
3572,efficientnetb0,350,0.7221681243288518,4
3573,vgg16,939,0.986973209346794,14
3574,vgg16,550,0.9461219284703368,13
3575,resnet18,350,0.9463184463728672,2
3576,efficientnetb1,350,0.7181138626700144,4
3577,vgg16,550,1.0,12
3578,resnet18,750,1.0,2
3579,densenet161,550,0.8307012363387156,6
3580,resnet50,350,1.0,6
3581,efficientnetb0,750,0.6483214388113725,4
3582,resnet18,750,1.0,2
3583,resnet18,750,1.0,2
3584,densenet121,939,0.4858756243316292,5
3585,efficientnetb0,939,1.0,3
3586,efficientnetb0,750,1.0,3
3587,efficientnetb0,350,0.0,1
3588,densenet161,550,1.0,7
3589,densenet121,550,1.0,6
3590,vgg19,750,0.9783359431256168,14
3591,densenet161,939,0.8028649279588222,7
3592,densenet161,939,0.2611850784190904,12
3593,densenet121,939,0.4858756243316292,5
3594,efficientnetb0,939,1.0,3
3595,resnet18,939,1.0,2
3596,resnet18,550,0.9649971314956884,3
3597,densenet121,350,0.6263678162488967,5
3598,vgg16,550,1.0,12
3599,resnet50,750,0.692684175445151,7
3600,densenet121,939,1.0,6
3601,vgg16,939,0.8568556422949929,11
3602,vgg16,750,0.888612802013523,12
3603,densenet121,939,0.4858756243316292,5
3604,densenet161,939,1.0,6
3605,densenet161,750,0.5067219862360387,5
3606,resnet50,939,1.0,6
3607,resnet18,550,1.0,2
3608,vgg16,939,0.8568556422949929,11
3609,vgg19,350,0.9884623593775808,15
3610,efficientnetb0,350,1.0,3
3611,efficientnetb1,939,1.0,3
3612,resnet50,939,0.8017819857800019,7
3613,resnet18,550,1.0,2
3614,densenet121,750,0.6549577219091517,5
3615,vgg16,939,1.0,13
3616,resnet50,350,0.8169515861153699,7
3617,efficientnetb1,939,1.0,3
3618,densenet161,350,1.0,8
3619,efficientnetb1,750,1.0,3
3620,efficientnetb0,939,1.0,3
3621,vgg19,750,0.9636492577949504,13
3622,vgg16,750,0.9989474447948092,13
3623,efficientnetb0,550,1.0,3
3624,densenet161,550,0.0,1
3625,resnet50,350,1.0,6
3626,vgg16,750,0.8760175184574507,11
3627,efficientnetb0,750,1.0,3
3628,efficientnetb1,939,0.0,1
3629,resnet50,939,1.0,6
3630,vgg16,939,0.0,2
3631,vgg19,939,0.958551617010162,14
3632,resnet50,939,0.8017819857800019,7
3633,efficientnetb1,750,1.0,3
3634,vgg16,350,1.0,12
3635,efficientnetb0,939,0.6801221238861833,4
3636,efficientnetb0,550,1.0,3
3637,densenet161,750,0.5067219862360387,5
3638,efficientnetb0,750,1.0,3
3639,efficientnetb0,550,1.0,3
3640,resnet18,350,0.9463184463728672,2
3641,vgg16,350,0.6856932128300365,16
3642,vgg19,750,0.9936879963126718,15
3643,resnet18,939,1.0,2
3644,resnet18,750,1.0,2
3645,vgg19,750,0.7555996769548718,17
3646,vgg16,750,0.7930687335281449,10
3647,resnet18,939,0.666846850715217,4
3648,resnet18,350,0.5048206439889544,5
3649,densenet121,550,0.6262433485833546,5
3650,efficientnetb0,939,1.0,3
3651,vgg16,350,0.9150494503700808,13
3652,resnet50,750,0.5189759550817877,8
3653,vgg19,350,0.9722792391750928,13
3654,vgg19,939,0.3698836387150448,7
3655,densenet161,350,0.0213386295855335,3
3656,efficientnetb1,350,1.0,3
3657,densenet121,550,0.5224277109043235,7
3658,efficientnetb1,939,1.0,3
3659,vgg19,939,0.958551617010162,14
3660,efficientnetb0,750,1.0,3
3661,densenet121,939,0.4858756243316292,5
3662,densenet161,550,1.0,7
3663,efficientnetb0,350,1.0,3
3664,densenet161,939,0.0018556587877228,3
3665,vgg19,350,0.7647138013706365,12
3666,resnet50,350,0.8830285561177872,5
3667,resnet50,350,1.0,6
3668,resnet18,939,1.0,2
3669,efficientnetb0,550,1.0,3
3670,vgg16,939,0.4173293874259716,5
3671,densenet121,750,0.6549577219091517,5
3672,efficientnetb1,550,0.6878389778024664,4
3673,densenet161,939,0.2831929044634787,5
3674,densenet161,550,1.0,7
3675,resnet50,750,0.692684175445151,7
3676,vgg19,939,0.9322438807363724,13
3677,densenet161,350,0.7705044620574577,6
3678,densenet121,750,0.6549577219091517,5
3679,resnet18,350,1.0,3
3680,densenet121,939,0.4858756243316292,5
3681,efficientnetb0,550,1.0,3
3682,densenet121,350,0.6263678162488967,5
3683,densenet121,750,0.6549577219091517,5
3684,vgg19,350,0.9884623593775808,15
3685,densenet161,350,0.472733213293796,5
3686,densenet161,939,0.0,2
3687,vgg19,350,0.9654136477619172,14
3688,vgg16,750,0.888612802013523,12
3689,vgg19,350,0.7874284582909132,17
3690,densenet121,939,0.4858756243316292,5
3691,resnet18,750,0.9425112246169725,3
3692,densenet161,350,0.472733213293796,5
3693,densenet121,550,0.6262433485833546,5
3694,vgg16,750,0.0,2
3695,densenet121,939,0.4858756243316292,5
3696,resnet18,939,0.9772814215247084,3
3697,efficientnetb1,350,1.0,3
3698,efficientnetb0,350,0.4626689598236604,5
3699,resnet50,939,0.6400205520491736,8
3700,resnet50,939,0.8017819857800019,7
3701,efficientnetb0,750,1.0,3
3702,resnet50,550,0.645703014729161,8
3703,resnet50,939,0.8017819857800019,7
3704,efficientnetb0,350,0.7221681243288518,4
3705,resnet18,750,0.9425112246169725,3
3706,densenet161,750,0.5067219862360387,5
3707,densenet121,350,0.6263678162488967,5
3708,vgg19,550,1.0,15
3709,resnet50,939,1.0,6
3710,densenet161,550,0.8307012363387156,6
3711,efficientnetb1,350,1.0,3
3712,densenet121,550,0.0,1
3713,vgg16,350,1.0,12
3714,densenet161,350,0.472733213293796,5
3715,densenet121,350,0.6263678162488967,5
3716,densenet121,550,1.0,6
3717,efficientnetb0,550,1.0,3
3718,densenet161,350,0.9422217589427628,7
3719,densenet121,939,0.4858756243316292,5
3720,resnet18,550,1.0,2
3721,densenet161,750,1.0,7
3722,densenet161,550,0.8307012363387156,6
3723,vgg19,750,0.9636492577949504,13
3724,resnet18,350,1.0,3
3725,resnet18,350,0.9463184463728672,2
3726,vgg16,350,0.9208348165236296,10
3727,resnet18,939,1.0,2
3728,resnet50,750,0.098265786808133,1
3729,densenet121,939,0.4858756243316292,5
3730,densenet161,350,0.9422217589427628,7
3731,densenet161,350,0.9422217589427628,7
3732,vgg16,550,0.9599292331742392,11
3733,vgg19,350,0.9884623593775808,15
3734,vgg19,939,0.9938700985656802,16
3735,vgg16,750,0.888612802013523,12
3736,efficientnetb0,350,1.0,3
3737,efficientnetb1,550,1.0,3
3738,efficientnetb0,550,1.0,3
3739,efficientnetb1,350,1.0,3
3740,densenet161,550,0.8307012363387156,6
3741,resnet18,350,0.9463184463728672,2
3742,densenet161,939,0.8028649279588222,7
3743,resnet50,939,1.0,6
3744,resnet50,550,0.8501913432605966,5
3745,efficientnetb1,750,1.0,3
3746,densenet161,750,1.0,7
3747,densenet121,550,0.0266970250369456,2
3748,densenet121,939,0.4858756243316292,5
3749,vgg19,939,1.0,15
3750,resnet18,350,0.9463184463728672,2
3751,vgg16,939,0.5519575390300896,9
3752,vgg16,939,0.8548072768189431,12
3753,densenet161,350,0.9422217589427628,7
3754,densenet121,750,0.6549577219091517,5
3755,efficientnetb1,750,1.0,3
3756,densenet161,939,0.8028649279588222,7
3757,efficientnetb1,350,1.0,3
3758,vgg19,350,0.9884623593775808,15
3759,densenet121,939,0.4858756243316292,5
3760,densenet161,350,0.0606109279047736,12
3761,efficientnetb1,350,1.0,3
3762,vgg16,550,0.9461219284703368,13
3763,resnet50,350,0.8169515861153699,7
3764,efficientnetb0,350,1.0,3
3765,vgg16,550,0.9599292331742392,11
3766,efficientnetb1,350,0.2323535341648464,2
3767,vgg19,550,1.0,15
3768,resnet50,750,0.5189759550817877,8
3769,densenet161,350,0.1012991674218925,4
3770,densenet161,939,1.0,6
3771,efficientnetb1,350,1.0,3
3772,resnet18,550,1.0,2
3773,densenet161,939,1.0,6
3774,resnet50,350,0.8169515861153699,7
3775,efficientnetb0,550,1.0,3
3776,efficientnetb1,750,0.7228690296773087,4
3777,efficientnetb0,350,1.0,3
3778,vgg16,939,0.8568556422949929,11
3779,densenet121,750,0.6549577219091517,5
3780,densenet161,939,0.8028649279588222,7
3781,resnet50,750,0.8540914514899219,6
3782,vgg19,750,0.9936879963126718,15
3783,efficientnetb1,350,0.7181138626700144,4
3784,efficientnetb1,350,0.7181138626700144,4
3785,densenet161,350,0.9422217589427628,7
3786,resnet18,350,0.9463184463728672,2
3787,resnet18,750,1.0,2
3788,vgg19,350,0.7439023030951907,11
3789,vgg19,550,1.0,15
3790,efficientnetb0,939,1.0,3
3791,densenet121,750,1.0,6
3792,densenet161,750,0.5067219862360387,5
3793,efficientnetb0,550,1.0,3
3794,vgg16,550,0.9461219284703368,13
3795,densenet161,750,0.9225205659416632,8
3796,efficientnetb1,550,1.0,3
3797,resnet18,750,1.0,2
3798,densenet121,939,0.4858756243316292,5
3799,vgg16,350,0.968053827189964,11
3800,efficientnetb0,939,1.0,3
3801,efficientnetb1,350,1.0,3
3802,densenet121,750,0.6549577219091517,5
3803,efficientnetb1,939,1.0,3
3804,resnet50,350,1.0,6
3805,efficientnetb1,750,1.0,3
3806,efficientnetb0,750,0.6483214388113725,4
3807,resnet50,350,1.0,6
3808,vgg16,350,0.9208348165236296,10
3809,resnet18,939,1.0,2
3810,densenet121,750,0.6549577219091517,5
3811,densenet121,550,0.6262433485833546,5
3812,resnet18,750,1.0,2
3813,vgg19,350,0.7874284582909132,17
3814,vgg16,939,1.0,13
3815,efficientnetb1,939,0.7039994792384792,4
3816,densenet121,550,1.0,6
3817,vgg16,350,0.6122688308267832,9
3818,efficientnetb1,750,1.0,3
3819,densenet121,939,0.4858756243316292,5
3820,densenet161,350,0.472733213293796,5
3821,resnet18,350,0.9463184463728672,2
3822,densenet121,550,0.6262433485833546,5
3823,vgg16,550,0.9461219284703368,13
3824,efficientnetb0,550,1.0,3
3825,densenet121,939,1.0,6
3826,resnet18,939,1.0,2
3827,densenet161,750,0.5067219862360387,5
3828,vgg16,350,0.9208348165236296,10
3829,resnet18,750,0.9425112246169725,3
3830,efficientnetb1,550,1.0,3
3831,efficientnetb1,350,1.0,3
3832,vgg19,550,0.7587179131016882,12
3833,densenet121,939,0.4858756243316292,5
3834,resnet50,350,0.8169515861153699,7
3835,densenet121,550,0.6262433485833546,5
3836,vgg19,350,0.9722792391750928,13
3837,resnet50,350,0.8830285561177872,5
3838,vgg19,350,1.0,16
3839,efficientnetb0,550,0.7484594574197447,4
3840,densenet121,939,0.4858756243316292,5
3841,densenet121,939,1.0,6
3842,resnet18,750,1.0,2
3843,efficientnetb0,550,1.0,3
3844,densenet121,550,1.0,6
3845,densenet121,939,0.4858756243316292,5
3846,resnet18,350,1.0,3
3847,densenet161,550,0.5735576563250782,5
3848,densenet161,750,0.5067219862360387,5
3849,densenet121,939,0.4858756243316292,5
3850,densenet121,939,0.4858756243316292,5
3851,efficientnetb0,350,1.0,3
3852,vgg19,350,0.1104026426586838,3
3853,vgg19,550,1.0,15
3854,resnet18,550,1.0,2
3855,efficientnetb0,939,1.0,3
3856,efficientnetb0,750,1.0,3
3857,resnet18,550,1.0,2
3858,efficientnetb0,939,1.0,3
3859,vgg16,939,0.986973209346794,14
3860,vgg16,550,0.9599292331742392,11
3861,resnet18,350,0.9463184463728672,2
3862,vgg16,750,0.8760175184574507,11
3863,vgg19,350,0.9884623593775808,15
3864,densenet121,550,0.6262433485833546,5
3865,densenet161,550,0.5735576563250782,5
3866,resnet50,550,0.4611472962789475,4
3867,resnet18,550,1.0,2
3868,densenet161,550,0.1068700282907242,4
3869,resnet18,750,1.0,2
3870,resnet50,750,0.8540914514899219,6
3871,efficientnetb0,750,1.0,3
3872,efficientnetb1,939,1.0,3
3873,efficientnetb1,350,1.0,3
3874,resnet18,750,1.0,2
3875,efficientnetb0,939,1.0,3
3876,densenet161,939,0.9380901386244868,8
3877,resnet18,350,0.9463184463728672,2
3878,efficientnetb1,939,1.0,3
3879,densenet121,550,0.6262433485833546,5
3880,efficientnetb0,939,1.0,3
3881,efficientnetb1,350,1.0,3
3882,efficientnetb0,350,1.0,3
3883,resnet18,750,1.0,2
3884,densenet161,350,0.1012991674218925,4
3885,densenet121,350,0.6263678162488967,5
3886,vgg19,750,0.9936879963126718,15
3887,efficientnetb1,550,1.0,3
3888,resnet50,550,0.8215124558966982,7
3889,efficientnetb0,550,1.0,3
3890,resnet18,350,0.9463184463728672,2
3891,vgg16,350,0.6117716042882734,8
3892,resnet18,350,1.0,3
3893,vgg16,750,0.8760175184574507,11
3894,efficientnetb1,350,1.0,3
3895,efficientnetb1,350,1.0,3
3896,resnet18,350,0.9463184463728672,2
3897,vgg16,750,0.8760175184574507,11
3898,densenet121,350,0.6263678162488967,5
3899,densenet121,550,0.5224277109043235,7
3900,resnet50,550,0.8215124558966982,7
3901,efficientnetb0,550,1.0,3
3902,densenet121,550,0.6262433485833546,5
3903,resnet50,350,0.6807257591827157,8
3904,efficientnetb1,750,0.7228690296773087,4
3905,densenet161,550,0.9908784030365078,8
3906,efficientnetb0,939,1.0,3
3907,efficientnetb0,750,1.0,3
3908,vgg19,939,1.0,15
3909,efficientnetb1,750,0.7228690296773087,4
3910,resnet50,350,1.0,6
3911,resnet50,750,0.692684175445151,7
3912,resnet50,550,0.4611472962789475,4
3913,efficientnetb0,350,1.0,3
3914,efficientnetb1,350,0.7181138626700144,4
3915,resnet18,939,1.0,2
3916,resnet50,939,1.0,6
3917,vgg16,750,0.9989474447948092,13
3918,vgg16,550,0.9599292331742392,11
3919,efficientnetb0,550,1.0,3
3920,vgg16,550,0.9461219284703368,13
3921,densenet161,550,1.0,7
3922,densenet121,550,1.0,6
3923,densenet121,939,0.4858756243316292,5
3924,vgg16,550,0.9599292331742392,11
3925,resnet18,550,1.0,2
3926,efficientnetb0,939,1.0,3
3927,vgg19,750,0.6673220941960659,10
3928,efficientnetb1,939,1.0,3
3929,efficientnetb0,750,1.0,3
3930,vgg19,939,0.958551617010162,14
3931,densenet121,750,1.0,6
3932,efficientnetb1,550,1.0,3
3933,efficientnetb1,750,1.0,3
3934,densenet161,350,0.7705044620574577,6
3935,vgg19,350,0.9884623593775808,15
3936,resnet18,750,0.9425112246169725,3
3937,densenet161,550,1.0,7
3938,vgg19,750,0.7549293405793684,12
3939,resnet18,350,1.0,3
3940,vgg16,350,0.4955592672941035,5
3941,densenet161,939,0.8028649279588222,7
3942,efficientnetb1,750,0.7228690296773087,4
3943,resnet50,350,0.8169515861153699,7
3944,densenet161,939,1.0,6
3945,efficientnetb1,550,0.6878389778024664,4
3946,efficientnetb1,750,0.7228690296773087,4
3947,vgg19,750,0.9936879963126718,15
3948,vgg19,550,0.9153142027929496,13
3949,resnet18,350,0.9463184463728672,2
3950,resnet18,550,0.9649971314956884,3
3951,efficientnetb1,750,1.0,3
3952,efficientnetb0,550,1.0,3
3953,resnet50,939,1.0,6
3954,densenet161,550,0.5735576563250782,5
3955,densenet161,550,1.0,7
3956,efficientnetb1,550,1.0,3
3957,vgg19,939,0.9322438807363724,13
3958,efficientnetb1,550,0.0,1
3959,densenet121,550,0.6262433485833546,5
3960,efficientnetb1,350,1.0,3
3961,densenet121,750,0.6549577219091517,5
3962,resnet50,750,0.692684175445151,7
3963,densenet121,939,0.4858756243316292,5
3964,resnet18,550,0.9649971314956884,3
3965,densenet161,939,0.8028649279588222,7
3966,efficientnetb0,350,0.7221681243288518,4
3967,vgg16,750,0.888612802013523,12
3968,densenet161,939,0.2831929044634787,5
3969,resnet18,550,1.0,2
3970,densenet121,350,1.0,6
3971,efficientnetb1,550,1.0,3
3972,resnet50,750,0.8540914514899219,6
3973,resnet18,939,1.0,2
3974,vgg16,550,0.9599292331742392,11
3975,efficientnetb1,550,1.0,3
3976,resnet18,939,1.0,2
3977,efficientnetb1,350,0.7181138626700144,4
3978,densenet161,550,0.8307012363387156,6
3979,efficientnetb1,750,1.0,3
3980,vgg19,350,0.9654136477619172,14
3981,efficientnetb0,550,1.0,3
3982,efficientnetb1,550,1.0,3
3983,densenet121,750,1.0,6
3984,vgg16,939,0.8568556422949929,11
3985,vgg16,350,0.9150494503700808,13
3986,densenet121,350,0.0,1
3987,efficientnetb0,550,0.7484594574197447,4
3988,densenet121,550,0.0266970250369456,2
3989,vgg16,750,0.9989474447948092,13
3990,efficientnetb1,350,1.0,3
3991,densenet121,550,0.6262433485833546,5
3992,densenet161,939,1.0,6
3993,densenet121,750,0.6549577219091517,5
3994,densenet121,350,0.6263678162488967,5
3995,efficientnetb0,750,1.0,3
3996,densenet121,350,0.6263678162488967,5
3997,efficientnetb0,350,1.0,3
3998,efficientnetb0,939,1.0,3
3999,densenet121,750,0.6549577219091517,5
4000,resnet50,750,0.692684175445151,7
4001,efficientnetb0,350,1.0,3
4002,efficientnetb1,550,1.0,3
4003,densenet161,750,0.5067219862360387,5
4004,densenet161,350,0.9422217589427628,7
4005,vgg19,750,0.9636492577949504,13
4006,resnet50,550,0.8215124558966982,7
4007,efficientnetb0,350,1.0,3
4008,efficientnetb1,350,1.0,3
4009,densenet161,350,0.7705044620574577,6
4010,densenet121,350,0.6263678162488967,5
4011,efficientnetb0,550,1.0,3
4012,densenet121,550,0.6262433485833546,5
4013,vgg16,550,0.9461219284703368,13
4014,densenet121,350,0.6263678162488967,5
4015,densenet161,750,0.0408796516625536,12
4016,densenet121,550,0.6262433485833546,5
4017,densenet121,550,1.0,6
4018,resnet18,550,1.0,2
4019,vgg16,350,0.0713714441743471,3
4020,resnet18,350,1.0,3
4021,resnet50,939,0.8017819857800019,7
4022,efficientnetb0,350,1.0,3
4023,vgg19,350,0.9884623593775808,15
4024,densenet121,350,0.6263678162488967,5
4025,resnet18,750,1.0,2
4026,resnet50,939,0.1412757250508847,2
4027,densenet161,350,0.0606109279047736,12
4028,vgg19,939,1.0,15
4029,vgg16,550,0.9599292331742392,11
4030,vgg19,350,0.9884623593775808,15
4031,densenet161,939,0.0018556587877228,3
4032,resnet18,939,1.0,2
4033,resnet50,350,0.5125994165201655,9
4034,densenet161,550,0.9908784030365078,8
4035,vgg19,750,0.9783359431256168,14
4036,efficientnetb0,750,0.6483214388113725,4
4037,densenet161,350,0.472733213293796,5
4038,densenet121,550,0.6262433485833546,5
4039,efficientnetb1,750,1.0,3
4040,resnet18,939,1.0,2
4041,vgg16,550,0.941205716630206,14
4042,efficientnetb1,550,1.0,3
4043,efficientnetb1,350,1.0,3
4044,efficientnetb0,939,0.6801221238861833,4
4045,densenet121,939,0.4858756243316292,5
4046,efficientnetb0,750,0.6483214388113725,4
4047,vgg16,550,0.9599292331742392,11
4048,efficientnetb0,550,1.0,3
4049,efficientnetb0,750,0.6483214388113725,4
4050,efficientnetb0,939,0.6801221238861833,4
4051,efficientnetb1,350,0.7181138626700144,4
4052,vgg16,750,0.8760175184574507,11
4053,resnet50,750,0.5189759550817877,8
4054,vgg19,350,0.9884623593775808,15
4055,efficientnetb0,350,1.0,3
4056,resnet18,750,1.0,2
4057,vgg16,350,0.9277415950475124,14
4058,densenet161,550,1.0,7
4059,resnet18,939,1.0,2
4060,efficientnetb0,350,0.7221681243288518,4
4061,vgg19,750,0.9636492577949504,13
4062,efficientnetb0,550,1.0,3
4063,efficientnetb1,939,0.7039994792384792,4
4064,efficientnetb0,750,0.6483214388113725,4
4065,efficientnetb0,350,1.0,3
4066,efficientnetb1,350,1.0,3
4067,efficientnetb0,939,1.0,3
4068,resnet50,939,1.0,6
4069,vgg19,350,0.0047515404264518,2
4070,efficientnetb1,350,1.0,3
4071,efficientnetb1,939,1.0,3
4072,efficientnetb0,350,0.7221681243288518,4
4073,efficientnetb1,550,1.0,3
4074,vgg19,939,0.0,2
4075,densenet161,939,0.2831929044634787,5
4076,resnet50,750,0.8540914514899219,6
4077,densenet121,350,0.6263678162488967,5
4078,efficientnetb0,750,1.0,3
4079,resnet18,939,1.0,2
4080,efficientnetb1,350,1.0,3
4081,densenet121,550,0.6262433485833546,5
4082,vgg16,350,0.9208348165236296,10
4083,vgg19,750,0.9936879963126718,15
4084,resnet50,939,1.0,6
4085,efficientnetb1,939,0.7039994792384792,4
4086,densenet161,750,0.5067219862360387,5
4087,efficientnetb1,750,1.0,3
4088,densenet121,939,0.4858756243316292,5
4089,efficientnetb0,939,1.0,3
4090,vgg19,750,0.9636492577949504,13
4091,vgg19,939,0.9322438807363724,13
4092,vgg19,939,0.9938700985656802,16
4093,resnet50,939,0.6400205520491736,8
4094,resnet50,550,0.8215124558966982,7
4095,vgg16,939,0.986973209346794,14
4096,densenet161,550,0.9908784030365078,8
4097,efficientnetb0,750,1.0,3
4098,efficientnetb0,939,1.0,3
4099,densenet121,350,1.0,6
4100,efficientnetb0,350,1.0,3
4101,efficientnetb0,550,1.0,3
4102,vgg19,350,0.0,1
4103,densenet121,350,0.6263678162488967,5
4104,vgg16,750,0.9989474447948092,13
4105,vgg19,350,0.9654136477619172,14
4106,efficientnetb1,550,1.0,3
4107,resnet50,550,1.0,6
4108,resnet18,550,1.0,2
4109,vgg16,550,0.9461219284703368,13
4110,vgg16,550,0.9599292331742392,11
4111,efficientnetb0,550,0.290069122860228,2
4112,densenet121,939,0.4858756243316292,5
4113,vgg19,550,0.3992057636441661,5
4114,densenet161,939,0.2994714122049385,4
4115,resnet50,750,0.8540914514899219,6
4116,efficientnetb0,939,1.0,3
4117,efficientnetb1,750,1.0,3
4118,densenet161,939,0.2611850784190904,12
4119,densenet161,750,0.7754817419817108,6
4120,densenet121,939,0.4858756243316292,5
4121,efficientnetb0,939,1.0,3
4122,densenet161,750,0.0355493113357071,3
4123,vgg19,350,0.9884623593775808,15
4124,efficientnetb1,939,1.0,3
4125,densenet161,750,1.0,7
4126,vgg19,750,0.9936879963126718,15
4127,densenet161,750,1.0,7
4128,resnet50,750,0.8540914514899219,6
4129,densenet121,750,0.6549577219091517,5
4130,resnet50,550,0.8215124558966982,7
4131,resnet50,939,0.8017819857800019,7
4132,densenet121,350,0.6263678162488967,5
4133,densenet121,750,0.6549577219091517,5
4134,vgg19,939,0.9938700985656802,16
4135,vgg19,939,1.0,15
4136,resnet50,750,0.8540914514899219,6
4137,efficientnetb0,939,1.0,3
4138,efficientnetb1,350,1.0,3
4139,vgg16,550,1.0,12
4140,densenet121,939,0.4858756243316292,5
4141,vgg16,350,0.968053827189964,11
4142,densenet161,750,1.0,7
4143,efficientnetb0,750,1.0,3
4144,efficientnetb1,939,0.2284047954549483,2
4145,resnet50,550,1.0,6
4146,vgg19,550,0.9153142027929496,13
4147,densenet121,939,0.4858756243316292,5
4148,vgg16,350,0.9208348165236296,10
4149,densenet161,939,0.8028649279588222,7
4150,densenet121,750,0.6549577219091517,5
4151,efficientnetb0,350,1.0,3
4152,vgg19,750,1.0,16
4153,vgg16,750,0.8760175184574507,11
4154,efficientnetb0,939,1.0,3
4155,vgg16,939,0.8548072768189431,12
4156,vgg19,939,1.0,15
4157,resnet50,750,0.8540914514899219,6
4158,vgg19,750,0.9636492577949504,13
4159,resnet50,550,0.8215124558966982,7
4160,efficientnetb0,350,1.0,3
4161,efficientnetb0,350,1.0,3
4162,resnet50,350,0.8169515861153699,7
4163,densenet161,939,0.2611850784190904,12
4164,efficientnetb1,750,1.0,3
4165,vgg19,350,0.7874284582909132,17
4166,vgg19,350,0.9654136477619172,14
4167,densenet161,750,0.5067219862360387,5
4168,densenet121,350,0.6263678162488967,5
4169,vgg19,350,0.9884623593775808,15
4170,vgg16,550,0.9461219284703368,13
4171,efficientnetb0,350,1.0,3
4172,vgg16,939,1.0,13
4173,densenet121,550,1.0,6
4174,resnet50,939,1.0,6
4175,resnet18,350,0.9463184463728672,2
4176,resnet18,939,1.0,2
4177,vgg16,550,0.4554756020263791,7
4178,vgg16,939,0.8568556422949929,11
4179,resnet50,939,1.0,6
4180,efficientnetb0,350,0.7221681243288518,4
4181,vgg16,550,0.9599292331742392,11
4182,densenet121,550,1.0,6
4183,efficientnetb1,350,1.0,3
4184,efficientnetb0,550,0.7484594574197447,4
4185,vgg19,750,0.9783359431256168,14
4186,efficientnetb1,550,1.0,3
4187,vgg16,550,0.0,2
4188,efficientnetb1,750,0.7228690296773087,4
4189,resnet18,550,1.0,2
4190,efficientnetb1,939,1.0,3
4191,vgg19,550,1.0,15
4192,resnet18,350,0.9463184463728672,2
4193,densenet121,350,0.6263678162488967,5
4194,efficientnetb0,750,0.6483214388113725,4
4195,densenet161,939,1.0,6
4196,vgg16,939,1.0,13
4197,efficientnetb0,350,1.0,3
4198,densenet161,550,1.0,7
4199,vgg19,350,0.9722792391750928,13
4200,resnet50,939,1.0,6
4201,efficientnetb0,939,1.0,3
4202,efficientnetb1,350,0.2323535341648464,2
4203,efficientnetb0,350,1.0,3
4204,vgg19,550,1.0,15
4205,resnet18,350,0.9463184463728672,2
4206,vgg19,750,0.9783359431256168,14
4207,efficientnetb0,750,1.0,3
4208,vgg19,550,1.0,15
4209,densenet121,939,0.4858756243316292,5
4210,resnet50,939,1.0,6
4211,efficientnetb1,550,0.2436659344100393,2
4212,resnet50,550,1.0,6
4213,efficientnetb0,750,0.0,1
4214,vgg16,350,0.9277415950475124,14
4215,resnet18,939,1.0,2
4216,densenet121,750,0.6549577219091517,5
4217,resnet18,750,1.0,2
4218,vgg16,550,0.9461219284703368,13
4219,efficientnetb0,350,1.0,3
4220,vgg16,750,0.6199568106045172,9
4221,resnet50,550,1.0,6
4222,resnet18,350,1.0,3
4223,resnet18,350,0.9463184463728672,2
4224,densenet121,550,0.6262433485833546,5
4225,densenet121,550,0.6262433485833546,5
4226,resnet18,550,1.0,2
4227,resnet50,750,0.8540914514899219,6
4228,efficientnetb0,939,1.0,3
4229,efficientnetb0,939,1.0,3
4230,efficientnetb0,939,0.245393377540531,2
4231,resnet50,350,0.6807257591827157,8
4232,efficientnetb0,750,1.0,3
4233,vgg19,939,0.958551617010162,14
4234,efficientnetb1,750,1.0,3
4235,vgg16,550,0.9599292331742392,11
4236,resnet50,939,0.8248723661787692,5
4237,densenet161,750,0.0912366792400731,4
4238,efficientnetb0,939,1.0,3
4239,vgg19,750,0.9936879963126718,15
4240,resnet18,939,1.0,2
4241,resnet18,350,0.9463184463728672,2
4242,vgg16,350,0.968053827189964,11
4243,resnet18,939,0.9772814215247084,3
4244,resnet18,550,0.9649971314956884,3
4245,resnet50,550,0.2772450699669692,3
4246,vgg16,350,1.0,12
4247,efficientnetb1,750,1.0,3
4248,resnet18,750,1.0,2
4249,vgg19,750,1.0,16
4250,efficientnetb0,939,0.6801221238861833,4
4251,vgg16,350,0.9150494503700808,13
4252,resnet18,750,1.0,2
4253,densenet121,350,0.529578650458239,8
4254,vgg19,750,0.9636492577949504,13
4255,vgg19,350,0.4842986650150916,9
4256,resnet18,750,1.0,2
4257,resnet18,750,1.0,2
4258,efficientnetb0,550,0.5319033905566624,5
4259,densenet161,350,0.472733213293796,5
4260,efficientnetb1,939,1.0,3
4261,efficientnetb1,750,1.0,3
4262,efficientnetb0,939,1.0,3
4263,resnet50,550,1.0,6
4264,vgg16,750,0.7930687335281449,10
4265,densenet121,550,0.6262433485833546,5
4266,resnet50,350,1.0,6
4267,resnet18,350,0.9463184463728672,2
4268,densenet161,350,0.0606109279047736,12
4269,efficientnetb0,750,0.221102352041803,2
4270,densenet161,350,0.9422217589427628,7
4271,vgg19,550,1.0,15
4272,resnet18,550,0.9649971314956884,3
4273,efficientnetb1,550,1.0,3
4274,vgg16,750,0.7930687335281449,10
4275,densenet121,350,0.6263678162488967,5
4276,efficientnetb1,550,0.2436659344100393,2
4277,vgg16,750,0.888612802013523,12
4278,densenet161,550,0.9908784030365078,8
4279,efficientnetb0,939,1.0,3
4280,densenet121,939,0.4858756243316292,5
4281,efficientnetb1,350,0.5010852886204035,5
4282,vgg16,550,1.0,12
4283,resnet50,939,1.0,6
4284,vgg16,750,0.9989474447948092,13
4285,vgg16,939,0.8568556422949929,11
4286,vgg16,939,0.5519575390300896,9
4287,resnet18,350,0.9463184463728672,2
4288,vgg16,750,0.7930687335281449,10
4289,resnet18,550,1.0,2
4290,densenet161,350,0.0,1
4291,densenet161,350,0.0606109279047736,12
4292,efficientnetb0,350,0.7221681243288518,4
4293,densenet161,750,1.0,7
4294,resnet50,750,0.692684175445151,7
4295,resnet18,939,0.666846850715217,4
4296,resnet50,550,1.0,6
4297,vgg16,550,0.9599292331742392,11
4298,densenet161,550,0.5735576563250782,5
4299,vgg19,550,1.0,15
4300,vgg16,350,0.0713714441743471,3
4301,vgg19,939,0.958551617010162,14
4302,densenet121,750,1.0,6
4303,efficientnetb0,550,1.0,3
4304,efficientnetb0,550,1.0,3
4305,vgg16,350,0.9150494503700808,13
4306,efficientnetb1,550,1.0,3
4307,efficientnetb0,350,1.0,3
4308,densenet121,750,1.0,6
4309,vgg16,750,0.9989474447948092,13
4310,efficientnetb1,750,0.7228690296773087,4
4311,densenet121,750,0.6549577219091517,5
4312,vgg16,350,1.0,12
4313,efficientnetb1,939,1.0,3
4314,densenet121,939,0.4858756243316292,5
4315,vgg19,550,1.0,15
4316,vgg16,350,1.0,12
4317,resnet18,939,1.0,2
4318,densenet161,750,0.7754817419817108,6
4319,resnet50,350,1.0,6
4320,efficientnetb1,350,1.0,3
4321,efficientnetb1,550,0.2436659344100393,2
4322,vgg19,939,1.0,15
4323,vgg16,750,0.9989474447948092,13
4324,efficientnetb1,550,1.0,3
4325,efficientnetb1,350,1.0,3
4326,resnet18,939,0.666846850715217,4
4327,vgg16,750,0.9989474447948092,13
4328,densenet121,550,0.6262433485833546,5
4329,resnet50,550,0.8215124558966982,7
4330,resnet50,350,0.8169515861153699,7
4331,densenet121,939,1.0,6
4332,densenet161,350,0.9422217589427628,7
4333,vgg16,750,0.9989474447948092,13
4334,vgg16,750,0.9989474447948092,13
4335,resnet18,550,1.0,2
4336,efficientnetb1,750,1.0,3
4337,vgg16,939,1.0,13
4338,efficientnetb1,350,0.7181138626700144,4
4339,densenet161,939,0.8028649279588222,7
4340,resnet18,350,0.9463184463728672,2
4341,densenet161,750,0.0408796516625536,12
4342,efficientnetb1,550,1.0,3
4343,densenet161,939,1.0,6
4344,densenet121,350,1.0,6
4345,resnet50,750,0.8540914514899219,6
4346,vgg16,550,0.9461219284703368,13
4347,densenet161,750,0.5067219862360387,5
4348,efficientnetb1,350,1.0,3
4349,efficientnetb1,939,1.0,3
4350,vgg19,550,1.0,15
4351,densenet121,939,0.4858756243316292,5
4352,resnet18,350,0.9463184463728672,2
4353,densenet161,939,0.8028649279588222,7
4354,efficientnetb1,350,1.0,3
4355,efficientnetb0,939,1.0,3
4356,resnet18,750,1.0,2
4357,resnet18,939,1.0,2
4358,vgg19,350,0.9884623593775808,15
4359,efficientnetb1,350,0.7181138626700144,4
4360,efficientnetb0,939,1.0,3
4361,densenet121,750,0.6549577219091517,5
4362,resnet50,750,0.8540914514899219,6
4363,densenet121,350,0.6263678162488967,5
4364,resnet50,350,0.8169515861153699,7
4365,densenet121,939,1.0,6
4366,vgg16,550,0.4337023661646058,6
4367,vgg16,750,0.8760175184574507,11
4368,resnet50,550,1.0,6
4369,resnet18,939,1.0,2
4370,densenet121,939,1.0,6
4371,resnet18,939,1.0,2
4372,vgg19,750,0.3776216428097246,7
4373,efficientnetb1,939,1.0,3
4374,resnet50,939,0.8017819857800019,7
4375,densenet161,939,0.8028649279588222,7
4376,densenet161,550,1.0,7
4377,vgg16,550,0.9461219284703368,13
4378,vgg16,939,1.0,13
4379,efficientnetb0,550,1.0,3
4380,vgg19,750,0.9936879963126718,15
4381,efficientnetb1,550,0.6878389778024664,4
4382,efficientnetb1,350,1.0,3
4383,vgg16,750,0.8760175184574507,11
4384,vgg19,750,1.0,16
4385,densenet121,550,0.0267032533330688,3
4386,vgg16,750,0.9989474447948092,13
4387,densenet121,350,1.0,6
4388,densenet161,750,1.0,7
4389,resnet50,350,0.8169515861153699,7
4390,vgg16,750,0.8760175184574507,11
4391,densenet161,939,0.8028649279588222,7
4392,vgg16,750,0.888612802013523,12
4393,efficientnetb0,750,1.0,3
4394,efficientnetb1,550,1.0,3
4395,efficientnetb1,550,1.0,3
4396,densenet161,550,0.8307012363387156,6
4397,densenet121,939,0.4858756243316292,5
4398,resnet50,350,0.8169515861153699,7
4399,densenet161,939,0.0018556587877228,3
4400,vgg16,939,0.7455450313368192,10
4401,vgg19,350,0.9884623593775808,15
4402,resnet50,350,1.0,6
4403,efficientnetb1,939,0.7039994792384792,4
4404,vgg16,350,0.9277415950475124,14
4405,densenet121,550,0.6262433485833546,5
4406,densenet121,939,1.0,6
4407,resnet50,939,1.0,6
4408,resnet50,939,1.0,6
4409,efficientnetb1,750,1.0,3
4410,densenet161,350,0.9422217589427628,7
4411,densenet161,750,1.0,7
4412,vgg19,350,0.9884623593775808,15
4413,densenet121,750,1.0,6
4414,densenet161,350,0.7705044620574577,6
4415,vgg19,350,1.0,16
4416,vgg19,750,0.9936879963126718,15
4417,vgg19,939,1.0,15
4418,vgg19,550,0.93432282209291,16
4419,resnet18,550,1.0,2
4420,vgg16,550,0.9461219284703368,13
4421,densenet121,350,0.6263678162488967,5
4422,vgg16,350,0.9150494503700808,13
4423,efficientnetb0,350,0.7221681243288518,4
4424,efficientnetb1,750,1.0,3
4425,efficientnetb0,550,1.0,3
4426,densenet121,939,0.4858756243316292,5
4427,densenet161,750,0.5067219862360387,5
4428,densenet161,550,0.5735576563250782,5
4429,densenet161,350,0.9422217589427628,7
4430,efficientnetb1,350,1.0,3
4431,densenet161,550,1.0,7
4432,vgg16,939,0.8548072768189431,12
4433,efficientnetb1,939,0.7039994792384792,4
4434,resnet18,750,1.0,2
4435,resnet18,939,1.0,2
4436,vgg19,550,1.0,15
4437,vgg19,750,0.9936879963126718,15
4438,efficientnetb1,350,1.0,3
4439,densenet161,939,0.8028649279588222,7
4440,vgg19,750,0.9936879963126718,15
4441,efficientnetb0,939,1.0,3
4442,efficientnetb0,939,1.0,3
4443,vgg19,939,1.0,15
4444,efficientnetb1,939,0.7039994792384792,4
4445,resnet18,939,0.9772814215247084,3
4446,densenet161,350,0.9422217589427628,7
4447,resnet50,750,0.692684175445151,7
4448,densenet161,750,0.7754817419817108,6
4449,densenet161,750,0.0408796516625536,12
4450,efficientnetb0,350,1.0,3
4451,vgg16,350,0.9150494503700808,13
4452,vgg19,550,0.3608150480635607,7
4453,resnet50,350,0.8169515861153699,7
4454,resnet50,939,0.8017819857800019,7
4455,vgg16,350,0.9150494503700808,13
4456,densenet121,350,0.6263678162488967,5
4457,vgg16,550,0.9461219284703368,13
4458,densenet121,750,0.5014039257956258,7
4459,efficientnetb0,939,1.0,3
4460,vgg19,750,0.9936879963126718,15
4461,densenet121,939,0.4858756243316292,5
4462,densenet161,750,0.0355493113357071,3
4463,efficientnetb0,750,1.0,3
4464,densenet161,350,0.9422217589427628,7
4465,efficientnetb1,550,0.6878389778024664,4
4466,efficientnetb0,750,1.0,3
4467,efficientnetb0,350,1.0,3
4468,efficientnetb0,350,1.0,3
4469,resnet50,550,1.0,6
4470,resnet50,350,1.0,6
4471,densenet121,350,0.6263678162488967,5
4472,densenet161,750,0.9225205659416632,8
4473,vgg16,939,0.8548072768189431,12
4474,efficientnetb0,550,1.0,3
4475,densenet121,550,0.6262433485833546,5
4476,efficientnetb0,939,1.0,3
4477,densenet161,350,0.7705044620574577,6
4478,efficientnetb1,939,1.0,3
4479,resnet50,750,0.5189759550817877,8
4480,densenet121,350,0.6263678162488967,5
4481,densenet161,939,0.8028649279588222,7
4482,densenet161,750,1.0,7
4483,resnet18,350,0.9463184463728672,2
4484,densenet161,750,1.0,7
4485,vgg16,550,0.9461219284703368,13
4486,resnet18,939,1.0,2
4487,densenet161,939,0.8028649279588222,7
4488,efficientnetb1,550,1.0,3
4489,resnet50,350,1.0,6
4490,vgg16,750,0.9989474447948092,13
4491,densenet121,939,0.4858756243316292,5
4492,efficientnetb1,939,1.0,3
4493,efficientnetb0,750,1.0,3
4494,efficientnetb1,939,1.0,3
4495,densenet121,939,1.0,6
4496,resnet50,350,0.8169515861153699,7
4497,efficientnetb1,350,1.0,3
4498,resnet50,350,0.8169515861153699,7
4499,resnet50,550,1.0,6
4500,resnet18,939,1.0,2
4501,efficientnetb0,550,1.0,3
4502,efficientnetb0,939,1.0,3
4503,efficientnetb0,550,1.0,3
4504,vgg16,550,0.4337023661646058,6
4505,densenet121,550,1.0,6
4506,resnet50,750,0.8540914514899219,6
4507,efficientnetb0,350,1.0,3
4508,resnet50,939,0.8017819857800019,7
4509,vgg16,750,0.8760175184574507,11
4510,densenet121,939,0.4858756243316292,5
4511,vgg16,939,0.986973209346794,14
4512,resnet50,550,1.0,6
4513,resnet50,550,1.0,6
4514,resnet50,750,0.8540914514899219,6
4515,resnet50,550,0.8215124558966982,7
4516,efficientnetb0,939,1.0,3
4517,efficientnetb0,350,1.0,3
4518,efficientnetb0,750,1.0,3
4519,resnet18,550,1.0,2
4520,resnet50,550,1.0,6
4521,efficientnetb0,939,0.245393377540531,2
4522,densenet121,550,0.6262433485833546,5
4523,densenet121,350,0.6263678162488967,5
4524,efficientnetb0,550,1.0,3
4525,efficientnetb1,550,1.0,3
4526,densenet121,750,0.6549577219091517,5
4527,resnet50,350,0.8169515861153699,7
4528,resnet50,550,0.8215124558966982,7
4529,efficientnetb0,550,1.0,3
4530,resnet50,939,1.0,6
4531,vgg16,750,0.9989474447948092,13
4532,resnet18,350,0.9463184463728672,2
4533,resnet18,750,1.0,2
4534,densenet121,350,0.6263678162488967,5
4535,vgg19,750,0.9936879963126718,15
4536,efficientnetb0,939,1.0,3
4537,densenet161,750,1.0,7
4538,vgg19,550,1.0,15
4539,resnet50,550,1.0,6
4540,vgg16,939,0.8568556422949929,11
4541,resnet18,939,0.9772814215247084,3
4542,densenet121,350,0.6263678162488967,5
4543,efficientnetb0,750,1.0,3
4544,vgg16,550,0.0199271539720846,1
4545,vgg16,550,0.9461219284703368,13
4546,densenet161,939,0.0,2
4547,densenet161,550,1.0,7
4548,resnet18,750,1.0,2
4549,resnet50,550,0.8215124558966982,7
4550,resnet18,550,1.0,2
4551,vgg16,750,0.8760175184574507,11
4552,resnet18,939,1.0,2
4553,efficientnetb0,550,0.7484594574197447,4
4554,densenet121,939,0.4858756243316292,5
4555,resnet18,750,0.9425112246169725,3
4556,vgg19,939,1.0,15
4557,efficientnetb0,550,1.0,3
4558,densenet121,350,0.6263678162488967,5
4559,resnet50,939,1.0,6
4560,densenet121,750,0.6549577219091517,5
4561,densenet161,550,1.0,7
4562,resnet18,939,1.0,2
4563,efficientnetb0,939,1.0,3
4564,resnet50,750,0.8540914514899219,6
4565,densenet161,550,1.0,7
4566,densenet161,939,1.0,6
4567,vgg19,350,0.9884623593775808,15
4568,densenet161,750,0.0355493113357071,3
4569,vgg19,350,0.9884623593775808,15
4570,vgg19,750,1.0,16
4571,resnet50,550,0.8215124558966982,7
4572,resnet50,939,1.0,6
4573,efficientnetb0,939,1.0,3
4574,vgg16,750,0.8760175184574507,11
4575,efficientnetb1,939,1.0,3
4576,densenet121,550,1.0,6
4577,vgg16,750,0.9989474447948092,13
4578,densenet161,939,0.8028649279588222,7
4579,resnet50,550,1.0,6
4580,vgg19,939,0.9938700985656802,16
4581,vgg19,550,1.0,15
4582,efficientnetb1,939,1.0,3
4583,densenet161,750,1.0,7
4584,efficientnetb0,750,1.0,3
4585,efficientnetb1,750,0.5409660759543289,5
4586,vgg19,939,0.0,2
4587,vgg19,350,0.9884623593775808,15
4588,densenet161,750,0.0408796516625536,12
4589,resnet50,750,0.8540914514899219,6
4590,efficientnetb0,550,0.5319033905566624,5
4591,efficientnetb0,350,1.0,3
4592,resnet50,550,1.0,6
4593,vgg19,750,0.9936879963126718,15
4594,efficientnetb1,550,1.0,3
4595,vgg19,350,0.9884623593775808,15
4596,efficientnetb0,750,1.0,3
4597,densenet121,939,0.4858756243316292,5
4598,vgg19,939,1.0,15
4599,resnet18,350,1.0,3
4600,efficientnetb0,350,0.4626689598236604,5
4601,efficientnetb1,939,0.7039994792384792,4
4602,densenet121,550,0.6262433485833546,5
4603,resnet50,750,0.8540914514899219,6
4604,vgg19,350,1.0,16
4605,densenet161,939,0.2611850784190904,12
4606,resnet50,350,1.0,6
4607,vgg19,939,1.0,15
4608,vgg16,939,1.0,13
4609,densenet121,939,0.4858756243316292,5
4610,resnet18,939,1.0,2
4611,vgg19,350,0.9722792391750928,13
4612,resnet50,350,1.0,6
4613,efficientnetb0,350,1.0,3
4614,efficientnetb0,939,1.0,3
4615,densenet161,550,1.0,7
4616,densenet161,350,0.472733213293796,5
4617,vgg19,750,0.9783359431256168,14
4618,resnet18,350,0.9463184463728672,2
4619,vgg19,350,0.9884623593775808,15
4620,densenet121,550,0.6262433485833546,5
4621,densenet161,550,0.8307012363387156,6
4622,vgg16,939,1.0,13
4623,resnet18,750,1.0,2
4624,densenet121,550,0.6262433485833546,5
4625,efficientnetb1,550,1.0,3
4626,resnet18,750,1.0,2
4627,vgg19,350,0.9654136477619172,14
4628,densenet161,550,0.084152532251803,12
4629,densenet121,750,0.6549577219091517,5
4630,efficientnetb0,350,0.7221681243288518,4
4631,vgg19,939,1.0,15
4632,vgg19,750,0.9936879963126718,15
4633,vgg16,939,1.0,13
4634,efficientnetb1,350,1.0,3
4635,efficientnetb1,750,1.0,3
4636,resnet50,750,0.8540914514899219,6
4637,vgg16,550,0.9599292331742392,11
4638,vgg16,550,0.9461219284703368,13
4639,densenet161,550,0.8307012363387156,6
4640,efficientnetb0,939,1.0,3
4641,resnet18,550,1.0,2
4642,resnet18,350,0.9463184463728672,2
4643,densenet121,939,0.4858756243316292,5
4644,densenet161,350,0.9422217589427628,7
4645,efficientnetb0,550,1.0,3
4646,resnet18,750,1.0,2
4647,densenet161,939,0.8028649279588222,7
4648,densenet161,939,0.8028649279588222,7
4649,resnet50,350,0.8169515861153699,7
4650,resnet18,939,0.9772814215247084,3
4651,vgg16,350,0.968053827189964,11
4652,efficientnetb0,350,1.0,3
4653,vgg19,750,0.9783359431256168,14
4654,resnet50,350,1.0,6
4655,densenet161,939,0.8028649279588222,7
4656,densenet121,350,0.6263678162488967,5
4657,resnet50,750,0.8540914514899219,6
4658,efficientnetb1,550,1.0,3
4659,efficientnetb1,939,1.0,3
4660,densenet121,750,0.6549577219091517,5
4661,vgg16,350,1.0,12
4662,resnet50,350,1.0,6
4663,resnet18,550,1.0,2
4664,vgg16,750,0.8760175184574507,11
4665,resnet50,750,0.8540914514899219,6
4666,densenet161,550,1.0,7
4667,efficientnetb0,939,1.0,3
4668,efficientnetb1,350,1.0,3
4669,densenet161,750,1.0,7
4670,vgg19,350,0.9884623593775808,15
4671,resnet18,550,1.0,2
4672,efficientnetb0,350,1.0,3
4673,resnet18,350,0.9463184463728672,2
4674,vgg19,350,0.9884623593775808,15
4675,vgg16,939,0.4173293874259716,5
4676,resnet50,550,1.0,6
4677,efficientnetb0,750,1.0,3
4678,vgg19,550,1.0,15
4679,vgg16,350,0.9150494503700808,13
4680,resnet18,939,1.0,2
4681,resnet18,750,1.0,2
4682,resnet50,750,0.692684175445151,7
4683,densenet161,939,0.8028649279588222,7
4684,resnet18,350,0.9463184463728672,2
4685,resnet50,750,0.8540914514899219,6
4686,efficientnetb0,550,1.0,3
4687,densenet161,350,0.9422217589427628,7
4688,efficientnetb0,750,0.221102352041803,2
4689,efficientnetb0,939,1.0,3
4690,resnet18,550,1.0,2
4691,vgg19,750,0.482051380981956,8
4692,resnet18,939,1.0,2
4693,resnet50,939,1.0,6
4694,vgg16,550,0.941205716630206,14
4695,resnet50,939,0.8017819857800019,7
4696,densenet161,550,1.0,7
4697,efficientnetb1,350,1.0,3
4698,resnet50,750,0.8540914514899219,6
4699,vgg19,939,0.053642035656265,3
4700,resnet50,750,0.8540914514899219,6
4701,resnet50,550,0.106889737057666,2
4702,densenet161,939,1.0,6
4703,densenet121,350,0.6263678162488967,5
4704,resnet50,350,0.8169515861153699,7
4705,densenet161,750,1.0,7
4706,efficientnetb1,939,1.0,3
4707,efficientnetb0,350,0.7221681243288518,4
4708,vgg16,939,0.5519575390300896,9
4709,vgg19,350,0.9654136477619172,14
4710,densenet121,550,0.6262433485833546,5
4711,resnet50,939,1.0,6
4712,resnet50,550,1.0,6
4713,resnet18,350,0.9463184463728672,2
4714,densenet121,939,0.4858756243316292,5
4715,densenet161,350,0.9422217589427628,7
4716,vgg19,350,1.0,16
4717,vgg19,939,1.0,15
4718,vgg19,939,1.0,15
4719,densenet121,550,0.6262433485833546,5
4720,resnet18,939,1.0,2
4721,efficientnetb1,939,0.7039994792384792,4
4722,resnet18,350,0.9463184463728672,2
4723,vgg19,350,0.9884623593775808,15
4724,densenet121,550,0.6262433485833546,5
4725,resnet18,750,1.0,2
4726,densenet121,750,1.0,6
4727,densenet161,550,0.8307012363387156,6
4728,vgg16,550,0.9599292331742392,11
4729,densenet161,750,1.0,7
4730,vgg19,550,1.0,15
4731,efficientnetb0,939,1.0,3
4732,efficientnetb0,939,1.0,3
4733,vgg16,750,0.9989474447948092,13
4734,efficientnetb0,550,1.0,3
4735,efficientnetb1,750,1.0,3
4736,densenet121,550,0.6262433485833546,5
4737,efficientnetb0,350,1.0,3
4738,efficientnetb0,550,0.7484594574197447,4
4739,resnet50,550,1.0,6
4740,vgg16,939,0.8568556422949929,11
4741,resnet50,939,1.0,6
4742,densenet161,939,1.0,6
4743,efficientnetb0,350,1.0,3
4744,efficientnetb1,550,1.0,3
4745,efficientnetb0,939,1.0,3
4746,vgg16,350,0.9150494503700808,13
4747,vgg19,939,1.0,15
4748,resnet50,939,1.0,6
4749,vgg16,750,0.0240042451732625,4
4750,efficientnetb0,350,1.0,3
4751,vgg16,750,0.8760175184574507,11
4752,resnet18,750,1.0,2
4753,resnet18,750,1.0,2
4754,efficientnetb0,350,1.0,3
4755,densenet161,939,0.8028649279588222,7
4756,vgg16,750,0.9989474447948092,13
4757,resnet18,550,1.0,2
4758,efficientnetb0,750,1.0,3
4759,densenet121,350,0.6263678162488967,5
4760,vgg16,550,0.9461219284703368,13
4761,vgg16,939,0.8568556422949929,11
4762,densenet121,939,0.4858756243316292,5
4763,densenet121,750,0.6549577219091517,5
4764,vgg19,939,0.783629319224574,17
4765,vgg19,350,1.0,16
4766,resnet50,550,1.0,6
4767,densenet161,550,0.5735576563250782,5
4768,densenet161,939,0.8028649279588222,7
4769,vgg16,550,1.0,12
4770,densenet121,939,0.4858756243316292,5
4771,densenet161,550,1.0,7
4772,vgg16,350,1.0,12
4773,resnet18,350,0.9463184463728672,2
4774,vgg19,550,1.0,15
4775,efficientnetb0,750,0.6483214388113725,4
4776,resnet18,939,1.0,2
4777,vgg19,750,0.1063831635744575,4
4778,vgg19,939,1.0,15
4779,densenet121,550,0.6262433485833546,5
4780,efficientnetb1,750,0.7228690296773087,4
4781,vgg16,550,0.9461219284703368,13
4782,vgg19,550,1.0,15
4783,resnet18,550,1.0,2
4784,densenet161,350,0.9422217589427628,7
4785,efficientnetb0,350,1.0,3
4786,densenet121,550,1.0,6
4787,resnet18,350,1.0,3
4788,densenet121,750,0.6549577219091517,5
4789,densenet161,550,0.8307012363387156,6
4790,densenet121,350,0.6263678162488967,5
4791,vgg16,350,0.9150494503700808,13
4792,efficientnetb1,750,1.0,3
4793,densenet161,550,1.0,7
4794,densenet121,939,1.0,6
4795,vgg16,750,0.9989474447948092,13
4796,resnet50,350,1.0,6
4797,efficientnetb0,350,1.0,3
4798,resnet18,750,1.0,2
4799,vgg16,550,0.9461219284703368,13
4800,densenet161,550,0.8307012363387156,6
4801,efficientnetb0,350,1.0,3
4802,resnet50,939,1.0,6
4803,densenet161,939,0.8028649279588222,7
4804,resnet50,750,0.8540914514899219,6
4805,efficientnetb0,750,1.0,3
4806,vgg16,550,1.0,12
4807,resnet50,750,0.692684175445151,7
4808,vgg16,939,0.986973209346794,14
4809,efficientnetb1,550,1.0,3
4810,densenet121,550,0.6262433485833546,5
4811,resnet18,550,0.6805816088044464,4
4812,efficientnetb0,750,1.0,3
4813,efficientnetb1,350,1.0,3
4814,vgg19,550,1.0,15
4815,efficientnetb0,350,1.0,3
4816,resnet50,550,0.8215124558966982,7
4817,vgg16,750,0.5870702344568659,8
4818,vgg16,550,0.9461219284703368,13
4819,vgg16,550,1.0,12
4820,densenet161,939,0.8028649279588222,7
4821,efficientnetb1,939,0.0,1
4822,resnet50,750,0.8540914514899219,6
4823,efficientnetb1,350,1.0,3
4824,vgg19,550,1.0,15
4825,vgg19,350,0.9884623593775808,15
4826,resnet50,550,1.0,6
4827,resnet50,350,0.8169515861153699,7
4828,densenet161,350,0.7705044620574577,6
4829,densenet161,550,1.0,7
4830,efficientnetb0,750,1.0,3
4831,resnet18,750,1.0,2
4832,densenet121,939,1.0,6
4833,resnet18,550,1.0,2
4834,vgg16,550,0.9461219284703368,13
4835,efficientnetb0,350,1.0,3
4836,densenet161,939,0.2611850784190904,12
4837,resnet18,550,1.0,2
4838,resnet18,939,1.0,2
4839,resnet50,939,1.0,6
4840,densenet161,939,1.0,6
4841,resnet18,350,0.9463184463728672,2
4842,efficientnetb0,550,1.0,3
4843,vgg19,750,0.9936879963126718,15
4844,efficientnetb0,350,1.0,3
4845,resnet18,750,0.9425112246169725,3
4846,resnet18,550,1.0,2
4847,resnet18,939,0.666846850715217,4
4848,vgg19,350,0.4995659680915179,8
4849,resnet18,350,0.9463184463728672,2
4850,efficientnetb1,939,1.0,3
4851,vgg19,750,0.9936879963126718,15
4852,efficientnetb0,939,1.0,3
4853,vgg16,550,0.9461219284703368,13
4854,efficientnetb1,350,1.0,3
4855,densenet161,750,1.0,7
4856,vgg16,550,0.9599292331742392,11
4857,efficientnetb1,350,0.7181138626700144,4
4858,vgg16,350,0.7070851752612257,15
4859,resnet18,550,0.9649971314956884,3
4860,densenet121,939,0.4858756243316292,5
4861,efficientnetb0,350,1.0,3
4862,densenet161,550,1.0,7
4863,efficientnetb1,550,1.0,3
4864,efficientnetb1,939,0.7039994792384792,4
4865,vgg19,750,0.9936879963126718,15
4866,efficientnetb1,550,0.6878389778024664,4
4867,densenet121,939,0.4858756243316292,5
4868,vgg16,550,0.941205716630206,14
4869,vgg19,550,0.1248786103205342,4
4870,densenet161,550,1.0,7
4871,vgg19,350,0.9884623593775808,15
4872,resnet50,350,0.6807257591827157,8
4873,resnet50,750,0.692684175445151,7
4874,resnet50,750,0.8540914514899219,6
4875,vgg16,350,0.9277415950475124,14
4876,densenet121,350,0.6263678162488967,5
4877,vgg19,939,1.0,15
4878,densenet161,350,0.9422217589427628,7
4879,efficientnetb1,750,1.0,3
4880,efficientnetb1,350,1.0,3
4881,densenet161,550,0.084152532251803,12
4882,densenet121,550,0.6262433485833546,5
4883,efficientnetb0,550,1.0,3
4884,efficientnetb1,350,0.7181138626700144,4
4885,efficientnetb0,350,1.0,3
4886,resnet50,750,0.8540914514899219,6
4887,efficientnetb0,350,1.0,3
4888,vgg19,750,0.9936879963126718,15
4889,densenet161,550,1.0,7
4890,densenet161,939,1.0,6
4891,densenet161,750,0.5067219862360387,5
4892,resnet18,939,1.0,2
4893,vgg19,350,1.0,16
4894,densenet121,550,0.6262433485833546,5
4895,efficientnetb0,350,1.0,3
4896,efficientnetb1,939,1.0,3
4897,vgg16,939,0.8568556422949929,11
4898,efficientnetb1,350,0.7181138626700144,4
4899,vgg16,350,0.9150494503700808,13
4900,resnet18,939,1.0,2
4901,densenet121,550,0.6262433485833546,5
4902,efficientnetb1,750,1.0,3
4903,efficientnetb0,939,1.0,3
4904,vgg16,939,0.8568556422949929,11
4905,resnet18,350,1.0,3
4906,efficientnetb1,350,0.5010852886204035,5
4907,densenet161,350,0.9422217589427628,7
4908,resnet50,750,0.8540914514899219,6
4909,densenet121,550,0.6262433485833546,5
4910,efficientnetb1,939,1.0,3
4911,efficientnetb1,550,1.0,3
4912,efficientnetb1,750,1.0,3
4913,resnet18,750,1.0,2
4914,resnet50,350,1.0,6
4915,efficientnetb1,550,0.6878389778024664,4
4916,resnet18,350,1.0,3
4917,densenet121,350,0.6263678162488967,5
4918,efficientnetb0,350,1.0,3
4919,densenet161,550,1.0,7
4920,vgg16,939,1.0,13
4921,vgg16,550,0.9461219284703368,13
4922,efficientnetb1,750,0.7228690296773087,4
4923,vgg16,350,1.0,12
4924,densenet161,550,0.8307012363387156,6
4925,resnet18,750,1.0,2
4926,resnet18,750,1.0,2
4927,efficientnetb1,750,1.0,3
4928,densenet121,550,0.6262433485833546,5
4929,efficientnetb0,550,1.0,3
4930,vgg19,750,0.9936879963126718,15
4931,vgg19,550,0.7603022178684953,17
4932,efficientnetb0,939,1.0,3
4933,resnet50,939,1.0,6
4934,efficientnetb1,550,0.6878389778024664,4
4935,efficientnetb1,750,1.0,3
4936,efficientnetb1,750,1.0,3
4937,densenet121,750,0.6549577219091517,5
4938,efficientnetb1,550,1.0,3
4939,densenet121,750,0.6549577219091517,5
4940,vgg19,350,0.9884623593775808,15
4941,resnet50,750,0.8540914514899219,6
4942,densenet161,550,1.0,7
4943,efficientnetb1,750,1.0,3
4944,vgg16,550,0.9599292331742392,11
4945,efficientnetb1,939,0.7039994792384792,4
4946,resnet50,939,1.0,6
4947,resnet50,550,1.0,6
4948,densenet121,350,1.0,6
4949,densenet121,350,0.6263678162488967,5
4950,resnet50,350,0.8169515861153699,7
4951,efficientnetb0,350,1.0,3
4952,vgg16,939,1.0,13
4953,densenet161,750,0.7754817419817108,6
4954,densenet161,939,0.8028649279588222,7
4955,efficientnetb0,939,0.6801221238861833,4
4956,efficientnetb1,939,1.0,3
4957,densenet161,939,0.8028649279588222,7
4958,efficientnetb1,550,1.0,3
4959,densenet121,939,0.4858756243316292,5
4960,resnet50,750,0.8540914514899219,6
4961,efficientnetb0,939,1.0,3
4962,vgg16,350,0.968053827189964,11
4963,vgg16,939,1.0,13
4964,densenet161,350,0.472733213293796,5
4965,efficientnetb0,350,1.0,3
4966,efficientnetb1,350,1.0,3
4967,vgg19,750,0.9936879963126718,15
4968,vgg16,939,1.0,13
4969,efficientnetb0,939,1.0,3
4970,vgg16,939,0.8548072768189431,12
4971,efficientnetb0,350,1.0,3
4972,densenet121,550,0.6262433485833546,5
4973,densenet161,750,0.7754817419817108,6
4974,vgg19,939,1.0,15
4975,efficientnetb1,350,1.0,3
4976,vgg16,550,0.941205716630206,14
4977,densenet121,939,0.0166311998595305,3
4978,efficientnetb0,550,1.0,3
4979,vgg16,550,0.9461219284703368,13
4980,densenet161,939,1.0,6
4981,resnet18,750,1.0,2
4982,vgg16,750,0.8760175184574507,11
4983,efficientnetb0,939,1.0,3
4984,densenet121,350,0.6263678162488967,5
4985,efficientnetb0,750,1.0,3
4986,efficientnetb0,750,1.0,3
4987,efficientnetb0,750,1.0,3
4988,densenet161,939,0.8028649279588222,7
4989,vgg16,350,0.968053827189964,11
4990,vgg16,939,1.0,13
4991,densenet121,350,0.6263678162488967,5
4992,vgg19,350,0.4995659680915179,8
4993,vgg19,350,0.9884623593775808,15
4994,resnet18,350,0.9463184463728672,2
4995,efficientnetb0,750,1.0,3
4996,vgg19,350,0.9884623593775808,15
4997,densenet161,750,1.0,7
4998,vgg16,550,0.4337023661646058,6
4999,vgg16,350,0.9150494503700808,13
5000,resnet18,939,1.0,2
5001,resnet50,750,0.8540914514899219,6
5002,efficientnetb1,350,1.0,3
5003,vgg19,550,1.0,15
5004,densenet161,350,0.9422217589427628,7
5005,efficientnetb1,939,1.0,3
5006,efficientnetb1,350,1.0,3
5007,densenet121,939,0.4858756243316292,5
5008,vgg16,350,0.9150494503700808,13
5009,densenet121,550,1.0,6
5010,resnet50,750,0.8540914514899219,6
5011,resnet18,550,1.0,2
5012,densenet161,939,0.8028649279588222,7
5013,vgg16,550,0.9461219284703368,13
5014,efficientnetb1,939,1.0,3
5015,vgg16,550,0.9461219284703368,13
5016,resnet18,939,1.0,2
5017,efficientnetb0,750,1.0,3
5018,densenet121,939,0.4858756243316292,5
5019,densenet161,750,0.7754817419817108,6
5020,resnet50,550,1.0,6
5021,efficientnetb1,750,1.0,3
5022,resnet18,550,1.0,2
5023,vgg19,939,1.0,15
5024,densenet121,550,0.6262433485833546,5
5025,resnet18,550,1.0,2
5026,vgg16,350,0.9150494503700808,13
5027,densenet161,550,0.084152532251803,12
5028,efficientnetb1,750,1.0,3
5029,efficientnetb1,750,0.7228690296773087,4
5030,vgg19,939,0.3144631067328258,6
5031,vgg19,550,0.93432282209291,16
5032,vgg16,350,0.9150494503700808,13
5033,vgg19,350,0.9654136477619172,14
5034,densenet161,550,1.0,7
5035,efficientnetb1,550,1.0,3
5036,efficientnetb0,550,1.0,3
5037,vgg16,350,0.4552780768214839,7
5038,efficientnetb0,939,1.0,3
5039,vgg16,350,0.0713714441743471,3
5040,resnet18,939,1.0,2
5041,efficientnetb0,550,1.0,3
5042,densenet161,750,0.7754817419817108,6
5043,densenet121,750,0.6549577219091517,5
5044,densenet161,550,0.084152532251803,12
5045,efficientnetb1,939,1.0,3
5046,densenet121,750,0.6549577219091517,5
5047,efficientnetb0,750,1.0,3
5048,vgg19,550,1.0,15
5049,densenet161,939,0.2611850784190904,12
5050,densenet121,750,0.5014039257956258,7
5051,vgg16,550,0.9461219284703368,13
5052,densenet161,939,0.3464512676069018,10
5053,efficientnetb1,350,0.7181138626700144,4
5054,densenet161,550,1.0,7
5055,densenet121,939,0.4858756243316292,5
5056,resnet18,939,1.0,2
5057,vgg16,939,1.0,13
5058,resnet18,550,1.0,2
5059,vgg19,550,1.0,15
5060,resnet50,939,1.0,6
5061,densenet161,550,0.8307012363387156,6
5062,resnet50,939,1.0,6
5063,resnet18,550,1.0,2
5064,densenet121,939,0.4858756243316292,5
5065,vgg16,750,0.9989474447948092,13
5066,densenet161,939,0.2611850784190904,12
5067,efficientnetb1,350,1.0,3
5068,resnet50,750,0.8540914514899219,6
5069,resnet50,350,1.0,6
5070,vgg19,350,0.9884623593775808,15
5071,densenet161,550,0.8307012363387156,6
5072,resnet18,350,1.0,3
5073,resnet18,939,1.0,2
5074,densenet161,550,1.0,7
5075,resnet18,750,1.0,2
5076,vgg19,750,0.9936879963126718,15
5077,vgg19,939,1.0,15
5078,efficientnetb0,550,1.0,3
5079,vgg19,750,0.9936879963126718,15
5080,vgg16,550,0.6395986703296175,8
5081,vgg16,550,0.941205716630206,14
5082,vgg16,550,0.9599292331742392,11
5083,efficientnetb0,750,1.0,3
5084,densenet161,939,0.8028649279588222,7
5085,resnet18,550,1.0,2
5086,efficientnetb0,350,1.0,3
5087,resnet50,939,1.0,6
5088,resnet18,750,1.0,2
5089,resnet18,750,1.0,2
5090,densenet161,550,1.0,7
5091,densenet161,750,0.7754817419817108,6
5092,vgg16,750,0.8760175184574507,11
5093,vgg19,550,1.0,15
5094,vgg16,750,0.9989474447948092,13
5095,resnet50,939,0.8017819857800019,7
5096,resnet18,350,0.9463184463728672,2
5097,efficientnetb0,550,1.0,3
5098,efficientnetb0,750,1.0,3
5099,vgg16,550,0.941205716630206,14
5100,resnet18,750,0.9425112246169725,3
5101,vgg19,939,1.0,15
5102,efficientnetb1,750,1.0,3
5103,efficientnetb0,550,1.0,3
5104,resnet18,939,1.0,2
5105,densenet121,350,0.6263678162488967,5
5106,vgg19,939,1.0,15
5107,efficientnetb0,550,0.290069122860228,2
5108,efficientnetb1,939,1.0,3
5109,vgg16,939,1.0,13
5110,resnet18,350,0.9463184463728672,2
5111,resnet18,939,1.0,2
5112,efficientnetb0,550,1.0,3
5113,densenet161,350,0.7705044620574577,6
5114,vgg19,750,0.0,1
5115,resnet18,939,1.0,2
5116,efficientnetb1,550,1.0,3
5117,vgg16,550,0.9461219284703368,13
5118,efficientnetb0,550,1.0,3
5119,vgg19,750,0.9936879963126718,15
5120,vgg19,550,0.7603022178684953,17
5121,densenet161,550,1.0,7
5122,efficientnetb0,939,1.0,3
5123,densenet121,350,0.6263678162488967,5
5124,densenet161,750,1.0,7
5125,densenet161,939,0.8028649279588222,7
5126,vgg19,939,1.0,15
5127,densenet121,939,0.4858756243316292,5
5128,vgg19,939,0.9938700985656802,16
5129,vgg19,939,0.9938700985656802,16
5130,efficientnetb0,550,0.7484594574197447,4
5131,densenet121,939,0.4858756243316292,5
5132,vgg19,750,0.9936879963126718,15
5133,densenet121,350,0.6263678162488967,5
5134,resnet50,550,1.0,6
5135,densenet161,939,0.0,2
5136,vgg19,550,0.9153142027929496,13
5137,efficientnetb0,939,1.0,3
5138,densenet121,550,0.6262433485833546,5
5139,resnet18,750,1.0,2
5140,efficientnetb1,939,1.0,3
5141,densenet161,750,1.0,7
5142,resnet50,350,0.8169515861153699,7
5143,efficientnetb0,350,1.0,3
5144,efficientnetb0,939,1.0,3
5145,vgg19,350,0.9884623593775808,15
5146,efficientnetb1,750,1.0,3
5147,densenet121,350,1.0,6
5148,vgg16,550,0.9461219284703368,13
5149,densenet161,550,1.0,7
5150,densenet161,750,1.0,7
5151,efficientnetb1,350,1.0,3
5152,densenet161,939,0.8028649279588222,7
5153,resnet18,350,0.9463184463728672,2
5154,efficientnetb1,750,0.7228690296773087,4
5155,efficientnetb1,939,1.0,3
5156,resnet50,939,0.8017819857800019,7
5157,densenet161,750,1.0,7
5158,resnet18,350,0.9463184463728672,2
5159,densenet121,939,0.4858756243316292,5
5160,densenet121,350,0.6263678162488967,5
5161,resnet18,550,1.0,2
5162,vgg16,939,1.0,13
5163,vgg19,939,1.0,15
5164,vgg19,939,1.0,15
5165,vgg19,350,0.9884623593775808,15
5166,densenet121,350,0.6263678162488967,5
5167,resnet18,350,0.9463184463728672,2
5168,resnet18,550,1.0,2
5169,densenet161,939,0.8028649279588222,7
5170,vgg19,550,0.3608150480635607,7
5171,densenet161,550,1.0,7
5172,efficientnetb0,750,0.221102352041803,2
5173,resnet50,750,0.8540914514899219,6
5174,vgg16,939,1.0,13
5175,vgg16,550,0.9461219284703368,13
5176,efficientnetb1,750,1.0,3
5177,efficientnetb0,750,1.0,3
5178,efficientnetb1,939,1.0,3
5179,vgg16,550,0.9461219284703368,13
5180,vgg19,350,0.7439023030951907,11
5181,densenet161,350,0.9422217589427628,7
5182,vgg19,750,0.3954673323042385,5
5183,efficientnetb0,550,1.0,3
5184,efficientnetb0,350,1.0,3
5185,efficientnetb1,550,1.0,3
5186,densenet161,750,1.0,7
5187,densenet161,350,0.9422217589427628,7
5188,efficientnetb1,550,1.0,3
5189,densenet121,350,0.6263678162488967,5
5190,densenet161,550,1.0,7
5191,resnet18,939,1.0,2
5192,resnet18,939,1.0,2
5193,resnet50,750,0.692684175445151,7
5194,vgg16,350,0.9277415950475124,14
5195,resnet18,750,1.0,2
5196,densenet121,750,0.6549577219091517,5
5197,efficientnetb0,939,1.0,3
5198,efficientnetb0,939,1.0,3
5199,densenet161,550,1.0,7
5200,densenet161,350,0.9422217589427628,7
5201,resnet50,350,1.0,6
5202,resnet18,550,1.0,2
5203,resnet18,939,1.0,2
5204,resnet50,750,0.9081489241651808,4
5205,vgg19,750,0.9936879963126718,15
5206,resnet50,350,1.0,6
5207,resnet18,350,0.9463184463728672,2
5208,efficientnetb1,350,1.0,3
5209,resnet50,550,0.8215124558966982,7
5210,resnet50,939,1.0,6
5211,vgg16,550,0.9461219284703368,13
5212,resnet50,750,0.692684175445151,7
5213,efficientnetb0,350,0.7221681243288518,4
5214,resnet50,550,1.0,6
5215,efficientnetb0,939,1.0,3
5216,densenet121,939,0.4858756243316292,5
5217,resnet18,550,1.0,2
5218,resnet18,350,0.9463184463728672,2
5219,densenet121,939,0.4858756243316292,5
5220,densenet121,750,0.6549577219091517,5
5221,efficientnetb0,350,1.0,3
5222,efficientnetb1,750,1.0,3
5223,resnet18,939,1.0,2
5224,resnet18,939,1.0,2
5225,vgg16,550,0.4909442737237837,5
5226,efficientnetb0,550,1.0,3
5227,resnet50,750,0.8540914514899219,6
5228,efficientnetb1,350,1.0,3
5229,densenet121,939,0.4858756243316292,5
5230,resnet18,939,1.0,2
5231,densenet161,350,0.7705044620574577,6
5232,densenet161,750,1.0,7
5233,resnet50,939,1.0,6
5234,vgg16,750,0.8760175184574507,11
5235,efficientnetb1,939,1.0,3
5236,vgg19,750,0.9936879963126718,15
5237,resnet50,550,1.0,6
5238,densenet121,939,0.4858756243316292,5
5239,efficientnetb1,350,0.7181138626700144,4
5240,resnet18,750,1.0,2
5241,efficientnetb1,939,1.0,3
5242,efficientnetb1,350,0.7181138626700144,4
5243,resnet50,939,1.0,6
5244,efficientnetb0,350,1.0,3
5245,vgg19,750,0.9936879963126718,15
5246,efficientnetb0,550,1.0,3
5247,efficientnetb0,750,1.0,3
5248,efficientnetb1,550,1.0,3
5249,vgg16,350,0.6122688308267832,9
5250,resnet18,350,0.9463184463728672,2
5251,efficientnetb1,750,1.0,3
5252,efficientnetb1,550,0.6878389778024664,4
5253,vgg19,939,1.0,15
5254,efficientnetb1,350,1.0,3
5255,vgg16,350,0.9277415950475124,14
5256,resnet50,939,1.0,6
5257,densenet161,750,1.0,7
5258,resnet18,550,1.0,2
5259,densenet161,939,0.2611850784190904,12
5260,efficientnetb1,939,1.0,3
5261,efficientnetb0,750,1.0,3
5262,resnet18,350,0.9463184463728672,2
5263,densenet121,939,0.4858756243316292,5
5264,resnet18,550,1.0,2
5265,vgg16,550,0.9461219284703368,13
5266,densenet121,550,0.6262433485833546,5
5267,resnet18,750,1.0,2
5268,densenet121,939,0.4858756243316292,5
5269,vgg19,350,0.9884623593775808,15
5270,vgg16,939,1.0,13
5271,densenet161,750,1.0,7
5272,efficientnetb1,550,1.0,3
5273,efficientnetb1,550,1.0,3
5274,vgg16,750,0.888612802013523,12
5275,vgg16,750,0.8760175184574507,11
5276,efficientnetb1,350,1.0,3
5277,efficientnetb0,750,1.0,3
5278,densenet121,750,1.0,6
5279,efficientnetb0,350,0.7221681243288518,4
5280,vgg16,550,0.9461219284703368,13
5281,densenet121,550,0.6262433485833546,5
5282,efficientnetb1,750,1.0,3
5283,efficientnetb1,350,0.3137835430767212,6
5284,resnet18,939,1.0,2
5285,vgg16,939,1.0,13
5286,efficientnetb1,350,1.0,3
5287,resnet18,550,1.0,2
5288,resnet18,350,1.0,3
5289,efficientnetb0,550,1.0,3
5290,efficientnetb0,750,1.0,3
5291,vgg19,939,1.0,15
5292,vgg16,350,0.9150494503700808,13
5293,densenet121,750,0.6549577219091517,5
5294,efficientnetb0,750,1.0,3
5295,resnet18,939,1.0,2
5296,resnet18,750,1.0,2
5297,resnet18,550,1.0,2
5298,efficientnetb0,939,1.0,3
5299,densenet161,350,0.9422217589427628,7
5300,efficientnetb1,750,1.0,3
5301,densenet121,750,0.6549577219091517,5
5302,densenet121,750,0.6549577219091517,5
5303,resnet50,939,1.0,6
5304,vgg16,750,0.9989474447948092,13
5305,resnet50,350,1.0,6
5306,vgg19,939,1.0,15
5307,vgg16,350,0.9150494503700808,13
5308,densenet121,939,0.4858756243316292,5
5309,resnet18,939,1.0,2
5310,vgg16,750,0.9989474447948092,13
5311,efficientnetb0,750,1.0,3
5312,vgg19,939,1.0,15
5313,efficientnetb0,350,1.0,3
5314,efficientnetb1,350,1.0,3
5315,densenet121,939,0.4858756243316292,5
5316,densenet161,750,0.7754817419817108,6
5317,densenet161,550,1.0,7
5318,densenet161,750,1.0,7
5319,densenet161,750,1.0,7
5320,efficientnetb0,939,1.0,3
5321,vgg16,750,0.9989474447948092,13
5322,resnet18,350,1.0,3
5323,densenet121,350,0.6263678162488967,5
5324,vgg16,350,0.9150494503700808,13
5325,densenet121,350,0.6263678162488967,5
5326,densenet161,939,0.2994714122049385,4
5327,efficientnetb1,939,1.0,3
5328,efficientnetb0,350,1.0,3
5329,efficientnetb1,750,1.0,3
5330,vgg19,750,0.6673220941960659,10
5331,resnet50,550,1.0,6
5332,resnet18,750,1.0,2
5333,efficientnetb0,550,0.7484594574197447,4
5334,resnet18,750,1.0,2
5335,vgg16,750,0.9989474447948092,13
5336,efficientnetb0,750,1.0,3
5337,resnet50,939,1.0,6
5338,densenet161,939,0.8028649279588222,7
5339,efficientnetb0,350,1.0,3
5340,densenet121,750,0.6549577219091517,5
5341,densenet121,750,0.6549577219091517,5
5342,vgg16,750,0.0240042451732625,4
5343,vgg16,550,0.941205716630206,14
5344,vgg16,750,0.9989474447948092,13
5345,resnet50,939,1.0,6
5346,vgg19,350,0.9884623593775808,15
5347,vgg19,939,1.0,15
5348,efficientnetb0,550,1.0,3
5349,densenet121,350,0.6263678162488967,5
5350,efficientnetb0,750,1.0,3
5351,resnet50,350,0.8169515861153699,7
5352,vgg16,550,0.9461219284703368,13
5353,densenet161,350,0.7705044620574577,6
5354,efficientnetb0,550,0.7484594574197447,4
5355,vgg16,550,0.9461219284703368,13
5356,vgg16,939,1.0,13
5357,resnet50,550,1.0,6
5358,densenet161,750,1.0,7
5359,resnet18,750,1.0,2
5360,vgg16,550,0.9461219284703368,13
5361,vgg16,550,0.0,2
5362,vgg19,750,0.9936879963126718,15
5363,vgg19,350,0.9884623593775808,15
5364,resnet18,550,1.0,2
5365,resnet18,550,1.0,2
5366,efficientnetb1,939,0.7039994792384792,4
5367,densenet121,350,0.6263678162488967,5
5368,densenet161,350,0.7705044620574577,6
5369,resnet18,939,1.0,2
5370,resnet50,750,0.8540914514899219,6
5371,resnet18,939,0.5358361217945573,1
5372,vgg19,350,0.9884623593775808,15
5373,densenet121,750,0.6549577219091517,5
5374,densenet121,350,0.5134540759121593,7
5375,vgg19,939,1.0,15
5376,efficientnetb0,750,0.6483214388113725,4
5377,resnet50,350,0.8169515861153699,7
5378,resnet50,550,1.0,6
5379,vgg19,939,1.0,15
5380,resnet50,939,0.8017819857800019,7
5381,densenet161,939,0.2611850784190904,12
5382,densenet121,550,0.6262433485833546,5
5383,vgg19,750,0.9936879963126718,15
5384,densenet161,550,1.0,7
5385,resnet18,350,0.9463184463728672,2
5386,efficientnetb1,750,1.0,3
5387,efficientnetb1,350,1.0,3
5388,vgg16,350,0.6856932128300365,16
5389,densenet161,350,0.9422217589427628,7
5390,efficientnetb0,550,1.0,3
5391,resnet50,350,1.0,6
5392,resnet18,750,0.9425112246169725,3
5393,vgg19,750,1.0,16
5394,efficientnetb0,939,1.0,3
5395,efficientnetb0,939,0.6801221238861833,4
5396,densenet161,350,0.9422217589427628,7
5397,densenet121,939,0.4858756243316292,5
5398,resnet50,939,0.1412757250508847,2
5399,efficientnetb0,939,1.0,3
5400,vgg16,939,1.0,13
5401,resnet18,350,0.9463184463728672,2
5402,resnet50,350,0.4097205423764233,4
5403,vgg19,750,0.9936879963126718,15
5404,efficientnetb0,550,1.0,3
5405,resnet50,939,1.0,6
5406,vgg19,939,1.0,15
5407,densenet121,550,0.6262433485833546,5
5408,efficientnetb1,939,1.0,3
5409,resnet18,550,1.0,2
5410,densenet121,550,0.6262433485833546,5
5411,densenet121,939,0.4858756243316292,5
5412,densenet121,350,0.6263678162488967,5
5413,efficientnetb1,750,1.0,3
5414,resnet18,939,0.9772814215247084,3
5415,vgg19,939,1.0,15
5416,vgg16,350,0.9150494503700808,13
5417,densenet161,750,1.0,7
5418,resnet50,350,0.8169515861153699,7
5419,vgg19,750,0.9936879963126718,15
5420,densenet161,750,1.0,7
5421,densenet121,350,0.6263678162488967,5
5422,resnet50,350,0.8169515861153699,7
5423,vgg19,350,0.9884623593775808,15
5424,vgg19,939,0.958551617010162,14
5425,vgg16,550,0.9461219284703368,13
5426,vgg16,550,0.9599292331742392,11
5427,densenet121,939,0.0166311998595305,3
5428,densenet121,750,0.6549577219091517,5
5429,resnet50,550,0.8215124558966982,7
5430,vgg19,939,1.0,15
5431,densenet121,939,0.4858756243316292,5
5432,efficientnetb1,350,0.7181138626700144,4
5433,densenet121,750,0.0279532973407523,2
5434,resnet50,939,1.0,6
5435,densenet161,350,0.9422217589427628,7
5436,densenet121,350,0.6263678162488967,5
5437,resnet50,350,1.0,6
5438,efficientnetb1,750,0.7228690296773087,4
5439,vgg16,350,0.1139662905811487,4
5440,resnet18,939,1.0,2
5441,efficientnetb0,550,1.0,3
5442,resnet50,750,0.692684175445151,7
5443,vgg19,750,0.9936879963126718,15
5444,efficientnetb0,939,1.0,3
5445,resnet18,350,0.9463184463728672,2
5446,vgg19,550,1.0,15
5447,resnet18,939,1.0,2
5448,vgg16,750,0.9989474447948092,13
5449,densenet161,939,0.8028649279588222,7
5450,densenet161,750,1.0,7
5451,densenet121,350,0.6263678162488967,5
5452,resnet50,350,0.6807257591827157,8
5453,resnet18,750,1.0,2
5454,densenet161,350,0.9422217589427628,7
5455,resnet18,550,1.0,2
5456,densenet121,350,0.6263678162488967,5
5457,efficientnetb0,939,1.0,3
5458,vgg19,350,0.1104026426586838,3
5459,densenet161,550,0.084152532251803,12
5460,vgg19,350,0.9884623593775808,15
5461,vgg19,939,1.0,15
5462,resnet50,550,1.0,6
5463,resnet50,350,1.0,6
5464,efficientnetb1,350,1.0,3
5465,vgg16,750,0.8760175184574507,11
5466,efficientnetb0,939,1.0,3
5467,resnet50,939,1.0,6
5468,vgg19,550,1.0,15
5469,efficientnetb1,350,0.7181138626700144,4
5470,densenet161,939,0.2611850784190904,12
5471,efficientnetb1,550,0.6878389778024664,4
5472,resnet18,939,1.0,2
5473,resnet18,350,0.9463184463728672,2
5474,vgg19,550,1.0,15
5475,vgg16,939,1.0,13
5476,resnet18,939,1.0,2
5477,resnet50,939,1.0,6
5478,densenet121,939,0.4858756243316292,5
5479,densenet161,550,0.8307012363387156,6
5480,densenet161,550,1.0,7
5481,densenet121,939,0.133680659859905,4
5482,vgg19,350,0.9884623593775808,15
5483,efficientnetb1,939,1.0,3
5484,efficientnetb0,939,1.0,3
5485,resnet18,350,0.9463184463728672,2
5486,efficientnetb0,550,1.0,3
5487,efficientnetb1,350,1.0,3
5488,densenet161,350,0.9422217589427628,7
5489,densenet121,750,0.6549577219091517,5
5490,efficientnetb0,939,1.0,3
5491,efficientnetb0,350,0.2601845258832877,2
5492,resnet18,550,1.0,2
5493,resnet50,750,0.8540914514899219,6
5494,vgg16,550,0.9461219284703368,13
5495,resnet50,939,1.0,6
5496,densenet161,750,1.0,7
5497,vgg19,350,0.9884623593775808,15
5498,vgg16,550,0.9461219284703368,13
5499,efficientnetb1,750,0.3094983907889674,6
5500,resnet50,350,0.8169515861153699,7
5501,densenet161,939,0.8028649279588222,7
5502,efficientnetb0,350,1.0,3
5503,densenet161,750,1.0,7
5504,densenet121,939,0.4858756243316292,5
5505,efficientnetb1,750,1.0,3
5506,efficientnetb0,750,1.0,3
5507,efficientnetb0,550,1.0,3
5508,densenet121,350,0.6263678162488967,5
5509,densenet121,350,0.6263678162488967,5
5510,efficientnetb0,350,1.0,3
5511,efficientnetb1,939,1.0,3
5512,resnet18,750,1.0,2
5513,vgg19,939,1.0,15
5514,resnet50,550,1.0,6
5515,resnet50,750,0.8540914514899219,6
5516,vgg19,939,0.1144285467096243,4
5517,resnet50,350,1.0,6
5518,vgg16,750,0.9989474447948092,13
5519,efficientnetb0,550,1.0,3
5520,efficientnetb0,350,1.0,3
5521,resnet18,350,0.9463184463728672,2
5522,densenet161,550,0.084152532251803,12
5523,densenet161,350,0.9422217589427628,7
5524,densenet161,750,1.0,7
5525,efficientnetb1,939,1.0,3
5526,vgg16,939,1.0,13
5527,resnet50,750,0.8540914514899219,6
5528,resnet50,750,0.8540914514899219,6
5529,vgg19,750,0.9936879963126718,15
5530,efficientnetb0,750,1.0,3
5531,resnet18,350,0.9463184463728672,2
5532,efficientnetb0,550,1.0,3
5533,vgg19,550,0.7587179131016882,12
5534,resnet18,550,1.0,2
5535,resnet50,939,1.0,6
5536,resnet50,550,1.0,6
5537,resnet50,939,1.0,6
5538,resnet18,939,1.0,2
5539,densenet161,550,1.0,7
5540,densenet161,939,0.2831929044634787,5
5541,efficientnetb0,750,1.0,3
5542,densenet161,550,1.0,7
5543,efficientnetb0,550,1.0,3
5544,efficientnetb0,750,1.0,3
5545,efficientnetb1,750,1.0,3
5546,vgg19,939,1.0,15
5547,efficientnetb1,550,1.0,3
5548,vgg19,939,1.0,15
5549,vgg16,350,0.9150494503700808,13
5550,resnet18,939,1.0,2
5551,efficientnetb1,939,0.7039994792384792,4
5552,efficientnetb0,939,1.0,3
5553,vgg16,750,0.9989474447948092,13
5554,densenet161,350,0.9422217589427628,7
5555,vgg16,750,1.0,14
5556,resnet50,939,1.0,6
5557,resnet18,550,1.0,2
5558,resnet18,550,1.0,2
5559,resnet18,939,0.9772814215247084,3
5560,vgg19,750,0.9936879963126718,15
5561,efficientnetb0,550,1.0,3
5562,vgg16,350,0.9150494503700808,13
5563,resnet50,350,0.8169515861153699,7
5564,efficientnetb1,550,1.0,3
5565,densenet161,939,0.8028649279588222,7
5566,vgg16,939,0.986973209346794,14
5567,vgg16,350,0.9150494503700808,13
5568,resnet18,939,0.9772814215247084,3
5569,efficientnetb1,350,1.0,3
5570,vgg16,550,0.9461219284703368,13
5571,resnet18,550,1.0,2
5572,densenet121,939,0.4858756243316292,5
5573,vgg19,939,1.0,15
5574,efficientnetb0,750,1.0,3
5575,vgg19,939,1.0,15
5576,vgg16,939,1.0,13
5577,efficientnetb1,350,0.7181138626700144,4
5578,vgg16,350,0.9150494503700808,13
5579,efficientnetb0,350,1.0,3
5580,densenet121,550,0.6262433485833546,5
5581,resnet50,939,1.0,6
5582,densenet161,350,0.9422217589427628,7
5583,vgg16,550,0.9461219284703368,13
5584,efficientnetb0,350,1.0,3
5585,vgg16,939,0.0548212617333455,3
5586,vgg16,750,0.9989474447948092,13
5587,densenet121,350,0.6263678162488967,5
5588,vgg16,350,0.968053827189964,11
5589,densenet121,550,0.6262433485833546,5
5590,densenet161,350,0.9422217589427628,7
5591,densenet121,939,0.390359012366206,7
5592,densenet121,350,0.6263678162488967,5
5593,efficientnetb1,350,1.0,3
5594,resnet50,550,1.0,6
5595,densenet161,350,0.0606109279047736,12
5596,efficientnetb1,939,1.0,3
5597,densenet121,550,0.6262433485833546,5
5598,vgg16,939,1.0,13
5599,efficientnetb0,939,1.0,3
5600,vgg19,939,1.0,15
5601,resnet18,350,0.9463184463728672,2
5602,resnet50,750,0.8540914514899219,6
5603,resnet50,550,1.0,6
5604,vgg16,939,1.0,13
5605,resnet50,750,0.8540914514899219,6
5606,efficientnetb0,750,0.6483214388113725,4
5607,vgg16,350,0.9150494503700808,13
5608,vgg16,550,0.9461219284703368,13
5609,resnet50,750,0.8540914514899219,6
5610,vgg19,350,0.9884623593775808,15
5611,efficientnetb1,350,1.0,3
5612,vgg19,939,0.7537426666757167,12
5613,vgg19,550,1.0,15
5614,efficientnetb0,750,1.0,3
5615,densenet161,550,1.0,7
5616,resnet50,550,1.0,6
5617,efficientnetb0,939,1.0,3
5618,densenet161,350,0.9422217589427628,7
5619,resnet50,350,1.0,6
5620,densenet161,550,1.0,7
5621,resnet18,550,1.0,2
5622,efficientnetb1,750,1.0,3
5623,efficientnetb0,750,1.0,3
5624,densenet161,550,1.0,7
5625,vgg19,350,0.9884623593775808,15
5626,densenet121,750,0.6549577219091517,5
5627,efficientnetb0,939,0.0,1
5628,vgg19,350,0.9884623593775808,15
5629,vgg16,750,0.9989474447948092,13
5630,densenet161,939,0.8028649279588222,7
5631,vgg19,750,0.9936879963126718,15
5632,densenet161,939,0.8028649279588222,7
5633,vgg16,750,0.9989474447948092,13
5634,densenet121,750,0.6549577219091517,5
5635,efficientnetb0,350,1.0,3
5636,resnet50,550,1.0,6
5637,vgg16,350,0.9150494503700808,13
5638,resnet50,750,0.8540914514899219,6
5639,efficientnetb1,350,1.0,3
5640,resnet18,350,0.9463184463728672,2
5641,resnet18,550,1.0,2
5642,densenet161,750,1.0,7
5643,resnet50,750,0.8540914514899219,6
5644,densenet121,550,0.6262433485833546,5
5645,resnet50,550,0.106889737057666,2
5646,vgg19,750,0.9936879963126718,15
5647,densenet121,550,0.6262433485833546,5
5648,resnet50,939,1.0,6
5649,vgg19,550,1.0,15
5650,vgg19,350,0.9884623593775808,15
5651,resnet18,750,1.0,2
5652,vgg16,750,0.9989474447948092,13
5653,vgg16,750,0.9989474447948092,13
5654,resnet18,750,1.0,2
5655,resnet50,750,0.8540914514899219,6
5656,efficientnetb0,750,1.0,3
5657,resnet50,350,1.0,6
5658,efficientnetb1,350,1.0,3
5659,vgg16,350,0.9150494503700808,13
5660,efficientnetb1,750,0.7228690296773087,4
5661,resnet18,350,0.9463184463728672,2
5662,resnet18,550,1.0,2
5663,resnet18,939,1.0,2
5664,resnet18,939,1.0,2
5665,resnet50,939,1.0,6
5666,vgg19,939,1.0,15
5667,efficientnetb0,750,1.0,3
5668,efficientnetb0,350,1.0,3
5669,densenet161,939,0.8028649279588222,7
5670,resnet50,939,1.0,6
5671,densenet161,350,0.9422217589427628,7
5672,densenet121,350,0.6263678162488967,5
5673,vgg19,750,0.9936879963126718,15
5674,vgg16,550,0.9461219284703368,13
5675,efficientnetb0,939,1.0,3
5676,vgg19,550,1.0,15
5677,resnet18,550,1.0,2
5678,vgg19,550,1.0,15
5679,efficientnetb1,350,0.7181138626700144,4
5680,resnet50,350,1.0,6
5681,densenet121,939,0.4858756243316292,5
5682,efficientnetb1,939,1.0,3
5683,efficientnetb0,550,1.0,3
5684,densenet121,750,0.6549577219091517,5
5685,densenet121,350,0.6263678162488967,5
5686,vgg19,939,1.0,15
5687,vgg19,550,1.0,15
5688,efficientnetb0,350,1.0,3
5689,efficientnetb1,939,1.0,3
5690,resnet18,550,1.0,2
5691,densenet121,350,0.6263678162488967,5
5692,densenet121,350,0.6263678162488967,5
5693,efficientnetb0,350,1.0,3
5694,densenet121,350,0.6263678162488967,5
5695,resnet50,750,0.8540914514899219,6
5696,efficientnetb0,350,1.0,3
5697,resnet50,350,1.0,6
5698,efficientnetb0,750,1.0,3
5699,vgg16,750,0.888612802013523,12
5700,resnet50,750,0.8540914514899219,6
5701,resnet18,550,1.0,2
5702,efficientnetb0,550,1.0,3
5703,vgg16,939,1.0,13
5704,vgg19,550,1.0,15
5705,resnet50,939,1.0,6
5706,vgg16,750,0.9989474447948092,13
5707,densenet121,939,0.4858756243316292,5
5708,densenet161,350,0.9422217589427628,7
5709,resnet50,350,0.8169515861153699,7
5710,vgg19,350,1.0,16
5711,resnet18,750,1.0,2
5712,efficientnetb1,550,1.0,3
5713,vgg16,550,0.941205716630206,14
5714,efficientnetb0,350,1.0,3
5715,efficientnetb0,350,1.0,3
5716,vgg16,750,0.9989474447948092,13
5717,densenet121,550,0.6262433485833546,5
5718,efficientnetb1,550,1.0,3
5719,efficientnetb0,350,1.0,3
5720,resnet50,350,1.0,6
5721,resnet18,350,0.9463184463728672,2
5722,efficientnetb0,750,1.0,3
5723,vgg19,939,1.0,15
5724,efficientnetb0,939,1.0,3
5725,efficientnetb1,750,1.0,3
5726,densenet161,939,0.0018556587877228,3
5727,densenet161,550,0.084152532251803,12
5728,efficientnetb0,750,1.0,3
5729,densenet161,750,1.0,7
5730,vgg16,939,1.0,13
5731,resnet50,350,1.0,6
5732,vgg19,550,1.0,15
5733,vgg19,750,0.7555996769548718,17
5734,resnet18,350,0.9463184463728672,2
5735,vgg19,939,0.6821322371858641,10
5736,densenet161,550,1.0,7
5737,efficientnetb1,350,1.0,3
5738,densenet121,350,0.6263678162488967,5
5739,resnet18,350,0.9463184463728672,2
5740,resnet18,939,0.9772814215247084,3
5741,efficientnetb0,750,1.0,3
5742,vgg16,550,0.9461219284703368,13
5743,efficientnetb1,750,1.0,3
5744,vgg19,350,0.9884623593775808,15
5745,resnet18,750,1.0,2
5746,vgg19,350,0.9884623593775808,15
5747,vgg19,939,1.0,15
5748,densenet161,350,0.9422217589427628,7
5749,efficientnetb1,939,1.0,3
5750,densenet161,350,0.7705044620574577,6
5751,efficientnetb1,550,1.0,3
5752,vgg16,939,1.0,13
5753,vgg19,550,0.93699417819052,14
5754,efficientnetb0,939,1.0,3
5755,vgg19,350,0.9884623593775808,15
5756,vgg16,750,0.9989474447948092,13
5757,efficientnetb0,939,1.0,3
5758,efficientnetb0,550,1.0,3
5759,vgg19,750,0.9936879963126718,15
5760,resnet50,350,0.8830285561177872,5
5761,densenet161,350,0.9422217589427628,7
5762,densenet161,550,1.0,7
5763,vgg16,350,0.9150494503700808,13
5764,resnet18,350,0.9463184463728672,2
5765,efficientnetb1,750,1.0,3
5766,vgg19,550,1.0,15
5767,densenet161,550,1.0,7
5768,densenet161,750,1.0,7
5769,resnet50,750,0.8540914514899219,6
5770,resnet50,550,0.8215124558966982,7
5771,densenet161,939,0.8028649279588222,7
5772,efficientnetb0,550,1.0,3
5773,resnet18,350,0.9463184463728672,2
5774,efficientnetb1,750,1.0,3
5775,vgg19,350,0.9884623593775808,15
5776,vgg16,750,0.9989474447948092,13
5777,densenet161,750,0.5067219862360387,5
5778,densenet161,550,1.0,7
5779,vgg16,350,0.9150494503700808,13
5780,efficientnetb1,350,1.0,3
5781,densenet121,550,0.6262433485833546,5
5782,efficientnetb0,350,1.0,3
5783,efficientnetb0,550,1.0,3
5784,densenet161,550,0.8307012363387156,6
5785,resnet50,939,1.0,6
5786,vgg16,350,0.9150494503700808,13
5787,densenet161,550,1.0,7
5788,vgg16,750,0.9989474447948092,13
5789,vgg16,939,1.0,13
5790,vgg19,939,1.0,15
5791,efficientnetb1,939,1.0,3
5792,efficientnetb1,750,1.0,3
5793,densenet161,750,1.0,7
5794,efficientnetb0,939,1.0,3
5795,resnet18,939,1.0,2
5796,densenet161,939,0.8028649279588222,7
5797,densenet161,350,0.9422217589427628,7
5798,vgg19,350,0.9884623593775808,15
5799,resnet50,350,1.0,6
5800,densenet121,750,1.0,6
5801,resnet18,750,1.0,2
5802,efficientnetb0,350,1.0,3
5803,densenet161,350,0.1012991674218925,4
5804,efficientnetb0,550,1.0,3
5805,efficientnetb0,939,1.0,3
5806,efficientnetb1,350,1.0,3
5807,resnet50,350,0.8169515861153699,7
5808,densenet121,350,0.6263678162488967,5
5809,efficientnetb1,550,1.0,3
5810,resnet18,750,1.0,2
5811,densenet121,939,0.390359012366206,7
5812,efficientnetb1,939,1.0,3
5813,efficientnetb0,350,1.0,3
5814,densenet121,939,0.4858756243316292,5
5815,vgg19,750,0.9936879963126718,15
5816,vgg19,939,1.0,15
5817,vgg16,550,0.9461219284703368,13
5818,resnet50,939,1.0,6
5819,densenet161,939,0.8028649279588222,7
5820,resnet50,939,1.0,6
5821,densenet161,750,1.0,7
5822,resnet18,350,0.9463184463728672,2
5823,efficientnetb0,350,1.0,3
5824,efficientnetb1,350,1.0,3
5825,vgg16,350,0.9150494503700808,13
5826,densenet161,750,1.0,7
5827,resnet50,939,1.0,6
5828,resnet18,939,1.0,2
5829,resnet50,750,0.8540914514899219,6
5830,resnet18,350,0.9463184463728672,2
5831,efficientnetb1,350,1.0,3
5832,efficientnetb1,939,1.0,3
5833,densenet161,550,0.8307012363387156,6
5834,efficientnetb1,550,1.0,3
5835,vgg16,750,0.9989474447948092,13
5836,efficientnetb0,750,1.0,3
5837,efficientnetb1,550,1.0,3
5838,resnet50,550,1.0,6
5839,efficientnetb0,350,1.0,3
5840,resnet18,939,1.0,2
5841,densenet121,550,0.6262433485833546,5
5842,efficientnetb1,939,1.0,3
5843,efficientnetb1,350,0.7181138626700144,4
5844,vgg16,750,0.9989474447948092,13
5845,efficientnetb0,750,0.0,1
5846,resnet18,939,1.0,2
5847,densenet161,550,0.084152532251803,12
5848,densenet161,750,1.0,7
5849,resnet50,750,0.8540914514899219,6
5850,densenet121,350,1.0,6
5851,densenet161,350,0.9422217589427628,7
5852,densenet161,350,0.0606109279047736,12
5853,efficientnetb0,350,1.0,3
5854,efficientnetb0,750,1.0,3
5855,vgg16,350,0.9150494503700808,13
5856,densenet121,750,0.6549577219091517,5
5857,vgg19,550,1.0,15
5858,efficientnetb1,939,1.0,3
5859,vgg16,939,1.0,13
5860,vgg19,939,1.0,15
5861,densenet161,550,0.0323579521725776,2
5862,resnet50,750,0.8540914514899219,6
5863,densenet121,350,0.6263678162488967,5
5864,densenet121,939,0.4858756243316292,5
5865,resnet50,750,0.8540914514899219,6
5866,vgg16,550,0.9461219284703368,13
5867,densenet121,750,0.6549577219091517,5
5868,resnet18,550,1.0,2
5869,resnet18,939,0.9772814215247084,3
5870,densenet121,939,0.4858756243316292,5
5871,vgg16,939,1.0,13
5872,densenet121,750,0.6549577219091517,5
5873,resnet50,350,1.0,6
5874,resnet50,939,1.0,6
5875,resnet18,350,0.9463184463728672,2
5876,densenet121,550,0.6262433485833546,5
5877,resnet50,550,1.0,6
5878,efficientnetb1,750,1.0,3
5879,efficientnetb0,550,1.0,3
5880,vgg16,550,0.9461219284703368,13
5881,efficientnetb0,550,1.0,3
5882,densenet161,550,1.0,7
5883,densenet161,350,0.9422217589427628,7
5884,efficientnetb1,550,1.0,3
5885,resnet18,750,1.0,2
5886,resnet18,550,1.0,2
5887,vgg19,550,1.0,15
5888,resnet50,550,1.0,6
5889,densenet161,350,0.9422217589427628,7
5890,resnet50,550,1.0,6
5891,vgg19,750,0.9936879963126718,15
5892,efficientnetb1,939,1.0,3
5893,resnet50,750,1.0,5
5894,resnet18,550,1.0,2
5895,resnet18,939,1.0,2
5896,efficientnetb0,939,1.0,3
5897,efficientnetb1,939,0.7039994792384792,4
5898,resnet50,350,1.0,6
5899,vgg16,750,0.9989474447948092,13
5900,resnet50,750,0.8540914514899219,6
5901,efficientnetb0,750,1.0,3
5902,efficientnetb1,939,1.0,3
5903,efficientnetb0,939,1.0,3
5904,resnet18,750,1.0,2
5905,resnet50,550,1.0,6
5906,densenet161,939,0.8028649279588222,7
5907,resnet50,750,0.692684175445151,7
5908,efficientnetb0,750,1.0,3
5909,resnet50,350,1.0,6
5910,densenet161,350,0.9422217589427628,7
5911,vgg16,350,0.9150494503700808,13
5912,efficientnetb0,550,1.0,3
5913,efficientnetb0,350,1.0,3
5914,efficientnetb1,939,1.0,3
5915,efficientnetb0,550,1.0,3
5916,efficientnetb0,550,1.0,3
5917,densenet161,350,0.9422217589427628,7
5918,densenet161,350,0.9422217589427628,7
5919,vgg16,750,0.9989474447948092,13
5920,resnet50,350,1.0,6
5921,densenet161,750,1.0,7
5922,efficientnetb1,550,1.0,3
5923,densenet161,750,1.0,7
5924,vgg16,350,0.9150494503700808,13
5925,densenet121,350,0.6263678162488967,5
5926,efficientnetb0,939,1.0,3
5927,densenet121,939,0.4858756243316292,5
5928,resnet18,939,1.0,2
5929,densenet121,550,0.6262433485833546,5
5930,efficientnetb0,350,1.0,3
5931,vgg16,550,0.9461219284703368,13
5932,vgg16,939,1.0,13
5933,densenet121,350,0.6263678162488967,5
5934,resnet18,750,1.0,2
5935,resnet50,350,0.2365622217411404,3
5936,efficientnetb1,350,1.0,3
5937,resnet18,350,0.9463184463728672,2
5938,efficientnetb1,939,1.0,3
5939,densenet121,550,0.6262433485833546,5
5940,resnet18,550,1.0,2
5941,efficientnetb1,750,1.0,3
5942,efficientnetb1,350,1.0,3
5943,vgg19,350,0.9884623593775808,15
5944,resnet50,550,1.0,6
5945,densenet161,350,0.9422217589427628,7
5946,resnet50,350,1.0,6
5947,densenet161,550,1.0,7
5948,densenet121,939,0.4858756243316292,5
5949,densenet121,750,0.6549577219091517,5
5950,densenet121,939,0.4858756243316292,5
5951,vgg19,750,0.9936879963126718,15
5952,efficientnetb0,550,1.0,3
5953,efficientnetb1,939,1.0,3
5954,vgg16,350,0.968053827189964,11
5955,efficientnetb1,750,0.7228690296773087,4
5956,vgg19,550,1.0,15
5957,resnet18,550,1.0,2
5958,resnet18,550,1.0,2
5959,densenet161,939,0.8028649279588222,7
5960,vgg19,750,0.9936879963126718,15
5961,vgg16,939,1.0,13
5962,vgg16,750,0.9989474447948092,13
5963,vgg19,550,0.93432282209291,16
5964,densenet121,350,0.6263678162488967,5
5965,vgg19,550,1.0,15
5966,densenet121,550,0.6262433485833546,5
5967,vgg16,750,0.9989474447948092,13
5968,densenet161,939,0.8028649279588222,7
5969,efficientnetb1,750,1.0,3
5970,resnet18,939,1.0,2
5971,efficientnetb1,550,1.0,3
5972,densenet161,750,1.0,7
5973,resnet18,550,1.0,2
5974,resnet18,350,0.9463184463728672,2
5975,densenet161,550,1.0,7
5976,resnet18,350,0.9463184463728672,2
5977,vgg19,350,0.9884623593775808,15
5978,densenet121,350,0.6263678162488967,5
5979,vgg19,750,0.0,1
5980,densenet121,550,0.6262433485833546,5
5981,resnet18,550,1.0,2
5982,densenet121,750,0.6549577219091517,5
5983,resnet18,750,1.0,2
5984,efficientnetb1,750,1.0,3
5985,efficientnetb1,750,1.0,3
5986,densenet121,350,0.6263678162488967,5
5987,vgg16,350,0.9150494503700808,13
5988,densenet121,939,0.4858756243316292,5
5989,resnet18,939,1.0,2
5990,resnet18,550,1.0,2
5991,densenet161,939,0.8028649279588222,7
5992,densenet161,350,0.9422217589427628,7
5993,efficientnetb1,550,1.0,3
5994,densenet161,350,0.9422217589427628,7
5995,efficientnetb1,750,0.258386396623143,2
5996,vgg16,939,0.8568556422949929,11
5997,densenet161,750,1.0,7
5998,vgg16,750,0.9989474447948092,13
5999,vgg16,350,0.9150494503700808,13
6000,densenet161,550,1.0,7
6001,resnet50,350,1.0,6
6002,resnet50,750,0.8540914514899219,6
6003,densenet161,550,1.0,7
6004,vgg16,939,0.8568556422949929,11
6005,resnet50,350,1.0,6
6006,vgg16,750,0.9989474447948092,13
6007,vgg19,550,1.0,15
6008,densenet121,939,0.4858756243316292,5
6009,resnet18,350,0.9463184463728672,2
6010,efficientnetb0,939,1.0,3
6011,densenet161,750,1.0,7
6012,vgg19,750,0.9936879963126718,15
6013,densenet121,939,0.4858756243316292,5
6014,efficientnetb1,939,1.0,3
6015,resnet18,750,1.0,2
6016,efficientnetb1,939,1.0,3
6017,vgg19,350,0.9884623593775808,15
6018,resnet18,939,1.0,2
6019,vgg16,550,0.9461219284703368,13
6020,densenet161,939,0.8028649279588222,7
6021,resnet18,550,1.0,2
6022,resnet50,350,1.0,6
6023,resnet50,550,1.0,6
6024,vgg16,939,1.0,13
6025,vgg19,939,1.0,15
6026,efficientnetb0,350,1.0,3
6027,vgg16,750,0.9989474447948092,13
6028,resnet50,350,1.0,6
6029,resnet50,550,1.0,6
6030,efficientnetb0,350,1.0,3
6031,efficientnetb1,939,1.0,3
6032,densenet161,939,0.8028649279588222,7
6033,densenet161,350,0.9422217589427628,7
6034,vgg16,350,0.9150494503700808,13
6035,resnet18,750,1.0,2
6036,densenet121,750,0.6549577219091517,5
6037,resnet50,939,1.0,6
6038,resnet50,550,1.0,6
6039,vgg19,750,0.9936879963126718,15
6040,resnet50,750,0.8540914514899219,6
6041,resnet18,939,1.0,2
6042,vgg19,550,1.0,15
6043,resnet18,939,1.0,2
6044,densenet161,350,0.9422217589427628,7
6045,vgg19,350,0.9884623593775808,15
6046,vgg16,939,1.0,13
6047,resnet50,939,0.8017819857800019,7
6048,densenet161,350,0.9422217589427628,7
6049,vgg19,939,0.7038804657074393,11
6050,efficientnetb0,939,1.0,3
6051,densenet121,750,0.6549577219091517,5
6052,densenet121,350,0.6263678162488967,5
6053,resnet50,939,1.0,6
6054,densenet161,350,0.9422217589427628,7
6055,densenet161,750,0.7754817419817108,6
6056,vgg16,750,0.9989474447948092,13
6057,efficientnetb1,550,1.0,3
6058,vgg19,939,1.0,15
6059,vgg16,350,0.9150494503700808,13
6060,densenet121,750,0.6549577219091517,5
6061,vgg19,550,1.0,15
6062,efficientnetb1,350,1.0,3
6063,efficientnetb0,750,1.0,3
6064,resnet18,939,0.5358361217945573,1
6065,densenet121,350,1.0,6
6066,densenet161,550,1.0,7
6067,vgg19,350,0.9884623593775808,15
6068,vgg16,550,0.9461219284703368,13
6069,resnet50,550,1.0,6
6070,vgg16,550,0.9461219284703368,13
6071,efficientnetb0,550,1.0,3
6072,efficientnetb0,550,1.0,3
6073,resnet18,350,0.9463184463728672,2
6074,efficientnetb0,350,1.0,3
6075,densenet161,939,0.8028649279588222,7
6076,densenet121,350,0.6263678162488967,5
6077,densenet161,550,1.0,7
6078,resnet18,750,1.0,2
6079,vgg16,750,0.8760175184574507,11
6080,efficientnetb0,750,1.0,3
6081,densenet121,939,0.4858756243316292,5
6082,densenet161,750,1.0,7
6083,vgg16,939,1.0,13
6084,efficientnetb0,350,1.0,3
6085,efficientnetb0,750,1.0,3
6086,vgg16,550,0.9461219284703368,13
6087,densenet161,750,1.0,7
6088,densenet121,350,0.6263678162488967,5
6089,efficientnetb1,350,1.0,3
6090,densenet121,350,0.6263678162488967,5
6091,resnet50,750,0.692684175445151,7
6092,resnet18,750,1.0,2
6093,densenet121,350,0.6263678162488967,5
6094,resnet18,939,1.0,2
6095,efficientnetb1,550,1.0,3
6096,vgg16,939,1.0,13
6097,efficientnetb1,750,1.0,3
6098,densenet161,550,1.0,7
6099,densenet161,350,0.9422217589427628,7
6100,efficientnetb1,550,0.6878389778024664,4
6101,vgg19,939,1.0,15
6102,densenet121,350,0.6263678162488967,5
6103,resnet18,750,1.0,2
6104,vgg19,350,0.9884623593775808,15
6105,vgg16,550,0.9461219284703368,13
6106,densenet121,350,0.6263678162488967,5
6107,vgg16,350,0.9150494503700808,13
6108,efficientnetb1,350,1.0,3
6109,vgg19,750,0.9936879963126718,15
6110,densenet161,350,0.9422217589427628,7
6111,efficientnetb0,350,1.0,3
6112,resnet18,750,1.0,2
6113,efficientnetb1,550,1.0,3
6114,efficientnetb1,939,1.0,3
6115,efficientnetb1,550,1.0,3
6116,efficientnetb1,350,1.0,3
6117,densenet121,550,0.6262433485833546,5
6118,efficientnetb0,550,1.0,3
6119,vgg16,939,1.0,13
6120,efficientnetb1,550,1.0,3
6121,vgg16,939,1.0,13
6122,resnet18,939,1.0,2
6123,efficientnetb1,550,1.0,3
6124,efficientnetb1,939,1.0,3
6125,resnet50,350,0.8169515861153699,7
6126,resnet18,350,0.9463184463728672,2
6127,densenet121,550,0.6262433485833546,5
6128,densenet161,550,1.0,7
6129,vgg16,939,1.0,13
6130,densenet161,550,1.0,7
6131,vgg16,550,0.9461219284703368,13
6132,efficientnetb0,750,1.0,3
6133,resnet18,939,1.0,2
6134,vgg16,350,0.9150494503700808,13
6135,resnet18,550,1.0,2
6136,densenet161,350,0.9422217589427628,7
6137,vgg19,939,0.783629319224574,17
6138,vgg19,550,1.0,15
6139,densenet121,550,1.0,6
6140,vgg16,750,0.9989474447948092,13
6141,resnet50,750,0.8540914514899219,6
6142,vgg19,350,0.9884623593775808,15
6143,efficientnetb1,350,1.0,3
6144,efficientnetb0,750,1.0,3
6145,vgg19,750,0.6673220941960659,10
6146,resnet50,939,1.0,6
6147,vgg16,550,0.9461219284703368,13
6148,vgg19,350,1.0,16
6149,resnet18,750,1.0,2
6150,densenet121,750,0.6549577219091517,5
6151,resnet18,939,1.0,2
6152,efficientnetb0,350,1.0,3
6153,densenet161,350,0.9422217589427628,7
6154,vgg16,750,0.9989474447948092,13
6155,vgg16,350,0.9150494503700808,13
6156,vgg16,750,0.9989474447948092,13
6157,efficientnetb1,939,1.0,3
6158,resnet18,939,1.0,2
6159,vgg16,939,0.8548072768189431,12
6160,efficientnetb0,750,1.0,3
6161,efficientnetb0,750,1.0,3
6162,efficientnetb0,750,1.0,3
6163,densenet121,350,0.6263678162488967,5
6164,vgg16,750,0.6199568106045172,9
6165,resnet50,550,1.0,6
6166,densenet121,750,0.6549577219091517,5
6167,resnet50,350,1.0,6
6168,efficientnetb0,550,1.0,3
6169,vgg16,350,0.0713714441743471,3
6170,resnet50,550,1.0,6
6171,efficientnetb1,939,0.7039994792384792,4
6172,efficientnetb1,750,1.0,3
6173,efficientnetb0,350,1.0,3
6174,densenet121,750,0.6549577219091517,5
6175,vgg19,550,0.0192737323606945,1
6176,vgg16,550,0.9461219284703368,13
6177,densenet161,939,1.0,6
6178,efficientnetb1,350,1.0,3
6179,vgg16,750,0.8760175184574507,11
6180,densenet121,350,0.6263678162488967,5
6181,vgg19,939,1.0,15
6182,efficientnetb0,750,1.0,3
6183,resnet50,550,1.0,6
6184,densenet121,939,0.4858756243316292,5
6185,vgg16,750,0.9989474447948092,13
6186,resnet50,750,0.8540914514899219,6
6187,densenet161,939,0.8028649279588222,7
6188,vgg16,350,0.1139662905811487,4
6189,densenet161,750,1.0,7
6190,resnet50,939,0.8017819857800019,7
6191,densenet121,350,0.0,1
6192,efficientnetb0,939,1.0,3
6193,vgg16,750,0.9989474447948092,13
6194,resnet50,550,1.0,6
6195,resnet50,750,0.8540914514899219,6
6196,vgg19,939,1.0,15
6197,efficientnetb0,750,1.0,3
6198,densenet161,939,0.8028649279588222,7
6199,vgg19,350,1.0,16
6200,vgg19,550,1.0,15
6201,densenet121,750,0.6549577219091517,5
6202,efficientnetb0,350,1.0,3
6203,efficientnetb0,350,1.0,3
6204,resnet50,750,0.8540914514899219,6
6205,resnet18,939,1.0,2
6206,resnet18,350,0.9463184463728672,2
6207,resnet18,750,1.0,2
6208,resnet18,939,1.0,2
6209,efficientnetb1,750,1.0,3
6210,resnet50,350,1.0,6
6211,densenet121,939,0.4858756243316292,5
6212,vgg19,939,1.0,15
6213,resnet18,350,0.9463184463728672,2
6214,efficientnetb0,750,1.0,3
6215,resnet50,750,0.692684175445151,7
6216,efficientnetb0,939,1.0,3
6217,efficientnetb0,750,1.0,3
6218,densenet161,350,0.9422217589427628,7
6219,densenet121,750,0.6549577219091517,5
6220,vgg16,750,0.9989474447948092,13
6221,vgg16,550,0.9461219284703368,13
6222,vgg16,939,0.8568556422949929,11
6223,efficientnetb0,939,1.0,3
6224,resnet18,750,1.0,2
6225,efficientnetb0,750,1.0,3
6226,resnet18,939,1.0,2
6227,vgg16,350,0.6122688308267832,9
6228,densenet121,750,0.6549577219091517,5
6229,vgg16,550,0.9461219284703368,13
6230,vgg16,350,0.9150494503700808,13
6231,efficientnetb0,750,1.0,3
6232,vgg19,350,0.9884623593775808,15
6233,densenet121,750,0.6549577219091517,5
6234,efficientnetb1,550,1.0,3
6235,densenet161,750,1.0,7
6236,resnet50,939,1.0,6
6237,efficientnetb0,350,1.0,3
6238,efficientnetb1,750,1.0,3
6239,vgg19,939,1.0,15
6240,densenet161,939,0.8028649279588222,7
6241,densenet161,550,1.0,7
6242,vgg19,350,0.9884623593775808,15
6243,efficientnetb0,939,1.0,3
6244,efficientnetb0,939,1.0,3
6245,densenet121,939,0.4858756243316292,5
6246,vgg16,350,0.9150494503700808,13
6247,resnet18,939,1.0,2
6248,efficientnetb0,939,1.0,3
6249,efficientnetb1,550,1.0,3
6250,vgg19,550,0.93699417819052,14
6251,resnet50,550,1.0,6
6252,efficientnetb0,750,1.0,3
6253,efficientnetb1,550,1.0,3
6254,vgg19,550,1.0,15
6255,vgg16,350,0.9150494503700808,13
6256,densenet121,350,0.6263678162488967,5
6257,vgg19,550,1.0,15
6258,efficientnetb1,750,1.0,3
6259,resnet18,350,0.9463184463728672,2
6260,vgg16,550,0.9461219284703368,13
6261,vgg19,350,0.9884623593775808,15
6262,resnet50,750,0.8540914514899219,6
6263,resnet50,550,1.0,6
6264,densenet161,550,1.0,7
6265,efficientnetb0,350,1.0,3
6266,resnet18,350,0.9463184463728672,2
6267,resnet18,750,1.0,2
6268,efficientnetb0,939,1.0,3
6269,vgg19,939,1.0,15
6270,efficientnetb0,750,1.0,3
6271,densenet121,550,0.6262433485833546,5
6272,resnet50,750,0.098265786808133,1
6273,densenet121,750,0.6549577219091517,5
6274,vgg16,550,0.9461219284703368,13
6275,densenet121,939,0.4858756243316292,5
6276,efficientnetb1,939,1.0,3
6277,resnet18,939,1.0,2
6278,efficientnetb0,350,1.0,3
6279,vgg19,350,0.9884623593775808,15
6280,resnet50,750,0.8540914514899219,6
6281,vgg19,350,0.9884623593775808,15
6282,vgg16,939,0.8568556422949929,11
6283,vgg19,550,0.93432282209291,16
6284,resnet18,550,1.0,2
6285,resnet18,939,1.0,2
6286,efficientnetb0,750,0.221102352041803,2
6287,resnet18,750,1.0,2
6288,vgg16,939,1.0,13
6289,resnet18,939,1.0,2
6290,vgg19,750,0.9936879963126718,15
6291,vgg19,550,1.0,15
6292,densenet161,550,1.0,7
6293,efficientnetb0,939,1.0,3
6294,efficientnetb1,550,0.6878389778024664,4
6295,vgg16,550,0.9461219284703368,13
6296,densenet161,750,0.0355493113357071,3
6297,densenet161,750,1.0,7
6298,vgg19,550,1.0,15
6299,efficientnetb1,550,1.0,3
6300,resnet18,750,1.0,2
6301,efficientnetb1,750,1.0,3
6302,densenet121,750,0.6549577219091517,5
6303,vgg19,350,0.9884623593775808,15
6304,vgg19,350,0.9884623593775808,15
6305,resnet50,550,1.0,6
6306,efficientnetb0,939,1.0,3
6307,resnet50,550,1.0,6
6308,densenet121,939,0.4858756243316292,5
6309,vgg19,750,0.9936879963126718,15
6310,efficientnetb1,550,1.0,3
6311,densenet161,750,0.0912366792400731,4
6312,efficientnetb1,939,1.0,3
6313,efficientnetb1,939,1.0,3
6314,efficientnetb0,550,1.0,3
6315,efficientnetb0,550,1.0,3
6316,vgg19,750,0.9936879963126718,15
6317,densenet121,350,0.6263678162488967,5
6318,vgg16,750,0.9989474447948092,13
6319,efficientnetb1,750,1.0,3
6320,vgg19,750,0.9936879963126718,15
6321,resnet18,939,1.0,2
6322,resnet18,550,1.0,2
6323,efficientnetb1,750,1.0,3
6324,resnet18,550,1.0,2
6325,vgg19,939,1.0,15
6326,resnet18,350,0.9463184463728672,2
6327,resnet18,750,0.9425112246169725,3
6328,efficientnetb0,750,1.0,3
6329,resnet50,350,0.8169515861153699,7
6330,resnet50,350,0.8169515861153699,7
6331,densenet161,750,1.0,7
6332,efficientnetb0,939,0.6801221238861833,4
6333,vgg19,350,0.9884623593775808,15
6334,vgg16,939,0.8568556422949929,11
6335,efficientnetb0,939,1.0,3
6336,vgg19,550,1.0,15
6337,efficientnetb1,939,1.0,3
6338,densenet161,550,1.0,7
6339,efficientnetb1,750,1.0,3
6340,resnet50,350,1.0,6
6341,vgg19,350,0.9884623593775808,15
6342,resnet50,750,0.692684175445151,7
6343,densenet161,550,0.084152532251803,12
6344,densenet121,939,0.4858756243316292,5
6345,densenet121,550,0.6262433485833546,5
6346,vgg16,750,0.9989474447948092,13
6347,efficientnetb0,939,1.0,3
6348,efficientnetb1,939,0.7039994792384792,4
6349,efficientnetb1,750,1.0,3
6350,efficientnetb0,350,1.0,3
6351,efficientnetb0,750,1.0,3
6352,efficientnetb1,750,1.0,3
6353,densenet161,939,0.8028649279588222,7
6354,efficientnetb0,350,1.0,3
6355,vgg16,550,0.9599292331742392,11
6356,densenet161,939,0.8028649279588222,7
6357,efficientnetb1,350,1.0,3
6358,vgg19,939,1.0,15
6359,vgg16,350,0.9150494503700808,13
6360,resnet18,550,1.0,2
6361,resnet50,750,0.692684175445151,7
6362,efficientnetb0,750,1.0,3
6363,efficientnetb1,939,1.0,3
6364,densenet121,939,0.4858756243316292,5
6365,vgg16,350,0.9150494503700808,13
6366,resnet18,550,1.0,2
6367,resnet50,550,1.0,6
6368,efficientnetb1,350,1.0,3
6369,efficientnetb0,939,1.0,3
6370,densenet121,939,0.4858756243316292,5
6371,resnet50,750,0.8540914514899219,6
6372,densenet161,350,0.9422217589427628,7
6373,densenet121,939,0.4858756243316292,5
6374,efficientnetb0,350,1.0,3
6375,efficientnetb0,750,1.0,3
6376,resnet50,750,0.8540914514899219,6
6377,resnet50,750,0.8540914514899219,6
6378,vgg16,350,0.9150494503700808,13
6379,densenet161,350,0.9422217589427628,7
6380,vgg19,939,1.0,15
6381,resnet18,550,1.0,2
6382,efficientnetb0,350,1.0,3
6383,efficientnetb0,550,1.0,3
6384,vgg16,350,0.9150494503700808,13
6385,vgg16,750,0.9989474447948092,13
6386,efficientnetb0,750,1.0,3
6387,vgg16,750,0.9989474447948092,13
6388,densenet121,350,0.6263678162488967,5
6389,resnet50,550,1.0,6
6390,vgg19,750,0.9936879963126718,15
6391,vgg16,750,0.9989474447948092,13
6392,densenet121,750,0.6549577219091517,5
6393,resnet18,939,1.0,2
6394,vgg16,350,0.9150494503700808,13
6395,resnet18,550,1.0,2
6396,vgg16,939,1.0,13
6397,resnet18,750,1.0,2
6398,efficientnetb1,750,1.0,3
6399,densenet121,939,0.4858756243316292,5
6400,vgg19,939,1.0,15
6401,resnet18,550,1.0,2
6402,efficientnetb1,939,1.0,3
6403,efficientnetb0,939,1.0,3
6404,densenet121,350,0.6263678162488967,5
6405,vgg19,350,0.9884623593775808,15
6406,efficientnetb0,350,1.0,3
6407,densenet161,750,1.0,7
6408,densenet121,750,0.6549577219091517,5
6409,efficientnetb0,750,1.0,3
6410,vgg16,550,0.9461219284703368,13
6411,vgg19,550,0.93432282209291,16
6412,resnet50,550,1.0,6
6413,densenet121,939,0.4858756243316292,5
6414,vgg16,550,0.9461219284703368,13
6415,efficientnetb1,350,1.0,3
6416,densenet161,350,0.9422217589427628,7
6417,vgg19,550,1.0,15
6418,efficientnetb0,939,1.0,3
6419,vgg16,750,0.9989474447948092,13
6420,efficientnetb0,350,1.0,3
6421,vgg19,939,1.0,15
6422,resnet50,939,1.0,6
6423,densenet121,350,0.6263678162488967,5
6424,efficientnetb0,550,1.0,3
6425,efficientnetb0,550,0.5319033905566624,5
6426,efficientnetb0,750,1.0,3
6427,resnet18,750,1.0,2
6428,densenet161,750,1.0,7
6429,vgg19,750,0.9936879963126718,15
6430,densenet121,750,0.6549577219091517,5
6431,efficientnetb0,550,0.7484594574197447,4
6432,densenet161,939,0.8028649279588222,7
6433,densenet121,939,1.0,6
6434,vgg19,939,1.0,15
6435,resnet18,750,1.0,2
6436,efficientnetb1,550,1.0,3
6437,efficientnetb1,550,1.0,3
6438,efficientnetb1,550,1.0,3
6439,resnet50,550,1.0,6
6440,densenet121,550,0.6262433485833546,5
6441,efficientnetb1,939,1.0,3
6442,densenet121,350,0.6263678162488967,5
6443,vgg19,550,1.0,15
6444,vgg16,939,1.0,13
6445,resnet50,550,1.0,6
6446,efficientnetb1,939,1.0,3
6447,efficientnetb1,350,1.0,3
6448,vgg16,550,0.941205716630206,14
6449,vgg16,750,0.9989474447948092,13
6450,resnet50,550,1.0,6
6451,resnet18,350,0.9463184463728672,2
6452,densenet121,350,0.6263678162488967,5
6453,vgg19,550,1.0,15
6454,efficientnetb1,750,1.0,3
6455,efficientnetb0,750,1.0,3
6456,densenet121,550,0.6262433485833546,5
6457,vgg16,939,1.0,13
6458,densenet121,350,1.0,6
6459,vgg19,750,0.9936879963126718,15
6460,resnet18,750,1.0,2
6461,efficientnetb0,750,1.0,3
6462,vgg19,939,0.053642035656265,3
6463,resnet18,750,1.0,2
6464,densenet161,550,1.0,7
6465,efficientnetb1,550,1.0,3
6466,densenet121,350,0.6263678162488967,5
6467,resnet50,750,0.8540914514899219,6
6468,resnet18,350,0.9463184463728672,2
6469,resnet50,750,0.8540914514899219,6
6470,resnet18,350,0.9463184463728672,2
6471,densenet121,550,0.6262433485833546,5
6472,resnet50,350,1.0,6
6473,densenet161,939,0.8028649279588222,7
6474,efficientnetb1,550,1.0,3
6475,efficientnetb1,350,1.0,3
6476,efficientnetb1,939,1.0,3
6477,efficientnetb0,350,1.0,3
6478,efficientnetb0,550,1.0,3
6479,densenet121,350,0.6263678162488967,5
6480,efficientnetb0,550,1.0,3
6481,vgg16,550,0.9461219284703368,13
6482,resnet18,350,0.9463184463728672,2
6483,densenet121,939,0.4858756243316292,5
6484,vgg19,550,1.0,15
6485,densenet161,550,1.0,7
6486,densenet121,350,0.6263678162488967,5
6487,vgg16,939,1.0,13
6488,resnet50,350,1.0,6
6489,vgg19,550,0.3992057636441661,5
6490,densenet121,350,0.6263678162488967,5
6491,vgg16,939,1.0,13
6492,vgg16,550,0.9461219284703368,13
6493,efficientnetb0,750,1.0,3
6494,resnet18,350,0.9463184463728672,2
6495,resnet18,550,1.0,2
6496,efficientnetb1,550,1.0,3
6497,resnet18,550,1.0,2
6498,densenet121,750,1.0,6
6499,vgg19,939,1.0,15
6500,efficientnetb1,750,1.0,3
6501,resnet50,350,0.8169515861153699,7
6502,efficientnetb0,939,1.0,3
6503,efficientnetb0,350,1.0,3
6504,efficientnetb1,939,1.0,3
6505,efficientnetb1,550,1.0,3
6506,densenet121,550,1.0,6
6507,densenet121,750,0.6549577219091517,5
6508,efficientnetb0,750,1.0,3
6509,vgg19,550,1.0,15
6510,densenet161,550,0.5735576563250782,5
6511,resnet50,750,0.8540914514899219,6
6512,resnet50,750,0.8540914514899219,6
6513,resnet50,750,0.098265786808133,1
6514,efficientnetb1,550,1.0,3
6515,resnet18,550,1.0,2
6516,vgg16,750,0.9989474447948092,13
6517,resnet50,350,1.0,6
6518,resnet18,550,1.0,2
6519,efficientnetb1,350,1.0,3
6520,resnet50,750,0.8540914514899219,6
6521,resnet50,350,1.0,6
6522,densenet121,750,0.6549577219091517,5
6523,vgg19,750,0.9936879963126718,15
6524,resnet18,550,0.9649971314956884,3
6525,resnet18,550,1.0,2
6526,densenet161,550,1.0,7
6527,resnet18,750,1.0,2
6528,resnet50,939,1.0,6
6529,efficientnetb0,939,1.0,3
6530,vgg16,350,0.9150494503700808,13
6531,vgg19,750,0.9936879963126718,15
6532,efficientnetb0,939,1.0,3
6533,vgg16,550,0.4554756020263791,7
6534,resnet18,750,1.0,2
6535,efficientnetb1,350,1.0,3
6536,efficientnetb0,550,1.0,3
6537,vgg16,550,0.9461219284703368,13
6538,densenet161,350,0.9422217589427628,7
6539,vgg19,750,0.9936879963126718,15
6540,densenet161,939,0.8028649279588222,7
6541,densenet121,750,0.6549577219091517,5
6542,efficientnetb0,350,1.0,3
6543,resnet50,350,0.8169515861153699,7
6544,resnet18,550,1.0,2
6545,densenet161,939,0.8028649279588222,7
6546,resnet18,550,1.0,2
6547,efficientnetb1,550,1.0,3
6548,vgg19,350,0.3670248005033085,6
6549,efficientnetb1,939,0.7039994792384792,4
6550,vgg19,350,0.9884623593775808,15
6551,vgg16,550,0.9461219284703368,13
6552,vgg16,750,0.8760175184574507,11
6553,efficientnetb0,750,1.0,3
6554,resnet50,750,0.8540914514899219,6
6555,resnet50,939,1.0,6
6556,efficientnetb1,750,1.0,3
6557,efficientnetb1,350,1.0,3
6558,densenet121,350,0.6263678162488967,5
6559,efficientnetb1,350,1.0,3
6560,resnet18,750,1.0,2
6561,vgg16,550,0.9461219284703368,13
6562,densenet121,550,0.6262433485833546,5
6563,efficientnetb0,350,1.0,3
6564,densenet121,750,0.6549577219091517,5
6565,resnet50,939,1.0,6
6566,resnet50,939,1.0,6
6567,vgg19,939,0.7038804657074393,11
6568,efficientnetb0,750,1.0,3
6569,densenet121,939,1.0,6
6570,resnet18,750,1.0,2
6571,vgg19,750,0.9936879963126718,15
6572,resnet50,550,1.0,6
6573,resnet50,550,1.0,6
6574,efficientnetb1,350,1.0,3
6575,resnet50,939,1.0,6
6576,resnet50,350,1.0,6
6577,vgg16,350,0.9150494503700808,13
6578,vgg19,750,0.9936879963126718,15
6579,efficientnetb0,750,1.0,3
6580,efficientnetb1,939,1.0,3
6581,efficientnetb1,750,1.0,3
6582,resnet18,750,1.0,2
6583,resnet50,750,0.8540914514899219,6
6584,densenet161,939,0.8028649279588222,7
6585,efficientnetb1,939,1.0,3
6586,efficientnetb0,550,1.0,3
6587,vgg16,939,1.0,13
6588,vgg16,750,0.888612802013523,12
6589,efficientnetb0,350,1.0,3
6590,vgg19,550,1.0,15
6591,densenet121,550,0.6262433485833546,5
6592,densenet161,939,0.8028649279588222,7
6593,efficientnetb0,939,1.0,3
6594,vgg19,550,1.0,15
6595,vgg16,939,1.0,13
6596,vgg16,750,0.9989474447948092,13
6597,resnet50,350,1.0,6
6598,efficientnetb1,939,1.0,3
6599,vgg19,350,0.9884623593775808,15
6600,densenet161,550,1.0,7
6601,densenet121,350,0.6263678162488967,5
6602,efficientnetb0,550,0.7484594574197447,4
6603,densenet121,750,0.6549577219091517,5
6604,vgg19,550,1.0,15
6605,vgg16,939,1.0,13
6606,vgg19,939,1.0,15
6607,vgg16,750,0.9989474447948092,13
6608,vgg16,750,0.9989474447948092,13
6609,efficientnetb1,939,1.0,3
6610,resnet18,750,1.0,2
6611,efficientnetb1,350,1.0,3
6612,resnet50,350,1.0,6
6613,densenet121,350,0.6263678162488967,5
6614,efficientnetb0,550,1.0,3
6615,efficientnetb0,550,1.0,3
6616,vgg19,350,0.9884623593775808,15
6617,densenet161,939,0.8028649279588222,7
6618,efficientnetb0,939,1.0,3
6619,vgg16,750,0.9989474447948092,13
6620,vgg16,550,0.9461219284703368,13
6621,vgg16,350,0.451298059329941,6
6622,densenet161,939,0.8028649279588222,7
6623,efficientnetb1,550,1.0,3
6624,resnet18,350,0.9463184463728672,2
6625,efficientnetb0,350,1.0,3
6626,efficientnetb1,350,1.0,3
6627,resnet50,550,1.0,6
6628,vgg16,750,0.9989474447948092,13
6629,efficientnetb1,939,1.0,3
6630,vgg16,550,0.9461219284703368,13
6631,efficientnetb1,939,1.0,3
6632,densenet161,939,0.8028649279588222,7
6633,efficientnetb1,939,1.0,3
6634,densenet121,750,0.6549577219091517,5
6635,resnet50,939,1.0,6
6636,densenet121,350,0.6263678162488967,5
6637,vgg16,750,0.9989474447948092,13
6638,resnet50,750,0.8540914514899219,6
6639,densenet121,750,0.6549577219091517,5
6640,efficientnetb0,350,1.0,3
6641,resnet18,750,1.0,2
6642,resnet50,750,0.8540914514899219,6
6643,densenet121,939,0.4858756243316292,5
6644,vgg19,750,0.9936879963126718,15
6645,densenet161,350,0.9422217589427628,7
6646,densenet161,750,1.0,7
6647,densenet161,350,0.9422217589427628,7
6648,efficientnetb1,350,1.0,3
6649,resnet50,750,0.8540914514899219,6
6650,densenet161,939,0.8028649279588222,7
6651,efficientnetb0,939,1.0,3
6652,resnet18,939,1.0,2
6653,densenet161,350,0.9422217589427628,7
6654,efficientnetb0,550,1.0,3
6655,resnet50,750,0.8540914514899219,6
6656,resnet50,350,1.0,6
6657,resnet18,350,0.9463184463728672,2
6658,resnet50,939,1.0,6
6659,efficientnetb0,939,1.0,3
6660,densenet121,550,0.6262433485833546,5
6661,efficientnetb1,939,1.0,3
6662,vgg16,350,0.9150494503700808,13
6663,resnet18,550,1.0,2
6664,densenet161,939,0.8028649279588222,7
6665,efficientnetb0,750,1.0,3
6666,densenet161,350,0.7705044620574577,6
6667,efficientnetb1,550,1.0,3
6668,vgg19,750,0.9936879963126718,15
6669,efficientnetb1,350,1.0,3
6670,efficientnetb0,350,1.0,3
6671,densenet121,350,0.6263678162488967,5
6672,vgg19,550,1.0,15
6673,efficientnetb1,350,1.0,3
6674,resnet50,350,1.0,6
6675,densenet161,350,0.9422217589427628,7
6676,efficientnetb1,350,1.0,3
6677,vgg16,350,0.9150494503700808,13
6678,vgg16,550,0.9461219284703368,13
6679,efficientnetb0,550,0.7484594574197447,4
6680,resnet18,350,0.9463184463728672,2
6681,vgg19,939,0.9938700985656802,16
6682,densenet121,939,0.4858756243316292,5
6683,resnet50,350,1.0,6
6684,efficientnetb1,350,1.0,3
6685,efficientnetb1,750,1.0,3
6686,resnet18,750,1.0,2
6687,resnet18,750,1.0,2
6688,vgg19,939,1.0,15
6689,resnet50,350,1.0,6
6690,resnet18,939,1.0,2
6691,densenet161,750,1.0,7
6692,vgg16,939,1.0,13
6693,densenet121,939,0.4858756243316292,5
6694,vgg19,750,0.9936879963126718,15
6695,resnet50,350,1.0,6
6696,efficientnetb1,939,1.0,3
6697,densenet121,750,0.6549577219091517,5
6698,resnet50,750,0.3344894405367239,2
6699,efficientnetb0,750,1.0,3
6700,densenet121,550,0.6262433485833546,5
6701,densenet121,550,0.6262433485833546,5
6702,efficientnetb1,939,1.0,3
6703,vgg16,550,0.9599292331742392,11
6704,densenet121,550,0.0266970250369456,2
6705,resnet50,750,0.8540914514899219,6
6706,resnet18,939,1.0,2
6707,resnet50,350,1.0,6
6708,densenet161,550,1.0,7
6709,vgg16,939,1.0,13
6710,densenet121,550,1.0,6
6711,vgg16,750,0.9989474447948092,13
6712,efficientnetb1,550,1.0,3
6713,densenet161,939,0.8028649279588222,7
6714,efficientnetb1,750,1.0,3
6715,densenet121,350,0.6263678162488967,5
6716,resnet50,939,1.0,6
6717,efficientnetb0,750,0.6483214388113725,4
6718,vgg19,550,1.0,15
6719,resnet50,550,1.0,6
6720,densenet161,550,1.0,7
6721,resnet18,750,1.0,2
6722,efficientnetb0,750,1.0,3
6723,densenet121,939,0.4858756243316292,5
6724,densenet121,750,0.6549577219091517,5
6725,densenet121,350,0.6263678162488967,5
6726,vgg19,550,1.0,15
6727,densenet121,550,0.6262433485833546,5
6728,vgg16,350,0.9150494503700808,13
6729,efficientnetb0,750,1.0,3
6730,densenet121,550,0.6262433485833546,5
6731,vgg16,750,0.7792226912655664,15
6732,efficientnetb0,550,1.0,3
6733,efficientnetb1,550,1.0,3
6734,densenet121,350,0.6263678162488967,5
6735,resnet18,350,0.9463184463728672,2
6736,densenet121,750,0.6549577219091517,5
6737,resnet50,550,1.0,6
6738,vgg19,750,0.9936879963126718,15
6739,efficientnetb0,350,0.2601845258832877,2
6740,resnet50,750,0.8540914514899219,6
6741,vgg19,750,0.482051380981956,8
6742,vgg19,939,1.0,15
6743,resnet18,550,1.0,2
6744,densenet161,750,1.0,7
6745,vgg19,939,1.0,15
6746,resnet18,350,0.9463184463728672,2
6747,efficientnetb0,939,1.0,3
6748,densenet161,750,1.0,7
6749,densenet121,750,0.6549577219091517,5
6750,densenet121,750,1.0,6
6751,efficientnetb0,550,1.0,3
6752,vgg16,350,0.9150494503700808,13
6753,resnet18,350,0.9463184463728672,2
6754,vgg19,750,0.9936879963126718,15
6755,resnet50,550,1.0,6
6756,efficientnetb0,550,1.0,3
6757,resnet18,750,1.0,2
6758,resnet50,350,1.0,6
6759,densenet161,939,0.8028649279588222,7
6760,efficientnetb1,350,1.0,3
6761,resnet50,350,1.0,6
6762,resnet18,350,0.9463184463728672,2
6763,vgg19,939,1.0,15
6764,densenet121,550,0.6262433485833546,5
6765,densenet161,550,1.0,7
6766,vgg16,750,0.9989474447948092,13
6767,densenet121,350,0.6263678162488967,5
6768,densenet121,550,0.6262433485833546,5
6769,vgg19,550,1.0,15
6770,resnet18,750,1.0,2
6771,efficientnetb0,550,1.0,3
6772,efficientnetb1,350,1.0,3
6773,densenet121,750,0.0357436179754728,3
6774,vgg16,350,0.9150494503700808,13
6775,densenet161,750,1.0,7
6776,resnet18,350,0.9463184463728672,2
6777,vgg19,750,0.9936879963126718,15
6778,efficientnetb1,750,1.0,3
6779,vgg19,550,1.0,15
6780,vgg19,750,0.9936879963126718,15
6781,vgg19,939,1.0,15
6782,vgg19,550,1.0,15
6783,vgg19,550,1.0,15
6784,efficientnetb0,750,1.0,3
6785,vgg19,939,1.0,15
6786,densenet161,350,0.9422217589427628,7
6787,efficientnetb1,550,1.0,3
6788,resnet50,350,1.0,6
6789,vgg16,939,1.0,13
6790,efficientnetb1,350,1.0,3
6791,vgg19,939,1.0,15
6792,efficientnetb0,550,1.0,3
6793,densenet161,939,0.8028649279588222,7
6794,efficientnetb1,750,1.0,3
6795,densenet161,939,0.8028649279588222,7
6796,resnet18,350,0.9463184463728672,2
6797,efficientnetb0,750,1.0,3
6798,resnet50,350,1.0,6
6799,resnet50,350,1.0,6
6800,efficientnetb1,350,1.0,3
6801,resnet50,750,0.8540914514899219,6
6802,efficientnetb1,750,1.0,3
6803,vgg16,939,1.0,13
6804,efficientnetb0,550,1.0,3
6805,vgg16,550,0.9599292331742392,11
6806,resnet50,350,1.0,6
6807,vgg16,939,1.0,13
6808,densenet161,750,1.0,7
6809,efficientnetb1,350,1.0,3
6810,densenet161,750,1.0,7
6811,vgg19,550,1.0,15
6812,densenet121,750,0.6549577219091517,5
6813,resnet18,550,1.0,2
6814,vgg16,550,0.9461219284703368,13
6815,vgg16,350,0.9150494503700808,13
6816,densenet161,350,0.9422217589427628,7
6817,vgg16,350,0.9150494503700808,13
6818,vgg16,550,0.9461219284703368,13
6819,vgg16,550,0.9461219284703368,13
6820,efficientnetb0,750,1.0,3
6821,densenet121,550,0.6262433485833546,5
6822,resnet18,939,1.0,2
6823,vgg19,550,1.0,15
6824,efficientnetb0,350,1.0,3
6825,resnet18,550,1.0,2
6826,vgg19,550,1.0,15
6827,vgg19,939,1.0,15
6828,efficientnetb0,350,1.0,3
6829,resnet18,350,0.9463184463728672,2
6830,resnet50,550,1.0,6
6831,vgg19,939,1.0,15
6832,vgg16,550,0.9461219284703368,13
6833,vgg19,550,1.0,15
6834,vgg19,750,0.9936879963126718,15
6835,resnet18,750,1.0,2
6836,efficientnetb0,550,1.0,3
6837,resnet50,550,1.0,6
6838,resnet50,939,1.0,6
6839,resnet50,939,1.0,6
6840,vgg16,350,0.968053827189964,11
6841,vgg19,939,1.0,15
6842,densenet161,939,0.2611850784190904,12
6843,vgg19,550,1.0,15
6844,resnet18,750,1.0,2
6845,resnet50,350,0.8169515861153699,7
6846,efficientnetb1,750,1.0,3
6847,efficientnetb0,939,1.0,3
6848,vgg16,550,0.9599292331742392,11
6849,densenet121,550,0.6262433485833546,5
6850,efficientnetb1,350,1.0,3
6851,efficientnetb1,550,1.0,3
6852,vgg19,750,0.9936879963126718,15
6853,resnet50,750,0.8540914514899219,6
6854,resnet18,939,1.0,2
6855,efficientnetb0,350,1.0,3
6856,vgg16,550,0.9461219284703368,13
6857,efficientnetb0,750,1.0,3
6858,resnet50,350,1.0,6
6859,resnet18,550,1.0,2
6860,vgg19,550,1.0,15
6861,resnet50,550,1.0,6
6862,resnet50,750,0.8540914514899219,6
6863,densenet161,550,1.0,7
6864,vgg19,550,1.0,15
6865,vgg19,350,0.9884623593775808,15
6866,vgg19,550,1.0,15
6867,vgg19,939,1.0,15
6868,vgg16,939,1.0,13
6869,resnet18,750,1.0,2
6870,efficientnetb1,939,1.0,3
6871,efficientnetb0,350,1.0,3
6872,vgg16,750,0.9989474447948092,13
6873,efficientnetb0,550,1.0,3
6874,densenet161,750,1.0,7
6875,densenet121,550,0.6262433485833546,5
6876,resnet50,550,1.0,6
6877,resnet50,550,1.0,6
6878,vgg19,550,1.0,15
6879,vgg19,750,0.9936879963126718,15
6880,resnet18,350,0.9463184463728672,2
6881,efficientnetb0,350,1.0,3
6882,resnet50,750,0.8540914514899219,6
6883,efficientnetb1,939,1.0,3
6884,vgg16,939,1.0,13
6885,densenet161,350,0.9422217589427628,7
6886,vgg16,750,0.9989474447948092,13
6887,efficientnetb1,939,1.0,3
6888,efficientnetb0,550,1.0,3
6889,efficientnetb1,350,1.0,3
6890,densenet121,350,0.6263678162488967,5
6891,densenet161,550,0.8307012363387156,6
6892,vgg19,750,0.9936879963126718,15
6893,densenet121,750,0.6549577219091517,5
6894,resnet50,550,1.0,6
6895,densenet121,350,0.6263678162488967,5
6896,resnet50,939,1.0,6
6897,densenet161,550,1.0,7
6898,efficientnetb1,350,1.0,3
6899,resnet50,750,0.8540914514899219,6
6900,efficientnetb0,939,1.0,3
6901,vgg19,350,0.9884623593775808,15
6902,vgg19,939,0.9938700985656802,16
6903,vgg19,550,1.0,15
6904,densenet121,550,0.0,1
6905,resnet18,750,1.0,2
6906,vgg16,550,0.9461219284703368,13
6907,resnet50,550,1.0,6
6908,resnet18,550,1.0,2
6909,vgg19,550,1.0,15
6910,vgg19,550,1.0,15
6911,efficientnetb0,750,1.0,3
6912,resnet18,550,1.0,2
6913,vgg19,750,0.9936879963126718,15
6914,efficientnetb0,350,1.0,3
6915,vgg19,350,0.9884623593775808,15
6916,vgg16,550,0.9461219284703368,13
6917,vgg16,939,1.0,13
6918,resnet18,550,1.0,2
6919,densenet161,939,0.8028649279588222,7
6920,efficientnetb1,750,1.0,3
6921,resnet18,550,1.0,2
6922,densenet121,350,0.6263678162488967,5
6923,vgg16,939,1.0,13
6924,resnet50,939,1.0,6
6925,efficientnetb1,350,0.7181138626700144,4
6926,resnet50,550,1.0,6
6927,densenet161,750,0.7754817419817108,6
6928,densenet161,550,1.0,7
6929,densenet121,939,0.4858756243316292,5
6930,densenet161,939,1.0,6
6931,resnet18,939,1.0,2
6932,efficientnetb1,350,1.0,3
6933,densenet161,350,0.9422217589427628,7
6934,resnet18,750,1.0,2
6935,vgg16,350,0.9150494503700808,13
6936,efficientnetb1,750,1.0,3
6937,densenet161,550,1.0,7
6938,vgg16,550,0.9461219284703368,13
6939,resnet50,350,1.0,6
6940,densenet121,939,0.4858756243316292,5
6941,efficientnetb0,350,1.0,3
6942,resnet50,350,1.0,6
6943,vgg19,939,1.0,15
6944,resnet50,350,1.0,6
6945,resnet18,939,1.0,2
6946,resnet50,750,0.8540914514899219,6
6947,densenet161,350,0.9422217589427628,7
6948,vgg19,350,0.9884623593775808,15
6949,efficientnetb0,350,0.7221681243288518,4
6950,vgg16,550,0.4909442737237837,5
6951,densenet161,550,1.0,7
6952,vgg19,350,0.9884623593775808,15
6953,vgg19,750,0.9936879963126718,15
6954,efficientnetb1,350,1.0,3
6955,vgg16,350,0.9150494503700808,13
6956,resnet18,750,1.0,2
6957,densenet161,750,0.0408796516625536,12
6958,efficientnetb0,350,1.0,3
6959,efficientnetb0,750,1.0,3
6960,vgg16,750,0.9989474447948092,13
6961,densenet121,550,0.0267032533330688,3
6962,resnet18,350,0.9463184463728672,2
6963,efficientnetb0,750,1.0,3
6964,resnet50,750,0.8540914514899219,6
6965,efficientnetb1,550,0.6878389778024664,4
6966,vgg19,550,1.0,15
6967,densenet161,750,1.0,7
6968,efficientnetb0,350,1.0,3
6969,efficientnetb0,350,1.0,3
6970,efficientnetb0,750,1.0,3
6971,densenet161,750,1.0,7
6972,densenet161,550,1.0,7
6973,resnet50,550,1.0,6
6974,resnet18,939,1.0,2
6975,densenet121,939,0.4858756243316292,5
6976,densenet121,550,0.6262433485833546,5
6977,densenet121,350,0.6263678162488967,5
6978,resnet18,750,1.0,2
6979,densenet161,750,1.0,7
6980,efficientnetb0,750,1.0,3
6981,efficientnetb1,550,1.0,3
6982,efficientnetb0,750,1.0,3
6983,resnet50,750,0.8540914514899219,6
6984,resnet50,550,1.0,6
6985,efficientnetb1,550,1.0,3
6986,efficientnetb1,939,1.0,3
6987,efficientnetb0,939,1.0,3
6988,vgg19,350,0.9884623593775808,15
6989,densenet121,350,0.6263678162488967,5
6990,densenet121,350,0.6263678162488967,5
6991,efficientnetb0,939,1.0,3
6992,resnet18,750,1.0,2
6993,densenet121,939,0.4858756243316292,5
6994,efficientnetb0,750,1.0,3
6995,vgg16,350,0.9150494503700808,13
6996,resnet50,939,1.0,6
6997,vgg16,939,1.0,13
6998,efficientnetb0,939,1.0,3
6999,efficientnetb0,550,1.0,3
7000,vgg16,550,0.9461219284703368,13
7001,densenet161,350,0.9422217589427628,7
7002,vgg19,550,1.0,15
7003,resnet18,550,1.0,2
7004,efficientnetb1,750,1.0,3
7005,efficientnetb1,750,1.0,3
7006,efficientnetb1,750,1.0,3
7007,vgg19,750,0.9936879963126718,15
7008,vgg16,350,0.9150494503700808,13
7009,densenet161,939,0.8028649279588222,7
7010,efficientnetb0,750,1.0,3
7011,densenet161,750,1.0,7
7012,efficientnetb0,350,1.0,3
7013,resnet50,350,0.8169515861153699,7
7014,efficientnetb0,350,1.0,3
7015,efficientnetb1,750,1.0,3
7016,densenet161,350,0.9422217589427628,7
7017,densenet121,939,0.4858756243316292,5
7018,resnet50,750,0.8540914514899219,6
7019,efficientnetb0,550,1.0,3
7020,densenet121,550,0.6262433485833546,5
7021,resnet50,350,1.0,6
7022,efficientnetb1,350,1.0,3
7023,resnet18,939,1.0,2
7024,densenet121,750,0.6549577219091517,5
7025,resnet18,350,0.9463184463728672,2
7026,resnet18,550,1.0,2
7027,resnet18,350,0.9463184463728672,2
7028,vgg16,750,0.9989474447948092,13
7029,efficientnetb0,350,1.0,3
7030,vgg19,550,1.0,15
7031,efficientnetb0,939,1.0,3
7032,vgg19,750,0.9936879963126718,15
7033,densenet121,750,0.6549577219091517,5
7034,resnet18,939,1.0,2
7035,efficientnetb1,550,1.0,3
7036,efficientnetb0,939,1.0,3
7037,resnet18,350,0.9463184463728672,2
7038,efficientnetb0,550,1.0,3
7039,vgg16,939,1.0,13
7040,vgg16,939,0.0,2
7041,resnet18,750,1.0,2
7042,vgg16,939,1.0,13
7043,vgg19,350,0.9884623593775808,15
7044,densenet121,750,0.6549577219091517,5
7045,densenet121,350,0.6263678162488967,5
7046,efficientnetb1,750,1.0,3
7047,resnet50,939,1.0,6
7048,efficientnetb0,350,1.0,3
7049,efficientnetb0,750,1.0,3
7050,vgg16,939,1.0,13
7051,vgg16,350,0.9150494503700808,13
7052,efficientnetb1,750,1.0,3
7053,efficientnetb0,750,1.0,3
7054,vgg19,939,1.0,15
7055,densenet121,750,0.6549577219091517,5
7056,resnet18,750,1.0,2
7057,vgg19,550,1.0,15
7058,densenet161,939,0.8028649279588222,7
7059,densenet121,550,0.6262433485833546,5
7060,densenet121,550,0.6262433485833546,5
7061,resnet18,350,0.9463184463728672,2
7062,resnet50,939,0.0,1
7063,efficientnetb0,350,1.0,3
7064,efficientnetb0,350,1.0,3
7065,densenet161,350,1.0,8
7066,vgg16,350,0.9150494503700808,13
7067,resnet50,350,0.8169515861153699,7
7068,vgg16,939,1.0,13
7069,resnet18,350,0.9463184463728672,2
7070,efficientnetb1,750,1.0,3
7071,vgg16,939,1.0,13
7072,vgg19,750,0.9936879963126718,15
7073,efficientnetb1,550,1.0,3
7074,resnet50,939,1.0,6
7075,resnet18,939,1.0,2
7076,densenet121,350,0.6263678162488967,5
7077,densenet161,939,0.8028649279588222,7
7078,efficientnetb1,550,1.0,3
7079,vgg19,550,1.0,15
7080,efficientnetb0,939,1.0,3
7081,resnet50,750,0.8540914514899219,6
7082,densenet161,750,1.0,7
7083,efficientnetb0,939,1.0,3
7084,efficientnetb0,750,1.0,3
7085,vgg16,350,0.968053827189964,11
7086,vgg19,750,0.9936879963126718,15
7087,vgg16,350,0.9150494503700808,13
7088,resnet18,550,1.0,2
7089,efficientnetb1,350,1.0,3
7090,efficientnetb0,550,1.0,3
7091,resnet18,939,1.0,2
7092,densenet161,750,1.0,7
7093,efficientnetb1,939,1.0,3
7094,efficientnetb1,750,1.0,3
7095,resnet18,939,1.0,2
7096,densenet161,750,1.0,7
7097,efficientnetb0,550,1.0,3
7098,densenet121,939,0.4858756243316292,5
7099,efficientnetb1,350,1.0,3
7100,vgg16,550,0.9461219284703368,13
7101,vgg16,550,0.9461219284703368,13
7102,vgg16,350,0.9150494503700808,13
7103,vgg19,939,0.3144631067328258,6
7104,efficientnetb1,550,1.0,3
7105,densenet121,350,0.6263678162488967,5
7106,resnet18,550,1.0,2
7107,resnet18,350,0.9463184463728672,2
7108,vgg16,550,0.9461219284703368,13
7109,resnet18,550,1.0,2
7110,resnet18,750,1.0,2
7111,efficientnetb0,550,1.0,3
7112,efficientnetb1,550,1.0,3
7113,densenet161,750,1.0,7
7114,resnet18,350,0.9463184463728672,2
7115,vgg16,750,0.9989474447948092,13
7116,efficientnetb1,350,1.0,3
7117,efficientnetb1,939,1.0,3
7118,efficientnetb0,550,1.0,3
7119,vgg16,750,0.9989474447948092,13
7120,efficientnetb1,350,1.0,3
7121,densenet121,350,0.6263678162488967,5
7122,vgg19,750,0.9936879963126718,15
7123,vgg16,550,0.9599292331742392,11
7124,densenet121,350,0.6263678162488967,5
7125,vgg16,939,1.0,13
7126,efficientnetb1,550,1.0,3
7127,resnet50,550,1.0,6
7128,efficientnetb0,350,1.0,3
7129,vgg19,550,1.0,15
7130,vgg19,550,1.0,15
7131,efficientnetb0,750,1.0,3
7132,resnet18,750,1.0,2
7133,densenet161,750,1.0,7
7134,vgg16,350,0.9150494503700808,13
7135,resnet18,350,0.9463184463728672,2
7136,densenet121,350,1.0,6
7137,efficientnetb0,939,1.0,3
7138,resnet50,939,1.0,6
7139,densenet161,750,1.0,7
7140,resnet50,550,1.0,6
7141,vgg19,939,1.0,15
7142,efficientnetb1,550,1.0,3
7143,efficientnetb1,550,1.0,3
7144,efficientnetb0,939,0.6801221238861833,4
7145,densenet121,550,0.6262433485833546,5
7146,resnet18,750,1.0,2
7147,efficientnetb1,350,1.0,3
7148,resnet18,939,1.0,2
7149,densenet121,550,0.6262433485833546,5
7150,densenet121,939,0.4858756243316292,5
7151,efficientnetb1,750,1.0,3
7152,vgg19,939,1.0,15
7153,vgg16,939,1.0,13
7154,vgg16,550,0.9461219284703368,13
7155,resnet18,750,0.9425112246169725,3
7156,resnet18,550,1.0,2
7157,densenet161,350,0.9422217589427628,7
7158,efficientnetb1,750,1.0,3
7159,efficientnetb0,350,1.0,3
7160,densenet161,939,0.2831929044634787,5
7161,vgg16,939,0.8568556422949929,11
7162,resnet18,550,1.0,2
7163,efficientnetb1,750,1.0,3
7164,vgg16,939,1.0,13
7165,densenet121,939,0.4858756243316292,5
7166,vgg16,939,1.0,13
7167,vgg16,550,0.9461219284703368,13
7168,vgg19,350,0.9884623593775808,15
7169,resnet18,550,1.0,2
7170,densenet161,939,0.8028649279588222,7
7171,efficientnetb1,350,0.7181138626700144,4
7172,efficientnetb1,939,1.0,3
7173,efficientnetb0,750,0.6483214388113725,4
7174,densenet121,750,0.6549577219091517,5
7175,densenet121,939,0.4858756243316292,5
7176,resnet18,750,1.0,2
7177,resnet18,750,1.0,2
7178,vgg16,939,1.0,13
7179,efficientnetb1,750,0.7228690296773087,4
7180,efficientnetb1,939,0.7039994792384792,4
7181,densenet121,750,1.0,6
7182,vgg16,750,0.9989474447948092,13
7183,resnet18,939,1.0,2
7184,densenet121,750,0.6549577219091517,5
7185,vgg16,550,0.9461219284703368,13
7186,vgg16,350,0.9150494503700808,13
7187,resnet50,750,0.8540914514899219,6
7188,efficientnetb1,750,0.258386396623143,2
7189,densenet121,939,0.4858756243316292,5
7190,efficientnetb1,350,1.0,3
7191,densenet161,750,1.0,7
7192,vgg16,939,1.0,13
7193,efficientnetb0,350,1.0,3
7194,densenet121,550,0.6262433485833546,5
7195,densenet121,550,0.6262433485833546,5
7196,vgg16,939,1.0,13
7197,resnet50,750,0.8540914514899219,6
7198,vgg16,939,1.0,13
7199,densenet121,350,0.6263678162488967,5
7200,efficientnetb1,350,1.0,3
7201,efficientnetb1,750,1.0,3
7202,resnet50,350,1.0,6
7203,densenet161,550,1.0,7
7204,densenet121,939,0.4858756243316292,5
7205,resnet18,939,1.0,2
7206,resnet18,350,0.9463184463728672,2
7207,efficientnetb1,550,1.0,3
7208,vgg16,350,0.9150494503700808,13
7209,vgg16,350,0.9150494503700808,13
7210,densenet121,750,0.6549577219091517,5
7211,vgg16,350,0.9150494503700808,13
7212,resnet50,550,1.0,6
7213,densenet121,350,1.0,6
7214,densenet121,350,0.6263678162488967,5
7215,resnet18,550,1.0,2
7216,resnet18,350,0.9463184463728672,2
7217,vgg19,939,1.0,15
7218,vgg16,550,0.9461219284703368,13
7219,densenet161,750,1.0,7
7220,vgg16,939,1.0,13
7221,vgg19,550,1.0,15
7222,efficientnetb0,939,1.0,3
7223,efficientnetb1,750,1.0,3
7224,efficientnetb1,939,1.0,3
7225,densenet121,550,0.6262433485833546,5
7226,vgg16,750,0.9989474447948092,13
7227,vgg19,939,1.0,15
7228,resnet50,939,1.0,6
7229,efficientnetb0,939,1.0,3
7230,resnet50,750,0.8540914514899219,6
7231,vgg16,350,0.9150494503700808,13
7232,efficientnetb1,939,1.0,3
7233,resnet50,939,1.0,6
7234,efficientnetb1,350,1.0,3
7235,densenet121,550,0.6262433485833546,5
7236,resnet50,939,1.0,6
7237,resnet18,750,1.0,2
7238,efficientnetb1,939,1.0,3
7239,densenet121,550,0.6262433485833546,5
7240,efficientnetb1,939,1.0,3
7241,densenet121,750,0.6549577219091517,5
7242,densenet161,350,0.9422217589427628,7
7243,vgg19,939,1.0,15
7244,vgg16,350,0.9150494503700808,13
7245,densenet121,939,0.4858756243316292,5
7246,resnet50,939,1.0,6
7247,vgg16,939,1.0,13
7248,efficientnetb0,350,1.0,3
7249,efficientnetb1,939,1.0,3
7250,resnet18,350,0.9463184463728672,2
7251,densenet121,550,0.6262433485833546,5
7252,vgg16,550,0.9461219284703368,13
7253,densenet161,350,0.9422217589427628,7
7254,densenet161,939,0.8028649279588222,7
7255,vgg19,750,0.9936879963126718,15
7256,efficientnetb0,750,1.0,3
7257,densenet161,550,1.0,7
7258,efficientnetb1,550,1.0,3
7259,densenet121,750,0.6549577219091517,5
7260,densenet161,550,1.0,7
7261,vgg19,350,0.9884623593775808,15
7262,vgg16,350,0.9150494503700808,13
7263,efficientnetb0,939,1.0,3
7264,resnet50,750,0.8540914514899219,6
7265,efficientnetb1,550,0.6878389778024664,4
7266,densenet121,939,1.0,6
7267,densenet121,550,0.6262433485833546,5
7268,efficientnetb1,550,1.0,3
7269,resnet50,550,1.0,6
7270,vgg19,750,0.9936879963126718,15
7271,efficientnetb0,939,1.0,3
7272,efficientnetb0,939,1.0,3
7273,vgg16,550,0.9461219284703368,13
7274,densenet121,550,0.6262433485833546,5
7275,densenet161,939,0.8028649279588222,7
7276,efficientnetb0,750,1.0,3
7277,densenet121,939,0.4858756243316292,5
7278,resnet50,939,1.0,6
7279,efficientnetb1,750,1.0,3
7280,efficientnetb0,350,1.0,3
7281,vgg16,750,0.9989474447948092,13
7282,densenet161,939,1.0,6
7283,resnet18,750,1.0,2
7284,densenet161,550,1.0,7
7285,efficientnetb1,939,1.0,3
7286,densenet161,550,1.0,7
7287,resnet50,550,1.0,6
7288,efficientnetb0,750,1.0,3
7289,efficientnetb0,550,1.0,3
7290,densenet121,350,0.6263678162488967,5
7291,densenet161,939,0.8028649279588222,7
7292,vgg19,350,0.9884623593775808,15
7293,efficientnetb1,750,1.0,3
7294,densenet161,550,1.0,7
7295,densenet121,550,0.6262433485833546,5
7296,vgg16,939,1.0,13
7297,efficientnetb1,550,1.0,3
7298,vgg19,750,0.9936879963126718,15
7299,densenet161,750,1.0,7
7300,vgg16,550,0.9461219284703368,13
7301,vgg19,939,1.0,15
7302,vgg16,350,0.9150494503700808,13
7303,vgg16,550,0.9461219284703368,13
7304,densenet161,939,0.8028649279588222,7
7305,vgg16,939,1.0,13
7306,vgg19,350,0.9884623593775808,15
7307,efficientnetb0,750,0.6483214388113725,4
7308,densenet161,750,1.0,7
7309,efficientnetb1,939,1.0,3
7310,efficientnetb1,550,1.0,3
7311,vgg16,550,0.9461219284703368,13
7312,efficientnetb0,350,1.0,3
7313,densenet161,939,0.8028649279588222,7
7314,vgg16,939,1.0,13
7315,efficientnetb1,550,1.0,3
7316,vgg19,939,1.0,15
7317,resnet18,350,0.9463184463728672,2
7318,resnet50,350,1.0,6
7319,efficientnetb1,939,1.0,3
7320,densenet161,550,1.0,7
7321,efficientnetb0,350,1.0,3
7322,efficientnetb1,350,0.7181138626700144,4
7323,vgg19,350,0.9884623593775808,15
7324,resnet18,550,1.0,2
7325,efficientnetb0,939,1.0,3
7326,vgg19,350,0.9884623593775808,15
7327,densenet161,550,1.0,7
7328,densenet161,939,0.8028649279588222,7
7329,resnet18,939,1.0,2
7330,efficientnetb0,550,0.7484594574197447,4
7331,efficientnetb1,750,1.0,3
7332,efficientnetb1,750,1.0,3
7333,efficientnetb0,750,1.0,3
7334,resnet18,350,0.9463184463728672,2
7335,densenet161,939,0.8028649279588222,7
7336,resnet50,939,1.0,6
7337,efficientnetb0,350,1.0,3
7338,resnet18,939,1.0,2
7339,resnet50,750,0.8540914514899219,6
7340,vgg19,550,1.0,15
7341,densenet121,350,0.6263678162488967,5
7342,vgg16,750,0.9989474447948092,13
7343,vgg19,350,0.9884623593775808,15
7344,vgg16,939,1.0,13
7345,vgg16,350,0.9277415950475124,14
7346,densenet161,550,1.0,7
7347,vgg16,750,0.9989474447948092,13
7348,resnet50,350,1.0,6
7349,efficientnetb1,550,1.0,3
7350,vgg16,750,0.9989474447948092,13
7351,vgg16,350,0.9150494503700808,13
7352,efficientnetb0,750,1.0,3
7353,efficientnetb1,350,1.0,3
7354,resnet50,750,0.8540914514899219,6
7355,efficientnetb1,550,1.0,3
7356,resnet18,750,1.0,2
7357,densenet161,550,1.0,7
7358,densenet161,550,1.0,7
7359,densenet161,939,0.8028649279588222,7
7360,densenet121,750,0.6549577219091517,5
7361,resnet18,939,1.0,2
7362,densenet121,350,0.6263678162488967,5
7363,efficientnetb0,939,1.0,3
7364,resnet50,750,0.8540914514899219,6
7365,resnet18,350,0.9463184463728672,2
7366,densenet121,550,0.6262433485833546,5
7367,resnet18,750,1.0,2
7368,vgg19,350,0.9884623593775808,15
7369,vgg19,350,0.9884623593775808,15
7370,resnet50,939,1.0,6
7371,efficientnetb1,550,1.0,3
7372,densenet161,550,1.0,7
7373,efficientnetb0,350,1.0,3
7374,densenet121,350,1.0,6
7375,efficientnetb1,750,1.0,3
7376,vgg19,550,1.0,15
7377,resnet18,750,1.0,2
7378,resnet18,350,0.9463184463728672,2
7379,efficientnetb1,350,1.0,3
7380,vgg19,939,1.0,15
7381,vgg16,939,1.0,13
7382,densenet161,350,0.9422217589427628,7
7383,densenet161,350,0.9422217589427628,7
7384,efficientnetb1,350,1.0,3
7385,vgg16,750,0.9989474447948092,13
7386,efficientnetb1,550,1.0,3
7387,efficientnetb1,939,0.7039994792384792,4
7388,efficientnetb0,350,1.0,3
7389,densenet161,350,0.9422217589427628,7
7390,resnet18,350,0.9463184463728672,2
7391,resnet18,350,0.9463184463728672,2
7392,densenet121,350,0.6263678162488967,5
7393,densenet161,750,1.0,7
7394,vgg16,939,1.0,13
7395,vgg19,550,1.0,15
7396,efficientnetb0,350,1.0,3
7397,resnet18,939,1.0,2
7398,densenet161,350,0.9422217589427628,7
7399,efficientnetb1,350,1.0,3
7400,densenet121,939,0.4858756243316292,5
7401,efficientnetb1,350,1.0,3
7402,resnet50,750,0.692684175445151,7
7403,densenet161,750,1.0,7
7404,vgg16,939,1.0,13
7405,resnet18,550,1.0,2
7406,resnet50,939,1.0,6
7407,densenet161,350,0.9422217589427628,7
7408,densenet161,350,0.9422217589427628,7
7409,efficientnetb1,550,1.0,3
7410,densenet161,939,0.8028649279588222,7
7411,densenet121,750,0.6549577219091517,5
7412,resnet18,350,0.9463184463728672,2
7413,vgg16,939,1.0,13
7414,densenet121,550,0.6262433485833546,5
7415,resnet18,350,0.9463184463728672,2
7416,densenet121,939,0.4858756243316292,5
7417,resnet18,750,1.0,2
7418,efficientnetb1,550,1.0,3
7419,efficientnetb0,550,1.0,3
7420,efficientnetb1,939,1.0,3
7421,efficientnetb0,750,1.0,3
7422,resnet18,350,1.0,3
7423,vgg19,750,0.9936879963126718,15
7424,vgg19,550,1.0,15
7425,efficientnetb0,939,1.0,3
7426,densenet121,939,0.4858756243316292,5
7427,densenet121,350,0.6263678162488967,5
7428,efficientnetb0,550,1.0,3
7429,vgg16,350,0.9150494503700808,13
7430,efficientnetb0,350,1.0,3
7431,vgg19,350,0.9884623593775808,15
7432,resnet50,750,0.8540914514899219,6
7433,resnet50,750,0.8540914514899219,6
7434,efficientnetb0,939,1.0,3
7435,efficientnetb1,750,1.0,3
7436,resnet50,550,1.0,6
7437,resnet50,350,1.0,6
7438,vgg16,350,0.9150494503700808,13
7439,efficientnetb1,550,1.0,3
7440,densenet161,750,1.0,7
7441,efficientnetb1,350,1.0,3
7442,vgg19,939,1.0,15
7443,efficientnetb0,350,1.0,3
7444,vgg16,750,0.9989474447948092,13
7445,densenet161,550,1.0,7
7446,densenet161,939,0.8028649279588222,7
7447,densenet161,550,1.0,7
7448,resnet50,550,1.0,6
7449,densenet161,350,0.472733213293796,5
7450,efficientnetb0,550,1.0,3
7451,vgg16,350,0.9150494503700808,13
7452,efficientnetb0,550,1.0,3
7453,resnet50,750,0.8540914514899219,6
7454,densenet161,550,1.0,7
7455,densenet161,550,1.0,7
7456,densenet161,350,0.9422217589427628,7
7457,densenet121,550,0.6262433485833546,5
7458,resnet18,750,1.0,2
7459,densenet161,550,1.0,7
7460,vgg16,350,0.9150494503700808,13
7461,resnet50,350,1.0,6
7462,densenet121,750,0.6549577219091517,5
7463,vgg19,750,0.9936879963126718,15
7464,vgg19,939,1.0,15
7465,densenet121,750,0.6549577219091517,5
7466,densenet161,939,0.2831929044634787,5
7467,efficientnetb0,550,1.0,3
7468,resnet18,350,0.9463184463728672,2
7469,resnet18,939,1.0,2
7470,resnet18,750,1.0,2
7471,densenet121,939,0.4858756243316292,5
7472,vgg19,550,1.0,15
7473,resnet18,750,1.0,2
7474,resnet50,350,1.0,6
7475,vgg19,939,1.0,15
7476,efficientnetb1,750,1.0,3
7477,resnet18,939,1.0,2
7478,efficientnetb0,750,1.0,3
7479,densenet161,350,0.472733213293796,5
7480,densenet121,550,0.6262433485833546,5
7481,densenet121,550,0.6262433485833546,5
7482,resnet50,350,1.0,6
7483,vgg19,550,1.0,15
7484,vgg16,939,1.0,13
7485,densenet121,550,0.6262433485833546,5
7486,densenet161,750,1.0,7
7487,resnet18,750,1.0,2
7488,resnet50,350,1.0,6
7489,resnet18,350,0.9463184463728672,2
7490,densenet121,750,0.6549577219091517,5
7491,densenet161,750,1.0,7
7492,efficientnetb0,939,1.0,3
7493,efficientnetb0,550,0.7484594574197447,4
7494,vgg19,350,0.4995659680915179,8
7495,densenet121,550,0.6262433485833546,5
7496,densenet161,939,0.8028649279588222,7
7497,vgg16,939,1.0,13
7498,densenet161,939,0.8028649279588222,7
7499,resnet50,750,0.8540914514899219,6
7500,densenet161,350,0.9422217589427628,7
7501,efficientnetb0,939,1.0,3
7502,resnet18,750,1.0,2
7503,densenet161,350,0.9422217589427628,7
7504,vgg16,350,0.9150494503700808,13
7505,densenet161,939,0.8028649279588222,7
7506,resnet18,350,0.9463184463728672,2
7507,resnet18,550,1.0,2
7508,efficientnetb0,939,1.0,3
7509,vgg16,939,1.0,13
7510,resnet18,750,1.0,2
7511,efficientnetb0,350,1.0,3
7512,efficientnetb0,350,1.0,3
7513,resnet50,550,1.0,6
7514,efficientnetb0,550,1.0,3
7515,efficientnetb1,750,1.0,3
7516,efficientnetb1,550,1.0,3
7517,densenet161,550,0.8307012363387156,6
7518,densenet121,350,0.6263678162488967,5
7519,vgg19,939,1.0,15
7520,vgg19,750,0.9936879963126718,15
7521,vgg19,550,1.0,15
7522,vgg16,750,0.9989474447948092,13
7523,vgg16,550,0.9461219284703368,13
7524,efficientnetb1,750,1.0,3
7525,resnet18,550,1.0,2
7526,resnet18,939,1.0,2
7527,densenet161,750,0.0355493113357071,3
7528,efficientnetb1,550,1.0,3
7529,densenet161,939,0.8028649279588222,7
7530,resnet18,350,0.9463184463728672,2
7531,efficientnetb1,350,1.0,3
7532,densenet161,550,1.0,7
7533,efficientnetb0,550,1.0,3
7534,densenet121,550,0.6262433485833546,5
7535,efficientnetb0,550,1.0,3
7536,resnet18,750,1.0,2
7537,vgg16,750,0.9989474447948092,13
7538,efficientnetb1,939,1.0,3
7539,resnet18,350,0.9463184463728672,2
7540,efficientnetb0,550,1.0,3
7541,resnet50,550,1.0,6
7542,efficientnetb1,350,1.0,3
7543,resnet18,939,1.0,2
7544,efficientnetb1,350,1.0,3
7545,efficientnetb1,750,1.0,3
7546,efficientnetb1,550,1.0,3
7547,densenet121,550,0.6262433485833546,5
7548,resnet50,750,0.8540914514899219,6
7549,densenet121,350,0.6263678162488967,5
7550,vgg16,750,0.9989474447948092,13
7551,vgg19,750,0.9936879963126718,15
7552,densenet161,939,0.8028649279588222,7
7553,efficientnetb0,939,1.0,3
7554,vgg19,350,0.9884623593775808,15
7555,vgg16,750,0.9989474447948092,13
7556,resnet18,750,1.0,2
7557,resnet18,350,0.9463184463728672,2
7558,densenet161,550,1.0,7
7559,resnet50,750,0.8540914514899219,6
7560,densenet161,939,0.8028649279588222,7
7561,vgg16,750,0.9989474447948092,13
7562,vgg16,550,0.9461219284703368,13
7563,resnet18,350,0.9463184463728672,2
7564,efficientnetb1,350,1.0,3
7565,densenet161,939,0.8028649279588222,7
7566,efficientnetb1,750,1.0,3
7567,vgg16,350,0.9150494503700808,13
7568,resnet18,939,1.0,2
7569,vgg19,750,0.9936879963126718,15
7570,efficientnetb1,939,1.0,3
7571,resnet18,350,0.9463184463728672,2
7572,vgg16,939,1.0,13
7573,resnet50,939,1.0,6
7574,efficientnetb0,350,1.0,3
7575,densenet161,550,1.0,7
7576,densenet121,550,0.6262433485833546,5
7577,efficientnetb1,350,1.0,3
7578,efficientnetb1,550,1.0,3
7579,densenet161,939,0.8028649279588222,7
7580,efficientnetb1,750,1.0,3
7581,resnet18,550,1.0,2
7582,vgg19,939,1.0,15
7583,resnet18,550,1.0,2
7584,efficientnetb0,550,1.0,3
7585,efficientnetb0,550,1.0,3
7586,densenet161,350,0.9422217589427628,7
7587,resnet18,939,1.0,2
7588,densenet121,550,0.6262433485833546,5
7589,resnet50,750,0.8540914514899219,6
7590,vgg19,750,0.9936879963126718,15
7591,resnet18,350,0.9463184463728672,2
7592,vgg16,550,0.4554756020263791,7
7593,vgg16,350,0.9150494503700808,13
7594,efficientnetb1,750,1.0,3
7595,efficientnetb1,350,1.0,3
7596,vgg19,939,1.0,15
7597,vgg16,939,0.8568556422949929,11
7598,resnet50,350,1.0,6
7599,densenet161,550,1.0,7
7600,efficientnetb1,750,1.0,3
7601,resnet50,750,0.8540914514899219,6
7602,densenet161,750,1.0,7
7603,vgg16,350,0.9150494503700808,13
7604,vgg19,350,0.9884623593775808,15
7605,efficientnetb1,939,1.0,3
7606,vgg19,939,1.0,15
7607,vgg19,550,1.0,15
7608,efficientnetb0,939,1.0,3
7609,resnet18,350,0.9463184463728672,2
7610,vgg16,550,0.9461219284703368,13
7611,efficientnetb1,550,1.0,3
7612,efficientnetb1,750,1.0,3
7613,resnet50,350,1.0,6
7614,densenet121,939,0.4858756243316292,5
7615,efficientnetb0,350,1.0,3
7616,resnet50,550,1.0,6
7617,vgg16,750,0.9989474447948092,13
7618,efficientnetb1,350,1.0,3
7619,resnet18,750,1.0,2
7620,resnet18,750,1.0,2
7621,efficientnetb0,350,0.7221681243288518,4
7622,vgg16,750,0.9989474447948092,13
7623,efficientnetb1,939,1.0,3
7624,vgg16,550,0.9461219284703368,13
7625,resnet50,939,1.0,6
7626,densenet161,350,0.9422217589427628,7
7627,resnet18,550,1.0,2
7628,efficientnetb0,939,1.0,3
7629,resnet50,350,0.8169515861153699,7
7630,vgg16,750,0.9989474447948092,13
7631,resnet50,750,0.8540914514899219,6
7632,efficientnetb0,550,1.0,3
7633,densenet121,350,0.6263678162488967,5
7634,resnet50,350,0.8169515861153699,7
7635,densenet121,750,0.6549577219091517,5
7636,vgg19,350,0.1104026426586838,3
7637,densenet161,550,1.0,7
7638,densenet161,939,0.8028649279588222,7
7639,resnet18,939,1.0,2
7640,efficientnetb1,550,0.6878389778024664,4
7641,vgg19,550,1.0,15
7642,efficientnetb1,550,1.0,3
7643,vgg16,550,0.9461219284703368,13
7644,vgg19,939,1.0,15
7645,vgg16,350,0.9150494503700808,13
7646,efficientnetb1,550,1.0,3
7647,resnet50,350,1.0,6
7648,efficientnetb1,750,1.0,3
7649,densenet161,350,0.472733213293796,5
7650,efficientnetb1,939,1.0,3
7651,efficientnetb1,939,1.0,3
7652,resnet50,750,0.8540914514899219,6
7653,densenet161,550,1.0,7
7654,densenet161,550,1.0,7
7655,densenet121,750,1.0,6
7656,efficientnetb1,939,1.0,3
7657,efficientnetb0,550,1.0,3
7658,vgg19,939,1.0,15
7659,efficientnetb0,350,1.0,3
7660,vgg16,550,0.9461219284703368,13
7661,resnet50,750,0.8540914514899219,6
7662,efficientnetb1,750,1.0,3
7663,vgg19,550,1.0,15
7664,resnet50,750,0.8540914514899219,6
7665,resnet50,939,1.0,6
7666,vgg16,939,1.0,13
7667,resnet50,350,1.0,6
7668,vgg19,939,1.0,15
7669,densenet161,350,0.9422217589427628,7
7670,resnet50,550,1.0,6
7671,vgg19,350,0.9884623593775808,15
7672,efficientnetb1,550,1.0,3
7673,efficientnetb0,750,1.0,3
7674,densenet121,939,0.4858756243316292,5
7675,efficientnetb1,939,1.0,3
7676,resnet18,350,0.9463184463728672,2
7677,resnet18,550,1.0,2
7678,resnet18,550,1.0,2
7679,efficientnetb1,939,1.0,3
7680,resnet18,550,1.0,2
7681,resnet18,350,0.9463184463728672,2
7682,vgg16,750,0.9989474447948092,13
7683,vgg19,939,1.0,15
7684,vgg16,550,0.9461219284703368,13
7685,resnet18,550,1.0,2
7686,resnet18,939,1.0,2
7687,resnet18,550,1.0,2
7688,vgg16,350,0.9150494503700808,13
7689,efficientnetb0,350,1.0,3
7690,vgg19,350,0.9884623593775808,15
7691,resnet50,939,1.0,6
7692,densenet121,350,0.6263678162488967,5
7693,densenet121,550,0.6262433485833546,5
7694,vgg16,939,1.0,13
7695,densenet161,750,1.0,7
7696,densenet161,550,1.0,7
7697,resnet50,350,1.0,6
7698,vgg16,550,0.9461219284703368,13
7699,vgg16,350,0.9150494503700808,13
7700,vgg16,939,1.0,13
7701,efficientnetb1,550,1.0,3
7702,resnet50,350,1.0,6
7703,vgg19,750,0.9936879963126718,15
7704,resnet50,550,1.0,6
7705,densenet161,350,0.9422217589427628,7
7706,densenet121,350,1.0,6
7707,vgg19,750,0.9936879963126718,15
7708,vgg19,350,0.9884623593775808,15
7709,resnet50,350,1.0,6
7710,vgg19,350,0.9884623593775808,15
7711,densenet121,350,0.6263678162488967,5
7712,densenet161,939,0.8028649279588222,7
7713,vgg16,939,1.0,13
7714,vgg19,550,1.0,15
7715,resnet18,550,1.0,2
7716,efficientnetb0,750,0.6483214388113725,4
7717,vgg16,939,1.0,13
7718,resnet18,939,1.0,2
7719,vgg19,550,0.9153142027929496,13
7720,densenet161,939,0.2831929044634787,5
7721,densenet161,550,1.0,7
7722,vgg16,750,0.9989474447948092,13
7723,resnet50,550,1.0,6
7724,resnet50,750,0.8540914514899219,6
7725,vgg16,750,0.3927521762586766,6
7726,vgg16,350,0.9150494503700808,13
7727,densenet161,939,0.2831929044634787,5
7728,vgg16,550,0.9461219284703368,13
7729,densenet121,939,0.4858756243316292,5
7730,vgg16,550,0.9461219284703368,13
7731,efficientnetb0,939,1.0,3
7732,efficientnetb0,750,1.0,3
7733,efficientnetb0,939,1.0,3
7734,densenet121,939,0.4858756243316292,5
7735,efficientnetb1,350,1.0,3
7736,vgg19,550,0.93432282209291,16
7737,resnet50,750,0.8540914514899219,6
7738,densenet161,550,1.0,7
7739,resnet18,350,0.9463184463728672,2
7740,resnet18,939,1.0,2
7741,resnet50,939,1.0,6
7742,resnet18,350,0.9463184463728672,2
7743,vgg16,939,1.0,13
7744,efficientnetb1,550,1.0,3
7745,resnet50,350,1.0,6
7746,resnet18,350,0.9463184463728672,2
7747,densenet121,750,0.6549577219091517,5
7748,resnet18,939,1.0,2
7749,efficientnetb1,550,1.0,3
7750,densenet121,939,0.4858756243316292,5
7751,densenet161,750,1.0,7
7752,vgg16,350,0.9150494503700808,13
7753,vgg19,750,0.9936879963126718,15
7754,resnet18,550,1.0,2
7755,resnet18,750,1.0,2
7756,efficientnetb1,939,1.0,3
7757,densenet161,350,0.9422217589427628,7
7758,densenet161,350,0.9422217589427628,7
7759,densenet161,750,1.0,7
7760,resnet50,350,1.0,6
7761,densenet161,750,0.0355493113357071,3
7762,resnet50,750,0.8540914514899219,6
7763,resnet18,550,1.0,2
7764,resnet18,350,0.9463184463728672,2
7765,efficientnetb1,350,1.0,3
7766,resnet18,550,1.0,2
7767,efficientnetb0,939,1.0,3
7768,resnet50,350,1.0,6
7769,densenet161,550,1.0,7
7770,resnet50,550,1.0,6
7771,resnet18,350,0.9463184463728672,2
7772,vgg16,550,0.9461219284703368,13
7773,vgg19,750,0.9936879963126718,15
7774,resnet18,750,1.0,2
7775,resnet50,750,0.8540914514899219,6
7776,densenet121,939,0.4858756243316292,5
7777,vgg19,350,0.9884623593775808,15
7778,resnet50,750,0.8540914514899219,6
7779,resnet18,939,1.0,2
7780,vgg19,350,0.9884623593775808,15
7781,densenet161,550,1.0,7
7782,vgg19,550,1.0,15
7783,resnet18,550,1.0,2
7784,efficientnetb1,350,1.0,3
7785,resnet50,939,1.0,6
7786,densenet161,750,1.0,7
7787,vgg16,750,0.9989474447948092,13
7788,densenet161,550,1.0,7
7789,vgg19,750,0.9936879963126718,15
7790,vgg16,350,0.9150494503700808,13
7791,resnet50,550,1.0,6
7792,densenet161,750,1.0,7
7793,vgg16,939,1.0,13
7794,resnet50,750,0.8540914514899219,6
7795,efficientnetb1,550,1.0,3
7796,densenet121,939,0.4858756243316292,5
7797,efficientnetb0,939,1.0,3
7798,resnet18,350,0.9463184463728672,2
7799,densenet161,750,0.5067219862360387,5
7800,vgg16,939,1.0,13
7801,densenet161,750,1.0,7
7802,resnet50,750,0.8540914514899219,6
7803,densenet161,350,0.9422217589427628,7
7804,vgg16,939,0.986973209346794,14
7805,efficientnetb0,750,1.0,3
7806,vgg19,750,0.9936879963126718,15
7807,vgg19,939,1.0,15
7808,vgg16,939,1.0,13
7809,resnet50,350,1.0,6
7810,efficientnetb1,550,1.0,3
7811,vgg16,750,0.9989474447948092,13
7812,vgg19,750,0.9936879963126718,15
7813,vgg19,350,0.9884623593775808,15
7814,densenet161,939,0.8028649279588222,7
7815,resnet18,939,1.0,2
7816,vgg19,550,1.0,15
7817,vgg19,750,0.9936879963126718,15
7818,vgg19,550,1.0,15
7819,resnet18,750,1.0,2
7820,resnet50,750,0.8540914514899219,6
7821,vgg16,750,0.9989474447948092,13
7822,resnet50,750,0.8540914514899219,6
7823,resnet18,750,1.0,2
7824,efficientnetb1,939,1.0,3
7825,vgg19,750,0.9936879963126718,15
7826,densenet121,350,0.6263678162488967,5
7827,efficientnetb1,939,1.0,3
7828,efficientnetb0,750,1.0,3
7829,efficientnetb0,550,1.0,3
7830,vgg16,550,0.9461219284703368,13
7831,vgg16,939,0.986973209346794,14
7832,efficientnetb1,550,0.0,1
7833,vgg16,939,1.0,13
7834,efficientnetb0,939,1.0,3
7835,densenet121,939,0.4858756243316292,5
7836,vgg16,550,0.9461219284703368,13
7837,vgg16,550,0.9461219284703368,13
7838,efficientnetb1,939,1.0,3
7839,vgg19,939,1.0,15
7840,resnet50,350,1.0,6
7841,efficientnetb1,939,1.0,3
7842,efficientnetb1,550,1.0,3
7843,vgg19,550,1.0,15
7844,densenet161,939,0.8028649279588222,7
7845,efficientnetb1,750,1.0,3
7846,efficientnetb1,550,1.0,3
7847,vgg16,939,1.0,13
7848,efficientnetb0,939,1.0,3
7849,densenet161,750,1.0,7
7850,vgg16,939,1.0,13
7851,efficientnetb1,550,1.0,3
7852,efficientnetb0,750,1.0,3
7853,vgg19,750,0.9936879963126718,15
7854,efficientnetb1,939,1.0,3
7855,resnet50,750,0.8540914514899219,6
7856,resnet50,750,0.8540914514899219,6
7857,vgg19,550,1.0,15
7858,resnet18,350,0.9463184463728672,2
7859,densenet161,939,0.8028649279588222,7
7860,resnet18,550,1.0,2
7861,vgg16,550,0.941205716630206,14
7862,vgg19,550,1.0,15
7863,vgg19,750,0.9936879963126718,15
7864,densenet161,350,0.9422217589427628,7
7865,efficientnetb1,350,1.0,3
7866,efficientnetb0,550,1.0,3
7867,resnet18,939,1.0,2
7868,efficientnetb0,550,1.0,3
7869,resnet50,350,1.0,6
7870,resnet18,550,1.0,2
7871,densenet121,750,0.6549577219091517,5
7872,resnet18,550,1.0,2
7873,resnet18,939,1.0,2
7874,densenet121,939,0.4858756243316292,5
7875,resnet50,750,0.8540914514899219,6
7876,resnet50,750,0.8540914514899219,6
7877,densenet121,939,0.4858756243316292,5
7878,densenet121,750,0.6549577219091517,5
7879,vgg19,939,1.0,15
7880,vgg16,350,0.9150494503700808,13
7881,resnet50,350,1.0,6
7882,resnet50,350,0.4097205423764233,4
7883,efficientnetb0,750,1.0,3
7884,resnet50,550,1.0,6
7885,vgg16,550,0.9461219284703368,13
7886,efficientnetb0,550,1.0,3
7887,resnet18,350,0.9463184463728672,2
7888,resnet18,939,1.0,2
7889,resnet18,939,1.0,2
7890,vgg16,750,0.9989474447948092,13
7891,densenet121,550,0.6262433485833546,5
7892,densenet121,350,0.6263678162488967,5
7893,resnet50,750,0.8540914514899219,6
7894,vgg16,750,0.9989474447948092,13
7895,densenet161,550,1.0,7
7896,resnet50,350,1.0,6
7897,densenet161,350,0.9422217589427628,7
7898,resnet50,550,1.0,6
7899,densenet121,550,0.6262433485833546,5
7900,vgg16,550,0.9461219284703368,13
7901,densenet121,350,0.6263678162488967,5
7902,densenet161,550,1.0,7
7903,vgg19,350,0.9884623593775808,15
7904,resnet50,350,1.0,6
7905,densenet161,750,1.0,7
7906,efficientnetb1,750,1.0,3
7907,vgg16,750,0.9989474447948092,13
7908,resnet50,750,0.8540914514899219,6
7909,densenet121,939,1.0,6
7910,efficientnetb1,350,1.0,3
7911,vgg19,939,1.0,15
7912,densenet121,939,1.0,6
7913,resnet18,750,0.9425112246169725,3
7914,densenet121,750,0.6549577219091517,5
7915,resnet18,939,1.0,2
7916,vgg19,750,0.9936879963126718,15
7917,resnet18,350,0.9463184463728672,2
7918,densenet161,750,1.0,7
7919,efficientnetb0,550,1.0,3
7920,densenet161,939,0.8028649279588222,7
7921,densenet121,750,0.6549577219091517,5
7922,efficientnetb1,750,1.0,3
7923,efficientnetb1,750,1.0,3
7924,vgg19,750,0.9936879963126718,15
7925,densenet161,350,0.9422217589427628,7
7926,densenet161,939,0.8028649279588222,7
7927,vgg16,939,1.0,13
7928,densenet121,750,0.6549577219091517,5
7929,efficientnetb0,750,1.0,3
7930,densenet121,939,0.4858756243316292,5
7931,vgg19,550,1.0,15
7932,densenet121,550,0.6262433485833546,5
7933,resnet18,550,1.0,2
7934,efficientnetb0,939,1.0,3
7935,densenet121,550,0.6262433485833546,5
7936,resnet18,350,0.9463184463728672,2
7937,efficientnetb1,750,0.7228690296773087,4
7938,vgg16,939,1.0,13
7939,vgg16,550,0.9461219284703368,13
7940,resnet50,750,0.8540914514899219,6
7941,resnet50,750,0.8540914514899219,6
7942,resnet50,939,1.0,6
7943,vgg19,350,0.9884623593775808,15
7944,densenet161,350,0.9422217589427628,7
7945,efficientnetb0,550,1.0,3
7946,vgg16,550,0.9461219284703368,13
7947,vgg16,550,0.9461219284703368,13
7948,densenet121,939,0.4858756243316292,5
7949,vgg16,350,0.9150494503700808,13
7950,vgg16,350,0.9150494503700808,13
7951,efficientnetb0,550,1.0,3
7952,densenet121,939,0.4858756243316292,5
7953,densenet161,750,1.0,7
7954,efficientnetb0,350,1.0,3
7955,vgg19,350,0.9884623593775808,15
7956,densenet121,750,0.6549577219091517,5
7957,densenet121,750,1.0,6
7958,vgg16,350,0.9150494503700808,13
7959,efficientnetb0,750,1.0,3
7960,resnet50,939,1.0,6
7961,densenet161,750,0.0408796516625536,12
7962,densenet121,550,0.6262433485833546,5
7963,vgg16,350,0.9150494503700808,13
7964,vgg19,750,0.9936879963126718,15
7965,densenet121,550,0.6262433485833546,5
7966,densenet121,350,0.6263678162488967,5
7967,efficientnetb0,350,1.0,3
7968,efficientnetb0,939,1.0,3
7969,densenet161,939,0.8028649279588222,7
7970,vgg19,350,0.0,1
7971,resnet50,939,1.0,6
7972,densenet121,550,0.6262433485833546,5
7973,efficientnetb1,750,1.0,3
7974,vgg16,550,0.9461219284703368,13
7975,densenet161,550,1.0,7
7976,efficientnetb0,939,1.0,3
7977,efficientnetb1,350,1.0,3
7978,efficientnetb1,750,1.0,3
7979,resnet50,350,1.0,6
7980,resnet50,550,1.0,6
7981,resnet18,750,1.0,2
7982,resnet18,939,1.0,2
7983,densenet161,939,0.8028649279588222,7
7984,resnet50,939,1.0,6
7985,densenet121,550,1.0,6
7986,vgg19,350,0.9884623593775808,15
7987,efficientnetb1,750,1.0,3
7988,vgg16,939,1.0,13
7989,vgg19,550,1.0,15
7990,densenet161,939,0.8028649279588222,7
7991,densenet161,550,1.0,7
7992,efficientnetb1,350,1.0,3
7993,vgg19,939,1.0,15
7994,densenet161,550,1.0,7
7995,resnet50,550,1.0,6
7996,efficientnetb1,939,1.0,3
7997,vgg19,550,1.0,15
7998,densenet161,939,0.8028649279588222,7
7999,efficientnetb0,550,1.0,3
8000,vgg19,750,0.9936879963126718,15
8001,resnet18,939,1.0,2
8002,densenet121,350,1.0,6
8003,efficientnetb0,350,1.0,3
8004,resnet18,350,0.9463184463728672,2
8005,densenet161,350,0.9422217589427628,7
8006,efficientnetb0,550,0.7484594574197447,4
8007,vgg16,939,1.0,13
8008,vgg16,550,0.9461219284703368,13
8009,efficientnetb1,550,1.0,3
8010,efficientnetb0,939,1.0,3
8011,densenet161,750,1.0,7
8012,resnet50,350,1.0,6
8013,resnet18,939,1.0,2
8014,efficientnetb1,939,1.0,3
8015,densenet161,550,1.0,7
8016,vgg19,550,1.0,15
8017,resnet18,550,1.0,2
8018,resnet50,550,1.0,6
8019,densenet161,350,0.9422217589427628,7
8020,resnet50,750,0.8540914514899219,6
8021,efficientnetb0,350,1.0,3
8022,resnet50,939,1.0,6
8023,vgg19,550,1.0,15
8024,vgg16,550,0.9461219284703368,13
8025,vgg16,550,0.9461219284703368,13
8026,efficientnetb1,750,1.0,3
8027,vgg16,550,0.9461219284703368,13
8028,vgg16,939,1.0,13
8029,resnet18,939,1.0,2
8030,resnet18,939,1.0,2
8031,vgg16,550,0.9461219284703368,13
8032,densenet121,939,0.4858756243316292,5
8033,resnet50,550,1.0,6
8034,vgg19,550,1.0,15
8035,vgg16,350,0.9150494503700808,13
8036,densenet161,550,1.0,7
8037,vgg19,939,1.0,15
8038,efficientnetb1,939,1.0,3
8039,resnet50,939,1.0,6
8040,densenet161,939,0.8028649279588222,7
8041,densenet121,550,0.6262433485833546,5
8042,resnet18,550,1.0,2
8043,resnet50,939,1.0,6
8044,densenet121,939,0.4858756243316292,5
8045,vgg16,939,1.0,13
8046,densenet161,939,0.8028649279588222,7
8047,vgg19,550,1.0,15
8048,efficientnetb1,550,1.0,3
8049,densenet161,550,0.0,1
8050,densenet161,750,1.0,7
8051,efficientnetb1,750,1.0,3
8052,resnet18,750,1.0,2
8053,vgg16,939,1.0,13
8054,resnet50,750,0.8540914514899219,6
8055,densenet161,939,0.8028649279588222,7
8056,vgg19,550,1.0,15
8057,resnet50,550,1.0,6
8058,densenet161,350,0.9422217589427628,7
8059,densenet121,350,0.6263678162488967,5
8060,vgg16,350,0.968053827189964,11
8061,densenet161,939,0.8028649279588222,7
8062,efficientnetb1,350,1.0,3
8063,efficientnetb1,550,1.0,3
8064,efficientnetb1,939,1.0,3
8065,resnet50,750,0.8540914514899219,6
8066,vgg19,939,1.0,15
8067,resnet18,550,1.0,2
8068,efficientnetb1,750,1.0,3
8069,resnet18,939,1.0,2
8070,resnet50,750,0.8540914514899219,6
8071,vgg16,750,0.9989474447948092,13
8072,vgg16,939,1.0,13
8073,densenet161,750,1.0,7
8074,resnet18,550,1.0,2
8075,densenet161,350,0.9422217589427628,7
8076,densenet121,550,1.0,6
8077,vgg19,350,0.9884623593775808,15
8078,vgg16,550,0.9461219284703368,13
8079,densenet121,350,0.6263678162488967,5
8080,resnet18,550,1.0,2
8081,vgg16,350,0.9150494503700808,13
8082,resnet50,550,1.0,6
8083,vgg19,350,0.9884623593775808,15
8084,efficientnetb0,939,1.0,3
8085,vgg19,939,1.0,15
8086,vgg16,750,1.0,14
8087,resnet50,939,1.0,6
8088,resnet50,550,1.0,6
8089,vgg16,350,0.9150494503700808,13
8090,efficientnetb0,939,1.0,3
8091,vgg19,350,0.9884623593775808,15
8092,vgg19,350,0.9884623593775808,15
8093,densenet161,550,1.0,7
8094,efficientnetb0,750,1.0,3
8095,vgg16,350,0.9150494503700808,13
8096,efficientnetb0,939,1.0,3
8097,vgg19,350,0.9884623593775808,15
8098,densenet121,939,0.4858756243316292,5
8099,efficientnetb1,550,1.0,3
8100,densenet121,939,1.0,6
8101,efficientnetb1,750,0.3094983907889674,6
8102,efficientnetb1,750,1.0,3
8103,vgg19,939,1.0,15
8104,vgg19,939,1.0,15
8105,vgg19,750,0.9936879963126718,15
8106,vgg19,939,1.0,15
8107,densenet121,550,0.6262433485833546,5
8108,densenet161,939,0.8028649279588222,7
8109,vgg16,350,0.9150494503700808,13
8110,resnet18,550,1.0,2
8111,vgg19,350,0.9884623593775808,15
8112,resnet50,939,1.0,6
8113,resnet18,939,1.0,2
8114,densenet121,939,0.4858756243316292,5
8115,efficientnetb0,550,1.0,3
8116,resnet18,550,1.0,2
8117,densenet121,550,0.6262433485833546,5
8118,efficientnetb1,550,1.0,3
8119,vgg19,939,1.0,15
8120,vgg16,750,0.9989474447948092,13
8121,efficientnetb0,350,0.7221681243288518,4
8122,resnet18,939,1.0,2
8123,efficientnetb0,750,1.0,3
8124,vgg16,750,0.9989474447948092,13
8125,resnet18,550,1.0,2
8126,efficientnetb1,939,1.0,3
8127,resnet50,939,1.0,6
8128,densenet121,750,0.6549577219091517,5
8129,densenet161,939,0.8028649279588222,7
8130,vgg16,939,1.0,13
8131,vgg16,350,0.9150494503700808,13
8132,vgg16,750,0.9989474447948092,13
8133,vgg19,350,0.9884623593775808,15
8134,efficientnetb1,350,1.0,3
8135,vgg19,750,0.9936879963126718,15
8136,resnet50,350,1.0,6
8137,vgg16,750,0.0058887013115276,1
8138,densenet121,550,0.6262433485833546,5
8139,densenet121,939,0.4858756243316292,5
8140,resnet50,350,1.0,6
8141,efficientnetb0,350,1.0,3
8142,efficientnetb1,550,1.0,3
8143,vgg16,350,0.9150494503700808,13
8144,densenet121,350,0.6263678162488967,5
8145,efficientnetb0,750,1.0,3
8146,resnet18,939,1.0,2
8147,efficientnetb1,550,1.0,3
8148,resnet18,550,1.0,2
8149,vgg16,939,1.0,13
8150,vgg16,550,0.941205716630206,14
8151,efficientnetb1,350,1.0,3
8152,densenet161,550,1.0,7
8153,vgg19,939,1.0,15
8154,resnet18,550,1.0,2
8155,densenet121,939,0.4858756243316292,5
8156,efficientnetb0,550,1.0,3
8157,densenet121,939,0.4858756243316292,5
8158,resnet18,350,0.9463184463728672,2
8159,vgg19,350,0.9884623593775808,15
8160,vgg19,939,1.0,15
8161,efficientnetb0,939,1.0,3
8162,densenet161,350,0.9422217589427628,7
8163,resnet50,750,0.8540914514899219,6
8164,densenet161,750,1.0,7
8165,efficientnetb0,750,1.0,3
8166,vgg16,350,0.9150494503700808,13
8167,densenet161,939,0.8028649279588222,7
8168,resnet18,750,1.0,2
8169,densenet161,750,1.0,7
8170,efficientnetb1,350,1.0,3
8171,densenet121,550,0.6262433485833546,5
8172,efficientnetb0,550,1.0,3
8173,vgg19,350,0.9884623593775808,15
8174,resnet18,350,0.9463184463728672,2
8175,densenet161,750,1.0,7
8176,vgg19,550,1.0,15
8177,efficientnetb1,550,0.6878389778024664,4
8178,resnet18,550,1.0,2
8179,vgg16,939,1.0,13
8180,resnet50,939,1.0,6
8181,vgg16,550,0.9461219284703368,13
8182,vgg16,750,0.9989474447948092,13
8183,resnet18,550,1.0,2
8184,efficientnetb0,750,1.0,3
8185,efficientnetb1,750,1.0,3
8186,resnet50,550,1.0,6
8187,resnet50,350,1.0,6
8188,efficientnetb0,939,1.0,3
8189,efficientnetb0,550,1.0,3
8190,densenet161,350,0.9422217589427628,7
8191,densenet161,350,0.9422217589427628,7
8192,efficientnetb0,750,1.0,3
8193,efficientnetb0,550,1.0,3
8194,resnet50,939,1.0,6
8195,densenet161,550,1.0,7
8196,densenet161,350,0.9422217589427628,7
8197,vgg19,550,0.527063884872579,9
8198,vgg16,350,0.9150494503700808,13
8199,densenet161,550,1.0,7
8200,efficientnetb0,939,1.0,3
8201,resnet18,550,1.0,2
8202,resnet18,550,1.0,2
8203,efficientnetb1,550,1.0,3
8204,densenet161,750,1.0,7
8205,densenet161,750,1.0,7
8206,vgg16,939,1.0,13
8207,densenet161,750,1.0,7
8208,densenet161,750,1.0,7
8209,resnet50,350,1.0,6
8210,resnet50,939,1.0,6
8211,densenet121,350,1.0,6
8212,resnet50,550,1.0,6
8213,resnet18,939,1.0,2
8214,vgg16,750,0.3927521762586766,6
8215,efficientnetb1,939,1.0,3
8216,densenet161,750,0.7754817419817108,6
8217,efficientnetb1,350,1.0,3
8218,vgg19,750,0.9936879963126718,15
8219,vgg16,939,1.0,13
8220,densenet161,550,1.0,7
8221,efficientnetb0,939,0.6801221238861833,4
8222,densenet161,350,0.9422217589427628,7
8223,densenet161,350,0.9422217589427628,7
8224,efficientnetb1,750,1.0,3
8225,resnet50,750,0.8540914514899219,6
8226,vgg19,550,1.0,15
8227,vgg16,939,1.0,13
8228,vgg16,750,0.9989474447948092,13
8229,resnet50,939,1.0,6
8230,vgg19,939,0.9322438807363724,13
8231,densenet161,350,0.9422217589427628,7
8232,vgg19,350,0.9884623593775808,15
8233,resnet50,550,0.8215124558966982,7
8234,resnet18,550,1.0,2
8235,efficientnetb0,750,1.0,3
8236,vgg19,750,0.7555996769548718,17
8237,resnet50,350,1.0,6
8238,efficientnetb0,550,1.0,3
8239,resnet50,750,0.692684175445151,7
8240,efficientnetb1,350,0.7181138626700144,4
8241,resnet50,350,1.0,6
8242,resnet18,550,1.0,2
8243,resnet18,750,1.0,2
8244,vgg19,550,1.0,15
8245,densenet121,750,0.6549577219091517,5
8246,efficientnetb1,350,1.0,3
8247,densenet161,939,0.2831929044634787,5
8248,resnet18,350,0.9463184463728672,2
8249,densenet121,550,1.0,6
8250,vgg16,750,1.0,14
8251,densenet121,939,0.4858756243316292,5
8252,vgg19,350,0.9884623593775808,15
8253,densenet161,750,1.0,7
8254,vgg19,350,0.9884623593775808,15
8255,vgg16,550,0.9461219284703368,13
8256,efficientnetb1,750,1.0,3
8257,resnet50,939,1.0,6
8258,resnet18,350,0.9463184463728672,2
8259,efficientnetb1,750,0.5409660759543289,5
8260,resnet50,350,1.0,6
8261,efficientnetb1,939,0.4873612700075253,5
8262,resnet18,550,1.0,2
8263,efficientnetb1,750,1.0,3
8264,resnet18,350,0.9463184463728672,2
8265,densenet161,939,0.2831929044634787,5
8266,efficientnetb0,939,1.0,3
8267,resnet50,550,1.0,6
8268,resnet18,550,1.0,2
8269,densenet121,750,0.5014039257956258,7
8270,densenet121,550,1.0,6
8271,resnet18,939,1.0,2
8272,vgg16,939,1.0,13
8273,densenet121,939,1.0,6
8274,resnet18,550,0.9649971314956884,3
8275,vgg19,939,1.0,15
8276,efficientnetb1,350,1.0,3
8277,resnet50,939,1.0,6
8278,efficientnetb0,939,1.0,3
8279,resnet18,939,1.0,2
8280,resnet18,350,0.9463184463728672,2
8281,resnet50,750,0.8540914514899219,6
8282,densenet121,550,0.6262433485833546,5
8283,vgg16,550,0.9461219284703368,13
8284,vgg19,939,1.0,15
8285,vgg19,750,0.9936879963126718,15
8286,efficientnetb1,350,0.5010852886204035,5
8287,vgg19,750,0.9936879963126718,15
8288,efficientnetb0,550,1.0,3
8289,resnet50,750,0.8540914514899219,6
8290,resnet18,350,0.9463184463728672,2
8291,efficientnetb0,550,1.0,3
8292,vgg19,350,0.9884623593775808,15
8293,densenet121,350,1.0,6
8294,efficientnetb1,550,1.0,3
8295,resnet18,350,0.9463184463728672,2
8296,densenet161,750,1.0,7
8297,efficientnetb0,939,1.0,3
8298,resnet50,550,1.0,6
8299,densenet161,350,0.9422217589427628,7
8300,vgg16,550,0.9461219284703368,13
8301,efficientnetb0,939,1.0,3
8302,densenet121,550,0.6262433485833546,5
8303,efficientnetb0,550,1.0,3
8304,resnet50,939,1.0,6
8305,resnet18,550,1.0,2
8306,densenet161,350,0.9422217589427628,7
8307,densenet161,750,1.0,7
8308,resnet18,350,0.9463184463728672,2
8309,densenet121,750,0.6549577219091517,5
8310,vgg16,939,1.0,13
8311,efficientnetb0,750,1.0,3
8312,densenet161,939,0.8028649279588222,7
8313,efficientnetb0,550,1.0,3
8314,efficientnetb1,939,1.0,3
8315,vgg16,350,0.9150494503700808,13
8316,efficientnetb0,939,1.0,3
8317,efficientnetb0,939,1.0,3
8318,densenet121,550,0.6262433485833546,5
8319,efficientnetb0,550,1.0,3
8320,resnet18,939,1.0,2
8321,efficientnetb0,939,1.0,3
8322,resnet50,750,0.8540914514899219,6
8323,densenet161,939,0.8028649279588222,7
8324,resnet18,350,0.9463184463728672,2
8325,efficientnetb0,350,1.0,3
8326,densenet161,350,0.9422217589427628,7
8327,vgg19,550,1.0,15
8328,resnet18,550,1.0,2
8329,vgg16,550,0.9461219284703368,13
8330,densenet161,550,1.0,7
8331,vgg16,550,0.6336692532833877,9
8332,densenet121,939,0.4858756243316292,5
8333,resnet50,350,1.0,6
8334,densenet161,550,1.0,7
8335,vgg16,939,1.0,13
8336,vgg19,939,1.0,15
8337,resnet50,750,0.8540914514899219,6
8338,resnet50,550,1.0,6
8339,efficientnetb0,550,1.0,3
8340,resnet50,939,1.0,6
8341,resnet50,939,1.0,6
8342,densenet161,350,0.9422217589427628,7
8343,efficientnetb0,939,1.0,3
8344,densenet161,750,1.0,7
8345,densenet121,939,0.4858756243316292,5
8346,vgg16,350,0.9150494503700808,13
8347,resnet50,550,1.0,6
8348,efficientnetb1,939,1.0,3
8349,resnet50,750,0.8540914514899219,6
8350,densenet121,350,0.6263678162488967,5
8351,efficientnetb1,550,1.0,3
8352,densenet121,350,0.6263678162488967,5
8353,vgg19,939,1.0,15
8354,densenet161,939,0.8028649279588222,7
8355,densenet161,350,0.9422217589427628,7
8356,densenet121,939,0.4858756243316292,5
8357,resnet50,550,1.0,6
8358,densenet121,939,0.4858756243316292,5
8359,vgg19,350,0.9884623593775808,15
8360,vgg19,750,0.9936879963126718,15
8361,vgg19,550,1.0,15
8362,resnet50,750,0.8540914514899219,6
8363,efficientnetb1,550,1.0,3
8364,efficientnetb0,939,1.0,3
8365,vgg19,350,0.9884623593775808,15
8366,vgg19,350,0.9884623593775808,15
8367,densenet121,350,0.6263678162488967,5
8368,efficientnetb1,350,1.0,3
8369,efficientnetb0,350,1.0,3
8370,vgg19,750,0.9936879963126718,15
8371,resnet50,550,1.0,6
8372,densenet121,550,0.6262433485833546,5
8373,densenet121,750,1.0,6
8374,vgg19,750,0.9936879963126718,15
8375,vgg19,350,0.4995659680915179,8
8376,densenet121,750,0.6549577219091517,5
8377,resnet18,350,0.9463184463728672,2
8378,resnet18,939,1.0,2
8379,resnet50,350,1.0,6
8380,resnet18,939,1.0,2
8381,vgg19,550,1.0,15
8382,densenet161,750,1.0,7
8383,vgg16,939,1.0,13
8384,densenet121,750,0.6549577219091517,5
8385,efficientnetb0,939,1.0,3
8386,resnet50,939,1.0,6
8387,resnet18,750,1.0,2
8388,efficientnetb0,939,1.0,3
8389,resnet50,350,1.0,6
8390,vgg19,550,1.0,15
8391,vgg16,939,1.0,13
8392,resnet50,939,0.8017819857800019,7
8393,resnet18,750,1.0,2
8394,resnet18,939,1.0,2
8395,resnet50,550,1.0,6
8396,resnet18,939,1.0,2
8397,densenet161,550,1.0,7
8398,vgg16,550,0.9461219284703368,13
8399,efficientnetb0,350,1.0,3
8400,efficientnetb0,939,1.0,3
8401,vgg19,550,1.0,15
8402,densenet121,350,0.6263678162488967,5
8403,vgg16,350,0.9150494503700808,13
8404,vgg16,939,1.0,13
8405,efficientnetb1,550,1.0,3
8406,efficientnetb0,350,1.0,3
8407,densenet161,939,0.8028649279588222,7
8408,vgg16,350,0.9150494503700808,13
8409,efficientnetb0,750,1.0,3
8410,efficientnetb0,350,1.0,3
8411,efficientnetb1,350,1.0,3
8412,vgg16,939,1.0,13
8413,vgg19,750,1.0,16
8414,densenet121,350,0.6263678162488967,5
8415,densenet121,939,0.4858756243316292,5
8416,resnet18,750,1.0,2
8417,densenet121,550,0.6262433485833546,5
8418,densenet121,939,0.4858756243316292,5
8419,densenet121,550,0.6262433485833546,5
8420,resnet50,750,0.8540914514899219,6
8421,efficientnetb1,350,1.0,3
8422,efficientnetb0,750,1.0,3
8423,efficientnetb0,939,1.0,3
8424,efficientnetb1,550,1.0,3
8425,densenet121,550,0.6262433485833546,5
8426,densenet121,350,1.0,6
8427,densenet121,750,0.6549577219091517,5
8428,vgg19,350,0.9884623593775808,15
8429,resnet50,350,1.0,6
8430,densenet161,350,0.9422217589427628,7
8431,efficientnetb0,750,1.0,3
8432,densenet121,750,0.6549577219091517,5
8433,vgg19,550,1.0,15
8434,efficientnetb0,350,1.0,3
8435,vgg16,350,0.9150494503700808,13
8436,resnet18,550,1.0,2
8437,efficientnetb1,750,1.0,3
8438,efficientnetb0,550,1.0,3
8439,vgg19,939,1.0,15
8440,resnet18,350,0.9463184463728672,2
8441,densenet121,550,0.6262433485833546,5
8442,resnet18,750,1.0,2
8443,resnet50,750,0.8540914514899219,6
8444,densenet121,939,0.4858756243316292,5
8445,densenet161,550,1.0,7
8446,vgg19,939,1.0,15
8447,densenet121,939,0.4858756243316292,5
8448,efficientnetb0,550,1.0,3
8449,densenet161,550,1.0,7
8450,densenet161,939,0.8028649279588222,7
8451,resnet50,750,0.8540914514899219,6
8452,vgg19,750,0.9936879963126718,15
8453,densenet121,750,0.6549577219091517,5
8454,densenet161,750,1.0,7
8455,densenet121,750,0.6549577219091517,5
8456,resnet18,750,1.0,2
8457,vgg16,939,1.0,13
8458,vgg16,550,0.9461219284703368,13
8459,densenet161,550,1.0,7
8460,vgg19,550,1.0,15
8461,resnet18,750,1.0,2
8462,vgg16,350,0.9150494503700808,13
8463,resnet18,350,0.9463184463728672,2
8464,resnet18,750,1.0,2
8465,resnet18,550,1.0,2
8466,densenet121,750,0.6549577219091517,5
8467,vgg19,750,0.9936879963126718,15
8468,efficientnetb1,550,1.0,3
8469,vgg19,550,1.0,15
8470,efficientnetb0,939,1.0,3
8471,resnet50,350,1.0,6
8472,densenet121,350,0.6263678162488967,5
8473,densenet161,750,1.0,7
8474,densenet161,939,0.8028649279588222,7
8475,resnet50,939,1.0,6
8476,resnet50,550,1.0,6
8477,efficientnetb1,550,0.6878389778024664,4
8478,vgg19,939,1.0,15
8479,vgg16,350,0.9150494503700808,13
8480,resnet18,550,1.0,2
8481,efficientnetb1,350,0.7181138626700144,4
8482,resnet18,350,0.9463184463728672,2
8483,vgg19,750,0.9936879963126718,15
8484,vgg19,939,1.0,15
8485,vgg16,350,0.9277415950475124,14
8486,efficientnetb0,550,1.0,3
8487,efficientnetb1,350,1.0,3
8488,vgg19,939,0.9938700985656802,16
8489,resnet18,550,1.0,2
8490,efficientnetb1,350,1.0,3
8491,efficientnetb1,939,1.0,3
8492,efficientnetb1,750,1.0,3
8493,densenet161,939,0.2831929044634787,5
8494,resnet50,939,1.0,6
8495,resnet50,350,1.0,6
8496,vgg19,350,0.9884623593775808,15
8497,densenet161,350,0.9422217589427628,7
8498,vgg19,750,0.9936879963126718,15
8499,resnet50,550,1.0,6
8500,densenet161,350,0.9422217589427628,7
8501,vgg16,550,0.9461219284703368,13
8502,densenet161,350,0.9422217589427628,7
8503,densenet161,550,1.0,7
8504,efficientnetb0,939,1.0,3
8505,vgg16,550,0.9461219284703368,13
8506,vgg16,350,0.9150494503700808,13
8507,resnet18,750,1.0,2
8508,densenet161,750,1.0,7
8509,vgg16,350,0.9150494503700808,13
8510,efficientnetb1,939,1.0,3
8511,vgg16,939,1.0,13
8512,resnet18,939,1.0,2
8513,efficientnetb1,939,1.0,3
8514,vgg19,550,1.0,15
8515,efficientnetb1,750,1.0,3
8516,resnet50,939,1.0,6
8517,resnet50,350,1.0,6
8518,resnet18,750,1.0,2
8519,vgg19,939,1.0,15
8520,densenet121,939,0.4858756243316292,5
8521,densenet161,350,0.9422217589427628,7
8522,resnet18,750,1.0,2
8523,vgg19,350,0.9884623593775808,15
8524,densenet121,939,0.4858756243316292,5
8525,efficientnetb0,750,1.0,3
8526,resnet18,939,1.0,2
8527,vgg19,550,1.0,15
8528,efficientnetb0,350,1.0,3
8529,efficientnetb1,750,1.0,3
8530,vgg16,750,0.9989474447948092,13
8531,resnet18,350,0.9463184463728672,2
8532,resnet50,350,1.0,6
8533,vgg19,939,1.0,15
8534,vgg19,350,0.9884623593775808,15
8535,vgg19,550,1.0,15
8536,resnet18,750,1.0,2
8537,densenet121,350,0.6263678162488967,5
8538,resnet50,550,1.0,6
8539,densenet161,350,0.7705044620574577,6
8540,resnet50,939,1.0,6
8541,efficientnetb1,939,1.0,3
8542,resnet50,939,1.0,6
8543,resnet50,550,1.0,6
8544,densenet121,750,0.6549577219091517,5
8545,vgg19,939,1.0,15
8546,densenet161,750,1.0,7
8547,resnet18,350,0.9463184463728672,2
8548,resnet50,750,0.8540914514899219,6
8549,densenet161,939,0.8028649279588222,7
8550,efficientnetb0,350,1.0,3
8551,efficientnetb0,550,1.0,3
8552,vgg19,939,1.0,15
8553,densenet161,550,1.0,7
8554,efficientnetb1,939,1.0,3
8555,vgg16,750,0.9989474447948092,13
8556,efficientnetb0,350,1.0,3
8557,densenet161,750,1.0,7
8558,densenet161,750,1.0,7
8559,densenet121,550,0.6262433485833546,5
8560,densenet161,550,1.0,7
8561,densenet161,939,0.8028649279588222,7
8562,efficientnetb1,550,1.0,3
8563,vgg16,550,0.9461219284703368,13
8564,vgg16,750,0.9989474447948092,13
8565,densenet161,939,0.8028649279588222,7
8566,vgg16,939,1.0,13
8567,densenet161,350,0.9422217589427628,7
8568,efficientnetb0,750,1.0,3
8569,vgg19,550,0.7603022178684953,17
8570,vgg19,350,0.9884623593775808,15
8571,vgg16,750,0.9989474447948092,13
8572,vgg19,750,0.7555996769548718,17
8573,resnet50,939,1.0,6
8574,vgg19,350,0.9884623593775808,15
8575,vgg16,750,0.9989474447948092,13
8576,efficientnetb1,939,1.0,3
8577,efficientnetb1,550,1.0,3
8578,vgg19,939,1.0,15
8579,efficientnetb0,550,1.0,3
8580,efficientnetb0,550,1.0,3
8581,efficientnetb0,550,1.0,3
8582,resnet18,550,1.0,2
8583,densenet161,550,1.0,7
8584,efficientnetb0,750,1.0,3
8585,resnet18,350,0.9463184463728672,2
8586,vgg16,350,0.9150494503700808,13
8587,densenet121,750,1.0,6
8588,densenet161,550,1.0,7
8589,densenet121,750,0.6549577219091517,5
8590,vgg16,939,1.0,13
8591,densenet161,750,1.0,7
8592,vgg19,350,0.9884623593775808,15
8593,efficientnetb0,350,1.0,3
8594,densenet121,550,0.6262433485833546,5
8595,resnet18,550,1.0,2
8596,efficientnetb0,550,1.0,3
8597,efficientnetb1,350,0.7181138626700144,4
8598,vgg16,350,0.9150494503700808,13
8599,efficientnetb0,939,0.6801221238861833,4
8600,efficientnetb0,350,1.0,3
8601,densenet121,550,0.6262433485833546,5
8602,resnet18,750,1.0,2
8603,efficientnetb0,350,1.0,3
8604,vgg19,350,0.9884623593775808,15
8605,efficientnetb1,750,1.0,3
8606,efficientnetb1,939,0.7039994792384792,4
8607,resnet18,350,0.9463184463728672,2
8608,densenet121,750,0.6549577219091517,5
8609,efficientnetb1,550,1.0,3
8610,densenet121,939,0.4858756243316292,5
8611,efficientnetb1,750,1.0,3
8612,efficientnetb1,939,1.0,3
8613,vgg19,939,1.0,15
8614,densenet161,939,0.0601439006764898,1
8615,efficientnetb1,939,0.4873612700075253,5
8616,vgg16,350,0.9150494503700808,13
8617,densenet161,550,1.0,7
8618,efficientnetb0,550,1.0,3
8619,densenet121,939,0.4858756243316292,5
8620,efficientnetb0,350,1.0,3
8621,efficientnetb0,939,1.0,3
8622,resnet18,550,1.0,2
8623,densenet161,350,0.9422217589427628,7
8624,efficientnetb1,750,1.0,3
8625,vgg16,750,0.9989474447948092,13
8626,efficientnetb1,939,1.0,3
8627,densenet121,550,1.0,6
8628,densenet121,750,0.6549577219091517,5
8629,densenet161,750,0.0408796516625536,12
8630,resnet50,939,1.0,6
8631,vgg19,550,0.7587179131016882,12
8632,efficientnetb1,350,1.0,3
8633,vgg16,939,0.8568556422949929,11
8634,vgg16,939,1.0,13
8635,vgg16,350,0.9150494503700808,13
8636,vgg19,350,0.9884623593775808,15
8637,resnet50,939,1.0,6
8638,efficientnetb1,750,1.0,3
8639,resnet50,550,1.0,6
8640,resnet50,350,1.0,6
8641,resnet50,750,0.8540914514899219,6
8642,resnet50,939,1.0,6
8643,vgg16,939,0.7391812735874347,15
8644,resnet18,550,1.0,2
8645,vgg19,750,0.9936879963126718,15
8646,vgg16,350,0.9150494503700808,13
8647,efficientnetb1,350,1.0,3
8648,efficientnetb1,750,1.0,3
8649,vgg19,939,1.0,15
8650,vgg19,750,0.9936879963126718,15
8651,vgg16,550,0.9461219284703368,13
8652,vgg16,550,0.9461219284703368,13
8653,densenet121,750,0.6549577219091517,5
8654,densenet121,750,0.6549577219091517,5
8655,densenet161,350,0.9422217589427628,7
8656,densenet121,350,0.6263678162488967,5
8657,vgg16,550,0.9461219284703368,13
8658,resnet50,350,1.0,6
8659,vgg19,550,1.0,15
8660,resnet50,939,1.0,6
8661,resnet18,750,1.0,2
8662,efficientnetb0,550,1.0,3
8663,vgg16,350,0.9150494503700808,13
8664,vgg16,750,0.9989474447948092,13
8665,vgg16,550,0.9461219284703368,13
8666,densenet121,350,0.6263678162488967,5
8667,vgg19,939,1.0,15
8668,densenet161,550,1.0,7
8669,vgg16,350,0.968053827189964,11
8670,efficientnetb1,350,1.0,3
8671,resnet50,350,1.0,6
8672,vgg16,939,0.8568556422949929,11
8673,efficientnetb0,550,1.0,3
8674,resnet18,750,1.0,2
8675,densenet121,750,1.0,6
8676,densenet161,350,0.9422217589427628,7
8677,vgg16,350,0.9277415950475124,14
8678,densenet121,550,0.6262433485833546,5
8679,efficientnetb0,750,1.0,3
8680,densenet161,939,0.2831929044634787,5
8681,resnet50,350,1.0,6
8682,densenet121,350,0.6263678162488967,5
8683,resnet50,939,1.0,6
8684,resnet18,939,1.0,2
8685,vgg19,550,1.0,15
8686,resnet50,939,1.0,6
8687,resnet18,350,0.9463184463728672,2
8688,densenet121,750,0.6549577219091517,5
8689,resnet50,350,1.0,6
8690,resnet50,550,1.0,6
8691,densenet161,750,1.0,7
8692,vgg19,939,1.0,15
8693,vgg19,350,0.9884623593775808,15
8694,vgg16,350,0.9150494503700808,13
8695,densenet161,750,0.0408796516625536,12
8696,densenet121,350,1.0,6
8697,resnet18,550,1.0,2
8698,efficientnetb0,750,1.0,3
8699,densenet161,939,0.8028649279588222,7
8700,densenet121,550,0.6262433485833546,5
8701,efficientnetb1,750,1.0,3
8702,vgg19,550,1.0,15
8703,efficientnetb0,939,1.0,3
8704,densenet121,939,0.4858756243316292,5
8705,efficientnetb0,750,1.0,3
8706,densenet121,750,0.6549577219091517,5
8707,densenet121,550,0.6262433485833546,5
8708,densenet121,750,0.6549577219091517,5
8709,densenet121,550,0.6262433485833546,5
8710,densenet161,750,1.0,7
8711,efficientnetb1,750,0.5409660759543289,5
8712,resnet50,350,1.0,6
8713,densenet121,350,0.6263678162488967,5
8714,efficientnetb0,550,1.0,3
8715,efficientnetb1,350,1.0,3
8716,vgg16,939,1.0,13
8717,vgg19,939,1.0,15
8718,vgg19,939,1.0,15
8719,vgg19,939,1.0,15
8720,resnet18,550,1.0,2
8721,resnet50,350,1.0,6
8722,resnet50,750,0.8540914514899219,6
8723,vgg16,550,0.9461219284703368,13
8724,resnet50,550,1.0,6
8725,densenet121,750,0.6549577219091517,5
8726,densenet161,750,1.0,7
8727,vgg16,939,0.8568556422949929,11
8728,densenet121,750,0.6549577219091517,5
8729,efficientnetb0,750,1.0,3
8730,densenet121,750,0.6549577219091517,5
8731,vgg16,350,0.968053827189964,11
8732,efficientnetb1,550,0.5223117533457641,5
8733,resnet50,939,1.0,6
8734,vgg16,550,0.9599292331742392,11
8735,resnet18,750,1.0,2
8736,vgg16,939,1.0,13
8737,vgg16,550,0.9461219284703368,13
8738,vgg16,939,1.0,13
8739,densenet121,750,0.6549577219091517,5
8740,vgg16,350,0.9150494503700808,13
8741,resnet50,939,1.0,6
8742,resnet50,350,1.0,6
8743,resnet18,939,1.0,2
8744,densenet121,750,0.6549577219091517,5
8745,resnet18,939,1.0,2
8746,resnet50,939,1.0,6
8747,efficientnetb1,939,1.0,3
8748,resnet50,550,1.0,6
8749,efficientnetb1,750,0.7228690296773087,4
8750,densenet161,939,0.8028649279588222,7
8751,resnet18,550,0.9649971314956884,3
8752,densenet121,750,1.0,6
8753,resnet18,939,0.9772814215247084,3
8754,efficientnetb0,939,1.0,3
8755,vgg19,939,1.0,15
8756,densenet121,550,1.0,6
8757,vgg19,350,0.9884623593775808,15
8758,vgg19,550,0.9153142027929496,13
8759,resnet18,750,1.0,2
8760,densenet161,550,1.0,7
8761,densenet161,939,0.8028649279588222,7
8762,efficientnetb1,939,0.7039994792384792,4
8763,vgg16,550,0.9461219284703368,13
8764,vgg19,550,1.0,15
8765,efficientnetb1,750,1.0,3
8766,vgg19,350,0.9884623593775808,15
8767,efficientnetb0,550,1.0,3
8768,resnet18,350,0.9463184463728672,2
8769,vgg16,939,1.0,13
8770,densenet161,550,1.0,7
8771,densenet161,350,0.9422217589427628,7
8772,densenet161,550,1.0,7
8773,vgg19,750,0.9936879963126718,15
8774,vgg16,750,0.9989474447948092,13
8775,densenet121,750,0.6549577219091517,5
8776,densenet121,350,0.6263678162488967,5
8777,densenet121,550,1.0,6
8778,efficientnetb1,939,1.0,3
8779,resnet18,750,1.0,2
8780,efficientnetb1,939,1.0,3
8781,efficientnetb0,350,1.0,3
8782,vgg19,750,0.9936879963126718,15
8783,resnet18,550,1.0,2
8784,vgg19,750,0.9936879963126718,15
8785,efficientnetb1,550,1.0,3
8786,densenet121,350,1.0,6
8787,resnet50,350,1.0,6
8788,efficientnetb1,350,1.0,3
8789,efficientnetb1,939,1.0,3
8790,densenet161,350,0.9422217589427628,7
8791,vgg19,350,0.9884623593775808,15
8792,efficientnetb1,939,1.0,3
8793,efficientnetb0,350,1.0,3
8794,resnet50,550,1.0,6
8795,efficientnetb1,550,0.6878389778024664,4
8796,vgg19,750,0.9936879963126718,15
8797,resnet50,550,1.0,6
8798,vgg16,550,0.9599292331742392,11
8799,vgg16,350,0.9150494503700808,13
8800,resnet50,750,0.8540914514899219,6
8801,efficientnetb1,939,1.0,3
8802,resnet18,350,0.9463184463728672,2
8803,resnet50,939,1.0,6
8804,efficientnetb0,750,1.0,3
8805,densenet121,750,1.0,6
8806,vgg19,350,0.9884623593775808,15
8807,resnet50,939,1.0,6
8808,resnet50,939,1.0,6
8809,densenet121,939,0.4858756243316292,5
8810,resnet50,939,1.0,6
8811,densenet161,550,1.0,7
8812,vgg16,750,0.9989474447948092,13
8813,resnet18,939,1.0,2
8814,vgg16,550,0.9461219284703368,13
8815,vgg19,550,1.0,15
8816,resnet18,350,0.9463184463728672,2
8817,efficientnetb1,939,1.0,3
8818,densenet121,939,0.4858756243316292,5
8819,vgg16,350,0.9150494503700808,13
8820,efficientnetb1,939,1.0,3
8821,vgg16,550,0.9461219284703368,13
8822,vgg19,350,0.9884623593775808,15
8823,vgg16,939,1.0,13
8824,resnet18,550,1.0,2
8825,efficientnetb1,350,1.0,3
8826,resnet50,550,1.0,6
8827,resnet50,350,1.0,6
8828,resnet18,750,1.0,2
8829,vgg19,939,1.0,15
8830,densenet161,750,1.0,7
8831,efficientnetb0,939,1.0,3
8832,vgg19,550,1.0,15
8833,resnet18,939,1.0,2
8834,densenet161,550,1.0,7
8835,densenet161,350,0.9422217589427628,7
8836,resnet18,550,1.0,2
8837,densenet121,350,0.6263678162488967,5
8838,efficientnetb1,350,1.0,3
8839,densenet161,939,0.8028649279588222,7
8840,resnet18,939,1.0,2
8841,vgg16,550,0.9461219284703368,13
8842,efficientnetb0,350,1.0,3
8843,vgg16,550,0.9461219284703368,13
8844,vgg16,750,0.9989474447948092,13
8845,efficientnetb0,750,1.0,3
8846,resnet50,939,1.0,6
8847,vgg19,550,1.0,15
8848,efficientnetb0,550,1.0,3
8849,efficientnetb0,350,1.0,3
8850,resnet18,350,0.9463184463728672,2
8851,vgg19,939,1.0,15
8852,resnet50,939,1.0,6
8853,efficientnetb0,939,1.0,3
8854,resnet50,939,1.0,6
8855,densenet161,939,0.8028649279588222,7
8856,efficientnetb0,350,1.0,3
8857,densenet161,550,1.0,7
8858,efficientnetb1,550,1.0,3
8859,efficientnetb0,550,1.0,3
8860,vgg16,939,1.0,13
8861,vgg19,550,1.0,15
8862,resnet18,550,1.0,2
8863,vgg16,350,0.9150494503700808,13
8864,vgg16,750,0.3719773828090447,7
8865,densenet121,939,1.0,6
8866,resnet18,350,0.9463184463728672,2
8867,densenet161,750,1.0,7
8868,densenet121,939,0.4858756243316292,5
8869,densenet121,350,0.6263678162488967,5
8870,efficientnetb1,939,1.0,3
8871,vgg16,939,1.0,13
8872,vgg16,750,0.9989474447948092,13
8873,vgg16,350,0.9150494503700808,13
8874,resnet50,350,1.0,6
8875,efficientnetb0,750,1.0,3
8876,vgg19,350,0.9884623593775808,15
8877,densenet121,550,0.6262433485833546,5
8878,vgg16,939,1.0,13
8879,densenet121,750,1.0,6
8880,vgg19,939,1.0,15
8881,resnet50,750,0.8540914514899219,6
8882,densenet161,750,0.5067219862360387,5
8883,efficientnetb1,939,1.0,3
8884,densenet161,550,1.0,7
8885,vgg19,939,1.0,15
8886,resnet18,750,1.0,2
8887,vgg16,750,0.9989474447948092,13
8888,vgg19,750,0.9936879963126718,15
8889,resnet50,750,0.8540914514899219,6
8890,densenet161,550,0.5735576563250782,5
8891,resnet50,550,1.0,6
8892,vgg16,350,0.6117716042882734,8
8893,resnet50,750,0.8540914514899219,6
8894,densenet161,939,0.2831929044634787,5
8895,resnet50,350,1.0,6
8896,resnet50,350,1.0,6
8897,resnet18,750,1.0,2
8898,densenet161,350,0.9422217589427628,7
8899,resnet18,750,1.0,2
8900,efficientnetb0,350,1.0,3
8901,resnet50,750,0.8540914514899219,6
8902,vgg16,350,0.9277415950475124,14
8903,resnet18,750,1.0,2
8904,densenet121,350,0.6263678162488967,5
8905,densenet161,550,1.0,7
8906,vgg16,939,1.0,13
8907,vgg16,939,1.0,13
8908,efficientnetb1,350,1.0,3
8909,densenet161,350,0.9422217589427628,7
8910,resnet18,939,1.0,2
8911,vgg19,550,1.0,15
8912,resnet50,750,0.8540914514899219,6
8913,vgg16,750,0.9989474447948092,13
8914,densenet121,750,0.6549577219091517,5
8915,vgg19,939,1.0,15
8916,efficientnetb0,350,1.0,3
8917,efficientnetb1,939,1.0,3
8918,efficientnetb1,750,1.0,3
8919,resnet50,750,0.8540914514899219,6
8920,vgg19,939,1.0,15
8921,vgg16,939,1.0,13
8922,vgg16,550,0.9461219284703368,13
8923,resnet18,750,1.0,2
8924,efficientnetb0,939,1.0,3
8925,resnet18,750,1.0,2
8926,densenet121,550,0.6262433485833546,5
8927,resnet18,939,1.0,2
8928,densenet121,550,0.6262433485833546,5
8929,efficientnetb1,550,1.0,3
8930,densenet121,550,1.0,6
8931,efficientnetb1,550,1.0,3
8932,resnet50,939,1.0,6
8933,efficientnetb1,750,1.0,3
8934,densenet121,550,0.6262433485833546,5
8935,resnet50,750,0.8540914514899219,6
8936,vgg19,350,0.9884623593775808,15
8937,efficientnetb0,939,1.0,3
8938,resnet18,550,1.0,2
8939,resnet50,750,0.8540914514899219,6
8940,efficientnetb1,750,0.1568217242640732,7
8941,efficientnetb0,550,1.0,3
8942,efficientnetb1,750,1.0,3
8943,efficientnetb0,939,1.0,3
8944,densenet121,750,0.6549577219091517,5
8945,resnet18,750,1.0,2
8946,resnet50,350,1.0,6
8947,efficientnetb1,750,0.1568217242640732,7
8948,densenet121,350,0.6263678162488967,5
8949,densenet161,750,1.0,7
8950,resnet50,939,1.0,6
8951,densenet161,550,1.0,7
8952,efficientnetb0,350,1.0,3
8953,resnet50,550,0.8215124558966982,7
8954,vgg19,350,0.9884623593775808,15
8955,vgg19,750,0.7549293405793684,12
8956,resnet50,350,0.8169515861153699,7
8957,efficientnetb0,550,1.0,3
8958,efficientnetb1,550,1.0,3
8959,resnet18,550,1.0,2
8960,resnet50,939,1.0,6
8961,vgg16,350,0.9150494503700808,13
8962,efficientnetb0,750,1.0,3
8963,resnet18,350,0.9463184463728672,2
8964,efficientnetb0,350,1.0,3
8965,resnet18,939,1.0,2
8966,efficientnetb0,550,1.0,3
8967,resnet50,750,0.8540914514899219,6
8968,densenet161,550,1.0,7
8969,densenet121,750,0.5014039257956258,7
8970,densenet121,750,0.6549577219091517,5
8971,resnet18,939,1.0,2
8972,vgg19,939,1.0,15
8973,vgg16,939,1.0,13
8974,densenet121,939,0.4858756243316292,5
8975,efficientnetb0,750,1.0,3
8976,resnet50,550,1.0,6
8977,resnet50,350,1.0,6
8978,efficientnetb1,350,1.0,3
8979,resnet50,939,1.0,6
8980,efficientnetb1,350,1.0,3
8981,efficientnetb0,939,1.0,3
8982,efficientnetb1,550,1.0,3
8983,efficientnetb1,750,1.0,3
8984,vgg16,350,0.9150494503700808,13
8985,vgg19,350,0.9884623593775808,15
8986,resnet18,550,1.0,2
8987,densenet161,939,0.8028649279588222,7
8988,vgg16,350,0.9150494503700808,13
8989,densenet161,939,0.8028649279588222,7
8990,efficientnetb1,550,1.0,3
8991,vgg19,939,1.0,15
8992,vgg16,750,0.9989474447948092,13
8993,densenet121,750,1.0,6
8994,resnet50,939,1.0,6
8995,resnet18,550,1.0,2
8996,densenet161,750,1.0,7
8997,vgg16,550,0.9461219284703368,13
8998,vgg19,939,1.0,15
8999,efficientnetb0,939,1.0,3
9000,vgg16,350,0.9150494503700808,13
9001,efficientnetb1,550,1.0,3
9002,efficientnetb1,550,1.0,3
9003,vgg16,550,0.9461219284703368,13
9004,densenet121,939,0.4858756243316292,5
9005,resnet18,939,1.0,2
9006,efficientnetb1,750,1.0,3
9007,vgg19,350,0.9884623593775808,15
9008,densenet121,750,0.6549577219091517,5
9009,efficientnetb0,350,1.0,3
9010,resnet50,750,0.8540914514899219,6
9011,vgg16,550,0.9461219284703368,13
9012,densenet121,939,0.4858756243316292,5
9013,resnet18,939,1.0,2
9014,efficientnetb1,350,1.0,3
9015,densenet161,550,1.0,7
9016,resnet18,750,1.0,2
9017,efficientnetb1,939,1.0,3
9018,resnet50,939,1.0,6
9019,resnet50,939,1.0,6
9020,vgg19,550,1.0,15
9021,densenet161,550,0.5735576563250782,5
9022,densenet121,939,1.0,6
9023,densenet121,939,0.4858756243316292,5
9024,efficientnetb0,550,1.0,3
9025,vgg16,550,0.9461219284703368,13
9026,resnet50,750,0.8540914514899219,6
9027,resnet18,750,1.0,2
9028,vgg19,939,1.0,15
9029,vgg16,939,1.0,13
9030,densenet161,939,0.2831929044634787,5
9031,densenet121,750,0.6549577219091517,5
9032,efficientnetb0,939,1.0,3
9033,resnet50,939,1.0,6
9034,efficientnetb0,750,1.0,3
9035,densenet161,939,0.8028649279588222,7
9036,densenet161,550,1.0,7
9037,vgg19,750,0.9936879963126718,15
9038,densenet121,939,0.4858756243316292,5
9039,densenet161,750,1.0,7
9040,densenet161,350,0.9422217589427628,7
9041,resnet50,550,1.0,6
9042,vgg19,939,1.0,15
9043,densenet121,750,0.6549577219091517,5
9044,vgg19,550,1.0,15
9045,resnet18,939,1.0,2
9046,efficientnetb1,750,1.0,3
9047,vgg19,939,1.0,15
9048,densenet161,750,1.0,7
9049,efficientnetb0,350,1.0,3
9050,efficientnetb0,550,1.0,3
9051,densenet161,750,1.0,7
9052,densenet161,350,0.9422217589427628,7
9053,vgg16,939,1.0,13
9054,resnet50,939,1.0,6
9055,resnet50,550,1.0,6
9056,efficientnetb0,939,1.0,3
9057,vgg19,550,1.0,15
9058,resnet50,550,1.0,6
9059,resnet18,750,1.0,2
9060,resnet18,550,1.0,2
9061,densenet161,350,0.9422217589427628,7
9062,densenet121,750,1.0,6
9063,vgg16,350,0.9150494503700808,13
9064,vgg16,350,0.9150494503700808,13
9065,densenet161,550,1.0,7
9066,efficientnetb1,939,0.2680647929070547,6
9067,efficientnetb0,550,1.0,3
9068,vgg19,750,0.9936879963126718,15
9069,efficientnetb1,550,1.0,3
9070,resnet50,939,1.0,6
9071,vgg16,350,0.9150494503700808,13
9072,resnet50,750,0.8540914514899219,6
9073,efficientnetb1,939,1.0,3
9074,efficientnetb0,550,1.0,3
9075,vgg16,550,0.9461219284703368,13
9076,efficientnetb0,750,1.0,3
9077,resnet18,750,1.0,2
9078,vgg16,750,0.9989474447948092,13
9079,efficientnetb1,550,1.0,3
9080,densenet161,350,0.9422217589427628,7
9081,vgg16,350,0.9150494503700808,13
9082,vgg16,350,0.9150494503700808,13
9083,densenet161,350,0.9422217589427628,7
9084,densenet161,350,0.9422217589427628,7
9085,vgg16,939,1.0,13
9086,efficientnetb1,350,1.0,3
9087,vgg19,350,0.9884623593775808,15
9088,resnet18,350,0.9463184463728672,2
9089,efficientnetb0,550,1.0,3
9090,efficientnetb1,350,1.0,3
9091,resnet50,750,0.8540914514899219,6
9092,vgg16,350,0.9150494503700808,13
9093,resnet18,939,1.0,2
9094,vgg19,750,0.9936879963126718,15
9095,efficientnetb1,750,1.0,3
9096,densenet121,550,0.6262433485833546,5
9097,efficientnetb0,550,1.0,3
9098,efficientnetb0,350,1.0,3
9099,densenet121,750,1.0,6
9100,densenet121,350,0.6263678162488967,5
9101,efficientnetb1,939,1.0,3
9102,densenet161,750,1.0,7
9103,resnet50,350,0.8169515861153699,7
9104,densenet161,350,0.9422217589427628,7
9105,vgg16,350,0.9150494503700808,13
9106,vgg16,350,0.9150494503700808,13
9107,vgg16,750,0.9989474447948092,13
9108,densenet161,939,0.0018556587877228,3
9109,resnet50,939,1.0,6
9110,resnet18,550,1.0,2
9111,resnet50,750,0.8540914514899219,6
9112,vgg16,750,0.9989474447948092,13
9113,resnet50,350,1.0,6
9114,densenet161,750,1.0,7
9115,resnet50,550,1.0,6
9116,efficientnetb1,939,1.0,3
9117,densenet121,350,0.6263678162488967,5
9118,resnet50,750,0.8540914514899219,6
9119,resnet18,350,0.9463184463728672,2
9120,densenet121,350,1.0,6
9121,resnet18,750,1.0,2
9122,resnet50,350,1.0,6
9123,resnet50,550,1.0,6
9124,resnet18,350,0.9463184463728672,2
9125,efficientnetb1,939,1.0,3
9126,resnet50,750,0.692684175445151,7
9127,resnet18,750,1.0,2
9128,vgg19,750,0.9936879963126718,15
9129,vgg19,750,0.9936879963126718,15
9130,resnet50,550,1.0,6
9131,efficientnetb0,550,1.0,3
9132,efficientnetb0,750,1.0,3
9133,resnet18,350,0.9463184463728672,2
9134,vgg16,939,1.0,13
9135,densenet161,939,0.8028649279588222,7
9136,densenet161,350,0.0606109279047736,12
9137,densenet161,750,1.0,7
9138,efficientnetb0,939,1.0,3
9139,vgg16,550,0.9461219284703368,13
9140,vgg19,939,1.0,15
9141,densenet121,550,0.6262433485833546,5
9142,resnet18,750,1.0,2
9143,densenet121,750,0.6549577219091517,5
9144,densenet121,750,1.0,6
9145,efficientnetb0,350,0.7221681243288518,4
9146,resnet18,350,0.9463184463728672,2
9147,densenet121,750,1.0,6
9148,densenet161,939,0.8028649279588222,7
9149,efficientnetb1,750,0.3094983907889674,6
9150,vgg19,750,0.9936879963126718,15
9151,efficientnetb0,550,1.0,3
9152,vgg16,939,1.0,13
9153,resnet50,750,0.8540914514899219,6
9154,efficientnetb0,350,0.7221681243288518,4
9155,vgg16,939,1.0,13
9156,densenet161,939,0.8028649279588222,7
9157,resnet18,939,1.0,2
9158,efficientnetb1,939,1.0,3
9159,resnet50,939,1.0,6
9160,densenet161,550,1.0,7
9161,densenet121,550,1.0,6
9162,vgg16,939,1.0,13
9163,efficientnetb0,550,1.0,3
9164,resnet50,750,0.8540914514899219,6
9165,resnet50,550,1.0,6
9166,resnet50,750,0.8540914514899219,6
9167,densenet161,550,1.0,7
9168,resnet18,750,1.0,2
9169,resnet18,350,0.9463184463728672,2
9170,efficientnetb1,939,1.0,3
9171,densenet121,939,0.4858756243316292,5
9172,resnet18,350,0.9463184463728672,2
9173,efficientnetb1,550,0.5223117533457641,5
9174,resnet50,939,1.0,6
9175,vgg19,939,1.0,15
9176,densenet121,750,0.6549577219091517,5
9177,efficientnetb0,939,1.0,3
9178,densenet121,350,1.0,6
9179,efficientnetb1,350,1.0,3
9180,resnet50,750,0.8540914514899219,6
9181,resnet18,350,0.9463184463728672,2
9182,densenet121,350,0.6263678162488967,5
9183,efficientnetb0,939,1.0,3
9184,resnet50,550,1.0,6
9185,densenet121,750,1.0,6
9186,densenet121,550,0.6262433485833546,5
9187,vgg19,750,0.9936879963126718,15
9188,vgg19,750,0.9936879963126718,15
9189,efficientnetb1,350,1.0,3
9190,efficientnetb0,350,1.0,3
9191,resnet50,350,1.0,6
9192,densenet121,550,1.0,6
9193,vgg19,550,0.7412152580816892,11
9194,densenet121,750,0.6549577219091517,5
9195,vgg19,750,0.9936879963126718,15
9196,resnet18,550,1.0,2
9197,densenet121,350,1.0,6
9198,densenet121,350,1.0,6
9199,densenet161,939,0.2831929044634787,5
9200,resnet50,939,0.8017819857800019,7
9201,resnet50,550,1.0,6
9202,resnet18,350,0.9463184463728672,2
9203,vgg16,550,0.9599292331742392,11
9204,resnet18,750,1.0,2
9205,efficientnetb0,350,1.0,3
9206,efficientnetb0,750,1.0,3
9207,efficientnetb0,750,1.0,3
9208,vgg16,750,0.9989474447948092,13
9209,efficientnetb0,939,1.0,3
9210,vgg16,939,1.0,13
9211,densenet121,350,0.6263678162488967,5
9212,vgg16,550,0.9461219284703368,13
9213,vgg19,350,0.9884623593775808,15
9214,densenet161,939,0.8028649279588222,7
9215,resnet50,939,1.0,6
9216,densenet121,350,0.6263678162488967,5
9217,resnet18,750,1.0,2
9218,densenet161,350,0.9422217589427628,7
9219,resnet18,750,1.0,2
9220,vgg19,550,1.0,15
9221,densenet161,750,1.0,7
9222,vgg19,350,0.9884623593775808,15
9223,resnet18,550,1.0,2
9224,efficientnetb1,550,1.0,3
9225,vgg16,750,0.9989474447948092,13
9226,vgg19,939,1.0,15
9227,efficientnetb1,350,1.0,3
9228,vgg19,550,1.0,15
9229,densenet161,350,0.9422217589427628,7
9230,vgg19,939,1.0,15
9231,resnet50,550,1.0,6
9232,efficientnetb1,350,0.7181138626700144,4
9233,efficientnetb0,939,1.0,3
9234,densenet121,350,1.0,6
9235,vgg19,550,1.0,15
9236,vgg16,350,0.9150494503700808,13
9237,resnet18,350,0.9463184463728672,2
9238,densenet121,939,1.0,6
9239,vgg19,550,1.0,15
9240,efficientnetb0,939,1.0,3
9241,densenet161,350,0.9422217589427628,7
9242,vgg19,939,1.0,15
9243,efficientnetb1,750,1.0,3
9244,resnet18,350,0.9463184463728672,2
9245,efficientnetb1,350,1.0,3
9246,vgg16,750,0.9989474447948092,13
9247,vgg16,350,0.9150494503700808,13
9248,vgg16,550,0.9599292331742392,11
9249,resnet18,350,0.9463184463728672,2
9250,efficientnetb0,550,1.0,3
9251,resnet50,939,1.0,6
9252,vgg16,939,1.0,13
9253,efficientnetb1,350,1.0,3
9254,vgg19,350,0.9884623593775808,15
9255,efficientnetb1,750,1.0,3
9256,resnet18,550,1.0,2
9257,vgg19,750,0.9936879963126718,15
9258,efficientnetb0,750,1.0,3
9259,resnet18,550,1.0,2
9260,efficientnetb0,750,1.0,3
9261,resnet50,550,1.0,6
9262,vgg19,939,1.0,15
9263,densenet121,750,1.0,6
9264,vgg19,550,1.0,15
9265,resnet18,550,0.9649971314956884,3
9266,resnet50,750,0.8540914514899219,6
9267,efficientnetb0,350,1.0,3
9268,resnet18,550,1.0,2
9269,efficientnetb0,550,1.0,3
9270,densenet161,550,0.084152532251803,12
9271,densenet161,750,1.0,7
9272,densenet161,939,0.8028649279588222,7
9273,efficientnetb0,350,0.7221681243288518,4
9274,vgg19,750,0.9936879963126718,15
9275,densenet161,350,0.9422217589427628,7
9276,densenet161,750,1.0,7
9277,resnet18,750,1.0,2
9278,efficientnetb1,550,1.0,3
9279,efficientnetb1,939,1.0,3
9280,resnet50,939,1.0,6
9281,efficientnetb0,350,1.0,3
9282,resnet50,350,1.0,6
9283,densenet161,939,0.8028649279588222,7
9284,vgg19,350,0.9884623593775808,15
9285,vgg16,350,0.968053827189964,11
9286,resnet50,550,0.8215124558966982,7
9287,densenet161,939,0.8028649279588222,7
9288,efficientnetb0,939,1.0,3
9289,vgg16,750,0.8760175184574507,11
9290,resnet50,939,1.0,6
9291,densenet121,350,1.0,6
9292,efficientnetb0,750,1.0,3
9293,densenet161,550,1.0,7
9294,efficientnetb0,350,1.0,3
9295,vgg19,350,0.9884623593775808,15
9296,efficientnetb0,750,1.0,3
9297,densenet161,939,0.2831929044634787,5
9298,densenet161,550,1.0,7
9299,densenet161,550,1.0,7
9300,efficientnetb0,750,1.0,3
9301,resnet18,750,1.0,2
9302,densenet121,550,0.6262433485833546,5
9303,efficientnetb0,750,1.0,3
9304,efficientnetb0,750,1.0,3
9305,efficientnetb1,750,1.0,3
9306,resnet50,939,1.0,6
9307,vgg16,939,1.0,13
9308,densenet161,350,0.0606109279047736,12
9309,efficientnetb0,550,0.0,1
9310,resnet18,350,0.9463184463728672,2
9311,efficientnetb0,350,1.0,3
9312,vgg16,550,0.9461219284703368,13
9313,efficientnetb0,550,1.0,3
9314,resnet50,939,1.0,6
9315,densenet121,550,1.0,6
9316,vgg19,550,1.0,15
9317,densenet161,350,0.9422217589427628,7
9318,resnet18,750,1.0,2
9319,densenet121,350,0.6263678162488967,5
9320,vgg16,350,0.968053827189964,11
9321,efficientnetb1,939,1.0,3
9322,vgg19,550,1.0,15
9323,resnet50,550,1.0,6
9324,densenet161,550,0.5735576563250782,5
9325,resnet50,750,0.8540914514899219,6
9326,efficientnetb0,550,1.0,3
9327,vgg19,939,1.0,15
9328,efficientnetb0,750,1.0,3
9329,efficientnetb1,750,1.0,3
9330,resnet18,939,1.0,2
9331,efficientnetb1,550,1.0,3
9332,densenet121,350,0.6263678162488967,5
9333,resnet50,550,1.0,6
9334,densenet161,550,1.0,7
9335,densenet161,939,0.8028649279588222,7
9336,efficientnetb0,939,1.0,3
9337,efficientnetb1,750,1.0,3
9338,resnet18,550,1.0,2
9339,efficientnetb1,750,1.0,3
9340,resnet18,750,1.0,2
9341,densenet121,939,0.4858756243316292,5
9342,vgg16,939,1.0,13
9343,vgg16,550,0.9599292331742392,11
9344,efficientnetb0,939,1.0,3
9345,densenet161,750,1.0,7
9346,vgg19,750,0.9936879963126718,15
9347,efficientnetb1,939,1.0,3
9348,vgg19,550,1.0,15
9349,efficientnetb0,350,1.0,3
9350,efficientnetb1,550,1.0,3
9351,densenet121,350,0.6263678162488967,5
9352,vgg19,750,0.9936879963126718,15
9353,densenet121,350,1.0,6
9354,vgg19,350,0.9884623593775808,15
9355,efficientnetb0,550,1.0,3
9356,vgg19,939,1.0,15
9357,resnet50,350,1.0,6
9358,densenet121,939,1.0,6
9359,efficientnetb0,750,1.0,3
9360,resnet50,750,0.8540914514899219,6
9361,resnet50,939,1.0,6
9362,efficientnetb1,939,1.0,3
9363,vgg19,939,1.0,15
9364,densenet161,939,0.8028649279588222,7
9365,densenet161,939,0.8028649279588222,7
9366,vgg16,750,0.8760175184574507,11
9367,vgg16,750,0.9989474447948092,13
9368,vgg16,939,1.0,13
9369,densenet121,750,1.0,6
9370,resnet18,350,0.9463184463728672,2
9371,densenet161,939,0.2831929044634787,5
9372,densenet161,750,1.0,7
9373,vgg19,939,1.0,15
9374,densenet121,939,1.0,6
9375,densenet121,550,1.0,6
9376,densenet121,550,0.6262433485833546,5
9377,vgg16,550,0.9599292331742392,11
9378,vgg19,350,0.9884623593775808,15
9379,densenet161,550,1.0,7
9380,resnet50,750,0.8540914514899219,6
9381,resnet18,939,1.0,2
9382,vgg16,550,0.9599292331742392,11
9383,efficientnetb0,550,1.0,3
9384,densenet121,550,1.0,6
9385,densenet161,350,0.9422217589427628,7
9386,efficientnetb0,939,1.0,3
9387,densenet161,939,0.8028649279588222,7
9388,densenet121,750,1.0,6
9389,vgg19,350,0.9884623593775808,15
9390,vgg16,750,0.9989474447948092,13
9391,efficientnetb1,939,1.0,3
9392,densenet161,939,0.8028649279588222,7
9393,vgg19,939,1.0,15
9394,efficientnetb0,550,1.0,3
9395,vgg19,750,0.9936879963126718,15
9396,efficientnetb1,350,1.0,3
9397,densenet161,350,0.9422217589427628,7
9398,resnet50,350,1.0,6
9399,densenet121,750,1.0,6
9400,vgg16,750,0.8760175184574507,11
9401,resnet18,939,1.0,2
9402,densenet121,939,1.0,6
9403,densenet161,550,1.0,7
9404,efficientnetb1,350,0.7181138626700144,4
9405,resnet18,350,0.9463184463728672,2
9406,densenet121,750,0.6549577219091517,5
9407,efficientnetb1,939,1.0,3
9408,densenet161,750,1.0,7
9409,vgg19,750,0.9936879963126718,15
9410,resnet18,939,1.0,2
9411,efficientnetb1,350,1.0,3
9412,resnet50,750,0.8540914514899219,6
9413,resnet50,550,1.0,6
9414,vgg19,939,1.0,15
9415,efficientnetb0,550,1.0,3
9416,efficientnetb1,939,1.0,3
9417,densenet161,350,0.9422217589427628,7
9418,resnet50,750,0.8540914514899219,6
9419,densenet161,350,0.9422217589427628,7
9420,efficientnetb1,350,1.0,3
9421,vgg19,750,0.9936879963126718,15
9422,resnet50,939,1.0,6
9423,vgg16,550,0.9599292331742392,11
9424,resnet50,350,1.0,6
9425,efficientnetb1,750,1.0,3
9426,resnet50,350,1.0,6
9427,efficientnetb0,939,1.0,3
9428,vgg19,750,0.9936879963126718,15
9429,densenet121,750,0.6549577219091517,5
9430,densenet161,939,0.8028649279588222,7
9431,vgg16,350,0.9150494503700808,13
9432,vgg19,939,1.0,15
9433,resnet50,939,1.0,6
9434,efficientnetb0,550,1.0,3
9435,resnet50,750,0.8540914514899219,6
9436,resnet18,350,0.9463184463728672,2
9437,resnet18,550,1.0,2
9438,resnet18,350,0.9463184463728672,2
9439,vgg16,550,0.9461219284703368,13
9440,vgg19,350,0.9884623593775808,15
9441,efficientnetb1,550,1.0,3
9442,resnet50,550,1.0,6
9443,resnet50,350,1.0,6
9444,resnet18,939,1.0,2
9445,densenet161,350,0.9422217589427628,7
9446,resnet18,550,1.0,2
9447,efficientnetb0,750,0.0,1
9448,efficientnetb0,750,1.0,3
9449,densenet121,939,0.4858756243316292,5
9450,densenet121,350,1.0,6
9451,efficientnetb1,939,1.0,3
9452,efficientnetb1,939,1.0,3
9453,efficientnetb1,350,1.0,3
9454,efficientnetb0,350,1.0,3
9455,resnet18,939,1.0,2
9456,vgg16,550,0.9461219284703368,13
9457,vgg19,550,1.0,15
9458,efficientnetb0,350,1.0,3
9459,vgg16,750,0.8760175184574507,11
9460,resnet50,939,1.0,6
9461,efficientnetb0,750,1.0,3
9462,densenet121,550,0.6262433485833546,5
9463,resnet50,939,1.0,6
9464,vgg19,939,1.0,15
9465,resnet18,550,1.0,2
9466,densenet161,750,1.0,7
9467,densenet161,550,1.0,7
9468,resnet18,939,1.0,2
9469,resnet18,939,1.0,2
9470,vgg16,350,0.9150494503700808,13
9471,vgg19,939,1.0,15
9472,vgg19,939,1.0,15
9473,densenet121,350,0.6263678162488967,5
9474,resnet18,750,1.0,2
9475,densenet161,350,0.9422217589427628,7
9476,vgg16,350,0.9150494503700808,13
9477,efficientnetb1,550,1.0,3
9478,efficientnetb0,550,1.0,3
9479,efficientnetb1,939,1.0,3
9480,vgg19,750,0.9936879963126718,15
9481,efficientnetb1,550,1.0,3
9482,resnet50,350,1.0,6
9483,resnet18,550,1.0,2
9484,densenet121,939,0.4858756243316292,5
9485,efficientnetb1,350,1.0,3
9486,densenet161,750,1.0,7
9487,vgg16,350,0.9150494503700808,13
9488,resnet18,750,1.0,2
9489,densenet161,939,0.8028649279588222,7
9490,efficientnetb0,350,1.0,3
9491,vgg16,350,0.9150494503700808,13
9492,vgg16,550,0.9461219284703368,13
9493,vgg19,750,0.9936879963126718,15
9494,resnet50,550,1.0,6
9495,efficientnetb0,939,1.0,3
9496,efficientnetb0,350,1.0,3
9497,vgg16,939,1.0,13
9498,efficientnetb0,550,1.0,3
9499,resnet50,550,1.0,6
9500,efficientnetb1,750,1.0,3
9501,resnet50,750,0.8540914514899219,6
9502,resnet50,939,0.8017819857800019,7
9503,vgg16,550,0.9461219284703368,13
9504,resnet50,939,1.0,6
9505,efficientnetb0,750,1.0,3
9506,vgg16,550,0.9461219284703368,13
9507,densenet161,939,0.2831929044634787,5
9508,efficientnetb1,750,0.1568217242640732,7
9509,vgg16,750,0.9989474447948092,13
9510,resnet50,939,1.0,6
9511,resnet50,750,0.8540914514899219,6
9512,vgg19,939,1.0,15
9513,efficientnetb1,550,1.0,3
9514,densenet161,939,0.8028649279588222,7
9515,resnet50,550,1.0,6
9516,efficientnetb0,350,1.0,3
9517,vgg19,939,1.0,15
9518,resnet18,750,1.0,2
9519,vgg16,939,1.0,13
9520,densenet161,939,0.8028649279588222,7
9521,efficientnetb0,550,1.0,3
9522,densenet121,350,0.6263678162488967,5
9523,vgg16,750,0.9989474447948092,13
9524,densenet121,939,1.0,6
9525,efficientnetb1,550,1.0,3
9526,densenet161,750,1.0,7
9527,efficientnetb0,350,1.0,3
9528,efficientnetb0,550,1.0,3
9529,vgg19,350,0.9884623593775808,15
9530,vgg16,939,1.0,13
9531,densenet161,350,0.9422217589427628,7
9532,vgg19,750,0.9936879963126718,15
9533,vgg16,550,0.9461219284703368,13
9534,efficientnetb1,750,1.0,3
9535,vgg19,939,0.9938700985656802,16
9536,densenet161,750,1.0,7
9537,vgg19,939,1.0,15
9538,efficientnetb0,350,1.0,3
9539,efficientnetb0,750,1.0,3
9540,vgg16,750,0.9989474447948092,13
9541,efficientnetb1,350,1.0,3
9542,efficientnetb1,939,1.0,3
9543,vgg19,939,1.0,15
9544,vgg19,750,0.9936879963126718,15
9545,vgg16,350,0.968053827189964,11
9546,densenet161,939,0.8028649279588222,7
9547,efficientnetb1,350,1.0,3
9548,densenet161,550,1.0,7
9549,densenet161,350,0.9422217589427628,7
9550,efficientnetb0,750,1.0,3
9551,resnet18,550,1.0,2
9552,efficientnetb1,750,1.0,3
9553,efficientnetb0,750,1.0,3
9554,resnet50,750,0.8540914514899219,6
9555,densenet161,750,1.0,7
9556,densenet161,939,0.8028649279588222,7
9557,efficientnetb1,550,1.0,3
9558,efficientnetb0,350,1.0,3
9559,efficientnetb1,550,1.0,3
9560,efficientnetb0,550,1.0,3
9561,vgg19,550,1.0,15
9562,resnet50,939,1.0,6
9563,densenet121,939,1.0,6
9564,densenet161,550,1.0,7
9565,densenet121,750,0.6549577219091517,5
9566,resnet18,350,0.9463184463728672,2
9567,vgg19,750,0.9936879963126718,15
9568,efficientnetb0,350,1.0,3
9569,resnet50,550,1.0,6
9570,resnet50,550,1.0,6
9571,efficientnetb0,939,1.0,3
9572,vgg16,350,0.9150494503700808,13
9573,efficientnetb0,350,1.0,3
9574,resnet18,750,1.0,2
9575,densenet161,750,1.0,7
9576,densenet161,550,1.0,7
9577,densenet161,939,0.8028649279588222,7
9578,resnet18,939,1.0,2
9579,resnet18,550,1.0,2
9580,densenet121,939,1.0,6
9581,resnet18,750,1.0,2
9582,densenet121,550,1.0,6
9583,efficientnetb0,939,1.0,3
9584,densenet161,350,0.9422217589427628,7
9585,densenet121,350,1.0,6
9586,densenet161,939,0.8028649279588222,7
9587,efficientnetb1,750,1.0,3
9588,vgg16,550,0.9461219284703368,13
9589,vgg19,750,0.9936879963126718,15
9590,efficientnetb1,750,1.0,3
9591,resnet18,939,1.0,2
9592,densenet121,550,1.0,6
9593,efficientnetb0,550,1.0,3
9594,resnet50,350,1.0,6
9595,resnet18,939,1.0,2
9596,vgg16,939,1.0,13
9597,resnet18,939,1.0,2
9598,densenet161,750,1.0,7
9599,densenet161,550,1.0,7
9600,efficientnetb1,750,1.0,3
9601,efficientnetb1,550,1.0,3
9602,vgg16,750,0.9989474447948092,13
9603,vgg19,939,1.0,15
9604,efficientnetb0,550,1.0,3
9605,resnet50,550,1.0,6
9606,resnet18,550,1.0,2
9607,resnet18,350,0.9463184463728672,2
9608,densenet121,350,1.0,6
9609,efficientnetb1,350,1.0,3
9610,efficientnetb0,939,1.0,3
9611,resnet18,350,0.9463184463728672,2
9612,efficientnetb1,550,0.5223117533457641,5
9613,resnet50,750,0.8540914514899219,6
9614,resnet18,939,1.0,2
9615,efficientnetb1,550,1.0,3
9616,efficientnetb1,350,1.0,3
9617,resnet18,550,1.0,2
9618,vgg16,350,0.9150494503700808,13
9619,densenet121,750,1.0,6
9620,vgg16,350,0.9150494503700808,13
9621,resnet50,550,1.0,6
9622,densenet161,550,1.0,7
9623,densenet161,550,1.0,7
9624,efficientnetb0,750,1.0,3
9625,densenet121,350,0.6263678162488967,5
9626,densenet121,550,0.6262433485833546,5
9627,resnet18,750,1.0,2
9628,resnet50,750,0.8540914514899219,6
9629,resnet18,939,1.0,2
9630,resnet50,350,1.0,6
9631,densenet121,939,1.0,6
9632,resnet18,550,1.0,2
9633,resnet50,550,1.0,6
9634,resnet18,750,0.9425112246169725,3
9635,efficientnetb0,750,1.0,3
9636,efficientnetb0,939,1.0,3
9637,densenet121,750,1.0,6
9638,efficientnetb0,550,1.0,3
9639,densenet161,939,0.8028649279588222,7
9640,resnet50,350,1.0,6
9641,densenet121,350,1.0,6
9642,vgg16,750,0.9989474447948092,13
9643,resnet18,550,1.0,2
9644,efficientnetb0,939,0.6801221238861833,4
9645,densenet121,939,0.4858756243316292,5
9646,densenet121,550,1.0,6
9647,vgg16,750,0.9989474447948092,13
9648,vgg19,750,0.9936879963126718,15
9649,efficientnetb1,350,0.5010852886204035,5
9650,vgg16,750,0.9989474447948092,13
9651,densenet121,750,1.0,6
9652,efficientnetb1,750,1.0,3
9653,vgg19,939,1.0,15
9654,efficientnetb0,350,1.0,3
9655,resnet50,550,1.0,6
9656,resnet18,350,0.9463184463728672,2
9657,resnet50,350,1.0,6
9658,efficientnetb0,350,1.0,3
9659,densenet121,350,1.0,6
9660,vgg19,939,1.0,15
9661,efficientnetb1,939,1.0,3
9662,densenet121,939,1.0,6
9663,efficientnetb0,350,1.0,3
9664,resnet18,550,1.0,2
9665,resnet18,550,1.0,2
9666,vgg16,750,0.9989474447948092,13
9667,vgg16,750,0.9989474447948092,13
9668,vgg16,939,1.0,13
9669,resnet18,750,1.0,2
9670,densenet161,750,1.0,7
9671,resnet18,550,1.0,2
9672,vgg19,350,0.9884623593775808,15
9673,vgg16,939,1.0,13
9674,vgg19,550,1.0,15
9675,densenet161,350,0.9422217589427628,7
9676,vgg16,750,0.6199568106045172,9
9677,resnet50,750,0.8540914514899219,6
9678,resnet18,939,1.0,2
9679,vgg16,350,0.9150494503700808,13
9680,densenet121,350,0.6263678162488967,5
9681,vgg16,550,0.9461219284703368,13
9682,efficientnetb0,750,1.0,3
9683,densenet161,750,1.0,7
9684,efficientnetb1,750,1.0,3
9685,densenet161,939,0.8028649279588222,7
9686,vgg16,550,0.9461219284703368,13
9687,efficientnetb1,939,0.7039994792384792,4
9688,densenet121,350,0.6263678162488967,5
9689,resnet50,939,1.0,6
9690,densenet161,939,0.2831929044634787,5
9691,vgg16,550,0.9461219284703368,13
9692,resnet18,939,1.0,2
9693,resnet50,350,1.0,6
9694,efficientnetb1,939,0.0961268279883589,7
9695,resnet50,939,1.0,6
9696,efficientnetb1,350,1.0,3
9697,vgg19,550,1.0,15
9698,densenet161,750,0.5067219862360387,5
9699,densenet121,750,1.0,6
9700,vgg19,350,0.9884623593775808,15
9701,vgg19,939,1.0,15
9702,densenet121,550,1.0,6
9703,efficientnetb1,350,1.0,3
9704,efficientnetb1,939,1.0,3
9705,efficientnetb1,350,1.0,3
9706,densenet161,350,0.9422217589427628,7
9707,vgg16,550,0.9599292331742392,11
9708,densenet121,350,0.6263678162488967,5
9709,efficientnetb1,750,1.0,3
9710,vgg16,939,1.0,13
9711,vgg16,550,0.9461219284703368,13
9712,vgg19,550,1.0,15
9713,densenet161,750,1.0,7
9714,vgg19,750,0.9936879963126718,15
9715,resnet50,550,1.0,6
9716,efficientnetb1,750,1.0,3
9717,resnet50,939,1.0,6
9718,vgg16,350,0.9150494503700808,13
9719,vgg19,939,1.0,15
9720,vgg16,750,0.8760175184574507,11
9721,resnet18,550,1.0,2
9722,vgg16,350,0.968053827189964,11
9723,densenet161,550,1.0,7
9724,vgg19,550,1.0,15
9725,efficientnetb1,550,1.0,3
9726,efficientnetb1,550,1.0,3
9727,densenet161,750,1.0,7
9728,vgg16,550,0.9461219284703368,13
9729,efficientnetb0,550,1.0,3
9730,vgg19,750,0.9936879963126718,15
9731,vgg16,350,0.9150494503700808,13
9732,resnet50,939,1.0,6
9733,vgg19,350,0.9884623593775808,15
9734,vgg19,550,1.0,15
9735,efficientnetb1,939,1.0,3
9736,vgg19,350,0.9884623593775808,15
9737,vgg19,550,1.0,15
9738,efficientnetb0,750,1.0,3
9739,resnet18,550,1.0,2
9740,vgg16,550,0.9461219284703368,13
9741,resnet50,350,1.0,6
9742,resnet18,939,1.0,2
9743,resnet18,350,0.9463184463728672,2
9744,densenet121,939,0.4858756243316292,5
9745,resnet50,939,1.0,6
9746,resnet18,350,0.9463184463728672,2
9747,efficientnetb1,750,1.0,3
9748,vgg16,350,0.9150494503700808,13
9749,densenet161,550,1.0,7
9750,efficientnetb0,750,1.0,3
9751,vgg16,350,0.9150494503700808,13
9752,densenet161,939,0.2831929044634787,5
9753,vgg16,350,0.9150494503700808,13
9754,resnet18,550,1.0,2
9755,densenet121,939,0.4858756243316292,5
9756,efficientnetb1,550,1.0,3
9757,efficientnetb1,550,1.0,3
9758,densenet121,750,0.0357436179754728,3
9759,vgg16,550,0.9461219284703368,13
9760,resnet18,350,0.9463184463728672,2
9761,resnet18,350,0.9463184463728672,2
9762,resnet18,939,1.0,2
9763,vgg16,939,1.0,13
9764,densenet161,350,0.9422217589427628,7
9765,densenet161,939,0.8028649279588222,7
9766,vgg16,939,0.5519575390300896,9
9767,densenet121,939,0.4858756243316292,5
9768,vgg19,939,1.0,15
9769,efficientnetb1,550,0.5223117533457641,5
9770,resnet50,750,0.5189759550817877,8
9771,efficientnetb1,750,1.0,3
9772,efficientnetb0,550,1.0,3
9773,vgg16,750,0.9989474447948092,13
9774,densenet161,550,1.0,7
9775,efficientnetb0,939,1.0,3
9776,densenet121,939,1.0,6
9777,resnet50,550,1.0,6
9778,resnet18,350,0.9463184463728672,2
9779,efficientnetb1,350,1.0,3
9780,densenet121,350,1.0,6
9781,resnet50,550,1.0,6
9782,densenet121,939,0.4858756243316292,5
9783,efficientnetb1,750,1.0,3
9784,resnet18,750,0.9425112246169725,3
9785,efficientnetb0,939,1.0,3
9786,densenet161,350,0.9422217589427628,7
9787,densenet161,550,1.0,7
9788,efficientnetb1,939,0.7039994792384792,4
9789,resnet50,550,1.0,6
9790,vgg16,750,0.8760175184574507,11
9791,vgg16,939,1.0,13
9792,densenet161,939,0.8028649279588222,7
9793,densenet121,550,1.0,6
9794,efficientnetb1,939,1.0,3
9795,efficientnetb0,750,1.0,3
9796,densenet161,350,0.9422217589427628,7
9797,resnet50,750,0.8540914514899219,6
9798,vgg19,750,0.9936879963126718,15
9799,densenet121,350,1.0,6
9800,efficientnetb1,750,0.5409660759543289,5
9801,efficientnetb0,550,1.0,3
9802,vgg19,939,1.0,15
9803,efficientnetb0,350,1.0,3
9804,densenet121,350,1.0,6
9805,resnet18,350,0.9463184463728672,2
9806,efficientnetb1,350,0.1057479814087846,8
9807,efficientnetb1,750,1.0,3
9808,resnet18,550,1.0,2
9809,efficientnetb1,750,1.0,3
9810,densenet121,750,0.6549577219091517,5
9811,densenet121,550,1.0,6
9812,resnet50,350,1.0,6
9813,resnet50,750,0.8540914514899219,6
9814,resnet18,350,0.9463184463728672,2
9815,densenet121,550,1.0,6
9816,efficientnetb1,350,1.0,3
9817,vgg16,350,0.9150494503700808,13
9818,resnet50,939,1.0,6
9819,efficientnetb1,350,1.0,3
9820,efficientnetb0,550,1.0,3
9821,densenet161,750,1.0,7
9822,densenet161,550,1.0,7
9823,resnet18,750,1.0,2
9824,efficientnetb1,550,1.0,3
9825,vgg19,350,0.9884623593775808,15
9826,densenet161,350,0.9422217589427628,7
9827,densenet121,350,1.0,6
9828,vgg16,939,1.0,13
9829,resnet50,350,1.0,6
9830,efficientnetb1,550,0.6878389778024664,4
9831,resnet50,750,0.692684175445151,7
9832,vgg16,550,0.9461219284703368,13
9833,vgg19,550,1.0,15
9834,vgg16,939,1.0,13
9835,vgg16,550,0.9461219284703368,13
9836,efficientnetb0,750,1.0,3
9837,vgg16,750,0.9989474447948092,13
9838,efficientnetb1,939,1.0,3
9839,efficientnetb0,350,1.0,3
9840,densenet121,550,1.0,6
9841,efficientnetb0,350,1.0,3
9842,vgg16,350,0.9150494503700808,13
9843,efficientnetb1,750,1.0,3
9844,densenet161,550,1.0,7
9845,densenet161,750,1.0,7
9846,resnet18,750,1.0,2
9847,densenet161,750,1.0,7
9848,resnet50,750,0.8540914514899219,6
9849,vgg19,550,1.0,15
9850,efficientnetb1,350,0.7181138626700144,4
9851,vgg16,939,1.0,13
9852,efficientnetb0,350,1.0,3
9853,resnet18,350,0.9463184463728672,2
9854,efficientnetb0,350,1.0,3
9855,efficientnetb1,550,1.0,3
9856,densenet161,550,1.0,7
9857,resnet18,750,1.0,2
9858,vgg16,550,0.9461219284703368,13
9859,vgg16,550,0.9461219284703368,13
9860,efficientnetb1,550,1.0,3
9861,vgg16,550,0.9461219284703368,13
9862,densenet121,350,1.0,6
9863,vgg16,550,0.9461219284703368,13
9864,resnet50,750,0.8540914514899219,6
9865,resnet18,550,1.0,2
9866,resnet18,350,0.9463184463728672,2
9867,densenet121,550,1.0,6
9868,efficientnetb0,550,1.0,3
9869,resnet50,350,1.0,6
9870,vgg16,750,0.9989474447948092,13
9871,vgg19,550,1.0,15
9872,resnet18,939,1.0,2
9873,vgg16,550,0.9461219284703368,13
9874,densenet121,550,1.0,6
9875,vgg16,550,0.9461219284703368,13
9876,resnet18,750,1.0,2
9877,densenet161,939,0.8028649279588222,7
9878,resnet18,939,1.0,2
9879,resnet50,750,0.8540914514899219,6
9880,resnet18,750,1.0,2
9881,efficientnetb1,750,1.0,3
9882,efficientnetb0,939,1.0,3
9883,efficientnetb0,939,1.0,3
9884,efficientnetb0,350,1.0,3
9885,vgg16,750,0.9989474447948092,13
9886,efficientnetb1,939,1.0,3
9887,efficientnetb0,939,1.0,3
9888,resnet50,550,1.0,6
9889,resnet50,550,1.0,6
9890,efficientnetb0,750,1.0,3
9891,vgg16,350,0.9150494503700808,13
9892,vgg16,750,0.9989474447948092,13
9893,vgg16,350,0.9150494503700808,13
9894,vgg16,750,0.9989474447948092,13
9895,resnet18,939,1.0,2
9896,vgg19,350,0.9884623593775808,15
9897,resnet18,350,0.9463184463728672,2
9898,resnet18,750,1.0,2
9899,vgg16,550,0.9461219284703368,13
9900,densenet121,550,1.0,6
9901,densenet161,939,0.8028649279588222,7
9902,resnet50,939,1.0,6
9903,efficientnetb0,350,1.0,3
9904,densenet121,550,0.1060769323517231,10
9905,densenet121,750,1.0,6
9906,resnet18,350,0.9463184463728672,2
9907,resnet18,550,1.0,2
9908,densenet121,939,1.0,6
9909,densenet121,550,0.6262433485833546,5
9910,resnet50,750,0.8540914514899219,6
9911,vgg19,750,0.9636492577949504,13
9912,densenet121,939,1.0,6
9913,vgg19,750,0.9936879963126718,15
9914,vgg19,939,1.0,15
9915,resnet18,550,1.0,2
9916,resnet18,350,0.9463184463728672,2
9917,resnet18,550,1.0,2
9918,vgg16,350,0.9150494503700808,13
9919,densenet161,750,1.0,7
9920,efficientnetb1,350,0.3137835430767212,6
9921,resnet50,939,1.0,6
9922,resnet18,350,0.9463184463728672,2
9923,efficientnetb1,350,1.0,3
9924,efficientnetb0,750,1.0,3
9925,efficientnetb1,550,1.0,3
9926,vgg16,750,0.9989474447948092,13
9927,densenet121,750,1.0,6
9928,vgg16,550,0.9461219284703368,13
9929,vgg19,550,1.0,15
9930,vgg16,550,0.9461219284703368,13
9931,resnet18,550,1.0,2
9932,densenet161,350,0.9422217589427628,7
9933,resnet18,750,1.0,2
9934,densenet161,939,0.2831929044634787,5
9935,vgg16,750,0.9989474447948092,13
9936,efficientnetb0,939,1.0,3
9937,efficientnetb1,550,1.0,3
9938,efficientnetb1,939,1.0,3
9939,vgg19,750,0.9936879963126718,15
9940,vgg16,939,0.5638100259338691,8
9941,densenet161,750,1.0,7
9942,densenet121,750,1.0,6
9943,vgg19,350,0.9884623593775808,15
9944,resnet50,350,1.0,6
9945,efficientnetb1,350,1.0,3
9946,efficientnetb0,750,1.0,3
9947,efficientnetb0,350,1.0,3
9948,vgg16,350,0.9150494503700808,13
9949,resnet18,350,0.9463184463728672,2
9950,vgg19,550,1.0,15
9951,densenet161,939,0.2831929044634787,5
9952,efficientnetb1,750,1.0,3
9953,densenet161,550,1.0,7
9954,efficientnetb0,550,1.0,3
9955,resnet18,550,1.0,2
9956,resnet18,550,1.0,2
9957,vgg16,750,0.9989474447948092,13
9958,efficientnetb0,350,1.0,3
9959,densenet161,350,0.9422217589427628,7
9960,densenet161,550,1.0,7
9961,efficientnetb1,350,1.0,3
9962,efficientnetb1,939,1.0,3
9963,densenet161,550,1.0,7
9964,densenet161,939,0.2831929044634787,5
9965,efficientnetb0,350,1.0,3
9966,resnet50,350,1.0,6
9967,densenet121,350,1.0,6
9968,resnet50,939,1.0,6
9969,resnet50,939,1.0,6
9970,efficientnetb1,550,1.0,3
9971,resnet18,750,1.0,2
9972,densenet121,550,1.0,6
9973,vgg16,350,0.968053827189964,11
9974,efficientnetb0,550,1.0,3
9975,densenet121,350,1.0,6
9976,efficientnetb0,550,1.0,3
9977,vgg19,350,0.9884623593775808,15
9978,densenet121,750,1.0,6
9979,densenet121,750,1.0,6
9980,efficientnetb0,939,1.0,3
9981,vgg16,939,1.0,13
9982,densenet161,750,1.0,7
9983,resnet50,750,0.8540914514899219,6
9984,vgg16,550,0.9461219284703368,13
9985,resnet18,350,0.9463184463728672,2
9986,resnet50,550,1.0,6
9987,resnet50,350,1.0,6
9988,resnet18,939,1.0,2
9989,densenet121,750,1.0,6
9990,resnet50,350,1.0,6
9991,resnet50,350,1.0,6
9992,resnet50,550,1.0,6
9993,efficientnetb1,550,1.0,3
9994,efficientnetb0,939,1.0,3
9995,resnet50,939,1.0,6
9996,vgg19,350,0.9722792391750928,13
9997,efficientnetb0,350,1.0,3
9998,vgg19,350,0.9884623593775808,15
9999,resnet18,939,1.0,2
10000,densenet121,750,1.0,6
