episode,model,bandwidth,final_reward,split_point
1,vgg16,750,0.0058887013115276,1
2,efficientnetb1,350,0.0,1
3,resnet50,350,0.0948151869136176,2
4,efficientnetb1,550,0.0,1
5,efficientnetb1,350,0.2323535341648464,2
6,resnet18,350,0.9463184463728672,2
7,vgg16,750,0.0,2
8,densenet161,350,0.0,1
9,densenet161,750,0.0193762853485244,2
10,efficientnetb1,939,0.2284047954549483,2
11,resnet18,939,0.9772814215247084,3
12,densenet161,939,0.0,2
13,resnet18,939,0.5358361217945573,1
14,efficientnetb0,939,0.245393377540531,2
15,resnet18,939,0.5358361217945573,1
16,efficientnetb1,350,0.2323535341648464,2
17,vgg19,350,0.0,1
18,resnet18,939,0.5358361217945573,1
19,efficientnetb1,750,0.0,1
20,densenet161,750,0.0193762853485244,2
21,vgg16,550,0.0199271539720846,1
22,vgg16,750,0.0058887013115276,1
23,resnet18,550,0.0,8
24,vgg16,350,0.6122688308267832,9
25,resnet18,350,0.5934360820487711,1
26,vgg19,550,0.0,2
27,vgg19,939,0.0,2
28,densenet161,350,0.0,1
29,densenet161,939,0.0601439006764898,1
30,vgg16,750,0.0240042451732625,4
31,densenet161,939,0.0601439006764898,1
32,efficientnetb0,350,0.2601845258832877,2
33,resnet50,939,0.8248723661787692,5
34,resnet50,750,0.3344894405367239,2
35,efficientnetb0,750,0.0,1
36,resnet18,939,1.0,2
37,resnet18,350,0.9463184463728672,2
38,densenet161,939,0.0,2
39,resnet50,750,0.098265786808133,1
40,vgg16,750,0.0058887013115276,1
41,vgg19,939,0.0,2
42,resnet50,750,0.3344894405367239,2
43,resnet18,550,1.0,2
44,densenet161,350,0.472733213293796,5
45,densenet161,939,0.0601439006764898,1
46,vgg19,939,0.0,2
47,efficientnetb0,939,0.245393377540531,2
48,resnet50,750,0.692684175445151,7
49,efficientnetb1,939,0.0,1
50,vgg16,750,0.0,2
51,efficientnetb0,350,0.2601845258832877,2
52,efficientnetb1,750,0.0,1
53,densenet161,550,0.0323579521725776,2
54,resnet50,939,0.0,1
55,resnet18,550,0.9649971314956884,3
56,densenet161,939,0.0601439006764898,1
57,resnet18,939,0.9772814215247084,3
58,vgg19,939,0.053642035656265,3
59,densenet161,750,0.0912366792400731,4
60,efficientnetb1,939,0.0,1
61,efficientnetb0,939,1.0,3
62,vgg16,550,0.0199271539720846,1
63,resnet18,350,0.5934360820487711,1
64,vgg16,550,0.0983706975456484,4
65,densenet161,750,0.0,1
66,densenet161,550,0.0,1
67,resnet18,350,0.5934360820487711,1
68,vgg16,550,0.0,2
69,resnet50,750,0.098265786808133,1
70,densenet161,550,0.0323579521725776,2
71,efficientnetb0,939,0.2344467476320147,6
72,vgg19,750,0.0,1
73,efficientnetb0,939,0.0,1
74,resnet50,550,0.645703014729161,8
75,efficientnetb1,750,0.258386396623143,2
76,densenet161,350,0.0195835026890192,2
77,vgg16,350,0.0238402416290037,2
78,densenet161,750,0.0193762853485244,2
79,resnet34,350,0.19930012289416,2
80,efficientnetb1,939,0.0,1
81,resnet34,750,0.2101132021199169,2
82,efficientnetb1,939,0.0,1
83,vgg19,350,0.3463718988145903,7
84,efficientnetb1,350,0.2323535341648464,2
85,resnet50,939,0.0,1
86,efficientnetb1,550,0.6878389778024664,4
87,resnet50,750,0.3344894405367239,2
88,vgg16,550,0.0199271539720846,1
89,resnet18,939,1.0,2
90,resnet18,939,0.5358361217945573,1
91,resnet34,939,0.2104748857315504,1
92,vgg16,350,0.0,1
93,resnet34,939,0.2104748857315504,1
94,vgg19,939,0.0,2
95,resnet34,350,0.1157963719048598,1
96,resnet50,939,0.0,1
97,resnet34,550,0.2165759106887793,2
98,resnet34,350,0.19930012289416,2
99,efficientnetb1,550,0.0,1
100,efficientnetb1,550,0.6878389778024664,4
101,resnet34,750,0.2101132021199169,2
102,vgg16,939,0.0060710231598882,1
103,efficientnetb0,750,0.4450311925360435,5
104,vgg16,550,0.0983706975456484,4
105,densenet161,550,0.0323579521725776,2
106,vgg16,750,0.0058887013115276,1
107,vgg16,750,0.0,2
108,densenet161,550,0.1068700282907242,4
109,resnet50,750,0.8540914514899219,6
110,vgg19,550,0.0192737323606945,1
111,resnet34,750,0.1441687792856025,1
112,resnet18,750,0.5563161859691826,1
113,efficientnetb0,350,0.0,1
114,efficientnetb1,939,1.0,3
115,resnet18,750,1.0,2
116,resnet34,939,0.2104748857315504,1
117,vgg16,550,0.0199271539720846,1
118,densenet161,350,0.0195835026890192,2
119,resnet34,939,0.2104748857315504,1
120,densenet161,750,0.0193762853485244,2
121,efficientnetb1,750,0.7228690296773087,4
122,resnet34,350,0.3864954674184693,4
123,efficientnetb1,939,0.2284047954549483,2
124,efficientnetb1,939,1.0,3
125,densenet161,939,0.0,2
126,vgg16,939,0.0548212617333455,3
127,resnet18,550,0.6805816088044464,4
128,efficientnetb1,350,0.0,1
129,densenet161,350,0.472733213293796,5
130,resnet50,939,0.0,1
131,resnet50,550,0.0097267662088094,1
132,vgg19,750,0.0863442753339673,3
133,resnet18,750,0.5563161859691826,1
134,resnet18,750,0.5563161859691826,1
135,resnet34,550,0.3605928556450244,3
136,resnet34,939,0.2104748857315504,1
137,resnet34,939,0.3385797164144236,2
138,vgg16,750,0.5870702344568659,8
139,densenet161,939,0.2994714122049385,4
140,vgg19,550,0.0,2
141,efficientnetb0,550,1.0,3
142,vgg19,939,0.0183675354070255,1
143,densenet161,550,0.0,1
144,efficientnetb0,750,0.0,1
145,resnet50,750,0.098265786808133,1
146,resnet18,350,0.5934360820487711,1
147,resnet50,750,0.098265786808133,1
148,resnet34,750,0.416342836798379,4
149,vgg16,939,0.0060710231598882,1
150,resnet34,939,0.2104748857315504,1
151,efficientnetb0,550,0.0,1
152,resnet18,750,0.9425112246169725,3
153,vgg19,350,0.3670248005033085,6
154,efficientnetb0,550,0.290069122860228,2
155,vgg19,939,0.1144285467096243,4
156,efficientnetb0,550,1.0,3
157,efficientnetb0,939,0.0277656910590755,8
158,vgg19,939,0.0183675354070255,1
159,efficientnetb0,750,0.0,1
160,efficientnetb1,550,0.0,1
161,efficientnetb1,350,0.0,1
162,densenet161,750,0.0,1
163,resnet34,550,0.1426819901860775,1
164,resnet18,939,0.5358361217945573,1
165,vgg16,750,0.0,2
166,densenet161,550,0.0210735879951949,3
167,densenet161,750,0.0,1
168,resnet34,939,0.3385797164144236,2
169,resnet34,939,1.0,6
170,resnet34,550,0.1426819901860775,1
171,vgg16,750,0.3719773828090447,7
172,vgg19,350,0.4051376815444835,5
173,resnet18,550,0.9649971314956884,3
174,efficientnetb0,750,0.221102352041803,2
175,efficientnetb0,939,0.5462134982716761,5
176,efficientnetb1,350,1.0,3
177,vgg19,939,0.3786480345124817,5
178,densenet161,939,1.0,6
179,resnet50,750,0.5242927837491854,3
180,efficientnetb0,550,0.0,1
181,efficientnetb0,350,0.0,1
182,vgg19,939,0.3786480345124817,5
183,efficientnetb0,550,0.290069122860228,2
184,resnet18,750,0.0,8
185,densenet161,750,0.0,1
186,resnet50,750,0.5242927837491854,3
187,resnet50,350,0.0174859151390518,1
188,resnet50,550,0.106889737057666,2
189,resnet50,350,0.4097205423764233,4
190,densenet161,750,0.7754817419817108,6
191,efficientnetb1,350,0.0,1
192,efficientnetb0,939,0.0,1
193,resnet50,550,1.0,6
194,vgg19,939,0.0183675354070255,1
195,resnet34,350,0.19930012289416,2
196,resnet34,350,0.1157963719048598,1
197,efficientnetb0,750,0.221102352041803,2
198,resnet18,750,1.0,2
199,resnet50,939,1.0,6
200,vgg19,550,0.0,2
201,efficientnetb1,939,0.0,1
202,resnet34,939,0.5254802820550293,3
203,vgg19,350,0.0,1
204,vgg16,939,0.0548212617333455,3
205,resnet18,750,0.6570784835049883,4
206,vgg19,750,0.3954673323042385,5
207,resnet18,939,0.1469347985717806,7
208,resnet18,550,1.0,2
209,resnet34,939,0.7020867334437453,8
210,resnet18,350,0.5934360820487711,1
211,resnet18,350,0.5048206439889544,5
212,resnet34,750,0.3301584795875527,3
213,vgg19,750,0.0,1
214,efficientnetb0,750,0.221102352041803,2
215,efficientnetb1,939,0.0,1
216,resnet18,350,0.9463184463728672,2
217,vgg19,550,0.0,2
218,densenet161,550,0.1068700282907242,4
219,resnet50,550,0.0097267662088094,1
220,resnet18,939,0.1469347985717806,7
221,densenet161,939,0.2831929044634787,5
222,efficientnetb1,750,1.0,3
223,vgg19,350,0.063159932094785,4
224,vgg19,939,0.0,2
225,densenet161,350,0.0213386295855335,3
226,resnet18,550,1.0,2
227,efficientnetb1,750,0.0,1
228,vgg16,550,0.0983706975456484,4
229,efficientnetb1,350,1.0,3
230,efficientnetb0,550,1.0,3
231,efficientnetb0,750,0.0,1
232,efficientnetb0,939,0.0300451672854749,7
233,densenet161,550,0.0323579521725776,2
234,vgg16,750,0.0,2
235,efficientnetb0,750,0.6483214388113725,4
236,efficientnetb0,350,0.2601845258832877,2
237,densenet161,550,0.0,1
238,vgg19,550,0.1248786103205342,4
239,densenet161,750,0.0,1
240,resnet34,750,0.3301584795875527,3
241,efficientnetb0,550,0.7484594574197447,4
242,densenet161,939,0.0,2
243,efficientnetb1,550,0.5223117533457641,5
244,efficientnetb0,750,0.0,1
245,resnet18,750,1.0,2
246,resnet18,550,0.5341577662577371,1
247,resnet50,750,0.5242927837491854,3
248,vgg16,550,0.0199271539720846,1
249,densenet161,750,0.5067219862360387,5
250,vgg19,350,0.4051376815444835,5
251,resnet50,550,0.106889737057666,2
252,vgg16,750,0.0058887013115276,1
253,densenet161,350,0.0213386295855335,3
254,resnet50,939,0.0,1
255,resnet18,350,0.5934360820487711,1
256,vgg16,550,0.0,2
257,resnet50,350,0.0948151869136176,2
258,resnet34,939,0.3385797164144236,2
259,resnet50,350,0.0948151869136176,2
260,densenet161,939,0.0018556587877228,3
261,efficientnetb1,350,0.2323535341648464,2
262,efficientnetb0,750,0.6483214388113725,4
263,vgg16,939,0.0,2
264,vgg16,939,0.0548212617333455,3
265,densenet161,750,0.0,1
266,resnet34,750,0.1441687792856025,1
267,densenet161,939,0.0018556587877228,3
268,resnet34,550,0.4132006712758983,4
269,resnet34,939,0.5254802820550293,3
270,resnet34,350,0.1157963719048598,1
271,vgg16,939,0.0,2
272,efficientnetb1,750,0.0592486200525467,8
273,vgg16,550,0.4337023661646058,6
274,densenet161,350,0.0,1
275,densenet161,750,0.0193762853485244,2
276,vgg19,350,0.063159932094785,4
277,vgg16,550,0.873525344145539,10
278,densenet161,350,0.2110700120789124,9
279,resnet34,350,0.1157963719048598,1
280,vgg19,939,0.1144285467096243,4
281,vgg19,350,0.0,1
282,efficientnetb1,350,0.3137835430767212,6
283,resnet18,550,0.9649971314956884,3
284,resnet18,550,0.6805816088044464,4
285,resnet50,550,0.106889737057666,2
286,efficientnetb0,750,0.2823668742486632,6
287,efficientnetb1,550,0.2436659344100393,2
288,efficientnetb1,750,0.0592486200525467,8
289,resnet50,939,1.0,6
290,efficientnetb0,350,0.2301319400884027,7
291,resnet50,939,0.8248723661787692,5
292,resnet34,350,0.3864954674184693,4
293,efficientnetb0,939,0.0,1
294,efficientnetb1,939,0.0,1
295,efficientnetb0,550,0.0843169863849983,8
296,vgg16,350,0.0713714441743471,3
297,resnet18,939,0.9772814215247084,3
298,efficientnetb0,550,1.0,3
299,vgg16,350,0.1139662905811487,4
300,resnet18,750,0.5563161859691826,1
301,densenet161,750,0.0912366792400731,4
302,densenet161,350,0.0,1
303,efficientnetb0,939,0.0,1
304,densenet161,939,0.0601439006764898,1
305,efficientnetb0,550,0.0,1
306,densenet161,550,0.084152532251803,12
307,densenet161,939,0.0601439006764898,1
308,vgg16,550,0.0768889395683232,3
309,vgg19,550,0.0192737323606945,1
310,efficientnetb1,750,0.3094983907889674,6
311,resnet34,550,0.8215653788441881,7
312,efficientnetb0,750,0.0,1
313,vgg16,750,0.5870702344568659,8
314,resnet34,350,0.19930012289416,2
315,resnet50,350,0.2365622217411404,3
316,resnet50,350,0.2365622217411404,3
317,densenet161,939,0.2831929044634787,5
318,efficientnetb1,550,0.2436659344100393,2
319,densenet161,939,0.0601439006764898,1
320,resnet18,550,0.9649971314956884,3
321,vgg16,550,0.0768889395683232,3
322,densenet161,350,0.0,1
323,densenet161,350,0.0606109279047736,11
324,efficientnetb1,350,0.2325508521386866,7
325,vgg16,550,0.0768889395683232,3
326,densenet161,350,0.0213386295855335,3
327,resnet34,550,0.2165759106887793,2
328,densenet161,550,0.0,1
329,efficientnetb1,350,0.3137835430767212,6
330,vgg16,939,0.0548212617333455,3
331,resnet50,350,0.2365622217411404,3
332,resnet50,550,0.106889737057666,2
333,resnet50,939,0.1412757250508847,2
334,vgg19,750,0.7549293405793684,12
335,efficientnetb1,750,0.0,1
336,vgg16,939,0.0060710231598882,1
337,efficientnetb0,750,0.221102352041803,2
338,densenet161,350,0.7705044620574577,6
339,vgg16,350,0.4552780768214839,7
340,vgg16,939,0.0,2
341,vgg16,350,0.0,1
342,vgg16,750,0.0,2
343,efficientnetb1,750,0.258386396623143,2
344,vgg19,939,0.1144285467096243,4
345,vgg19,939,0.053642035656265,3
346,vgg19,750,0.349757663747874,6
347,vgg16,750,0.3719773828090447,7
348,resnet50,350,0.0948151869136176,2
349,efficientnetb0,550,1.0,3
350,vgg19,939,0.4817677379651593,9
351,vgg16,939,0.0,2
352,densenet161,750,0.0355493113357071,3
353,efficientnetb1,750,0.5409660759543289,5
354,vgg19,550,0.4939105417814899,8
355,vgg19,550,0.3630539177738009,6
356,resnet50,350,0.0948151869136176,2
357,densenet161,939,0.2831929044634787,5
358,resnet50,550,0.1774641097234567,13
359,vgg16,350,1.0,12
360,resnet34,939,0.2104748857315504,1
361,densenet161,350,0.0195835026890192,2
362,efficientnetb1,350,0.2323535341648464,2
363,resnet50,750,0.692684175445151,7
364,resnet50,350,0.2126428534133265,13
365,efficientnetb0,550,0.290069122860228,2
366,vgg19,550,0.0192737323606945,1
367,densenet161,939,0.0018556587877228,3
368,efficientnetb0,350,0.2601845258832877,2
369,resnet50,939,1.0,6
370,resnet18,939,0.2713411337912176,6
371,densenet161,750,0.0355493113357071,3
372,efficientnetb0,939,0.245393377540531,2
373,efficientnetb1,750,0.1568217242640732,7
374,efficientnetb1,750,0.0,1
375,efficientnetb0,350,0.7221681243288518,4
376,resnet18,550,0.5341577662577371,1
377,resnet34,550,0.4132006712758983,4
378,vgg19,939,0.1144285467096243,4
379,vgg19,350,0.7439023030951907,11
380,efficientnetb0,550,0.0,1
381,efficientnetb1,939,0.2284047954549483,2
382,densenet161,939,0.0601439006764898,1
383,resnet50,750,0.3344894405367239,2
384,resnet50,939,0.0,1
385,vgg19,750,0.482051380981956,8
386,densenet161,350,0.0195835026890192,2
387,efficientnetb0,550,0.290069122860228,2
388,efficientnetb0,750,0.0025215886423978,8
389,vgg19,550,0.1112152559945396,3
390,efficientnetb1,350,0.0,1
391,efficientnetb1,750,0.0592486200525467,8
392,vgg16,750,0.9989474447948092,13
393,vgg16,939,0.0060710231598882,1
394,vgg16,750,0.0,2
395,resnet18,939,0.9772814215247084,3
396,vgg19,350,0.4995659680915179,8
397,resnet34,939,0.2104748857315504,1
398,resnet50,939,0.1929263993625516,13
399,resnet50,939,0.481243768988981,4
400,resnet18,939,0.2713411337912176,6
401,efficientnetb0,939,0.5462134982716761,5
402,efficientnetb1,350,0.1057479814087846,8
403,vgg16,939,0.0548212617333455,3
404,vgg19,750,0.482051380981956,8
405,resnet34,550,0.3605928556450244,3
406,resnet50,350,0.0948151869136176,2
407,vgg19,550,0.3608150480635607,7
408,vgg16,550,0.4909442737237837,5
409,resnet18,550,0.6805816088044464,4
410,vgg16,750,0.3927521762586766,6
411,vgg19,750,0.5392519021115965,9
412,resnet18,350,0.0,8
413,densenet161,939,0.0601439006764898,1
414,efficientnetb0,939,0.0277656910590755,8
415,resnet50,750,0.0,16
416,vgg19,350,0.3463718988145903,7
417,resnet18,939,0.5358361217945573,1
418,resnet34,350,0.1157963719048598,1
419,vgg16,350,0.0238402416290037,2
420,densenet161,750,0.0912366792400731,4
421,vgg19,350,0.1104026426586838,3
422,vgg19,750,0.0863442753339673,3
423,resnet18,350,0.0,8
424,efficientnetb0,550,0.5319033905566624,5
425,vgg16,550,0.0199271539720846,1
426,resnet18,939,0.9772814215247084,3
427,densenet161,350,0.0195835026890192,2
428,efficientnetb1,939,0.2680647929070547,6
429,vgg19,350,0.9884623593775808,15
430,resnet18,750,0.5563161859691826,1
431,resnet50,750,0.8540914514899219,6
432,densenet161,350,0.0195835026890192,2
433,resnet50,939,0.1412757250508847,2
434,efficientnetb0,750,1.0,3
435,resnet50,550,0.0097267662088094,1
436,densenet161,750,0.0355493113357071,3
437,efficientnetb0,550,0.7484594574197447,4
438,densenet161,939,0.0018556587877228,3
439,densenet161,750,0.0,1
440,resnet18,550,1.0,2
441,resnet18,550,0.46598992776295,5
442,efficientnetb0,939,0.0277656910590755,8
443,efficientnetb1,750,0.0592486200525467,8
444,vgg19,350,0.1104026426586838,3
445,resnet50,939,0.481243768988981,4
446,vgg19,350,0.7047271852759325,10
447,vgg16,939,0.4173293874259716,5
448,efficientnetb1,750,0.0,1
449,resnet18,550,0.9649971314956884,3
450,efficientnetb0,350,0.3057373745716766,6
451,resnet50,550,0.106889737057666,2
452,resnet50,350,0.0948151869136176,2
453,vgg16,939,0.4173293874259716,5
454,resnet18,350,0.6798528330010116,4
455,resnet34,350,0.3864954674184693,4
456,resnet18,939,0.666846850715217,4
457,resnet50,939,0.1412757250508847,2
458,densenet161,350,0.472733213293796,5
459,efficientnetb0,939,0.0,1
460,vgg16,350,0.0,1
461,efficientnetb1,350,0.2323535341648464,2
462,resnet50,939,0.481243768988981,4
463,vgg19,550,0.0,2
464,resnet18,350,0.6798528330010116,4
465,resnet34,939,0.3385797164144236,2
466,resnet34,550,0.4132006712758983,4
467,efficientnetb1,350,0.1057479814087846,8
468,efficientnetb1,350,1.0,3
469,resnet50,550,0.4611472962789475,4
470,resnet34,750,0.6702494870914867,10
471,resnet34,550,0.5238774014052308,5
472,resnet50,350,0.4097205423764233,4
473,resnet34,939,0.8120702549228033,7
474,efficientnetb0,750,0.0025215886423978,8
475,densenet161,550,0.0323579521725776,2
476,vgg19,939,0.4910509157637427,8
477,resnet50,939,1.0,6
478,densenet161,750,0.0193762853485244,2
479,efficientnetb0,939,0.245393377540531,2
480,resnet50,550,0.106889737057666,2
481,densenet161,750,0.5067219862360387,5
482,efficientnetb1,550,0.1264304258348263,7
483,vgg16,550,0.0768889395683232,3
484,vgg16,350,0.1139662905811487,4
485,vgg19,350,0.3670248005033085,6
486,resnet50,939,0.481243768988981,4
487,resnet34,550,0.5238774014052308,5
488,vgg19,750,0.3954673323042385,5
489,vgg16,750,0.0835468528760409,3
490,efficientnetb1,750,0.0,1
491,vgg16,550,0.0768889395683232,3
492,resnet50,750,0.3530361156189798,10
493,vgg16,939,0.0060710231598882,1
494,vgg16,550,0.0983706975456484,4
495,efficientnetb0,350,0.2601845258832877,2
496,efficientnetb1,550,0.315622132205788,6
497,densenet161,550,1.0,7
498,resnet34,350,0.2851988166522616,3
499,resnet18,350,0.9463184463728672,2
500,vgg16,750,0.3927521762586766,6
501,efficientnetb1,939,0.0,1
502,resnet50,750,0.692684175445151,7
503,densenet161,939,0.2831929044634787,5
504,resnet34,550,0.4132006712758983,4
505,densenet161,550,1.0,7
506,vgg19,750,0.3776216428097246,7
507,vgg16,750,0.5870702344568659,8
508,efficientnetb0,550,0.0,1
509,densenet161,550,0.0,1
510,resnet34,750,0.6733833829902832,6
511,resnet50,750,0.098265786808133,1
512,efficientnetb0,550,0.7484594574197447,4
513,efficientnetb1,550,0.0,1
514,resnet50,939,0.3743501150304915,10
515,resnet50,550,0.106889737057666,2
516,densenet161,550,0.0323579521725776,2
517,efficientnetb1,939,0.4873612700075253,5
518,vgg19,939,0.7512707723562208,18
519,resnet34,350,0.7118597986318302,7
520,resnet50,939,0.1929263993625516,13
521,efficientnetb1,939,0.7039994792384792,4
522,efficientnetb0,939,0.0,1
523,densenet161,550,0.5735576563250782,5
524,vgg16,350,0.3157734764615972,23
525,resnet34,550,0.4132006712758983,4
526,densenet161,350,0.9422217589427628,7
527,efficientnetb1,939,0.0,1
528,vgg19,350,0.4842986650150916,9
529,resnet34,350,0.2851988166522616,3
530,efficientnetb1,750,0.5409660759543289,5
531,efficientnetb0,350,1.0,3
532,resnet18,550,0.46598992776295,5
533,densenet161,939,0.0,2
534,resnet50,350,0.8169515861153699,7
535,resnet18,750,0.0,8
536,vgg16,939,0.5638100259338691,8
537,efficientnetb0,939,1.0,3
538,resnet34,939,0.3385797164144236,2
539,vgg16,550,0.4909442737237837,5
540,resnet50,550,0.0,16
541,efficientnetb1,939,1.0,3
542,resnet50,939,0.0,1
543,resnet18,750,1.0,2
544,efficientnetb0,750,0.6483214388113725,4
545,efficientnetb1,550,0.0,1
546,resnet18,939,0.5358361217945573,1
547,efficientnetb0,350,1.0,3
548,vgg16,350,0.4552780768214839,7
549,densenet161,750,0.140363807198106,10
550,efficientnetb0,550,0.5319033905566624,5
551,vgg16,750,0.0240042451732625,4
552,efficientnetb1,750,0.3094983907889674,6
553,vgg16,939,0.986973209346794,14
554,vgg19,939,0.3786480345124817,5
555,efficientnetb0,550,0.0,1
556,vgg19,350,0.4995659680915179,8
557,resnet18,750,0.2819735347623552,6
558,resnet50,350,0.8169515861153699,7
559,resnet34,750,1.0,8
560,vgg19,750,0.482051380981956,8
561,efficientnetb1,750,0.0592486200525467,8
562,resnet50,550,0.2772450699669692,3
563,efficientnetb1,750,0.0,1
564,densenet161,550,0.9908784030365078,8
565,resnet50,550,0.0097267662088094,1
566,vgg19,550,0.1248786103205342,4
567,resnet50,939,0.0,1
568,resnet18,350,0.0,8
569,resnet50,550,0.0097267662088094,1
570,efficientnetb0,350,0.4626689598236604,5
571,efficientnetb0,939,0.0,1
572,vgg16,750,0.0,2
573,resnet18,939,0.4650005330060861,5
574,vgg16,939,0.0381294915227273,4
575,efficientnetb1,750,0.0,1
576,vgg16,550,0.941205716630206,14
577,vgg16,750,0.0058887013115276,1
578,vgg19,550,0.0192737323606945,1
579,densenet161,939,0.2611850784190904,12
580,resnet18,750,0.5563161859691826,1
581,vgg16,939,0.0060710231598882,1
582,efficientnetb1,550,1.0,3
583,resnet34,350,0.1157963719048598,1
584,efficientnetb1,750,0.0,1
585,efficientnetb0,550,1.0,3
586,resnet18,350,0.5048206439889544,5
587,resnet18,750,1.0,2
588,efficientnetb0,350,0.2601845258832877,2
589,resnet34,750,0.6733833829902832,6
590,densenet161,350,0.0,1
591,resnet18,939,0.9772814215247084,3
592,resnet34,750,0.3301584795875527,3
593,vgg19,550,0.0192737323606945,1
594,densenet161,750,0.7754817419817108,6
595,densenet161,350,0.9422217589427628,7
596,resnet18,350,0.5048206439889544,5
597,vgg19,550,0.3992057636441661,5
598,vgg19,750,0.0061276421520036,2
599,efficientnetb0,750,0.0,1
600,vgg19,750,0.0061276421520036,2
601,vgg16,750,0.0,2
602,efficientnetb0,939,0.0,1
603,resnet50,750,0.5242927837491854,3
604,vgg16,939,0.0,2
605,resnet50,939,0.481243768988981,4
606,densenet161,939,1.0,6
607,densenet161,750,0.0,1
608,vgg16,550,1.0,12
609,vgg19,350,0.3463718988145903,7
610,densenet161,750,1.0,7
611,resnet34,750,0.1933703739951124,14
612,vgg19,550,0.3608150480635607,7
613,vgg16,750,0.4544437830679675,5
614,vgg19,750,0.482051380981956,8
615,efficientnetb1,939,1.0,3
616,resnet34,550,0.4132006712758983,4
617,vgg16,550,0.0983706975456484,4
618,densenet161,939,0.0,2
619,resnet34,939,0.8120702549228033,7
620,resnet50,550,0.0097267662088094,1
621,efficientnetb0,550,0.290069122860228,2
622,resnet34,550,0.5238774014052308,5
623,vgg19,939,0.1144285467096243,4
624,resnet50,550,0.4611472962789475,4
625,vgg16,350,0.6117716042882734,8
626,vgg19,939,0.053642035656265,3
627,densenet161,939,0.8028649279588222,7
628,efficientnetb0,750,0.6483214388113725,4
629,vgg16,750,0.4544437830679675,5
630,resnet34,750,0.4742055237385399,5
631,resnet50,550,0.2772450699669692,3
632,resnet34,750,0.3170708984259823,12
633,vgg19,350,0.4995659680915179,8
634,efficientnetb1,939,0.0961268279883589,7
635,efficientnetb1,750,0.3094983907889674,6
636,efficientnetb1,750,0.0,1
637,vgg16,550,0.4909442737237837,5
638,vgg19,550,1.0,15
639,efficientnetb0,750,0.4450311925360435,5
640,vgg19,750,0.1063831635744575,4
641,efficientnetb1,750,0.0592486200525467,8
642,densenet161,550,0.084152532251803,12
643,densenet161,350,0.472733213293796,5
644,vgg16,750,0.3719773828090447,7
645,efficientnetb0,350,0.3057373745716766,6
646,efficientnetb1,939,0.0961268279883589,7
647,resnet50,350,0.8169515861153699,7
648,resnet34,750,0.6733833829902832,6
649,resnet34,550,0.2220048411102312,12
650,efficientnetb1,750,0.5409660759543289,5
651,efficientnetb1,350,0.3137835430767212,6
652,densenet161,350,1.0,8
653,resnet18,550,0.5341577662577371,1
654,resnet50,939,0.0004879656811657,16
655,efficientnetb1,550,1.0,3
656,resnet34,939,0.8527581774225047,5
657,resnet18,939,1.0,2
658,vgg16,550,0.0983706975456484,4
659,resnet34,350,0.2851988166522616,3
660,densenet161,550,0.1068700282907242,4
661,densenet161,939,0.0601439006764898,1
662,efficientnetb1,939,0.2680647929070547,6
663,vgg16,750,0.0835468528760409,3
664,vgg16,750,0.0240042451732625,4
665,efficientnetb0,750,0.6483214388113725,4
666,resnet50,939,0.3012988939538109,3
667,resnet18,939,0.5358361217945573,1
668,resnet34,939,0.8120702549228033,7
669,vgg19,750,0.1063831635744575,4
670,densenet161,939,0.2611850784190904,12
671,efficientnetb1,939,0.023223098071313,8
672,vgg16,550,0.4554756020263791,7
673,vgg16,350,0.451298059329941,6
674,vgg19,750,0.7549293405793684,12
675,efficientnetb1,550,1.0,3
676,resnet50,939,0.481243768988981,4
677,resnet34,750,0.2101132021199169,2
678,resnet18,350,0.1759150949563926,7
679,vgg19,550,0.7209260725133116,18
680,resnet34,350,0.9419697554794192,9
681,efficientnetb0,350,1.0,3
682,vgg16,550,0.4554756020263791,7
683,vgg16,750,0.0835468528760409,3
684,vgg19,939,0.3144631067328258,6
685,efficientnetb0,350,0.3057373745716766,6
686,densenet161,550,0.0210735879951949,3
687,vgg16,939,0.2756855978507271,26
688,resnet50,350,0.0174859151390518,1
689,resnet34,350,0.2851988166522616,3
690,resnet34,550,0.5305250673887995,11
691,efficientnetb0,550,0.7484594574197447,4
692,resnet50,750,0.41601881255758,9
693,resnet18,350,0.6798528330010116,4
694,vgg16,750,0.257048908245776,30
695,vgg19,939,0.6821322371858641,10
696,densenet161,750,1.0,7
697,efficientnetb1,939,0.023223098071313,8
698,efficientnetb0,550,0.7484594574197447,4
699,vgg19,550,0.1248786103205342,4
700,densenet161,550,0.0210735879951949,3
701,vgg19,939,0.9938700985656802,16
702,resnet18,350,0.5934360820487711,1
703,resnet34,350,0.7134974009725887,10
704,resnet50,550,0.106889737057666,2
705,resnet50,939,0.3012988939538109,3
706,efficientnetb0,550,0.0977278646092725,7
707,efficientnetb1,350,0.7181138626700144,4
708,densenet161,939,0.3296837125189169,9
709,vgg16,939,0.4031740758458291,6
710,efficientnetb0,750,1.0,3
711,vgg16,750,0.0835468528760409,3
712,resnet18,350,0.9463184463728672,2
713,efficientnetb0,550,0.5319033905566624,5
714,efficientnetb0,939,0.6801221238861833,4
715,vgg19,350,0.0047515404264518,2
716,resnet50,939,0.8248723661787692,5
717,efficientnetb1,750,0.5409660759543289,5
718,efficientnetb1,550,1.0,3
719,efficientnetb1,550,0.6878389778024664,4
720,vgg19,550,0.3608150480635607,7
721,vgg16,550,0.4214217351871893,20
722,efficientnetb0,550,0.7484594574197447,4
723,vgg16,939,0.8548072768189431,12
724,efficientnetb1,939,0.7039994792384792,4
725,vgg16,750,0.6199568106045172,9
726,densenet161,750,0.5067219862360387,5
727,vgg16,939,0.0060710231598882,1
728,resnet18,350,0.0,8
729,vgg19,939,0.958551617010162,14
730,efficientnetb0,350,0.7221681243288518,4
731,resnet50,750,0.5242927837491854,3
732,resnet34,750,0.416342836798379,4
733,resnet34,939,0.2104748857315504,1
734,densenet161,750,0.0408796516625536,12
735,resnet50,550,0.4775732514001548,9
736,resnet50,750,0.1768937174003952,13
737,densenet161,939,0.0,2
738,densenet161,350,0.2110700120789124,9
739,vgg16,550,0.0199271539720846,1
740,resnet18,550,0.1485490516197205,7
741,efficientnetb0,350,0.094356304646394,8
742,resnet50,939,0.3012988939538109,3
743,efficientnetb1,350,0.3137835430767212,6
744,resnet18,939,0.5358361217945573,1
745,resnet18,750,0.5563161859691826,1
746,resnet50,939,0.1412757250508847,2
747,vgg16,939,0.8568556422949929,11
748,vgg16,750,0.7930687335281449,10
749,vgg16,750,0.0835468528760409,3
750,densenet161,750,0.0,1
751,resnet18,939,0.4650005330060861,5
752,resnet50,750,1.0,5
753,densenet161,939,0.9380901386244868,8
754,densenet161,550,0.0323579521725776,2
755,vgg19,939,0.1144285467096243,4
756,resnet34,750,0.1441687792856025,1
757,resnet18,939,1.0,2
758,densenet161,550,0.9908784030365078,8
759,vgg16,939,0.5638100259338691,8
760,efficientnetb1,750,0.5409660759543289,5
761,resnet34,750,0.4742055237385399,5
762,vgg19,550,0.7587179131016882,12
763,vgg16,939,0.0381294915227273,4
764,resnet50,350,0.1443540017914252,14
765,vgg19,750,0.0061276421520036,2
766,densenet161,939,0.2994714122049385,4
767,efficientnetb1,939,0.4873612700075253,5
768,efficientnetb1,550,0.2436659344100393,2
769,resnet18,350,0.9463184463728672,2
770,vgg16,350,0.1139662905811487,4
771,vgg16,350,0.7070851752612257,15
772,densenet161,750,1.0,7
773,efficientnetb0,350,1.0,3
774,resnet18,750,0.9425112246169725,3
775,densenet161,750,0.0193762853485244,2
776,densenet161,550,0.5735576563250782,5
777,vgg16,939,0.8568556422949929,11
778,efficientnetb0,350,0.2301319400884027,7
779,densenet161,550,0.8307012363387156,6
780,resnet34,550,0.2165759106887793,2
781,densenet161,350,0.1012991674218925,4
782,vgg16,550,0.4337023661646058,6
783,vgg16,939,0.4432888704451657,21
784,efficientnetb0,350,0.3057373745716766,6
785,resnet18,939,0.666846850715217,4
786,vgg16,939,0.4031740758458291,6
787,vgg19,939,0.3698836387150448,7
788,resnet18,350,1.0,3
789,vgg19,550,0.0192737323606945,1
790,resnet50,939,0.8248723661787692,5
791,resnet34,939,0.2104748857315504,1
792,densenet161,750,0.0193762853485244,2
793,efficientnetb1,750,1.0,3
794,resnet34,350,0.7134974009725887,10
795,vgg19,939,0.0183675354070255,1
796,resnet18,550,0.5341577662577371,1
797,resnet34,939,0.5574747946963727,9
798,efficientnetb1,750,0.0592486200525467,8
799,efficientnetb1,750,0.258386396623143,2
800,densenet161,750,1.0,7
801,resnet50,350,0.4097205423764233,4
802,vgg19,350,0.063159932094785,4
803,efficientnetb0,939,0.5462134982716761,5
804,resnet34,939,0.5254802820550293,3
805,efficientnetb1,550,0.0,1
806,vgg19,350,0.3463718988145903,7
807,efficientnetb1,550,0.6878389778024664,4
808,efficientnetb1,550,0.315622132205788,6
809,vgg19,550,1.0,15
810,vgg19,750,0.7336613700677788,18
811,densenet161,350,0.2110700120789124,9
812,densenet161,550,1.0,7
813,resnet18,550,0.6805816088044464,4
814,efficientnetb0,350,0.7221681243288518,4
815,resnet50,350,1.0,6
816,vgg16,350,0.7070851752612257,15
817,densenet161,939,0.2831929044634787,5
818,efficientnetb0,750,0.4450311925360435,5
819,vgg19,550,0.1248786103205342,4
820,resnet50,750,0.2207075618723497,12
821,vgg16,750,0.3449995620878383,22
822,efficientnetb0,939,1.0,3
823,vgg16,750,0.3719773828090447,7
824,efficientnetb0,939,0.0,1
825,resnet50,350,1.0,6
826,vgg16,350,0.1139662905811487,4
827,resnet50,350,0.6807257591827157,8
828,resnet50,350,0.0948151869136176,2
829,resnet34,350,0.7118597986318302,7
830,efficientnetb1,350,1.0,3
831,resnet18,939,1.0,2
832,vgg19,350,0.4051376815444835,5
833,vgg16,939,0.4031740758458291,6
834,resnet50,550,0.106889737057666,2
835,resnet50,750,0.41601881255758,9
836,vgg19,550,0.0192737323606945,1
837,vgg16,350,0.9277415950475124,14
838,resnet34,939,0.2104748857315504,1
839,resnet18,550,0.2785187719074968,6
840,vgg16,939,0.0060710231598882,1
841,efficientnetb1,350,0.7181138626700144,4
842,resnet50,939,1.0,6
843,efficientnetb0,939,0.6801221238861833,4
844,vgg16,550,0.941205716630206,14
845,efficientnetb1,550,0.2436659344100393,2
846,densenet161,350,0.0213386295855335,3
847,resnet34,550,0.2165759106887793,2
848,vgg16,750,0.0,2
849,densenet161,350,0.1012991674218925,4
850,vgg16,939,0.6119189798079298,18
851,vgg16,550,0.6336692532833877,9
852,resnet18,939,0.1469347985717806,7
853,efficientnetb0,750,0.6483214388113725,4
854,vgg16,350,0.9208348165236296,10
855,efficientnetb0,750,0.0,1
856,efficientnetb1,350,0.7181138626700144,4
857,resnet34,939,1.0,6
858,vgg16,350,0.6117716042882734,8
859,vgg19,350,0.0047515404264518,2
860,densenet161,350,0.0213386295855335,3
861,vgg19,350,0.4842986650150916,9
862,resnet50,750,1.0,5
863,densenet161,550,0.084152532251803,12
864,resnet34,750,0.3301584795875527,3
865,vgg16,750,0.0835468528760409,3
866,efficientnetb0,939,0.6801221238861833,4
867,vgg19,350,0.9722792391750928,13
868,vgg16,550,0.6395986703296175,8
869,vgg19,750,0.0,1
870,densenet161,750,1.0,7
871,vgg19,350,0.0,1
872,densenet161,750,0.5067219862360387,5
873,efficientnetb1,350,0.7181138626700144,4
874,vgg19,350,0.6857714069171352,20
875,resnet50,939,0.2550591552807569,12
876,resnet50,750,0.3024732800391974,11
877,efficientnetb1,750,0.0,1
878,resnet18,550,0.5341577662577371,1
879,efficientnetb0,750,0.6483214388113725,4
880,efficientnetb0,550,1.0,3
881,vgg19,550,0.3661482070691625,25
882,resnet50,550,0.2451978873368881,12
883,efficientnetb0,750,0.221102352041803,2
884,densenet161,750,0.5067219862360387,5
885,vgg19,550,0.9153142027929496,13
886,resnet18,350,0.292613278460834,6
887,resnet50,750,0.41601881255758,9
888,vgg19,939,0.7038804657074393,11
889,vgg19,550,0.7657914977642502,19
890,vgg16,939,0.4173293874259716,5
891,efficientnetb1,939,0.7039994792384792,4
892,resnet34,350,0.6392378211717704,6
893,resnet34,750,0.6733833829902832,6
894,resnet18,550,0.5341577662577371,1
895,resnet18,939,0.4650005330060861,5
896,efficientnetb1,939,0.7039994792384792,4
897,efficientnetb0,350,0.4626689598236604,5
898,resnet50,939,0.4611727687596107,9
899,densenet161,350,0.0,1
900,efficientnetb1,750,0.7228690296773087,4
901,vgg16,750,0.0,2
902,densenet161,350,0.9422217589427628,7
903,densenet161,350,0.0213386295855335,3
904,vgg19,750,0.1063831635744575,4
905,efficientnetb0,939,0.0,1
906,resnet18,550,0.46598992776295,5
907,vgg19,939,0.1144285467096243,4
908,densenet161,550,0.5735576563250782,5
909,efficientnetb0,750,0.4450311925360435,5
910,efficientnetb1,750,0.1568217242640732,7
911,vgg16,350,0.299921517371152,22
912,vgg19,550,0.7144872600964158,10
913,resnet50,350,0.6807257591827157,8
914,vgg16,939,0.4173293874259716,5
915,resnet50,939,0.6400205520491736,8
916,efficientnetb0,550,0.5319033905566624,5
917,efficientnetb1,750,0.5409660759543289,5
918,resnet18,350,1.0,3
919,resnet50,350,1.0,6
920,resnet34,550,0.2165759106887793,2
921,resnet34,939,0.2104748857315504,1
922,efficientnetb0,939,1.0,3
923,efficientnetb1,939,1.0,3
924,efficientnetb0,550,0.290069122860228,2
925,efficientnetb1,939,0.4873612700075253,5
926,vgg19,750,0.3776216428097246,7
927,efficientnetb0,750,0.0025215886423978,8
928,resnet50,550,0.2451978873368881,12
929,densenet161,550,1.0,7
930,vgg19,939,0.6821322371858641,10
931,efficientnetb0,939,0.6801221238861833,4
932,vgg16,750,0.0240042451732625,4
933,vgg16,550,0.6944058532919857,15
934,vgg16,750,0.0240042451732625,4
935,vgg19,350,0.3670248005033085,6
936,resnet50,939,0.481243768988981,4
937,densenet161,939,0.0,2
938,resnet34,350,0.19930012289416,2
939,densenet161,750,0.1955210426922513,9
940,efficientnetb0,550,0.2755689518747824,6
941,densenet161,550,0.0,1
942,vgg19,350,0.0,1
943,efficientnetb0,939,1.0,3
944,vgg19,550,0.0192737323606945,1
945,densenet161,350,0.2110700120789124,9
946,resnet34,939,0.5254802820550293,3
947,resnet34,550,0.9073881434347082,9
948,efficientnetb0,750,0.4450311925360435,5
949,resnet50,350,0.4097205423764233,4
950,efficientnetb0,750,0.0,1
951,resnet50,939,0.3016164674088932,11
952,efficientnetb0,750,0.6483214388113725,4
953,efficientnetb0,550,0.7484594574197447,4
954,vgg16,350,0.6122688308267832,9
955,densenet161,550,0.8307012363387156,6
956,efficientnetb0,550,0.0843169863849983,8
957,efficientnetb1,939,0.023223098071313,8
958,vgg19,750,0.1063831635744575,4
959,resnet50,550,0.0097267662088094,1
960,resnet34,350,0.2851988166522616,3
961,vgg19,750,0.349757663747874,6
962,vgg16,550,0.268080163103245,25
963,densenet161,550,0.084152532251803,12
964,densenet161,750,0.5067219862360387,5
965,densenet161,350,0.9422217589427628,7
966,resnet18,550,1.0,2
967,vgg16,750,0.7930687335281449,10
968,efficientnetb0,939,0.6801221238861833,4
969,efficientnetb1,750,0.3094983907889674,6
970,vgg16,939,0.4173293874259716,5
971,densenet161,939,0.2611850784190904,12
972,efficientnetb0,750,0.6483214388113725,4
973,densenet161,750,0.7754817419817108,6
974,vgg19,939,0.4910509157637427,8
975,resnet18,350,0.6798528330010116,4
976,vgg19,939,0.0183675354070255,1
977,resnet18,550,0.1485490516197205,7
978,vgg19,750,0.7134880992516057,11
979,vgg19,350,0.1104026426586838,3
980,resnet50,750,0.3344894405367239,2
981,resnet34,550,0.1426819901860775,1
982,vgg19,750,0.0863442753339673,3
983,resnet50,939,0.3743501150304915,10
984,efficientnetb1,939,0.4873612700075253,5
985,resnet34,350,0.7118597986318302,7
986,resnet18,550,0.9649971314956884,3
987,resnet34,350,0.7134974009725887,10
988,resnet18,750,0.9425112246169725,3
989,resnet50,939,0.0,1
990,efficientnetb1,750,1.0,3
991,resnet50,750,0.098265786808133,1
992,vgg16,550,0.6646720284686836,16
993,vgg16,750,0.6199568106045172,9
994,vgg16,750,0.6611700771532621,18
995,densenet161,550,0.0323579521725776,2
996,efficientnetb0,550,1.0,3
997,resnet50,350,0.3548656355696806,11
998,resnet34,750,0.7880649919244954,7
999,densenet161,939,1.0,6
1000,densenet161,750,0.0355493113357071,3
1001,resnet34,750,1.0,8
1002,efficientnetb1,750,1.0,3
1003,resnet34,550,0.3605928556450244,3
1004,efficientnetb0,750,0.4450311925360435,5
1005,vgg19,750,0.482051380981956,8
1006,resnet50,350,0.5125994165201655,9
1007,resnet18,350,0.5048206439889544,5
1008,efficientnetb0,550,0.0,1
1009,efficientnetb0,939,1.0,3
1010,resnet18,750,0.6570784835049883,4
1011,resnet50,350,0.2126428534133265,13
1012,resnet50,750,0.9081489241651808,4
1013,efficientnetb0,550,0.5319033905566624,5
1014,vgg16,750,0.3719773828090447,7
1015,vgg16,350,1.0,12
1016,efficientnetb0,939,0.6801221238861833,4
1017,efficientnetb0,550,0.0,1
1018,efficientnetb0,939,1.0,3
1019,efficientnetb1,550,0.315622132205788,6
1020,efficientnetb1,350,0.2323535341648464,2
1021,resnet50,350,0.2737525021671528,12
1022,resnet50,550,0.8215124558966982,7
1023,resnet50,750,0.098265786808133,1
1024,efficientnetb1,750,0.7228690296773087,4
1025,vgg16,750,0.0,2
1026,densenet161,550,0.0,1
1027,efficientnetb0,550,0.7484594574197447,4
1028,efficientnetb0,550,0.7484594574197447,4
1029,vgg16,750,0.888612802013523,12
1030,efficientnetb1,939,0.7039994792384792,4
1031,vgg16,350,0.6122688308267832,9
1032,resnet50,350,0.0948151869136176,2
1033,vgg19,750,0.3776216428097246,7
1034,vgg19,550,0.5414304274334073,23
1035,vgg16,550,0.0,2
1036,efficientnetb1,939,0.2680647929070547,6
1037,resnet50,350,0.3548656355696806,11
1038,resnet18,550,0.46598992776295,5
1039,resnet18,350,1.0,3
1040,resnet34,550,1.0,8
1041,vgg19,350,0.4051376815444835,5
1042,vgg19,939,0.1144285467096243,4
1043,efficientnetb0,350,0.3057373745716766,6
1044,efficientnetb1,939,0.4873612700075253,5
1045,resnet18,750,0.6570784835049883,4
1046,vgg19,350,0.1104026426586838,3
1047,efficientnetb1,550,0.6878389778024664,4
1048,efficientnetb1,550,0.315622132205788,6
1049,efficientnetb1,350,0.7181138626700144,4
1050,vgg16,750,0.7930687335281449,10
1051,resnet34,550,0.4132006712758983,4
1052,densenet161,550,0.0210735879951949,3
1053,resnet18,750,1.0,2
1054,efficientnetb0,939,0.2344467476320147,6
1055,resnet34,750,0.8389123599870303,9
1056,vgg16,750,0.6611700771532621,18
1057,resnet34,939,0.7089537968694798,4
1058,densenet161,750,1.0,7
1059,vgg16,350,0.751180927944886,17
1060,resnet50,350,0.4097205423764233,4
1061,resnet50,750,0.2207075618723497,12
1062,vgg19,350,0.4051376815444835,5
1063,efficientnetb1,350,0.5010852886204035,5
1064,resnet18,550,0.6805816088044464,4
1065,resnet34,939,0.7020867334437453,8
1066,resnet18,939,0.9772814215247084,3
1067,efficientnetb0,750,0.0,1
1068,vgg19,750,0.5392519021115965,9
1069,efficientnetb1,939,0.0,1
1070,resnet50,550,0.8215124558966982,7
1071,efficientnetb0,350,0.0,1
1072,densenet161,750,1.0,7
1073,resnet50,750,0.5189759550817877,8
1074,resnet50,750,0.41601881255758,9
1075,densenet161,750,0.140363807198106,10
1076,resnet18,750,0.9425112246169725,3
1077,resnet50,350,0.5125994165201655,9
1078,densenet161,550,1.0,7
1079,densenet161,750,0.5067219862360387,5
1080,vgg19,750,0.3776216428097246,7
1081,resnet34,550,1.0,8
1082,resnet50,550,0.4611472962789475,4
1083,vgg19,750,0.7134880992516057,11
1084,densenet161,939,0.3296837125189169,9
1085,efficientnetb1,350,0.5010852886204035,5
1086,resnet50,550,0.2772450699669692,3
1087,resnet34,750,0.4742055237385399,5
1088,efficientnetb1,939,0.7039994792384792,4
1089,vgg16,550,0.0,2
1090,resnet34,350,0.7134974009725887,10
1091,resnet50,550,0.2451978873368881,12
1092,resnet50,939,0.4611727687596107,9
1093,densenet161,939,0.2831929044634787,5
1094,resnet50,350,0.2126428534133265,13
1095,resnet18,350,0.6798528330010116,4
1096,vgg19,750,0.7549293405793684,12
1097,efficientnetb0,939,0.0,1
1098,vgg19,939,0.6505261318746068,20
1099,vgg16,350,0.0,1
1100,resnet34,350,1.0,8
1101,efficientnetb1,550,0.0,1
1102,resnet50,939,0.1412757250508847,2
1103,vgg19,939,0.0183675354070255,1
1104,vgg16,750,0.5870702344568659,8
1105,efficientnetb1,350,0.5010852886204035,5
1106,resnet34,939,0.3385797164144236,2
1107,resnet34,750,0.8389123599870303,9
1108,densenet161,350,0.0213386295855335,3
1109,efficientnetb0,939,0.5462134982716761,5
1110,resnet18,350,0.1759150949563926,7
1111,resnet18,350,1.0,3
1112,resnet18,550,0.5341577662577371,1
1113,vgg16,350,0.6122688308267832,9
1114,resnet34,750,0.416342836798379,4
1115,vgg16,750,0.0240042451732625,4
1116,efficientnetb1,350,0.3137835430767212,6
1117,efficientnetb0,939,0.6801221238861833,4
1118,densenet161,939,0.8028649279588222,7
1119,vgg19,350,0.7874284582909132,17
1120,efficientnetb1,350,0.2325508521386866,7
1121,vgg16,350,0.9150494503700808,13
1122,efficientnetb1,750,0.258386396623143,2
1123,resnet34,939,0.8527581774225047,5
1124,resnet50,939,0.4611727687596107,9
1125,efficientnetb0,750,0.4450311925360435,5
1126,resnet50,550,0.4775732514001548,9
1127,resnet18,939,0.666846850715217,4
1128,resnet18,750,0.9425112246169725,3
1129,resnet18,750,1.0,2
1130,vgg16,939,0.7391812735874347,15
1131,efficientnetb0,750,1.0,3
1132,resnet34,939,0.5254802820550293,3
1133,densenet161,550,0.8307012363387156,6
1134,efficientnetb0,939,1.0,3
1135,resnet18,939,0.9772814215247084,3
1136,efficientnetb1,350,0.2323535341648464,2
1137,resnet50,550,0.8501913432605966,5
1138,vgg19,350,0.7900442607978805,19
1139,densenet161,750,0.0408796516625536,12
1140,resnet18,750,0.9425112246169725,3
1141,densenet161,550,0.8307012363387156,6
1142,densenet161,750,0.7754817419817108,6
1143,vgg16,750,0.9989474447948092,13
1144,vgg16,939,0.0381294915227273,4
1145,efficientnetb1,750,0.5409660759543289,5
1146,resnet18,939,0.666846850715217,4
1147,resnet18,350,0.5048206439889544,5
1148,resnet34,350,0.9419697554794192,9
1149,vgg16,750,0.0835468528760409,3
1150,resnet18,939,0.2713411337912176,6
1151,vgg16,939,0.4173293874259716,5
1152,densenet161,350,0.9422217589427628,7
1153,resnet34,750,0.7880649919244954,7
1154,resnet18,350,0.5934360820487711,1
1155,resnet18,750,0.9425112246169725,3
1156,densenet161,350,0.0195835026890192,2
1157,resnet34,350,0.5163674653124631,5
1158,efficientnetb0,750,0.4450311925360435,5
1159,efficientnetb0,550,1.0,3
1160,efficientnetb1,750,0.0,1
1161,resnet50,750,1.0,5
1162,efficientnetb0,350,0.4626689598236604,5
1163,resnet50,750,0.3024732800391974,11
1164,densenet161,750,0.9225205659416632,8
1165,resnet34,939,0.8120702549228033,7
1166,efficientnetb1,550,0.5223117533457641,5
1167,vgg19,750,0.6363916165984517,21
1168,resnet18,550,0.9649971314956884,3
1169,vgg16,550,0.711677470908326,17
1170,resnet34,350,1.0,8
1171,efficientnetb0,750,1.0,3
1172,resnet34,350,0.7118597986318302,7
1173,efficientnetb1,939,0.2680647929070547,6
1174,resnet18,939,0.4650005330060861,5
1175,efficientnetb1,550,0.5223117533457641,5
1176,resnet50,939,0.6400205520491736,8
1177,efficientnetb1,939,0.7039994792384792,4
1178,vgg19,350,0.0047515404264518,2
1179,resnet50,750,0.5189759550817877,8
1180,efficientnetb0,350,1.0,3
1181,vgg16,550,0.6000544432482232,19
1182,vgg16,939,0.746695083747165,16
1183,resnet18,750,0.9425112246169725,3
1184,efficientnetb1,550,0.2436659344100393,2
1185,resnet34,939,0.5574747946963727,9
1186,efficientnetb1,750,0.3094983907889674,6
1187,efficientnetb0,939,0.0277656910590755,8
1188,efficientnetb1,550,0.6878389778024664,4
1189,resnet50,750,0.2207075618723497,12
1190,resnet34,550,0.8215653788441881,7
1191,efficientnetb0,350,0.2601845258832877,2
1192,resnet50,750,0.5189759550817877,8
1193,densenet161,350,0.0213386295855335,3
1194,efficientnetb1,750,0.1568217242640732,7
1195,efficientnetb0,750,0.221102352041803,2
1196,densenet161,550,0.084152532251803,11
1197,vgg19,939,1.0,15
1198,efficientnetb1,550,0.5223117533457641,5
1199,efficientnetb0,550,1.0,3
1200,vgg19,350,0.0047515404264518,2
1201,vgg19,550,0.3661482070691625,25
1202,efficientnetb0,939,0.5462134982716761,5
1203,vgg19,550,0.6925088556066237,21
1204,densenet161,939,0.2831929044634787,5
1205,vgg19,350,0.9654136477619172,14
1206,efficientnetb1,939,0.023223098071313,8
1207,efficientnetb0,939,1.0,3
1208,resnet50,350,0.0948151869136176,2
1209,resnet34,350,1.0,8
1210,vgg19,939,0.1144285467096243,4
1211,vgg19,750,0.7555996769548718,17
1212,densenet161,350,0.1401135930463219,10
1213,densenet161,550,0.0323579521725776,2
1214,resnet18,350,0.6798528330010116,4
1215,resnet34,750,0.7880649919244954,7
1216,vgg16,939,0.746695083747165,16
1217,efficientnetb0,939,0.5462134982716761,5
1218,resnet18,939,0.9772814215247084,3
1219,efficientnetb1,550,0.2436659344100393,2
1220,resnet18,550,0.46598992776295,5
1221,resnet50,939,0.4611727687596107,9
1222,resnet50,939,0.4611727687596107,9
1223,resnet34,350,0.7118597986318302,7
1224,efficientnetb1,750,0.258386396623143,2
1225,resnet50,550,0.4775732514001548,9
1226,densenet161,939,0.2831929044634787,5
1227,vgg19,939,0.958551617010162,14
1228,vgg16,550,0.6395986703296175,8
1229,vgg19,550,0.93699417819052,14
1230,efficientnetb1,550,0.6878389778024664,4
1231,vgg19,750,0.7336613700677788,18
1232,vgg19,939,0.7315721114772937,19
1233,efficientnetb1,939,0.7039994792384792,4
1234,efficientnetb1,750,0.5409660759543289,5
1235,resnet18,750,0.4551076759252049,5
1236,vgg19,750,0.5392519021115965,9
1237,efficientnetb1,750,0.7228690296773087,4
1238,efficientnetb0,750,0.221102352041803,2
1239,densenet161,350,0.0213386295855335,3
1240,resnet34,350,0.7118597986318302,7
1241,resnet18,350,1.0,3
1242,efficientnetb1,350,0.5010852886204035,5
1243,vgg19,350,0.7900442607978805,19
1244,efficientnetb0,350,1.0,3
1245,vgg19,939,0.3144631067328258,6
1246,resnet34,750,0.1441687792856025,1
1247,resnet34,750,0.7880649919244954,7
1248,vgg19,350,0.7900442607978805,19
1249,resnet18,939,0.9772814215247084,3
1250,resnet18,350,1.0,3
1251,efficientnetb0,550,0.2755689518747824,6
1252,efficientnetb0,550,0.2755689518747824,6
1253,resnet50,350,0.6807257591827157,8
1254,densenet161,750,0.0408796516625536,11
1255,efficientnetb1,350,0.7181138626700144,4
1256,efficientnetb0,939,0.6801221238861833,4
1257,densenet161,350,0.0,1
1258,resnet34,939,0.5574747946963727,9
1259,efficientnetb1,939,0.7039994792384792,4
1260,resnet50,550,0.3122123747244922,11
1261,efficientnetb1,350,0.0,1
1262,efficientnetb0,350,1.0,3
1263,efficientnetb0,350,0.7221681243288518,4
1264,efficientnetb1,350,1.0,3
1265,resnet34,350,0.9419697554794192,9
1266,vgg19,939,0.3144631067328258,6
1267,efficientnetb1,550,1.0,3
1268,resnet18,750,0.6570784835049883,4
1269,densenet161,350,1.0,8
1270,vgg19,750,0.1063831635744575,4
1271,efficientnetb1,939,0.7039994792384792,4
1272,resnet18,550,0.9649971314956884,3
1273,efficientnetb0,939,1.0,3
1274,resnet18,350,0.5048206439889544,5
1275,resnet50,939,0.3012988939538109,3
1276,efficientnetb0,550,0.290069122860228,2
1277,resnet50,939,0.1412757250508847,2
1278,efficientnetb1,350,0.2325508521386866,7
1279,resnet50,550,0.3843551081414064,10
1280,densenet161,550,0.1068700282907242,4
1281,resnet50,350,0.4185699515342624,10
1282,vgg19,350,0.1104026426586838,3
1283,resnet50,939,0.0,1
1284,resnet34,550,0.6454523732312784,10
1285,densenet161,550,0.5735576563250782,5
1286,efficientnetb0,750,0.4450311925360435,5
1287,resnet34,550,0.8215653788441881,7
1288,densenet161,550,0.5735576563250782,5
1289,vgg16,750,0.3927521762586766,6
1290,densenet161,750,0.5067219862360387,5
1291,resnet50,550,0.8501913432605966,5
1292,vgg19,550,0.7209260725133116,18
1293,resnet34,750,0.6733833829902832,6
1294,efficientnetb1,750,0.5409660759543289,5
1295,efficientnetb0,550,0.7484594574197447,4
1296,resnet34,750,0.7880649919244954,7
1297,efficientnetb0,350,0.7221681243288518,4
1298,vgg16,939,1.0,13
1299,densenet161,350,0.472733213293796,5
1300,efficientnetb0,350,1.0,3
1301,efficientnetb0,350,0.0,1
1302,efficientnetb0,350,1.0,3
1303,resnet34,750,0.7880649919244954,7
1304,densenet161,350,0.9422217589427628,7
1305,densenet161,939,0.2831929044634787,5
1306,densenet161,550,0.5735576563250782,5
1307,efficientnetb1,550,0.5223117533457641,5
1308,resnet34,750,0.7880649919244954,7
1309,vgg19,350,0.0047515404264518,2
1310,vgg19,550,0.1248786103205342,4
1311,vgg16,550,0.6944058532919857,15
1312,densenet161,750,1.0,7
1313,resnet18,939,0.9772814215247084,3
1314,densenet161,550,1.0,7
1315,densenet161,939,0.0018556587877228,3
1316,densenet161,939,0.2831929044634787,5
1317,resnet50,939,0.2550591552807569,12
1318,efficientnetb1,939,1.0,3
1319,efficientnetb1,750,0.258386396623143,2
1320,vgg19,939,0.7512707723562208,18
1321,resnet50,550,0.3843551081414064,10
1322,efficientnetb0,750,1.0,3
1323,resnet34,750,0.6733833829902832,6
1324,densenet161,939,0.2831929044634787,5
1325,vgg16,750,0.4544437830679675,5
1326,vgg16,750,0.4838006072854688,20
1327,resnet50,350,0.3548656355696806,11
1328,resnet50,350,0.5125994165201655,9
1329,vgg16,939,0.5519575390300896,9
1330,vgg19,750,0.7134880992516057,11
1331,efficientnetb0,750,1.0,3
1332,resnet50,750,1.0,5
1333,efficientnetb1,939,0.2284047954549483,2
1334,resnet18,750,0.9425112246169725,3
1335,vgg19,550,0.7603022178684953,17
1336,efficientnetb0,750,1.0,3
1337,resnet18,550,0.9649971314956884,3
1338,resnet34,350,1.0,8
1339,efficientnetb0,550,0.290069122860228,2
1340,vgg19,750,0.349757663747874,6
1341,vgg19,750,0.0061276421520036,2
1342,efficientnetb0,550,1.0,3
1343,vgg16,939,0.7391812735874347,15
1344,resnet50,350,0.6807257591827157,8
1345,efficientnetb0,750,1.0,3
1346,efficientnetb1,550,0.6878389778024664,4
1347,vgg16,550,0.941205716630206,14
1348,resnet18,550,0.9649971314956884,3
1349,resnet50,750,0.5189759550817877,8
1350,vgg16,350,1.0,12
1351,vgg19,750,0.7336613700677788,18
1352,efficientnetb1,939,0.4873612700075253,5
1353,vgg16,550,0.6336692532833877,9
1354,efficientnetb1,939,0.7039994792384792,4
1355,resnet34,350,0.9419697554794192,9
1356,vgg19,550,0.7209260725133116,18
1357,vgg19,350,0.786298354089681,18
1358,densenet161,939,0.0018556587877228,3
1359,efficientnetb0,550,1.0,3
1360,vgg19,750,1.0,16
1361,resnet50,350,0.5125994165201655,9
1362,resnet18,939,0.9772814215247084,3
1363,vgg19,939,0.783629319224574,17
1364,efficientnetb0,550,0.7484594574197447,4
1365,efficientnetb0,939,0.5462134982716761,5
1366,efficientnetb1,550,0.5223117533457641,5
1367,resnet34,550,0.5238774014052308,5
1368,resnet50,750,0.098265786808133,1
1369,vgg16,350,0.4955592672941035,5
1370,vgg16,939,0.986973209346794,14
1371,densenet161,550,0.5735576563250782,5
1372,resnet18,750,0.9425112246169725,3
1373,efficientnetb1,939,0.2284047954549483,2
1374,resnet50,750,0.5189759550817877,8
1375,vgg16,550,0.6646720284686836,16
1376,resnet34,350,0.7118597986318302,7
1377,resnet34,550,0.8215653788441881,7
1378,efficientnetb1,750,0.7228690296773087,4
1379,densenet161,939,0.8028649279588222,7
1380,efficientnetb0,550,1.0,3
1381,vgg16,939,0.746695083747165,16
1382,resnet34,550,0.8215653788441881,7
1383,resnet18,750,0.6570784835049883,4
1384,resnet50,939,0.8017819857800019,7
1385,efficientnetb1,750,0.7228690296773087,4
1386,vgg19,939,0.0,2
1387,resnet50,939,0.3743501150304915,10
1388,resnet18,350,0.9463184463728672,2
1389,resnet18,939,0.9772814215247084,3
1390,resnet50,350,0.0174859151390518,1
1391,vgg19,550,0.1248786103205342,4
1392,resnet18,939,0.4650005330060861,5
1393,vgg16,939,1.0,13
1394,resnet18,550,0.1485490516197205,7
1395,efficientnetb1,350,0.5010852886204035,5
1396,resnet34,350,1.0,8
1397,resnet50,750,0.8540914514899219,6
1398,efficientnetb1,550,0.5223117533457641,5
1399,vgg16,550,0.6395986703296175,8
1400,vgg16,939,1.0,13
1401,densenet161,350,1.0,8
1402,resnet34,750,0.7880649919244954,7
1403,vgg16,750,0.6611700771532621,18
1404,resnet18,550,0.6805816088044464,4
1405,efficientnetb0,550,0.2755689518747824,6
1406,resnet34,350,0.6392378211717704,6
1407,resnet34,550,0.1426819901860775,1
1408,resnet34,550,0.4132006712758983,4
1409,resnet50,350,0.6807257591827157,8
1410,vgg16,350,0.6122688308267832,9
1411,resnet34,350,0.5163674653124631,5
1412,resnet50,750,0.9081489241651808,4
1413,efficientnetb0,939,1.0,3
1414,resnet18,550,0.9649971314956884,3
1415,resnet18,350,1.0,3
1416,resnet18,750,0.6570784835049883,4
1417,resnet34,939,0.8120702549228033,7
1418,efficientnetb1,550,1.0,3
1419,resnet34,350,0.7118597986318302,7
1420,efficientnetb1,939,0.7039994792384792,4
1421,vgg16,350,0.6122688308267832,9
1422,densenet161,550,1.0,7
1423,resnet18,750,0.6570784835049883,4
1424,resnet50,750,0.8540914514899219,6
1425,efficientnetb0,939,1.0,3
1426,efficientnetb0,550,0.7484594574197447,4
1427,resnet34,939,0.7020867334437453,8
1428,vgg19,550,0.7603022178684953,17
1429,efficientnetb1,550,0.5223117533457641,5
1430,efficientnetb1,350,0.2323535341648464,2
1431,resnet50,350,0.6807257591827157,8
1432,efficientnetb1,550,1.0,3
1433,efficientnetb1,350,0.7181138626700144,4
1434,efficientnetb0,750,1.0,3
1435,resnet34,350,0.7118597986318302,7
1436,densenet161,350,0.0213386295855335,3
1437,efficientnetb1,939,0.4873612700075253,5
1438,efficientnetb1,350,0.7181138626700144,4
1439,resnet18,550,0.6805816088044464,4
1440,resnet50,939,0.3016164674088932,11
1441,efficientnetb1,350,0.5010852886204035,5
1442,vgg16,750,0.7792226912655664,15
1443,resnet50,350,0.6807257591827157,8
1444,resnet34,939,0.8120702549228033,7
1445,efficientnetb0,550,1.0,3
1446,resnet18,750,0.4551076759252049,5
1447,resnet34,750,0.3301584795875527,3
1448,resnet18,750,0.5563161859691826,1
1449,resnet18,350,0.6798528330010116,4
1450,resnet34,939,0.8527581774225047,5
1451,efficientnetb0,350,1.0,3
1452,resnet18,750,0.9425112246169725,3
1453,vgg16,350,0.7070851752612257,15
1454,resnet34,550,0.5238774014052308,5
1455,efficientnetb1,939,1.0,3
1456,resnet34,750,0.7880649919244954,7
1457,efficientnetb1,350,0.7181138626700144,4
1458,efficientnetb0,350,1.0,3
1459,efficientnetb0,750,0.6483214388113725,4
1460,resnet34,939,0.8120702549228033,7
1461,efficientnetb0,750,0.2823668742486632,6
1462,densenet161,939,0.8028649279588222,7
1463,resnet50,550,0.8501913432605966,5
1464,vgg16,350,0.7070851752612257,15
1465,efficientnetb0,350,0.7221681243288518,4
1466,vgg16,550,0.711677470908326,17
1467,efficientnetb0,750,1.0,3
1468,resnet18,939,0.5358361217945573,1
1469,vgg19,350,0.4051376815444835,5
1470,resnet34,350,1.0,8
1471,vgg19,550,0.7412152580816892,11
1472,resnet18,350,0.6798528330010116,4
1473,resnet50,350,0.8169515861153699,7
1474,resnet18,550,0.9649971314956884,3
1475,vgg16,750,0.888612802013523,12
1476,vgg19,939,0.783629319224574,17
1477,efficientnetb1,750,1.0,3
1478,resnet50,550,0.3122123747244922,11
1479,efficientnetb1,350,0.7181138626700144,4
1480,resnet18,939,0.9772814215247084,3
1481,resnet34,350,0.7118597986318302,7
1482,resnet50,550,0.3122123747244922,11
1483,resnet34,750,0.7880649919244954,7
1484,efficientnetb1,550,0.2436659344100393,2
1485,vgg16,550,0.0199271539720846,1
1486,vgg16,939,0.4187967673445678,7
1487,efficientnetb0,550,0.7484594574197447,4
1488,densenet161,750,0.1955210426922513,9
1489,resnet50,350,0.5125994165201655,9
1490,vgg16,939,0.5638100259338691,8
1491,resnet50,350,0.5125994165201655,9
1492,resnet34,939,0.7020867334437453,8
1493,resnet18,939,0.666846850715217,4
1494,resnet18,750,0.9425112246169725,3
1495,efficientnetb1,939,0.4873612700075253,5
1496,densenet161,350,0.1012991674218925,4
1497,resnet50,550,0.4775732514001548,9
1498,resnet18,939,0.9772814215247084,3
1499,densenet161,350,0.9422217589427628,7
1500,efficientnetb1,350,1.0,3
1501,resnet18,750,1.0,2
1502,resnet34,550,1.0,8
1503,efficientnetb0,350,1.0,3
1504,efficientnetb1,350,1.0,3
1505,resnet50,939,0.8017819857800019,7
1506,resnet18,750,1.0,2
1507,densenet161,750,0.5067219862360387,5
1508,resnet50,750,1.0,5
1509,resnet50,550,0.645703014729161,8
1510,resnet34,350,0.5163674653124631,5
1511,resnet50,350,0.5125994165201655,9
1512,resnet18,350,1.0,3
1513,efficientnetb0,550,1.0,3
1514,resnet50,939,0.3012988939538109,3
1515,resnet18,550,0.9649971314956884,3
1516,densenet161,550,0.5735576563250782,5
1517,efficientnetb1,550,1.0,3
1518,densenet161,750,0.5067219862360387,5
1519,resnet34,939,1.0,6
1520,vgg19,750,0.9636492577949504,13
1521,resnet18,750,0.9425112246169725,3
1522,vgg19,350,0.786298354089681,18
1523,vgg19,550,0.3608150480635607,7
1524,densenet161,939,0.2831929044634787,5
1525,resnet34,550,0.6271701708292037,6
1526,resnet50,350,0.6807257591827157,8
1527,vgg16,350,0.7070851752612257,15
1528,resnet34,750,0.6733833829902832,6
1529,resnet50,550,0.4775732514001548,9
1530,vgg19,750,0.7336613700677788,18
1531,densenet161,350,0.472733213293796,5
1532,vgg16,350,0.7070851752612257,15
1533,resnet18,550,0.9649971314956884,3
1534,efficientnetb1,350,0.7181138626700144,4
1535,resnet50,750,0.3530361156189798,10
1536,resnet34,750,0.7880649919244954,7
1537,vgg19,750,0.482051380981956,8
1538,densenet161,350,0.472733213293796,5
1539,efficientnetb0,750,0.6483214388113725,4
1540,resnet34,350,0.7118597986318302,7
1541,densenet161,350,0.472733213293796,5
1542,vgg19,350,0.9884623593775808,15
1543,densenet161,750,0.0,1
1544,resnet18,939,0.9772814215247084,3
1545,efficientnetb0,939,1.0,3
1546,efficientnetb0,550,1.0,3
1547,densenet161,350,0.7705044620574577,6
1548,resnet50,550,0.4775732514001548,9
1549,vgg19,939,0.3144631067328258,6
1550,resnet50,939,0.8017819857800019,7
1551,vgg16,750,0.7687574864572922,16
1552,vgg16,550,1.0,12
1553,densenet161,350,0.472733213293796,5
1554,efficientnetb0,750,1.0,3
1555,resnet34,350,0.7118597986318302,7
1556,densenet161,550,0.5735576563250782,5
1557,efficientnetb1,939,0.7039994792384792,4
1558,resnet34,939,0.2104748857315504,1
1559,efficientnetb0,750,1.0,3
1560,resnet18,550,0.9649971314956884,3
1561,densenet161,350,0.472733213293796,5
1562,vgg19,550,0.7412152580816892,11
1563,resnet50,550,0.645703014729161,8
1564,efficientnetb1,350,0.0,1
1565,efficientnetb1,750,1.0,3
1566,efficientnetb1,750,0.7228690296773087,4
1567,vgg16,750,0.7792226912655664,15
1568,vgg19,750,0.9636492577949504,13
1569,efficientnetb0,750,1.0,3
1570,vgg16,550,0.9599292331742392,11
1571,efficientnetb0,750,1.0,3
1572,vgg16,750,1.0,14
1573,resnet34,750,0.6733833829902832,6
1574,resnet18,350,1.0,3
1575,efficientnetb0,939,1.0,3
1576,resnet50,350,1.0,6
1577,vgg16,939,0.4187967673445678,7
1578,efficientnetb0,350,0.7221681243288518,4
1579,resnet34,550,0.3605928556450244,3
1580,resnet18,550,0.9649971314956884,3
1581,densenet161,350,0.0213386295855335,3
1582,resnet18,939,0.9772814215247084,3
1583,vgg19,550,0.3992057636441661,5
1584,resnet18,350,1.0,3
1585,resnet50,350,0.6807257591827157,8
1586,vgg16,550,0.9461219284703368,13
1587,resnet18,350,1.0,3
1588,vgg19,939,1.0,15
1589,vgg19,550,0.4939105417814899,8
1590,efficientnetb1,939,0.7039994792384792,4
1591,vgg16,550,0.6944058532919857,15
1592,resnet18,750,0.9425112246169725,3
1593,efficientnetb0,550,1.0,3
1594,vgg16,939,0.8548072768189431,12
1595,resnet50,550,0.3122123747244922,11
1596,resnet18,750,0.9425112246169725,3
1597,efficientnetb0,550,1.0,3
1598,efficientnetb1,350,0.7181138626700144,4
1599,densenet161,939,0.2831929044634787,5
1600,resnet18,550,1.0,2
1601,efficientnetb0,939,1.0,3
1602,efficientnetb1,750,1.0,3
1603,efficientnetb1,550,1.0,3
1604,densenet161,350,0.472733213293796,5
1605,resnet50,750,0.5189759550817877,8
1606,resnet34,939,1.0,6
1607,densenet161,550,0.0210735879951949,3
1608,resnet18,350,1.0,3
1609,resnet18,350,0.5048206439889544,5
1610,efficientnetb0,939,1.0,3
1611,resnet50,550,0.3843551081414064,10
1612,resnet50,550,0.4775732514001548,9
1613,resnet50,550,0.8215124558966982,7
1614,efficientnetb1,550,0.6878389778024664,4
1615,vgg19,350,0.9884623593775808,15
1616,densenet161,750,0.5067219862360387,5
1617,resnet18,350,0.6798528330010116,4
1618,resnet50,550,0.645703014729161,8
1619,resnet18,750,1.0,2
1620,resnet50,939,0.8017819857800019,7
1621,resnet50,550,0.0097267662088094,1
1622,vgg19,350,0.9654136477619172,14
1623,vgg19,350,0.063159932094785,4
1624,vgg16,750,0.7792226912655664,15
1625,vgg19,350,0.4842986650150916,9
1626,densenet161,550,1.0,7
1627,vgg19,350,0.3670248005033085,6
1628,efficientnetb0,550,1.0,3
1629,efficientnetb1,550,1.0,3
1630,densenet161,350,0.9422217589427628,7
1631,vgg16,550,0.941205716630206,14
1632,vgg16,750,0.0240042451732625,4
1633,vgg16,550,0.6646720284686836,16
1634,densenet161,350,0.9422217589427628,7
1635,resnet34,550,1.0,8
1636,densenet161,939,0.8028649279588222,7
1637,vgg16,750,0.9989474447948092,13
1638,densenet161,750,0.0355493113357071,3
1639,resnet18,750,0.9425112246169725,3
1640,efficientnetb0,939,0.5462134982716761,5
1641,resnet50,550,0.645703014729161,8
1642,vgg16,939,0.8568556422949929,11
1643,resnet18,750,0.5563161859691826,1
1644,resnet34,750,0.7880649919244954,7
1645,efficientnetb0,550,0.7484594574197447,4
1646,vgg19,750,0.7555996769548718,17
1647,efficientnetb0,939,1.0,3
1648,vgg16,550,0.873525344145539,10
1649,resnet50,939,0.6400205520491736,8
1650,vgg19,350,0.0,1
1651,vgg19,350,0.9884623593775808,15
1652,vgg16,939,1.0,13
1653,resnet50,350,0.5125994165201655,9
1654,efficientnetb0,550,1.0,3
1655,resnet50,350,0.4185699515342624,10
1656,resnet50,750,0.3344894405367239,2
1657,densenet161,550,0.5735576563250782,5
1658,resnet50,550,0.645703014729161,8
1659,resnet18,939,0.9772814215247084,3
1660,resnet18,350,0.6798528330010116,4
1661,resnet18,550,0.6805816088044464,4
1662,resnet50,350,0.6807257591827157,8
1663,vgg16,350,0.7070851752612257,15
1664,vgg19,750,0.0863442753339673,3
1665,efficientnetb0,939,1.0,3
1666,resnet34,550,1.0,8
1667,efficientnetb0,350,1.0,3
1668,resnet34,350,0.7118597986318302,7
1669,resnet34,939,0.8120702549228033,7
1670,densenet161,939,0.2831929044634787,5
1671,vgg16,550,0.6395986703296175,8
1672,vgg19,550,0.3992057636441661,5
1673,resnet34,939,0.7020867334437453,8
1674,efficientnetb0,939,1.0,3
1675,resnet34,350,0.6392378211717704,6
1676,efficientnetb1,939,0.0,1
1677,densenet161,750,0.0193762853485244,2
1678,vgg16,550,0.9461219284703368,13
1679,efficientnetb1,550,1.0,3
1680,efficientnetb1,550,0.2436659344100393,2
1681,vgg19,350,0.063159932094785,4
1682,efficientnetb1,750,1.0,3
1683,resnet50,350,0.6807257591827157,8
1684,efficientnetb0,750,0.6483214388113725,4
1685,vgg19,939,0.958551617010162,14
1686,resnet50,550,0.8501913432605966,5
1687,efficientnetb1,750,0.258386396623143,2
1688,efficientnetb1,750,1.0,3
1689,vgg19,550,1.0,15
1690,resnet18,550,0.9649971314956884,3
1691,resnet18,750,1.0,2
1692,efficientnetb0,939,1.0,3
1693,vgg16,750,0.3927521762586766,6
1694,vgg19,750,0.1063831635744575,4
1695,efficientnetb0,550,1.0,3
1696,densenet161,939,0.8028649279588222,7
1697,vgg19,550,0.0192737323606945,1
1698,efficientnetb1,939,1.0,3
1699,resnet50,750,0.5189759550817877,8
1700,vgg19,550,0.7209260725133116,18
1701,resnet34,550,0.6271701708292037,6
1702,efficientnetb1,939,0.7039994792384792,4
1703,densenet161,550,0.5735576563250782,5
1704,vgg19,939,1.0,15
1705,efficientnetb0,350,0.4626689598236604,5
1706,vgg19,750,0.9636492577949504,13
1707,efficientnetb1,939,0.7039994792384792,4
1708,efficientnetb1,750,1.0,3
1709,vgg16,550,0.6395986703296175,8
1710,resnet50,750,0.8540914514899219,6
1711,resnet50,550,0.8215124558966982,7
1712,resnet18,550,1.0,2
1713,resnet34,939,0.2104748857315504,1
1714,vgg19,750,0.9936879963126718,15
1715,efficientnetb0,939,0.6801221238861833,4
1716,vgg19,550,0.7412152580816892,11
1717,vgg19,750,1.0,16
1718,vgg19,939,0.1144285467096243,4
1719,vgg19,350,0.4051376815444835,5
1720,efficientnetb0,550,1.0,3
1721,vgg19,350,0.9722792391750928,13
1722,efficientnetb0,350,0.7221681243288518,4
1723,resnet50,550,0.8215124558966982,7
1724,efficientnetb1,350,0.5010852886204035,5
1725,efficientnetb1,939,1.0,3
1726,densenet161,939,0.2831929044634787,5
1727,resnet18,939,1.0,2
1728,vgg16,939,0.5638100259338691,8
1729,vgg19,350,0.7874284582909132,17
1730,resnet50,750,0.41601881255758,9
1731,efficientnetb1,939,1.0,3
1732,vgg16,350,0.968053827189964,11
1733,efficientnetb0,939,0.0,1
1734,vgg19,939,1.0,15
1735,densenet161,550,0.5735576563250782,5
1736,densenet161,939,0.2831929044634787,5
1737,resnet18,350,1.0,3
1738,resnet50,750,0.8540914514899219,6
1739,vgg19,550,0.0,2
1740,densenet161,939,0.2831929044634787,5
1741,resnet34,350,0.3864954674184693,4
1742,resnet50,550,0.8215124558966982,7
1743,densenet161,550,0.0323579521725776,2
1744,densenet161,550,0.5735576563250782,5
1745,efficientnetb0,550,0.0,1
1746,resnet50,550,0.8501913432605966,5
1747,resnet18,350,1.0,3
1748,efficientnetb1,750,1.0,3
1749,resnet50,350,0.5125994165201655,9
1750,vgg16,939,0.7391812735874347,15
1751,efficientnetb0,550,1.0,3
1752,vgg19,750,0.7555996769548718,17
1753,resnet34,750,0.4742055237385399,5
1754,densenet161,550,0.5735576563250782,5
1755,resnet34,939,1.0,6
1756,resnet50,550,0.4611472962789475,4
1757,efficientnetb1,550,0.6878389778024664,4
1758,resnet18,550,0.9649971314956884,3
1759,vgg19,550,1.0,15
1760,densenet161,939,0.2831929044634787,5
1761,efficientnetb0,350,1.0,3
1762,resnet18,750,0.5563161859691826,1
1763,resnet18,550,0.9649971314956884,3
1764,resnet18,939,0.9772814215247084,3
1765,densenet161,350,0.472733213293796,5
1766,resnet18,750,0.9425112246169725,3
1767,resnet18,939,0.9772814215247084,3
1768,resnet50,550,1.0,6
1769,resnet50,350,0.8169515861153699,7
1770,densenet161,939,0.2831929044634787,5
1771,resnet34,750,0.6733833829902832,6
1772,densenet161,939,0.2831929044634787,5
1773,resnet18,550,0.9649971314956884,3
1774,vgg19,750,0.7134880992516057,11
1775,vgg16,350,0.6117716042882734,8
1776,efficientnetb0,550,1.0,3
1777,efficientnetb0,350,0.4626689598236604,5
1778,densenet161,750,0.5067219862360387,5
1779,resnet50,939,0.6400205520491736,8
1780,efficientnetb1,750,0.5409660759543289,5
1781,vgg19,550,0.0,2
1782,vgg19,750,0.9936879963126718,15
1783,vgg19,350,0.9884623593775808,15
1784,efficientnetb1,550,1.0,3
1785,efficientnetb1,550,1.0,3
1786,densenet161,350,0.0213386295855335,3
1787,resnet34,550,0.8215653788441881,7
1788,vgg19,750,0.482051380981956,8
1789,vgg19,939,0.9322438807363724,13
1790,efficientnetb1,750,1.0,3
1791,vgg19,350,0.3670248005033085,6
1792,densenet161,350,0.472733213293796,5
1793,efficientnetb1,350,1.0,3
1794,densenet161,350,0.0213386295855335,3
1795,densenet161,350,0.472733213293796,5
1796,vgg19,550,1.0,15
1797,resnet34,550,0.6271701708292037,6
1798,efficientnetb0,550,1.0,3
1799,densenet161,550,0.5735576563250782,5
1800,resnet50,939,0.6400205520491736,8
1801,efficientnetb1,350,1.0,3
1802,efficientnetb0,750,1.0,3
1803,densenet161,550,0.5735576563250782,5
1804,vgg16,550,0.0768889395683232,3
1805,resnet50,750,0.5189759550817877,8
1806,efficientnetb0,939,1.0,3
1807,efficientnetb0,750,1.0,3
1808,vgg16,750,0.9989474447948092,13
1809,efficientnetb1,939,1.0,3
1810,resnet34,350,0.6392378211717704,6
1811,densenet161,939,0.2831929044634787,5
1812,vgg16,750,0.0835468528760409,3
1813,resnet18,750,1.0,2
1814,vgg19,550,0.93432282209291,16
1815,resnet34,550,0.8215653788441881,7
1816,resnet50,750,0.692684175445151,7
1817,vgg16,350,0.9150494503700808,13
1818,efficientnetb1,350,0.5010852886204035,5
1819,efficientnetb1,939,1.0,3
1820,efficientnetb1,750,1.0,3
1821,densenet161,750,0.5067219862360387,5
1822,resnet50,750,0.692684175445151,7
1823,vgg19,939,1.0,15
1824,efficientnetb1,939,1.0,3
1825,resnet18,550,0.9649971314956884,3
1826,resnet18,939,0.9772814215247084,3
1827,efficientnetb0,550,1.0,3
1828,resnet18,750,0.9425112246169725,3
1829,efficientnetb1,550,1.0,3
1830,efficientnetb0,550,1.0,3
1831,resnet50,750,0.5189759550817877,8
1832,resnet50,350,0.8169515861153699,7
1833,vgg19,750,0.9936879963126718,15
1834,resnet18,550,0.6805816088044464,4
1835,resnet18,939,0.9772814215247084,3
1836,vgg16,939,0.5638100259338691,8
1837,vgg16,750,0.9989474447948092,13
1838,densenet161,939,0.2831929044634787,5
1839,efficientnetb1,550,1.0,3
1840,vgg19,939,1.0,15
1841,densenet161,939,0.2994714122049385,4
1842,resnet18,350,1.0,3
1843,resnet50,750,0.5189759550817877,8
1844,efficientnetb0,750,1.0,3
1845,vgg19,550,1.0,15
1846,resnet34,750,0.6733833829902832,6
1847,efficientnetb1,750,1.0,3
1848,resnet18,350,1.0,3
1849,densenet161,550,0.5735576563250782,5
1850,densenet161,350,0.9422217589427628,7
1851,resnet34,350,0.7118597986318302,7
1852,resnet18,550,0.9649971314956884,3
1853,vgg19,750,0.0,1
1854,resnet18,939,0.9772814215247084,3
1855,resnet18,350,1.0,3
1856,resnet50,939,0.8017819857800019,7
1857,efficientnetb0,750,1.0,3
1858,resnet34,350,0.6392378211717704,6
1859,resnet50,350,0.6807257591827157,8
1860,vgg16,350,0.9150494503700808,13
1861,vgg19,939,0.3698836387150448,7
1862,efficientnetb1,350,1.0,3
1863,resnet50,350,0.0174859151390518,1
1864,vgg16,939,0.0381294915227273,4
1865,resnet18,350,0.6798528330010116,4
1866,resnet18,350,1.0,3
1867,resnet34,350,0.19930012289416,2
1868,resnet34,750,0.6733833829902832,6
1869,efficientnetb0,939,0.6801221238861833,4
1870,efficientnetb0,550,1.0,3
1871,efficientnetb0,350,1.0,3
1872,resnet50,939,0.6400205520491736,8
1873,efficientnetb1,939,1.0,3
1874,vgg16,939,0.8548072768189431,12
1875,resnet34,550,0.6271701708292037,6
1876,resnet50,939,0.481243768988981,4
1877,resnet50,939,0.8248723661787692,5
1878,efficientnetb1,939,1.0,3
1879,efficientnetb0,550,1.0,3
1880,vgg16,750,0.9989474447948092,13
1881,efficientnetb0,550,1.0,3
1882,resnet34,750,0.6733833829902832,6
1883,efficientnetb1,550,1.0,3
1884,efficientnetb0,350,1.0,3
1885,efficientnetb0,550,0.0,1
1886,vgg16,350,0.9208348165236296,10
1887,efficientnetb0,750,1.0,3
1888,resnet18,350,0.9463184463728672,2
1889,resnet18,350,1.0,3
1890,vgg16,939,0.7391812735874347,15
1891,efficientnetb1,750,0.5409660759543289,5
1892,densenet161,350,0.7705044620574577,6
1893,efficientnetb1,350,0.7181138626700144,4
1894,vgg16,350,0.0,1
1895,resnet34,750,0.7880649919244954,7
1896,resnet50,750,0.692684175445151,7
1897,resnet18,750,0.9425112246169725,3
1898,efficientnetb0,750,1.0,3
1899,resnet18,939,0.9772814215247084,3
1900,efficientnetb0,939,1.0,3
1901,densenet161,350,0.472733213293796,5
1902,resnet50,750,0.5242927837491854,3
1903,resnet18,939,0.9772814215247084,3
1904,efficientnetb0,939,0.2344467476320147,6
1905,vgg19,750,0.9936879963126718,15
1906,resnet18,550,0.9649971314956884,3
1907,vgg19,550,0.9153142027929496,13
1908,efficientnetb1,939,1.0,3
1909,densenet161,750,0.5067219862360387,5
1910,resnet50,750,0.5189759550817877,8
1911,resnet50,750,0.692684175445151,7
1912,vgg19,550,0.93432282209291,16
1913,resnet34,750,0.7880649919244954,7
1914,vgg16,350,0.9150494503700808,13
1915,resnet34,350,0.19930012289416,2
1916,densenet161,550,0.8307012363387156,6
1917,vgg19,350,0.9884623593775808,15
1918,efficientnetb1,550,1.0,3
1919,resnet50,939,0.6400205520491736,8
1920,densenet161,350,0.472733213293796,5
1921,resnet34,350,0.2851988166522616,3
1922,densenet161,939,0.2831929044634787,5
1923,efficientnetb0,550,1.0,3
1924,resnet50,750,0.692684175445151,7
1925,vgg19,750,0.482051380981956,8
1926,vgg19,750,0.7549293405793684,12
1927,vgg16,939,1.0,13
1928,resnet34,550,0.8215653788441881,7
1929,efficientnetb0,750,1.0,3
1930,densenet161,939,0.2831929044634787,5
1931,vgg16,939,1.0,13
1932,resnet50,550,0.645703014729161,8
1933,efficientnetb0,550,1.0,3
1934,vgg19,350,0.3670248005033085,6
1935,resnet34,939,1.0,6
1936,resnet18,350,0.6798528330010116,4
1937,efficientnetb1,350,1.0,3
1938,vgg19,939,0.7038804657074393,11
1939,efficientnetb0,350,1.0,3
1940,densenet161,939,0.8028649279588222,7
1941,resnet50,750,0.692684175445151,7
1942,efficientnetb1,939,1.0,3
1943,efficientnetb1,939,1.0,3
1944,densenet161,550,0.0210735879951949,3
1945,resnet50,750,0.5189759550817877,8
1946,resnet50,550,0.645703014729161,8
1947,resnet18,939,0.9772814215247084,3
1948,resnet50,939,0.8017819857800019,7
1949,densenet161,939,0.2831929044634787,5
1950,resnet18,550,0.9649971314956884,3
1951,resnet34,550,0.6271701708292037,6
1952,vgg19,939,1.0,15
1953,resnet34,350,0.5163674653124631,5
1954,resnet34,550,0.6271701708292037,6
1955,resnet34,550,0.8215653788441881,7
1956,vgg16,550,0.6336692532833877,9
1957,resnet34,939,1.0,6
1958,densenet161,939,0.2831929044634787,5
1959,resnet50,750,0.692684175445151,7
1960,vgg19,939,0.3698836387150448,7
1961,resnet34,750,0.7880649919244954,7
1962,resnet18,350,1.0,3
1963,resnet34,550,0.8215653788441881,7
1964,vgg16,750,0.9989474447948092,13
1965,resnet50,939,0.3012988939538109,3
1966,efficientnetb0,550,1.0,3
1967,resnet18,550,1.0,2
1968,efficientnetb1,750,1.0,3
1969,resnet50,550,0.645703014729161,8
1970,vgg19,750,0.9936879963126718,15
1971,efficientnetb1,350,1.0,3
1972,vgg19,939,0.9322438807363724,13
1973,efficientnetb1,350,1.0,3
1974,vgg19,750,0.9936879963126718,15
1975,resnet34,750,0.7880649919244954,7
1976,resnet18,350,1.0,3
1977,resnet18,750,0.4551076759252049,5
1978,efficientnetb0,550,0.7484594574197447,4
1979,resnet50,939,0.6400205520491736,8
1980,resnet50,550,0.645703014729161,8
1981,vgg16,550,0.9461219284703368,13
1982,resnet34,350,0.6392378211717704,6
1983,vgg16,350,0.9208348165236296,10
1984,efficientnetb0,350,1.0,3
1985,resnet18,939,0.9772814215247084,3
1986,resnet18,939,0.666846850715217,4
1987,vgg16,550,0.4337023661646058,6
1988,densenet161,750,0.5067219862360387,5
1989,efficientnetb0,350,0.7221681243288518,4
1990,efficientnetb0,550,1.0,3
1991,densenet161,939,0.2831929044634787,5
1992,efficientnetb1,550,1.0,3
1993,efficientnetb1,939,1.0,3
1994,resnet34,350,0.7118597986318302,7
1995,efficientnetb1,750,0.7228690296773087,4
1996,resnet34,939,0.8120702549228033,7
1997,resnet50,750,0.692684175445151,7
1998,vgg19,550,0.7587179131016882,12
1999,vgg16,939,0.7391812735874347,15
2000,vgg16,750,0.9989474447948092,13
2001,vgg16,550,0.6336692532833877,9
2002,efficientnetb0,550,1.0,3
2003,efficientnetb1,550,0.6878389778024664,4
2004,resnet18,750,0.6570784835049883,4
2005,resnet34,939,0.8120702549228033,7
2006,resnet18,750,0.9425112246169725,3
2007,efficientnetb1,939,1.0,3
2008,efficientnetb1,550,0.6878389778024664,4
2009,efficientnetb0,750,0.6483214388113725,4
2010,efficientnetb1,350,1.0,3
2011,resnet50,750,0.692684175445151,7
2012,resnet50,750,0.5189759550817877,8
2013,resnet50,350,0.6807257591827157,8
2014,resnet50,550,0.645703014729161,8
2015,efficientnetb0,750,1.0,3
2016,resnet34,750,0.7880649919244954,7
2017,efficientnetb0,939,1.0,3
2018,resnet50,350,0.8169515861153699,7
2019,resnet50,550,0.645703014729161,8
2020,efficientnetb0,750,1.0,3
2021,vgg16,550,0.0,2
2022,vgg19,750,0.482051380981956,8
2023,vgg16,350,0.9150494503700808,13
2024,resnet50,550,0.8215124558966982,7
2025,resnet34,939,0.5574747946963727,9
2026,resnet50,350,0.8169515861153699,7
2027,vgg19,939,0.4910509157637427,8
2028,resnet50,350,0.5125994165201655,9
2029,resnet50,350,0.6807257591827157,8
2030,efficientnetb1,750,1.0,3
2031,vgg19,939,0.783629319224574,17
2032,efficientnetb0,750,1.0,3
2033,resnet50,939,0.8017819857800019,7
2034,efficientnetb1,750,1.0,3
2035,vgg19,550,0.3992057636441661,5
2036,resnet18,350,1.0,3
2037,efficientnetb1,939,0.7039994792384792,4
2038,vgg19,750,0.3776216428097246,7
2039,efficientnetb1,350,1.0,3
2040,densenet161,750,0.5067219862360387,5
2041,vgg16,939,1.0,13
2042,resnet18,550,0.9649971314956884,3
2043,resnet34,350,0.7118597986318302,7
2044,efficientnetb1,939,1.0,3
2045,resnet34,750,0.7880649919244954,7
2046,vgg19,939,1.0,15
2047,efficientnetb1,939,1.0,3
2048,vgg16,350,0.9150494503700808,13
2049,vgg16,750,0.9989474447948092,13
2050,vgg16,939,1.0,13
2051,vgg19,550,0.1248786103205342,4
2052,densenet161,550,0.5735576563250782,5
2053,vgg19,939,0.0,2
2054,resnet34,350,0.6392378211717704,6
2055,vgg16,939,1.0,13
2056,efficientnetb1,550,1.0,3
2057,efficientnetb0,750,0.4450311925360435,5
2058,resnet34,750,0.6733833829902832,6
2059,resnet34,550,0.6271701708292037,6
2060,vgg19,550,0.0192737323606945,1
2061,resnet18,939,1.0,2
2062,resnet50,350,0.6807257591827157,8
2063,resnet34,350,0.7118597986318302,7
2064,efficientnetb1,750,1.0,3
2065,densenet161,939,0.0601439006764898,1
2066,vgg19,939,0.9322438807363724,13
2067,efficientnetb0,939,1.0,3
2068,efficientnetb1,350,1.0,3
2069,resnet50,550,0.8215124558966982,7
2070,resnet50,550,0.8215124558966982,7
2071,resnet18,750,0.9425112246169725,3
2072,vgg16,750,0.9989474447948092,13
2073,efficientnetb1,939,1.0,3
2074,resnet18,550,0.9649971314956884,3
2075,vgg16,750,0.7792226912655664,15
2076,vgg19,350,0.3463718988145903,7
2077,resnet34,750,1.0,8
2078,resnet18,750,0.9425112246169725,3
2079,densenet161,939,0.2831929044634787,5
2080,resnet18,550,1.0,2
2081,efficientnetb0,550,1.0,3
2082,resnet50,550,0.645703014729161,8
2083,efficientnetb1,550,1.0,3
2084,vgg19,939,0.783629319224574,17
2085,efficientnetb1,550,0.6878389778024664,4
2086,resnet50,550,0.645703014729161,8
2087,efficientnetb1,550,1.0,3
2088,efficientnetb1,350,1.0,3
2089,resnet50,750,0.5242927837491854,3
2090,resnet18,939,0.9772814215247084,3
2091,resnet34,350,0.19930012289416,2
2092,efficientnetb0,550,0.2755689518747824,6
2093,resnet34,939,0.8120702549228033,7
2094,resnet18,550,0.9649971314956884,3
2095,resnet50,939,0.8017819857800019,7
2096,efficientnetb1,350,0.7181138626700144,4
2097,vgg16,939,0.5638100259338691,8
2098,vgg19,750,0.9936879963126718,15
2099,resnet18,939,0.9772814215247084,3
2100,resnet50,750,0.5189759550817877,8
2101,vgg16,939,1.0,13
2102,resnet50,550,0.8215124558966982,7
2103,vgg19,750,0.9636492577949504,13
2104,resnet34,750,0.4742055237385399,5
2105,efficientnetb0,550,1.0,3
2106,vgg19,350,0.9884623593775808,15
2107,efficientnetb1,750,1.0,3
2108,densenet161,750,0.5067219862360387,5
2109,resnet18,939,0.9772814215247084,3
2110,efficientnetb0,750,1.0,3
2111,efficientnetb1,550,1.0,3
2112,densenet161,350,0.472733213293796,5
2113,resnet18,939,0.666846850715217,4
2114,densenet161,939,0.2831929044634787,5
2115,resnet18,939,0.9772814215247084,3
2116,resnet18,939,0.9772814215247084,3
2117,densenet161,350,0.0,1
2118,vgg19,350,0.9884623593775808,15
2119,resnet50,750,0.5189759550817877,8
2120,vgg19,350,0.9722792391750928,13
2121,vgg16,939,0.0381294915227273,4
2122,resnet34,550,0.6271701708292037,6
2123,densenet161,750,0.5067219862360387,5
2124,vgg19,750,0.9936879963126718,15
2125,resnet50,550,0.645703014729161,8
2126,efficientnetb1,350,1.0,3
2127,efficientnetb1,350,1.0,3
2128,vgg19,939,0.7038804657074393,11
2129,vgg16,939,1.0,13
2130,resnet18,350,1.0,3
2131,vgg16,550,0.9461219284703368,13
2132,resnet50,939,0.4611727687596107,9
2133,resnet34,350,0.6392378211717704,6
2134,vgg16,750,0.8760175184574507,11
2135,resnet18,350,1.0,3
2136,resnet34,939,1.0,6
2137,resnet50,550,0.8215124558966982,7
2138,resnet50,550,0.8215124558966982,7
2139,vgg19,939,1.0,15
2140,resnet18,350,0.5934360820487711,1
2141,resnet34,939,0.7089537968694798,4
2142,resnet18,750,0.6570784835049883,4
2143,efficientnetb0,350,1.0,3
2144,efficientnetb0,550,1.0,3
2145,resnet50,750,1.0,5
2146,resnet34,550,0.6271701708292037,6
2147,resnet34,350,1.0,8
2148,efficientnetb1,750,1.0,3
2149,resnet50,350,0.8169515861153699,7
2150,densenet161,939,0.2831929044634787,5
2151,efficientnetb1,350,1.0,3
2152,efficientnetb0,750,1.0,3
2153,vgg19,750,0.0,1
2154,resnet18,939,0.9772814215247084,3
2155,resnet34,350,0.6392378211717704,6
2156,densenet161,750,0.7754817419817108,6
2157,efficientnetb1,939,1.0,3
2158,resnet50,939,0.3012988939538109,3
2159,efficientnetb1,350,1.0,3
2160,resnet34,350,0.2851988166522616,3
2161,vgg16,939,1.0,13
2162,vgg19,550,1.0,15
2163,efficientnetb1,750,1.0,3
2164,resnet50,750,0.692684175445151,7
2165,densenet161,939,0.0018556587877228,3
2166,vgg19,550,1.0,15
2167,efficientnetb1,350,1.0,3
2168,vgg16,939,1.0,13
2169,resnet18,550,0.9649971314956884,3
2170,efficientnetb1,550,1.0,3
2171,vgg16,350,0.9150494503700808,13
2172,densenet161,750,0.5067219862360387,5
2173,efficientnetb1,350,0.7181138626700144,4
2174,resnet34,939,0.8527581774225047,5
2175,vgg19,939,1.0,15
2176,vgg16,350,0.9150494503700808,13
2177,vgg16,939,0.0060710231598882,1
2178,vgg16,750,0.9989474447948092,13
2179,resnet34,939,0.8120702549228033,7
2180,densenet161,939,0.2831929044634787,5
2181,resnet18,550,0.9649971314956884,3
2182,resnet18,350,0.9463184463728672,2
2183,densenet161,350,0.472733213293796,5
2184,resnet18,350,1.0,3
2185,vgg19,350,0.9654136477619172,14
2186,vgg16,350,0.9150494503700808,13
2187,resnet18,939,0.9772814215247084,3
2188,efficientnetb0,939,1.0,3
2189,vgg16,350,0.7070851752612257,15
2190,resnet34,939,0.8120702549228033,7
2191,resnet34,550,0.6271701708292037,6
2192,vgg19,550,0.1248786103205342,4
2193,resnet34,550,0.6271701708292037,6
2194,resnet50,939,0.8017819857800019,7
2195,resnet50,750,0.692684175445151,7
2196,resnet50,750,0.9081489241651808,4
2197,efficientnetb0,550,1.0,3
2198,densenet161,350,0.472733213293796,5
2199,vgg16,939,0.0,2
2200,efficientnetb0,550,0.7484594574197447,4
2201,densenet161,750,0.7754817419817108,6
2202,resnet18,550,1.0,2
2203,efficientnetb1,350,1.0,3
2204,efficientnetb0,939,0.245393377540531,2
2205,resnet50,750,0.692684175445151,7
2206,densenet161,939,0.2831929044634787,5
2207,efficientnetb0,750,0.0,1
2208,densenet161,750,0.5067219862360387,5
2209,vgg19,350,0.9884623593775808,15
2210,resnet18,550,1.0,2
2211,densenet161,550,0.5735576563250782,5
2212,resnet50,750,0.692684175445151,7
2213,vgg16,750,0.9989474447948092,13
2214,resnet50,350,0.8169515861153699,7
2215,efficientnetb1,939,1.0,3
2216,resnet50,939,0.8017819857800019,7
2217,efficientnetb0,550,1.0,3
2218,efficientnetb0,750,1.0,3
2219,vgg16,750,0.0835468528760409,3
2220,vgg19,750,0.9936879963126718,15
2221,resnet50,750,0.692684175445151,7
2222,densenet161,750,0.5067219862360387,5
2223,resnet18,350,1.0,3
2224,efficientnetb1,939,1.0,3
2225,efficientnetb0,550,0.7484594574197447,4
2226,densenet161,750,0.5067219862360387,5
2227,resnet34,939,1.0,6
2228,efficientnetb1,939,1.0,3
2229,resnet34,939,0.8120702549228033,7
2230,resnet50,750,0.5189759550817877,8
2231,resnet18,939,0.9772814215247084,3
2232,resnet18,550,0.6805816088044464,4
2233,resnet34,350,0.7118597986318302,7
2234,resnet50,350,0.8169515861153699,7
2235,resnet34,750,0.6733833829902832,6
2236,resnet18,939,0.9772814215247084,3
2237,efficientnetb0,550,0.7484594574197447,4
2238,resnet34,350,0.7118597986318302,7
2239,vgg16,750,0.0058887013115276,1
2240,efficientnetb1,750,1.0,3
2241,resnet34,939,1.0,6
2242,vgg19,750,1.0,16
2243,densenet161,550,0.5735576563250782,5
2244,resnet18,939,1.0,2
2245,efficientnetb0,750,0.6483214388113725,4
2246,resnet18,939,0.9772814215247084,3
2247,vgg19,750,0.9936879963126718,15
2248,resnet50,750,0.8540914514899219,6
2249,resnet50,750,0.692684175445151,7
2250,efficientnetb0,939,1.0,3
2251,vgg19,350,0.7047271852759325,10
2252,resnet34,939,1.0,6
2253,resnet18,350,0.6798528330010116,4
2254,efficientnetb0,939,1.0,3
2255,vgg19,550,1.0,15
2256,efficientnetb1,750,0.7228690296773087,4
2257,vgg16,750,0.9989474447948092,13
2258,resnet34,750,0.1441687792856025,1
2259,efficientnetb1,939,1.0,3
2260,vgg19,350,0.9884623593775808,15
2261,resnet34,939,1.0,6
2262,resnet18,939,0.9772814215247084,3
2263,densenet161,550,0.8307012363387156,6
2264,resnet50,550,0.8215124558966982,7
2265,resnet34,750,0.7880649919244954,7
2266,efficientnetb0,750,1.0,3
2267,vgg16,550,0.9599292331742392,11
2268,resnet50,939,0.8017819857800019,7
2269,densenet161,750,0.0193762853485244,2
2270,resnet18,350,1.0,3
2271,resnet18,750,0.9425112246169725,3
2272,densenet161,750,0.5067219862360387,5
2273,efficientnetb0,750,0.4450311925360435,5
2274,vgg19,750,0.9936879963126718,15
2275,efficientnetb1,550,1.0,3
2276,densenet161,939,0.2831929044634787,5
2277,densenet161,350,0.472733213293796,5
2278,resnet34,750,0.7880649919244954,7
2279,resnet50,550,0.8215124558966982,7
2280,densenet161,939,0.2831929044634787,5
2281,efficientnetb1,550,1.0,3
2282,resnet34,750,0.1441687792856025,1
2283,resnet50,350,0.8169515861153699,7
2284,resnet18,550,0.9649971314956884,3
2285,vgg16,350,0.9150494503700808,13
2286,densenet161,350,0.472733213293796,5
2287,efficientnetb0,550,1.0,3
2288,vgg16,939,1.0,13
2289,efficientnetb0,939,1.0,3
2290,resnet50,550,0.8215124558966982,7
2291,efficientnetb0,550,1.0,3
2292,vgg19,550,1.0,15
2293,resnet18,550,1.0,2
2294,vgg16,350,0.9150494503700808,13
2295,vgg19,939,0.053642035656265,3
2296,vgg19,939,1.0,15
2297,densenet161,750,0.5067219862360387,5
2298,efficientnetb0,550,0.7484594574197447,4
2299,efficientnetb1,939,1.0,3
2300,vgg19,750,0.9636492577949504,13
2301,resnet50,750,0.692684175445151,7
2302,resnet34,350,0.6392378211717704,6
2303,efficientnetb0,750,1.0,3
2304,vgg16,939,0.8568556422949929,11
2305,resnet34,750,0.7880649919244954,7
2306,efficientnetb0,550,1.0,3
2307,densenet161,939,0.2831929044634787,5
2308,vgg16,939,0.8568556422949929,11
2309,vgg19,350,0.0,1
2310,densenet161,750,0.5067219862360387,5
2311,resnet50,750,0.5189759550817877,8
2312,efficientnetb1,939,1.0,3
2313,densenet161,350,0.472733213293796,5
2314,resnet18,350,1.0,3
2315,densenet161,939,0.2831929044634787,5
2316,resnet50,750,0.5189759550817877,8
2317,resnet18,939,1.0,2
2318,vgg19,939,1.0,15
2319,resnet50,750,0.41601881255758,9
2320,densenet161,350,0.472733213293796,5
2321,resnet50,750,1.0,5
2322,vgg16,550,0.9461219284703368,13
2323,vgg16,939,1.0,13
2324,vgg16,550,0.9461219284703368,13
2325,vgg19,550,0.527063884872579,9
2326,resnet50,550,0.8215124558966982,7
2327,efficientnetb1,939,1.0,3
2328,resnet50,550,0.8215124558966982,7
2329,resnet34,550,0.6271701708292037,6
2330,vgg16,550,0.0768889395683232,3
2331,densenet161,939,1.0,6
2332,resnet18,750,0.6570784835049883,4
2333,efficientnetb0,939,1.0,3
2334,resnet50,350,0.8169515861153699,7
2335,resnet50,750,0.692684175445151,7
2336,resnet50,939,0.8017819857800019,7
2337,densenet161,350,0.472733213293796,5
2338,efficientnetb1,750,0.7228690296773087,4
2339,resnet18,939,0.9772814215247084,3
2340,vgg19,550,0.7412152580816892,11
2341,resnet50,350,0.8169515861153699,7
2342,vgg19,550,1.0,15
2343,vgg19,750,0.9936879963126718,15
2344,efficientnetb1,750,1.0,3
2345,efficientnetb1,350,1.0,3
2346,vgg19,750,0.9936879963126718,15
2347,resnet34,550,1.0,8
2348,vgg16,550,0.9599292331742392,11
2349,vgg16,750,0.9989474447948092,13
2350,resnet50,939,0.8017819857800019,7
2351,efficientnetb0,750,0.4450311925360435,5
2352,resnet18,350,1.0,3
2353,efficientnetb1,750,1.0,3
2354,efficientnetb1,550,1.0,3
2355,densenet161,939,0.2831929044634787,5
2356,efficientnetb0,939,1.0,3
2357,resnet34,550,0.6271701708292037,6
2358,efficientnetb1,350,1.0,3
2359,resnet34,750,0.7880649919244954,7
2360,densenet161,550,0.5735576563250782,5
2361,resnet34,550,0.8215653788441881,7
2362,vgg19,550,1.0,15
2363,vgg19,550,0.1112152559945396,3
2364,efficientnetb1,550,1.0,3
2365,vgg19,939,0.4817677379651593,9
2366,efficientnetb1,350,1.0,3
2367,vgg16,939,0.4173293874259716,5
2368,resnet34,550,0.8215653788441881,7
2369,efficientnetb0,939,1.0,3
2370,vgg19,750,0.9936879963126718,15
2371,densenet161,750,0.5067219862360387,5
2372,vgg19,750,0.0061276421520036,2
2373,densenet161,350,0.9422217589427628,7
2374,vgg16,750,0.6199568106045172,9
2375,resnet50,750,1.0,5
2376,vgg16,939,1.0,13
2377,vgg19,750,0.9936879963126718,15
2378,resnet34,750,0.7880649919244954,7
2379,resnet18,550,1.0,2
2380,vgg16,939,0.5519575390300896,9
2381,efficientnetb1,350,1.0,3
2382,vgg16,350,0.9150494503700808,13
2383,efficientnetb1,350,1.0,3
2384,densenet161,750,0.5067219862360387,5
2385,vgg19,550,0.3992057636441661,5
2386,vgg19,550,0.7144872600964158,10
2387,densenet161,550,0.5735576563250782,5
2388,resnet18,350,0.5934360820487711,1
2389,efficientnetb1,750,0.258386396623143,2
2390,densenet161,550,0.0210735879951949,3
2391,efficientnetb0,550,1.0,3
2392,densenet161,350,0.472733213293796,5
2393,resnet50,750,0.692684175445151,7
2394,efficientnetb0,750,1.0,3
2395,efficientnetb0,750,1.0,3
2396,resnet34,750,0.7880649919244954,7
2397,efficientnetb1,750,1.0,3
2398,densenet161,550,0.5735576563250782,5
2399,resnet50,939,0.8017819857800019,7
2400,efficientnetb1,750,1.0,3
2401,resnet18,550,0.9649971314956884,3
2402,vgg19,750,0.9936879963126718,15
2403,efficientnetb0,550,1.0,3
2404,efficientnetb0,939,0.6801221238861833,4
2405,vgg19,550,0.3630539177738009,6
2406,resnet34,939,0.8120702549228033,7
2407,efficientnetb0,550,1.0,3
2408,densenet161,350,0.472733213293796,5
2409,resnet34,939,1.0,6
2410,resnet34,939,0.8527581774225047,5
2411,resnet50,939,0.8017819857800019,7
2412,resnet50,350,0.8169515861153699,7
2413,vgg16,750,0.3719773828090447,7
2414,vgg19,350,0.9884623593775808,15
2415,densenet161,550,0.5735576563250782,5
2416,vgg19,939,1.0,15
2417,densenet161,550,0.5735576563250782,5
2418,efficientnetb1,550,1.0,3
2419,vgg19,939,1.0,15
2420,vgg16,939,0.0548212617333455,3
2421,vgg16,939,0.5519575390300896,9
2422,vgg19,550,1.0,15
2423,efficientnetb1,750,0.7228690296773087,4
2424,resnet34,550,0.6271701708292037,6
2425,vgg16,939,1.0,13
2426,efficientnetb0,750,1.0,3
2427,resnet18,550,0.9649971314956884,3
2428,efficientnetb1,550,1.0,3
2429,vgg19,350,0.9884623593775808,15
2430,vgg19,939,1.0,15
2431,vgg19,550,1.0,15
2432,resnet34,350,0.1157963719048598,1
2433,efficientnetb1,550,1.0,3
2434,vgg16,350,0.9150494503700808,13
2435,resnet18,550,0.46598992776295,5
2436,densenet161,550,0.5735576563250782,5
2437,efficientnetb0,939,1.0,3
2438,efficientnetb0,350,1.0,3
2439,resnet34,350,0.7118597986318302,7
2440,densenet161,350,0.472733213293796,5
2441,resnet18,350,1.0,3
2442,vgg19,550,1.0,15
2443,vgg16,350,0.9150494503700808,13
2444,resnet18,550,0.9649971314956884,3
2445,efficientnetb0,750,0.6483214388113725,4
2446,resnet50,939,0.8017819857800019,7
2447,vgg16,750,0.0,2
2448,resnet18,750,0.9425112246169725,3
2449,vgg19,350,0.9884623593775808,15
2450,densenet161,550,0.8307012363387156,6
2451,efficientnetb1,750,1.0,3
2452,vgg16,550,0.9461219284703368,13
2453,resnet50,550,0.8215124558966982,7
2454,densenet161,750,0.5067219862360387,5
2455,vgg16,350,0.9150494503700808,13
2456,vgg19,550,0.7603022178684953,17
2457,resnet50,350,0.8169515861153699,7
2458,resnet50,939,0.8017819857800019,7
2459,vgg16,939,0.5519575390300896,9
2460,resnet34,939,0.8120702549228033,7
2461,vgg19,750,0.9936879963126718,15
2462,resnet34,939,0.7089537968694798,4
2463,vgg16,750,0.9989474447948092,13
2464,efficientnetb0,939,1.0,3
2465,efficientnetb0,350,1.0,3
2466,resnet18,939,0.9772814215247084,3
2467,resnet50,350,0.8169515861153699,7
2468,efficientnetb0,350,1.0,3
2469,efficientnetb1,750,1.0,3
2470,resnet18,750,0.9425112246169725,3
2471,vgg19,550,0.3608150480635607,7
2472,resnet18,350,0.9463184463728672,2
2473,vgg16,350,0.9150494503700808,13
2474,efficientnetb1,350,0.2323535341648464,2
2475,efficientnetb0,750,1.0,3
2476,vgg16,550,0.9461219284703368,13
2477,efficientnetb0,550,1.0,3
2478,resnet34,750,0.7880649919244954,7
2479,efficientnetb1,750,0.258386396623143,2
2480,resnet50,939,0.8017819857800019,7
2481,efficientnetb1,939,1.0,3
2482,vgg16,939,1.0,13
2483,vgg16,550,0.9461219284703368,13
2484,resnet34,350,0.7118597986318302,7
2485,vgg19,350,0.9884623593775808,15
2486,resnet18,550,0.9649971314956884,3
2487,densenet161,750,0.5067219862360387,5
2488,resnet18,550,0.5341577662577371,1
2489,efficientnetb1,939,0.7039994792384792,4
2490,efficientnetb1,550,0.6878389778024664,4
2491,densenet161,350,0.472733213293796,5
2492,resnet34,350,0.6392378211717704,6
2493,densenet161,750,0.5067219862360387,5
2494,densenet161,939,0.2831929044634787,5
2495,vgg19,550,0.0,2
2496,resnet18,939,1.0,2
2497,resnet18,350,1.0,3
2498,efficientnetb0,939,1.0,3
2499,resnet34,750,0.416342836798379,4
2500,efficientnetb1,550,1.0,3
2501,vgg16,350,0.451298059329941,6
2502,vgg19,750,0.9936879963126718,15
2503,resnet18,939,0.666846850715217,4
2504,densenet161,939,1.0,6
2505,vgg19,939,0.7038804657074393,11
2506,vgg16,550,0.9461219284703368,13
2507,resnet50,939,0.8017819857800019,7
2508,vgg19,939,1.0,15
2509,densenet161,939,0.2831929044634787,5
2510,vgg19,550,1.0,15
2511,vgg19,750,0.0061276421520036,2
2512,vgg16,350,0.0,1
2513,vgg19,750,0.0,1
2514,vgg16,750,1.0,14
2515,resnet50,939,0.6400205520491736,8
2516,resnet34,939,0.8120702549228033,7
2517,vgg16,550,0.0199271539720846,1
2518,resnet18,550,0.9649971314956884,3
2519,resnet34,750,0.7880649919244954,7
2520,resnet50,550,0.8215124558966982,7
2521,resnet50,939,0.8017819857800019,7
2522,densenet161,550,0.0323579521725776,2
2523,efficientnetb1,750,1.0,3
2524,efficientnetb1,350,1.0,3
2525,efficientnetb0,750,1.0,3
2526,efficientnetb0,350,1.0,3
2527,resnet50,350,0.0174859151390518,1
2528,vgg16,939,1.0,13
2529,densenet161,750,0.5067219862360387,5
2530,efficientnetb1,750,1.0,3
2531,resnet50,750,0.692684175445151,7
2532,vgg19,750,0.9936879963126718,15
2533,resnet18,550,1.0,2
2534,resnet50,550,0.8215124558966982,7
2535,densenet161,939,0.2831929044634787,5
2536,resnet50,750,0.692684175445151,7
2537,resnet50,350,0.8169515861153699,7
2538,efficientnetb0,550,1.0,3
2539,vgg19,550,1.0,15
2540,densenet161,750,0.5067219862360387,5
2541,resnet50,550,0.8215124558966982,7
2542,resnet34,750,0.7880649919244954,7
2543,resnet50,350,0.8169515861153699,7
2544,efficientnetb0,750,1.0,3
2545,densenet161,550,0.8307012363387156,6
2546,resnet50,550,0.8215124558966982,7
2547,resnet18,550,0.9649971314956884,3
2548,densenet161,939,0.2831929044634787,5
2549,efficientnetb0,750,1.0,3
2550,efficientnetb1,350,1.0,3
2551,efficientnetb0,939,1.0,3
2552,resnet34,350,0.6392378211717704,6
2553,vgg16,550,0.9461219284703368,13
2554,efficientnetb1,350,1.0,3
2555,resnet50,750,0.692684175445151,7
2556,vgg16,350,0.9150494503700808,13
2557,resnet18,550,1.0,2
2558,efficientnetb0,350,1.0,3
2559,efficientnetb0,750,0.6483214388113725,4
2560,resnet50,350,0.8169515861153699,7
2561,vgg19,550,1.0,15
2562,resnet50,939,0.8017819857800019,7
2563,vgg19,550,0.7657914977642502,19
2564,vgg19,939,0.7537426666757167,12
2565,efficientnetb1,350,1.0,3
2566,vgg16,350,0.6117716042882734,8
2567,densenet161,550,0.0210735879951949,3
2568,efficientnetb1,750,1.0,3
2569,vgg16,939,0.8568556422949929,11
2570,vgg19,550,1.0,15
2571,resnet18,750,0.9425112246169725,3
2572,efficientnetb0,750,1.0,3
2573,resnet50,350,0.8169515861153699,7
2574,resnet50,750,0.692684175445151,7
2575,efficientnetb0,550,1.0,3
2576,densenet161,939,0.2831929044634787,5
2577,efficientnetb0,750,0.6483214388113725,4
2578,vgg16,550,0.4337023661646058,6
2579,efficientnetb1,550,1.0,3
2580,vgg19,350,0.0047515404264518,2
2581,resnet18,939,0.9772814215247084,3
2582,resnet18,939,0.9772814215247084,3
2583,efficientnetb0,550,1.0,3
2584,efficientnetb1,750,0.0,1
2585,efficientnetb1,750,0.0,1
2586,resnet18,939,0.9772814215247084,3
2587,resnet18,350,1.0,3
2588,resnet18,939,0.9772814215247084,3
2589,resnet18,939,1.0,2
2590,resnet34,350,0.7118597986318302,7
2591,resnet18,550,0.9649971314956884,3
2592,vgg19,550,0.7603022178684953,17
2593,resnet18,550,0.9649971314956884,3
2594,efficientnetb0,550,0.7484594574197447,4
2595,vgg19,550,1.0,15
2596,resnet34,939,0.8120702549228033,7
2597,vgg16,550,0.9461219284703368,13
2598,efficientnetb0,750,1.0,3
2599,resnet34,350,0.6392378211717704,6
2600,efficientnetb0,550,0.0977278646092725,7
2601,resnet50,350,0.8169515861153699,7
2602,resnet34,550,0.8215653788441881,7
2603,resnet34,939,0.8120702549228033,7
2604,efficientnetb0,550,1.0,3
2605,vgg19,550,0.7603022178684953,17
2606,resnet18,550,0.9649971314956884,3
2607,resnet18,750,0.6570784835049883,4
2608,resnet50,939,0.8017819857800019,7
2609,resnet50,550,0.8215124558966982,7
2610,efficientnetb0,750,1.0,3
2611,efficientnetb1,939,1.0,3
2612,efficientnetb1,550,1.0,3
2613,efficientnetb1,750,0.7228690296773087,4
2614,efficientnetb0,939,1.0,3
2615,vgg19,750,0.9936879963126718,15
2616,vgg19,550,1.0,15
2617,vgg19,350,0.7047271852759325,10
2618,efficientnetb1,550,1.0,3
2619,efficientnetb0,550,1.0,3
2620,vgg16,550,0.4909442737237837,5
2621,efficientnetb0,550,1.0,3
2622,resnet50,939,0.8017819857800019,7
2623,resnet34,939,1.0,6
2624,resnet34,350,0.7118597986318302,7
2625,resnet50,350,0.8169515861153699,7
2626,vgg19,750,0.9936879963126718,15
2627,efficientnetb1,350,1.0,3
2628,efficientnetb1,550,0.5223117533457641,5
2629,resnet34,550,0.8215653788441881,7
2630,vgg16,939,0.7391812735874347,15
2631,efficientnetb1,750,1.0,3
2632,resnet18,350,1.0,3
2633,resnet18,550,0.9649971314956884,3
2634,vgg19,939,1.0,15
2635,resnet34,939,0.8120702549228033,7
2636,resnet34,350,0.7118597986318302,7
2637,efficientnetb0,350,0.4626689598236604,5
2638,vgg16,750,0.9989474447948092,13
2639,resnet34,350,0.6392378211717704,6
2640,resnet34,550,0.8215653788441881,7
2641,resnet50,750,0.692684175445151,7
2642,efficientnetb0,939,1.0,3
2643,resnet34,550,0.8215653788441881,7
2644,efficientnetb1,350,1.0,3
2645,resnet34,750,0.416342836798379,4
2646,efficientnetb0,939,1.0,3
2647,vgg19,550,1.0,15
2648,resnet50,750,0.692684175445151,7
2649,resnet18,750,0.9425112246169725,3
2650,densenet161,750,0.5067219862360387,5
2651,densenet161,550,0.5735576563250782,5
2652,vgg19,350,0.7874284582909132,17
2653,densenet161,939,0.2831929044634787,5
2654,vgg16,939,1.0,13
2655,efficientnetb1,350,1.0,3
2656,resnet18,550,1.0,2
2657,efficientnetb1,550,1.0,3
2658,densenet161,550,0.5735576563250782,5
2659,efficientnetb1,550,1.0,3
2660,vgg16,350,0.7070851752612257,15
2661,resnet18,350,1.0,3
2662,densenet161,550,0.5735576563250782,5
2663,resnet50,939,0.8017819857800019,7
2664,vgg19,750,0.9936879963126718,15
2665,efficientnetb1,939,1.0,3
2666,resnet34,350,1.0,8
2667,vgg19,939,1.0,15
2668,efficientnetb0,750,0.6483214388113725,4
2669,densenet161,350,0.7705044620574577,6
2670,vgg19,939,1.0,15
2671,vgg19,550,0.3630539177738009,6
2672,densenet161,750,0.5067219862360387,5
2673,resnet50,350,0.8169515861153699,7
2674,efficientnetb1,939,1.0,3
2675,densenet161,350,0.472733213293796,5
2676,vgg19,750,0.9936879963126718,15
2677,vgg16,350,0.9150494503700808,13
2678,densenet161,350,0.472733213293796,5
2679,resnet34,350,0.7118597986318302,7
2680,vgg19,550,0.0,2
2681,resnet18,550,0.9649971314956884,3
2682,vgg16,350,0.9150494503700808,13
2683,vgg19,350,0.9884623593775808,15
2684,efficientnetb0,550,1.0,3
2685,densenet161,750,0.5067219862360387,5
2686,resnet18,939,0.9772814215247084,3
2687,vgg19,550,1.0,15
2688,densenet161,350,0.472733213293796,5
2689,densenet161,750,0.5067219862360387,5
2690,resnet18,939,0.9772814215247084,3
2691,resnet34,939,0.8120702549228033,7
2692,resnet18,550,0.9649971314956884,3
2693,resnet34,550,0.8215653788441881,7
2694,efficientnetb1,750,1.0,3
2695,vgg16,350,0.9150494503700808,13
2696,resnet34,350,0.7118597986318302,7
2697,densenet161,350,0.472733213293796,5
2698,resnet34,750,0.7880649919244954,7
2699,densenet161,939,0.2831929044634787,5
2700,vgg16,350,0.9277415950475124,14
2701,resnet34,750,0.7880649919244954,7
2702,resnet34,750,0.416342836798379,4
2703,efficientnetb1,939,0.7039994792384792,4
2704,efficientnetb1,750,1.0,3
2705,vgg16,550,0.6944058532919857,15
2706,efficientnetb1,750,1.0,3
2707,efficientnetb1,350,1.0,3
2708,efficientnetb0,350,1.0,3
2709,densenet161,939,1.0,6
2710,vgg19,350,0.9884623593775808,15
2711,vgg19,550,0.9153142027929496,13
2712,resnet18,350,0.9463184463728672,2
2713,vgg16,350,0.9150494503700808,13
2714,vgg16,350,0.9150494503700808,13
2715,vgg19,750,0.9936879963126718,15
2716,resnet18,550,0.9649971314956884,3
2717,resnet34,550,0.6271701708292037,6
2718,efficientnetb1,750,1.0,3
2719,resnet18,550,1.0,2
2720,resnet34,750,0.6733833829902832,6
2721,resnet34,939,1.0,6
2722,efficientnetb0,939,1.0,3
2723,resnet18,550,0.9649971314956884,3
2724,vgg19,750,0.6673220941960659,10
2725,resnet34,939,1.0,6
2726,densenet161,939,0.2831929044634787,5
2727,efficientnetb0,750,1.0,3
2728,vgg16,939,0.4187967673445678,7
2729,vgg19,350,0.4995659680915179,8
2730,vgg19,939,1.0,15
2731,resnet18,350,1.0,3
2732,efficientnetb0,939,1.0,3
2733,resnet34,750,0.1441687792856025,1
2734,vgg19,750,0.9936879963126718,15
2735,resnet34,350,1.0,8
2736,resnet18,350,0.5934360820487711,1
2737,resnet50,550,1.0,6
2738,resnet18,750,0.9425112246169725,3
2739,resnet34,350,0.6392378211717704,6
2740,resnet50,550,0.8215124558966982,7
2741,vgg16,939,1.0,13
2742,vgg19,350,0.9884623593775808,15
2743,vgg19,750,0.9936879963126718,15
2744,resnet18,350,1.0,3
2745,efficientnetb0,350,1.0,3
2746,vgg16,550,0.9461219284703368,13
2747,efficientnetb0,750,1.0,3
2748,resnet34,939,0.8120702549228033,7
2749,efficientnetb1,350,1.0,3
2750,vgg19,750,0.9936879963126718,15
2751,resnet50,939,0.8017819857800019,7
2752,densenet161,750,0.5067219862360387,5
2753,resnet50,550,0.8215124558966982,7
2754,resnet18,939,0.9772814215247084,3
2755,vgg16,550,0.9461219284703368,13
2756,resnet50,350,0.8169515861153699,7
2757,vgg19,350,0.9884623593775808,15
2758,resnet50,750,0.5189759550817877,8
2759,densenet161,750,0.0193762853485244,2
2760,densenet161,350,0.472733213293796,5
2761,vgg19,550,1.0,15
2762,densenet161,350,0.472733213293796,5
2763,resnet34,350,0.19930012289416,2
2764,vgg16,939,1.0,13
2765,resnet50,939,0.8017819857800019,7
2766,efficientnetb0,550,1.0,3
2767,densenet161,350,0.7705044620574577,6
2768,efficientnetb0,350,1.0,3
2769,densenet161,350,0.9422217589427628,7
2770,efficientnetb0,939,1.0,3
2771,vgg19,750,0.9936879963126718,15
2772,resnet34,939,0.8120702549228033,7
2773,vgg19,750,0.6673220941960659,10
2774,resnet34,750,0.8389123599870303,9
2775,efficientnetb1,939,1.0,3
2776,resnet50,939,0.8017819857800019,7
2777,vgg19,550,1.0,15
2778,resnet50,939,0.8017819857800019,7
2779,resnet18,750,0.9425112246169725,3
2780,resnet50,350,0.8169515861153699,7
2781,vgg19,939,0.9322438807363724,13
2782,densenet161,750,0.5067219862360387,5
2783,vgg19,939,0.9322438807363724,13
2784,resnet18,550,0.9649971314956884,3
2785,vgg16,939,1.0,13
2786,vgg19,750,0.9636492577949504,13
2787,resnet18,939,0.9772814215247084,3
2788,efficientnetb1,750,0.7228690296773087,4
2789,resnet34,550,0.8215653788441881,7
2790,resnet50,939,0.8017819857800019,7
2791,vgg19,350,0.9884623593775808,15
2792,densenet161,939,0.2831929044634787,5
2793,resnet18,350,1.0,3
2794,resnet18,750,0.9425112246169725,3
2795,vgg19,350,0.9722792391750928,13
2796,resnet50,939,0.8017819857800019,7
2797,efficientnetb0,750,1.0,3
2798,resnet34,939,1.0,6
2799,resnet50,939,0.8017819857800019,7
2800,vgg19,750,0.9936879963126718,15
2801,vgg19,550,0.7587179131016882,12
2802,vgg16,350,0.9150494503700808,13
2803,vgg16,550,0.9461219284703368,13
2804,vgg16,550,0.9461219284703368,13
2805,efficientnetb0,550,1.0,3
2806,resnet18,939,0.9772814215247084,3
2807,vgg19,550,1.0,15
2808,efficientnetb1,550,1.0,3
2809,resnet50,750,0.692684175445151,7
2810,vgg19,750,0.9936879963126718,15
2811,efficientnetb0,939,1.0,3
2812,resnet18,750,1.0,2
2813,efficientnetb0,939,1.0,3
2814,resnet50,939,0.8017819857800019,7
2815,densenet161,350,0.0213386295855335,3
2816,efficientnetb1,750,1.0,3
2817,vgg16,750,0.9989474447948092,13
2818,densenet161,550,0.8307012363387156,6
2819,efficientnetb1,750,1.0,3
2820,resnet50,939,0.8017819857800019,7
2821,vgg16,750,0.0058887013115276,1
2822,vgg16,939,1.0,13
2823,efficientnetb1,350,1.0,3
2824,resnet34,939,0.8120702549228033,7
2825,resnet34,939,0.8120702549228033,7
2826,efficientnetb1,750,1.0,3
2827,resnet18,750,1.0,2
2828,vgg16,939,0.8568556422949929,11
2829,densenet161,750,0.5067219862360387,5
2830,resnet18,939,0.9772814215247084,3
2831,efficientnetb0,750,1.0,3
2832,resnet18,939,0.666846850715217,4
2833,vgg16,939,1.0,13
2834,resnet50,350,0.8169515861153699,7
2835,vgg16,939,1.0,13
2836,densenet161,939,0.2831929044634787,5
2837,efficientnetb1,750,1.0,3
2838,efficientnetb1,939,1.0,3
2839,resnet18,550,0.9649971314956884,3
2840,resnet34,550,0.8215653788441881,7
2841,resnet18,939,0.9772814215247084,3
2842,resnet50,939,0.8017819857800019,7
2843,vgg16,750,0.9989474447948092,13
2844,vgg16,350,0.968053827189964,11
2845,efficientnetb0,939,1.0,3
2846,resnet50,750,0.692684175445151,7
2847,vgg16,939,1.0,13
2848,vgg19,550,0.1248786103205342,4
2849,vgg19,750,0.9636492577949504,13
2850,densenet161,939,1.0,6
2851,vgg19,550,1.0,15
2852,vgg16,750,0.9989474447948092,13
2853,resnet50,350,0.8169515861153699,7
2854,densenet161,550,0.5735576563250782,5
2855,resnet50,550,0.8215124558966982,7
2856,resnet18,750,1.0,2
2857,densenet161,350,0.472733213293796,5
2858,resnet50,550,0.8215124558966982,7
2859,vgg16,750,0.9989474447948092,13
2860,densenet161,750,1.0,7
2861,resnet18,750,1.0,2
2862,densenet161,750,0.0355493113357071,3
2863,resnet50,939,0.8017819857800019,7
2864,resnet50,939,0.8017819857800019,7
2865,resnet18,550,0.9649971314956884,3
2866,resnet18,939,0.9772814215247084,3
2867,efficientnetb0,550,1.0,3
2868,efficientnetb1,350,1.0,3
2869,densenet161,350,0.472733213293796,5
2870,resnet34,550,0.8215653788441881,7
2871,efficientnetb0,939,1.0,3
2872,efficientnetb0,350,1.0,3
2873,densenet161,350,0.472733213293796,5
2874,efficientnetb0,350,1.0,3
2875,resnet50,550,0.8215124558966982,7
2876,densenet161,939,0.2831929044634787,5
2877,resnet18,750,1.0,2
2878,resnet34,550,1.0,8
2879,vgg19,939,0.1144285467096243,4
2880,densenet161,750,0.5067219862360387,5
2881,resnet50,939,0.8248723661787692,5
2882,resnet50,750,0.692684175445151,7
2883,resnet18,939,0.9772814215247084,3
2884,resnet34,939,1.0,6
2885,efficientnetb0,750,1.0,3
2886,vgg16,550,0.9461219284703368,13
2887,densenet161,550,0.5735576563250782,5
2888,resnet50,750,0.692684175445151,7
2889,vgg19,939,1.0,15
2890,efficientnetb0,350,0.7221681243288518,4
2891,resnet18,350,1.0,3
2892,vgg19,939,0.9322438807363724,13
2893,efficientnetb1,550,1.0,3
2894,vgg19,939,0.9322438807363724,13
2895,resnet18,750,0.9425112246169725,3
2896,resnet50,350,0.8169515861153699,7
2897,resnet18,939,0.9772814215247084,3
2898,resnet50,939,0.8017819857800019,7
2899,efficientnetb0,350,1.0,3
2900,densenet161,939,0.2831929044634787,5
2901,densenet161,939,0.2831929044634787,5
2902,resnet34,750,0.7880649919244954,7
2903,vgg19,939,0.9322438807363724,13
2904,efficientnetb0,750,1.0,3
2905,resnet50,350,0.8169515861153699,7
2906,vgg19,350,0.9722792391750928,13
2907,resnet18,750,1.0,2
2908,resnet34,939,1.0,6
2909,resnet50,550,0.8215124558966982,7
2910,resnet50,939,0.8017819857800019,7
2911,resnet34,350,0.6392378211717704,6
2912,vgg19,750,0.9936879963126718,15
2913,densenet161,550,1.0,7
2914,resnet34,350,0.6392378211717704,6
2915,resnet34,350,0.7118597986318302,7
2916,efficientnetb1,350,0.7181138626700144,4
2917,resnet50,350,0.2365622217411404,3
2918,efficientnetb1,550,1.0,3
2919,vgg19,350,0.9722792391750928,13
2920,vgg16,750,0.8760175184574507,11
2921,resnet18,350,0.9463184463728672,2
2922,efficientnetb0,350,1.0,3
2923,vgg16,750,0.9989474447948092,13
2924,vgg16,350,0.4552780768214839,7
2925,efficientnetb0,750,1.0,3
2926,vgg16,939,1.0,13
2927,densenet161,350,0.472733213293796,5
2928,vgg16,750,0.8760175184574507,11
2929,densenet161,939,0.2831929044634787,5
2930,densenet161,550,0.0,1
2931,resnet50,939,0.8017819857800019,7
2932,efficientnetb1,750,1.0,3
2933,efficientnetb1,350,1.0,3
2934,densenet161,550,0.5735576563250782,5
2935,resnet18,550,0.9649971314956884,3
2936,resnet34,350,0.7118597986318302,7
2937,resnet50,939,0.8017819857800019,7
2938,efficientnetb0,939,1.0,3
2939,resnet34,750,0.2101132021199169,2
2940,resnet50,550,0.8215124558966982,7
2941,vgg19,750,0.9936879963126718,15
2942,resnet18,550,0.9649971314956884,3
2943,efficientnetb1,750,1.0,3
2944,efficientnetb1,750,1.0,3
2945,resnet34,350,0.6392378211717704,6
2946,resnet50,550,0.8215124558966982,7
2947,resnet34,350,0.6392378211717704,6
2948,efficientnetb1,550,1.0,3
2949,resnet34,750,0.7880649919244954,7
2950,densenet161,939,0.2831929044634787,5
2951,vgg19,750,0.9636492577949504,13
2952,vgg16,350,0.9150494503700808,13
2953,efficientnetb1,350,1.0,3
2954,efficientnetb0,939,1.0,3
2955,vgg19,550,0.9153142027929496,13
2956,resnet34,750,0.6733833829902832,6
2957,vgg19,350,0.9884623593775808,15
2958,resnet34,350,0.6392378211717704,6
2959,densenet161,550,1.0,7
2960,vgg19,350,0.7874284582909132,17
2961,densenet161,350,0.472733213293796,5
2962,efficientnetb1,750,1.0,3
2963,vgg19,550,0.9153142027929496,13
2964,resnet34,939,0.7020867334437453,8
2965,resnet18,550,0.9649971314956884,3
2966,densenet161,350,0.1012991674218925,4
2967,efficientnetb1,550,1.0,3
2968,resnet18,350,0.6798528330010116,4
2969,resnet18,550,0.9649971314956884,3
2970,resnet34,939,0.8120702549228033,7
2971,vgg19,750,0.9636492577949504,13
2972,vgg16,350,0.9150494503700808,13
2973,resnet18,750,1.0,2
2974,efficientnetb0,939,1.0,3
2975,vgg16,939,0.8568556422949929,11
2976,efficientnetb1,350,1.0,3
2977,resnet18,350,1.0,3
2978,resnet18,750,0.9425112246169725,3
2979,vgg19,350,0.9722792391750928,13
2980,densenet161,939,0.2831929044634787,5
2981,densenet161,350,0.472733213293796,5
2982,vgg19,350,1.0,16
2983,efficientnetb0,550,1.0,3
2984,resnet50,939,0.8017819857800019,7
2985,efficientnetb1,550,1.0,3
2986,densenet161,750,1.0,7
2987,densenet161,550,0.5735576563250782,5
2988,resnet34,550,0.8215653788441881,7
2989,resnet50,350,1.0,6
2990,resnet50,939,0.8017819857800019,7
2991,efficientnetb0,350,1.0,3
2992,resnet34,750,0.7880649919244954,7
2993,vgg19,550,0.9153142027929496,13
2994,efficientnetb0,550,1.0,3
2995,resnet18,939,0.9772814215247084,3
2996,resnet34,550,0.6271701708292037,6
2997,efficientnetb0,939,0.6801221238861833,4
2998,vgg16,550,0.9599292331742392,11
2999,vgg16,350,0.9150494503700808,13
3000,efficientnetb1,550,1.0,3
3001,efficientnetb1,750,1.0,3
3002,efficientnetb1,550,1.0,3
3003,efficientnetb1,750,0.7228690296773087,4
3004,efficientnetb1,550,0.6878389778024664,4
3005,densenet161,939,0.2831929044634787,5
3006,resnet18,750,0.9425112246169725,3
3007,resnet34,350,0.6392378211717704,6
3008,efficientnetb0,750,1.0,3
3009,densenet161,350,0.7705044620574577,6
3010,efficientnetb0,750,1.0,3
3011,densenet161,550,0.5735576563250782,5
3012,resnet18,550,0.9649971314956884,3
3013,resnet18,550,0.9649971314956884,3
3014,efficientnetb1,550,1.0,3
3015,densenet161,350,0.7705044620574577,6
3016,efficientnetb0,350,1.0,3
3017,efficientnetb1,750,1.0,3
3018,vgg16,750,0.6199568106045172,9
3019,efficientnetb1,350,1.0,3
3020,efficientnetb0,350,1.0,3
3021,vgg19,550,0.7587179131016882,12
3022,resnet50,939,0.8017819857800019,7
3023,vgg16,350,0.9150494503700808,13
3024,resnet50,750,0.692684175445151,7
3025,resnet50,750,0.692684175445151,7
3026,vgg19,939,1.0,15
3027,vgg16,939,0.8568556422949929,11
3028,resnet18,939,1.0,2
3029,vgg19,750,0.9936879963126718,15
3030,vgg19,939,0.9322438807363724,13
3031,resnet34,550,0.8215653788441881,7
3032,efficientnetb1,750,1.0,3
3033,vgg19,750,0.9636492577949504,13
3034,resnet18,550,1.0,2
3035,resnet34,550,0.8215653788441881,7
3036,efficientnetb0,550,1.0,3
3037,efficientnetb1,750,1.0,3
3038,vgg16,550,0.9599292331742392,11
3039,resnet18,350,1.0,3
3040,efficientnetb1,350,1.0,3
3041,densenet161,550,0.5735576563250782,5
3042,efficientnetb0,750,1.0,3
3043,efficientnetb1,550,1.0,3
3044,efficientnetb0,350,1.0,3
3045,resnet50,350,1.0,6
3046,vgg16,939,1.0,13
3047,resnet34,939,1.0,6
3048,vgg16,350,0.9277415950475124,14
3049,efficientnetb1,939,1.0,3
3050,densenet161,550,0.5735576563250782,5
3051,resnet34,550,0.6271701708292037,6
3052,efficientnetb0,550,1.0,3
3053,resnet34,350,0.7118597986318302,7
3054,vgg16,550,0.9599292331742392,11
3055,vgg19,939,1.0,15
3056,resnet18,350,1.0,3
3057,efficientnetb0,939,1.0,3
3058,resnet50,550,0.0097267662088094,1
3059,vgg19,550,0.9153142027929496,13
3060,vgg16,350,0.0713714441743471,3
3061,resnet50,550,0.8215124558966982,7
3062,vgg19,750,0.9936879963126718,15
3063,resnet50,939,1.0,6
3064,densenet161,939,0.2831929044634787,5
3065,efficientnetb0,750,1.0,3
3066,efficientnetb1,350,0.7181138626700144,4
3067,resnet50,750,0.692684175445151,7
3068,resnet34,750,0.7880649919244954,7
3069,densenet161,550,0.5735576563250782,5
3070,resnet34,550,0.6271701708292037,6
3071,resnet34,350,0.6392378211717704,6
3072,vgg19,939,0.9322438807363724,13
3073,efficientnetb1,350,1.0,3
3074,resnet50,550,0.8215124558966982,7
3075,resnet18,350,1.0,3
3076,resnet50,550,0.8215124558966982,7
3077,vgg19,550,1.0,15
3078,vgg16,350,0.9150494503700808,13
3079,efficientnetb1,550,1.0,3
3080,densenet161,750,0.5067219862360387,5
3081,vgg16,750,0.9989474447948092,13
3082,efficientnetb1,750,1.0,3
3083,vgg19,939,1.0,15
3084,efficientnetb1,750,1.0,3
3085,vgg16,350,0.9150494503700808,13
3086,vgg16,750,0.8760175184574507,11
3087,densenet161,350,0.472733213293796,5
3088,resnet34,350,0.7118597986318302,7
3089,densenet161,350,0.472733213293796,5
3090,resnet18,550,0.9649971314956884,3
3091,vgg19,750,0.482051380981956,8
3092,vgg19,750,0.9936879963126718,15
3093,efficientnetb1,939,0.7039994792384792,4
3094,resnet34,350,0.7118597986318302,7
3095,resnet50,550,0.8215124558966982,7
3096,efficientnetb1,750,1.0,3
3097,resnet50,939,0.8017819857800019,7
3098,efficientnetb0,750,0.221102352041803,2
3099,vgg19,939,0.9322438807363724,13
3100,resnet50,550,0.645703014729161,8
3101,vgg16,350,0.9277415950475124,14
3102,densenet161,350,0.472733213293796,5
3103,resnet50,939,0.8017819857800019,7
3104,resnet50,939,0.8017819857800019,7
3105,resnet18,750,1.0,2
3106,vgg19,939,0.9938700985656802,16
3107,densenet161,939,0.2831929044634787,5
3108,vgg16,750,0.9989474447948092,13
3109,efficientnetb1,550,1.0,3
3110,efficientnetb0,350,1.0,3
3111,resnet18,550,0.9649971314956884,3
3112,densenet161,750,0.5067219862360387,5
3113,efficientnetb0,939,1.0,3
3114,densenet161,350,0.7705044620574577,6
3115,vgg19,939,0.3786480345124817,5
3116,efficientnetb0,350,0.2601845258832877,2
3117,resnet18,750,1.0,2
3118,efficientnetb1,550,1.0,3
3119,efficientnetb1,350,1.0,3
3120,resnet18,350,1.0,3
3121,resnet50,750,0.692684175445151,7
3122,efficientnetb0,750,0.6483214388113725,4
3123,resnet18,750,0.9425112246169725,3
3124,efficientnetb1,350,1.0,3
3125,resnet50,750,0.692684175445151,7
3126,resnet34,750,0.6733833829902832,6
3127,vgg16,750,0.8760175184574507,11
3128,efficientnetb1,350,1.0,3
3129,vgg16,750,0.3719773828090447,7
3130,vgg16,350,0.9150494503700808,13
3131,vgg19,350,0.9884623593775808,15
3132,densenet161,750,0.0,1
3133,resnet50,350,0.8169515861153699,7
3134,efficientnetb0,550,0.7484594574197447,4
3135,resnet18,350,1.0,3
3136,densenet161,550,0.5735576563250782,5
3137,efficientnetb1,939,1.0,3
3138,densenet161,350,0.472733213293796,5
3139,efficientnetb0,350,1.0,3
3140,resnet34,939,1.0,6
3141,resnet50,350,0.2365622217411404,3
3142,efficientnetb1,750,1.0,3
3143,densenet161,350,0.472733213293796,5
3144,vgg16,939,1.0,13
3145,resnet18,939,0.9772814215247084,3
3146,resnet18,550,0.9649971314956884,3
3147,vgg16,350,0.9150494503700808,13
3148,efficientnetb0,939,1.0,3
3149,vgg19,939,1.0,15
3150,resnet50,750,0.692684175445151,7
3151,resnet50,750,0.692684175445151,7
3152,resnet34,939,0.8120702549228033,7
3153,densenet161,750,0.5067219862360387,5
3154,densenet161,350,0.7705044620574577,6
3155,densenet161,939,0.2831929044634787,5
3156,resnet50,350,0.8169515861153699,7
3157,vgg16,350,0.9150494503700808,13
3158,resnet18,750,0.9425112246169725,3
3159,efficientnetb0,750,1.0,3
3160,vgg16,750,0.5870702344568659,8
3161,efficientnetb1,750,1.0,3
3162,resnet18,939,0.9772814215247084,3
3163,vgg19,939,0.9322438807363724,13
3164,resnet50,550,0.8215124558966982,7
3165,resnet34,750,0.7880649919244954,7
3166,resnet50,550,0.8215124558966982,7
3167,resnet50,550,0.8215124558966982,7
3168,densenet161,750,0.5067219862360387,5
3169,resnet50,939,0.8017819857800019,7
3170,densenet161,750,0.5067219862360387,5
3171,resnet50,750,0.692684175445151,7
3172,resnet34,550,0.8215653788441881,7
3173,resnet18,550,0.9649971314956884,3
3174,efficientnetb0,350,1.0,3
3175,resnet34,350,0.7118597986318302,7
3176,vgg19,939,0.9938700985656802,16
3177,vgg19,750,0.9936879963126718,15
3178,vgg19,550,0.93432282209291,16
3179,vgg16,750,0.9989474447948092,13
3180,efficientnetb0,939,1.0,3
3181,resnet50,550,0.8215124558966982,7
3182,vgg19,350,0.9884623593775808,15
3183,resnet18,939,1.0,2
3184,resnet18,750,0.9425112246169725,3
3185,resnet34,350,0.7118597986318302,7
3186,resnet18,350,0.9463184463728672,2
3187,vgg19,550,1.0,15
3188,efficientnetb1,550,1.0,3
3189,resnet34,750,0.7880649919244954,7
3190,resnet34,750,0.7880649919244954,7
3191,densenet161,350,0.472733213293796,5
3192,resnet18,550,1.0,2
3193,vgg19,350,0.9884623593775808,15
3194,resnet50,750,0.692684175445151,7
3195,resnet18,939,0.666846850715217,4
3196,vgg16,939,1.0,13
3197,efficientnetb0,550,1.0,3
3198,resnet18,350,1.0,3
3199,resnet50,750,0.692684175445151,7
3200,efficientnetb0,939,1.0,3
3201,vgg16,550,0.0768889395683232,3
3202,vgg16,550,0.941205716630206,14
3203,resnet50,750,0.692684175445151,7
3204,vgg16,750,0.9989474447948092,13
3205,efficientnetb0,550,1.0,3
3206,vgg16,939,1.0,13
3207,vgg16,939,1.0,13
3208,densenet161,550,0.5735576563250782,5
3209,vgg19,939,1.0,15
3210,densenet161,350,0.472733213293796,5
3211,resnet18,350,1.0,3
3212,efficientnetb0,550,1.0,3
3213,vgg19,350,0.9884623593775808,15
3214,densenet161,939,0.2831929044634787,5
3215,vgg19,939,1.0,15
3216,resnet18,350,0.9463184463728672,2
3217,vgg19,350,1.0,16
3218,resnet18,350,1.0,3
3219,resnet50,350,0.8169515861153699,7
3220,vgg16,550,0.9461219284703368,13
3221,resnet18,350,0.6798528330010116,4
3222,vgg19,939,1.0,15
3223,vgg16,550,0.9461219284703368,13
3224,densenet161,750,0.5067219862360387,5
3225,vgg16,939,1.0,13
3226,vgg19,550,1.0,15
3227,efficientnetb0,750,1.0,3
3228,efficientnetb1,750,1.0,3
3229,resnet50,350,0.8169515861153699,7
3230,vgg19,550,1.0,15
3231,efficientnetb1,550,1.0,3
3232,densenet161,550,0.5735576563250782,5
3233,resnet50,550,0.8215124558966982,7
3234,efficientnetb1,750,1.0,3
3235,efficientnetb1,750,1.0,3
3236,resnet50,550,1.0,6
3237,vgg19,750,0.9936879963126718,15
3238,efficientnetb1,939,1.0,3
3239,vgg19,939,1.0,15
3240,efficientnetb0,550,1.0,3
3241,resnet34,550,0.8215653788441881,7
3242,efficientnetb0,550,1.0,3
3243,efficientnetb0,550,1.0,3
3244,efficientnetb1,550,1.0,3
3245,efficientnetb1,350,1.0,3
3246,efficientnetb0,750,1.0,3
3247,densenet161,550,0.8307012363387156,6
3248,vgg16,350,0.9277415950475124,14
3249,vgg16,350,0.9150494503700808,13
3250,efficientnetb0,750,1.0,3
3251,resnet34,550,0.6271701708292037,6
3252,efficientnetb0,750,1.0,3
3253,resnet18,350,1.0,3
3254,efficientnetb0,350,0.3057373745716766,6
3255,efficientnetb1,350,1.0,3
3256,efficientnetb1,550,1.0,3
3257,resnet50,939,0.8017819857800019,7
3258,efficientnetb0,750,1.0,3
3259,resnet50,750,0.692684175445151,7
3260,resnet18,550,0.9649971314956884,3
3261,resnet50,939,1.0,6
3262,resnet18,939,0.9772814215247084,3
3263,vgg16,350,0.9150494503700808,13
3264,efficientnetb1,939,1.0,3
3265,vgg16,550,0.9461219284703368,13
3266,vgg19,939,0.9322438807363724,13
3267,densenet161,350,0.472733213293796,5
3268,efficientnetb1,750,1.0,3
3269,resnet50,750,0.692684175445151,7
3270,resnet50,939,1.0,6
3271,efficientnetb0,750,1.0,3
3272,resnet50,550,1.0,6
3273,efficientnetb1,750,1.0,3
3274,resnet34,939,0.8120702549228033,7
3275,vgg19,350,0.1104026426586838,3
3276,resnet18,939,1.0,2
3277,resnet50,939,0.8017819857800019,7
3278,resnet18,550,0.9649971314956884,3
3279,efficientnetb1,750,1.0,3
3280,resnet34,350,0.7118597986318302,7
3281,efficientnetb1,939,1.0,3
3282,densenet161,939,0.2831929044634787,5
3283,efficientnetb0,550,1.0,3
3284,resnet18,939,0.9772814215247084,3
3285,resnet34,550,0.8215653788441881,7
3286,resnet50,550,0.8215124558966982,7
3287,efficientnetb0,750,1.0,3
3288,vgg19,750,0.9936879963126718,15
3289,resnet34,550,0.8215653788441881,7
3290,efficientnetb1,350,0.2323535341648464,2
3291,efficientnetb0,350,1.0,3
3292,efficientnetb1,939,1.0,3
3293,resnet50,350,0.8169515861153699,7
3294,vgg19,550,1.0,15
3295,resnet34,350,0.6392378211717704,6
3296,vgg19,939,1.0,15
3297,densenet161,750,0.5067219862360387,5
3298,resnet34,750,0.7880649919244954,7
3299,resnet50,939,0.8017819857800019,7
3300,efficientnetb1,550,1.0,3
3301,resnet18,939,0.9772814215247084,3
3302,vgg19,939,1.0,15
3303,densenet161,550,0.5735576563250782,5
3304,resnet50,939,0.8017819857800019,7
3305,vgg19,550,0.7587179131016882,12
3306,vgg19,750,0.3776216428097246,7
3307,resnet18,750,1.0,2
3308,resnet34,750,0.7880649919244954,7
3309,resnet34,350,0.7118597986318302,7
3310,vgg16,939,1.0,13
3311,resnet50,350,0.8169515861153699,7
3312,efficientnetb0,939,1.0,3
3313,resnet18,939,0.9772814215247084,3
3314,resnet18,350,1.0,3
3315,efficientnetb1,750,1.0,3
3316,vgg16,550,0.9461219284703368,13
3317,resnet18,350,1.0,3
3318,efficientnetb0,350,1.0,3
3319,resnet18,750,0.9425112246169725,3
3320,resnet18,750,1.0,2
3321,resnet18,939,0.9772814215247084,3
3322,efficientnetb1,939,0.7039994792384792,4
3323,resnet34,550,0.5238774014052308,5
3324,efficientnetb0,939,1.0,3
3325,densenet161,939,0.2831929044634787,5
3326,vgg16,750,1.0,14
3327,resnet34,939,0.7020867334437453,8
3328,efficientnetb1,550,1.0,3
3329,vgg16,750,1.0,14
3330,vgg19,750,0.7549293405793684,12
3331,resnet18,550,0.9649971314956884,3
3332,vgg16,550,0.9461219284703368,13
3333,resnet18,750,0.9425112246169725,3
3334,efficientnetb0,750,1.0,3
3335,resnet34,550,0.8215653788441881,7
3336,vgg19,750,0.9936879963126718,15
3337,efficientnetb1,550,1.0,3
3338,efficientnetb0,939,1.0,3
3339,resnet50,750,0.692684175445151,7
3340,resnet50,750,0.692684175445151,7
3341,efficientnetb1,939,1.0,3
3342,resnet50,939,1.0,6
3343,efficientnetb0,350,0.7221681243288518,4
3344,densenet161,750,0.5067219862360387,5
3345,densenet161,939,0.8028649279588222,7
3346,vgg19,350,0.9884623593775808,15
3347,vgg19,550,1.0,15
3348,vgg19,350,0.9884623593775808,15
3349,densenet161,939,0.2831929044634787,5
3350,efficientnetb1,550,1.0,3
3351,densenet161,939,0.0018556587877228,3
3352,resnet34,350,0.7118597986318302,7
3353,vgg16,750,0.9989474447948092,13
3354,resnet18,750,1.0,2
3355,vgg19,750,0.9936879963126718,15
3356,resnet50,350,0.8169515861153699,7
3357,vgg19,939,1.0,15
3358,resnet18,350,1.0,3
3359,densenet161,750,0.5067219862360387,5
3360,resnet18,550,0.9649971314956884,3
3361,resnet18,939,0.9772814215247084,3
3362,efficientnetb1,750,1.0,3
3363,vgg16,939,1.0,13
3364,densenet161,939,0.8028649279588222,7
3365,resnet34,750,0.7880649919244954,7
3366,vgg16,350,0.9150494503700808,13
3367,efficientnetb1,550,1.0,3
3368,efficientnetb0,550,0.0,1
3369,efficientnetb0,550,1.0,3
3370,efficientnetb0,939,1.0,3
3371,efficientnetb1,939,1.0,3
3372,vgg19,939,1.0,15
3373,resnet18,939,1.0,2
3374,resnet34,350,0.7118597986318302,7
3375,efficientnetb1,350,1.0,3
3376,efficientnetb1,750,1.0,3
3377,densenet161,550,0.5735576563250782,5
3378,efficientnetb0,350,1.0,3
3379,resnet18,550,0.9649971314956884,3
3380,resnet18,350,0.9463184463728672,2
3381,efficientnetb1,750,1.0,3
3382,densenet161,350,0.472733213293796,5
3383,densenet161,350,0.472733213293796,5
3384,vgg19,350,0.9884623593775808,15
3385,resnet50,350,0.8169515861153699,7
3386,resnet50,550,1.0,6
3387,densenet161,350,0.472733213293796,5
3388,resnet18,750,1.0,2
3389,densenet161,350,0.472733213293796,5
3390,vgg19,350,0.9884623593775808,15
3391,vgg19,750,0.9936879963126718,15
3392,densenet161,750,0.7754817419817108,6
3393,resnet50,350,1.0,6
3394,vgg19,550,1.0,15
3395,efficientnetb0,939,1.0,3
3396,resnet18,750,0.9425112246169725,3
3397,resnet50,550,0.8215124558966982,7
3398,efficientnetb1,750,1.0,3
3399,vgg19,750,0.9936879963126718,15
3400,resnet50,939,0.8017819857800019,7
3401,efficientnetb0,750,1.0,3
3402,efficientnetb0,939,1.0,3
3403,efficientnetb1,750,1.0,3
3404,vgg16,550,0.9461219284703368,13
3405,densenet161,550,0.0210735879951949,3
3406,vgg19,350,0.9884623593775808,15
3407,resnet18,550,0.9649971314956884,3
3408,resnet18,939,1.0,2
3409,vgg16,350,0.9150494503700808,13
3410,vgg16,350,1.0,12
3411,vgg19,350,0.9884623593775808,15
3412,efficientnetb0,350,1.0,3
3413,resnet18,939,0.9772814215247084,3
3414,resnet34,350,0.7118597986318302,7
3415,resnet34,939,1.0,6
3416,resnet18,350,0.6798528330010116,4
3417,vgg19,750,0.9936879963126718,15
3418,efficientnetb1,750,1.0,3
3419,efficientnetb0,750,1.0,3
3420,efficientnetb0,550,1.0,3
3421,efficientnetb1,350,1.0,3
3422,densenet161,939,0.2831929044634787,5
3423,densenet161,750,0.5067219862360387,5
3424,resnet18,550,0.9649971314956884,3
3425,efficientnetb0,750,1.0,3
3426,densenet161,750,0.5067219862360387,5
3427,vgg19,939,1.0,15
3428,resnet34,750,0.6733833829902832,6
3429,vgg19,350,0.9884623593775808,15
3430,resnet50,750,0.692684175445151,7
3431,efficientnetb1,550,1.0,3
3432,vgg16,939,1.0,13
3433,efficientnetb0,750,1.0,3
3434,resnet50,750,0.692684175445151,7
3435,efficientnetb0,750,1.0,3
3436,resnet50,939,0.8017819857800019,7
3437,resnet50,939,1.0,6
3438,densenet161,550,0.5735576563250782,5
3439,efficientnetb1,350,1.0,3
3440,resnet18,750,1.0,2
3441,densenet161,350,0.472733213293796,5
3442,efficientnetb0,550,1.0,3
3443,resnet18,550,1.0,2
3444,efficientnetb0,550,1.0,3
3445,resnet18,939,0.9772814215247084,3
3446,resnet18,550,0.5341577662577371,1
3447,efficientnetb0,350,1.0,3
3448,efficientnetb0,939,1.0,3
3449,vgg16,750,0.9989474447948092,13
3450,resnet50,350,1.0,6
3451,efficientnetb0,350,1.0,3
3452,vgg16,550,0.9461219284703368,13
3453,vgg16,550,0.9599292331742392,11
3454,densenet161,939,0.2831929044634787,5
3455,vgg16,939,1.0,13
3456,resnet18,550,0.9649971314956884,3
3457,resnet50,550,0.8215124558966982,7
3458,efficientnetb0,550,1.0,3
3459,densenet161,939,0.2831929044634787,5
3460,resnet18,550,0.9649971314956884,3
3461,efficientnetb1,550,1.0,3
3462,resnet34,750,0.6733833829902832,6
3463,resnet34,350,0.7118597986318302,7
3464,resnet18,550,1.0,2
3465,resnet18,550,0.9649971314956884,3
3466,densenet161,550,0.5735576563250782,5
3467,resnet50,939,0.8017819857800019,7
3468,efficientnetb1,350,0.7181138626700144,4
3469,efficientnetb1,750,1.0,3
3470,resnet34,750,0.6733833829902832,6
3471,efficientnetb1,350,1.0,3
3472,vgg19,939,1.0,15
3473,efficientnetb1,350,1.0,3
3474,densenet161,750,0.5067219862360387,5
3475,vgg19,750,0.9936879963126718,15
3476,resnet18,750,0.9425112246169725,3
3477,vgg16,939,0.8568556422949929,11
3478,efficientnetb0,550,1.0,3
3479,vgg19,350,0.9884623593775808,15
3480,efficientnetb0,550,1.0,3
3481,efficientnetb0,750,1.0,3
3482,resnet50,350,1.0,6
3483,vgg16,939,0.8568556422949929,11
3484,resnet50,939,0.8017819857800019,7
3485,resnet18,350,1.0,3
3486,densenet161,550,0.8307012363387156,6
3487,vgg16,550,0.9599292331742392,11
3488,efficientnetb0,550,1.0,3
3489,vgg19,750,0.9936879963126718,15
3490,densenet161,750,0.5067219862360387,5
3491,resnet50,550,0.8215124558966982,7
3492,resnet50,550,1.0,6
3493,resnet34,350,0.7118597986318302,7
3494,resnet34,350,0.6392378211717704,6
3495,efficientnetb0,939,1.0,3
3496,vgg16,350,0.9150494503700808,13
3497,resnet50,550,0.8215124558966982,7
3498,vgg16,939,1.0,13
3499,efficientnetb1,750,1.0,3
3500,efficientnetb0,750,1.0,3
3501,resnet34,550,0.8215653788441881,7
3502,efficientnetb0,750,0.6483214388113725,4
3503,densenet161,750,0.5067219862360387,5
3504,resnet34,750,0.6733833829902832,6
3505,densenet161,939,0.2831929044634787,5
3506,densenet161,939,0.2831929044634787,5
3507,densenet161,550,0.8307012363387156,6
3508,efficientnetb1,750,1.0,3
3509,efficientnetb0,350,1.0,3
3510,efficientnetb0,750,1.0,3
3511,efficientnetb1,750,0.7228690296773087,4
3512,efficientnetb1,550,1.0,3
3513,resnet34,750,0.6733833829902832,6
3514,efficientnetb1,939,1.0,3
3515,vgg16,350,0.9150494503700808,13
3516,efficientnetb0,350,1.0,3
3517,resnet50,750,0.692684175445151,7
3518,resnet18,750,0.9425112246169725,3
3519,efficientnetb0,550,1.0,3
3520,resnet34,750,0.3301584795875527,3
3521,vgg19,350,0.9722792391750928,13
3522,resnet50,550,1.0,6
3523,efficientnetb1,750,1.0,3
3524,resnet50,350,0.8169515861153699,7
3525,vgg16,350,0.6122688308267832,9
3526,resnet18,350,1.0,3
3527,vgg16,350,0.9150494503700808,13
3528,efficientnetb1,750,1.0,3
3529,efficientnetb0,550,1.0,3
3530,densenet161,750,0.7754817419817108,6
3531,efficientnetb1,750,1.0,3
3532,vgg19,550,1.0,15
3533,resnet18,939,0.9772814215247084,3
3534,vgg16,750,0.8760175184574507,11
3535,resnet50,350,0.8169515861153699,7
3536,vgg16,350,0.9277415950475124,14
3537,resnet50,750,0.8540914514899219,6
3538,resnet50,550,1.0,6
3539,vgg19,350,0.9722792391750928,13
3540,densenet161,939,0.2831929044634787,5
3541,vgg16,939,0.8568556422949929,11
3542,resnet50,550,1.0,6
3543,efficientnetb1,750,0.7228690296773087,4
3544,efficientnetb0,750,1.0,3
3545,vgg16,939,0.8568556422949929,11
3546,densenet161,939,0.2831929044634787,5
3547,resnet50,939,1.0,6
3548,resnet34,750,0.7880649919244954,7
3549,vgg16,750,0.8760175184574507,11
3550,vgg19,350,0.9722792391750928,13
3551,densenet161,939,0.8028649279588222,7
3552,resnet18,750,1.0,2
3553,efficientnetb0,350,1.0,3
3554,efficientnetb0,939,1.0,3
3555,vgg16,939,0.8568556422949929,11
3556,densenet161,939,1.0,6
3557,resnet50,939,0.8017819857800019,7
3558,resnet34,350,0.6392378211717704,6
3559,resnet34,550,0.6271701708292037,6
3560,vgg16,939,1.0,13
3561,resnet50,750,0.8540914514899219,6
3562,resnet18,350,1.0,3
3563,densenet161,750,0.0355493113357071,3
3564,resnet34,750,0.6733833829902832,6
3565,resnet18,750,1.0,2
3566,vgg19,350,0.9884623593775808,15
3567,resnet34,550,0.8215653788441881,7
3568,efficientnetb0,750,1.0,3
3569,resnet34,350,0.5163674653124631,5
3570,resnet18,939,1.0,2
3571,efficientnetb1,550,1.0,3
3572,resnet18,939,1.0,2
3573,resnet50,350,0.8169515861153699,7
3574,efficientnetb1,750,1.0,3
3575,vgg16,550,0.0,2
3576,efficientnetb1,350,1.0,3
3577,vgg19,939,0.9322438807363724,13
3578,densenet161,939,0.2831929044634787,5
3579,resnet18,939,1.0,2
3580,resnet50,939,1.0,6
3581,efficientnetb1,750,1.0,3
3582,resnet34,350,0.6392378211717704,6
3583,efficientnetb1,939,1.0,3
3584,resnet18,350,0.9463184463728672,2
3585,vgg19,550,1.0,15
3586,vgg19,939,1.0,15
3587,vgg19,350,0.9884623593775808,15
3588,resnet18,939,0.9772814215247084,3
3589,resnet18,939,0.9772814215247084,3
3590,densenet161,939,1.0,6
3591,resnet50,550,1.0,6
3592,resnet18,550,1.0,2
3593,vgg16,350,0.9150494503700808,13
3594,resnet34,550,0.8215653788441881,7
3595,vgg19,939,1.0,15
3596,efficientnetb0,350,1.0,3
3597,resnet18,350,1.0,3
3598,vgg16,939,0.4187967673445678,7
3599,resnet34,939,1.0,6
3600,efficientnetb1,750,1.0,3
3601,resnet34,550,0.5238774014052308,5
3602,vgg19,750,0.9636492577949504,13
3603,densenet161,939,0.2831929044634787,5
3604,efficientnetb1,550,1.0,3
3605,vgg16,750,0.8760175184574507,11
3606,efficientnetb0,750,1.0,3
3607,resnet50,750,0.692684175445151,7
3608,vgg16,750,0.8760175184574507,11
3609,densenet161,939,1.0,6
3610,densenet161,750,0.5067219862360387,5
3611,vgg19,939,1.0,15
3612,resnet50,939,0.6400205520491736,8
3613,vgg16,939,0.8568556422949929,11
3614,efficientnetb1,350,1.0,3
3615,vgg16,750,0.8760175184574507,11
3616,resnet34,550,0.6271701708292037,6
3617,vgg16,939,0.8568556422949929,11
3618,resnet18,939,0.9772814215247084,3
3619,resnet50,750,0.8540914514899219,6
3620,vgg16,350,0.968053827189964,11
3621,efficientnetb1,750,1.0,3
3622,resnet34,750,0.6733833829902832,6
3623,vgg19,550,0.9153142027929496,13
3624,efficientnetb0,750,1.0,3
3625,resnet50,750,0.098265786808133,1
3626,resnet34,550,0.6271701708292037,6
3627,densenet161,750,0.5067219862360387,5
3628,vgg19,550,1.0,15
3629,resnet50,939,0.8017819857800019,7
3630,efficientnetb0,750,1.0,3
3631,efficientnetb0,939,0.6801221238861833,4
3632,efficientnetb0,750,1.0,3
3633,resnet18,350,0.9463184463728672,2
3634,efficientnetb1,550,1.0,3
3635,resnet50,750,0.8540914514899219,6
3636,resnet50,750,0.692684175445151,7
3637,resnet18,350,0.9463184463728672,2
3638,resnet18,750,1.0,2
3639,vgg16,750,0.8760175184574507,11
3640,vgg19,939,0.9322438807363724,13
3641,densenet161,350,0.472733213293796,5
3642,vgg16,750,0.8760175184574507,11
3643,densenet161,939,0.2831929044634787,5
3644,resnet50,750,0.8540914514899219,6
3645,resnet34,550,0.6271701708292037,6
3646,vgg16,350,0.968053827189964,11
3647,vgg16,750,0.8760175184574507,11
3648,resnet50,939,1.0,6
3649,efficientnetb1,350,1.0,3
3650,resnet34,550,0.6271701708292037,6
3651,efficientnetb1,750,1.0,3
3652,vgg16,350,0.968053827189964,11
3653,efficientnetb1,750,0.7228690296773087,4
3654,vgg19,350,0.9722792391750928,13
3655,vgg16,939,0.8568556422949929,11
3656,densenet161,550,0.5735576563250782,5
3657,vgg19,750,0.349757663747874,6
3658,resnet34,350,0.6392378211717704,6
3659,vgg19,550,0.9153142027929496,13
3660,vgg16,550,0.9599292331742392,11
3661,resnet34,550,0.8215653788441881,7
3662,resnet34,550,0.5238774014052308,5
3663,efficientnetb0,939,1.0,3
3664,efficientnetb0,750,0.221102352041803,2
3665,resnet18,750,1.0,2
3666,vgg19,550,1.0,15
3667,vgg16,750,0.8760175184574507,11
3668,resnet50,550,1.0,6
3669,resnet18,550,1.0,2
3670,vgg19,939,0.9322438807363724,13
3671,resnet34,350,0.6392378211717704,6
3672,efficientnetb1,350,1.0,3
3673,resnet34,550,0.6271701708292037,6
3674,resnet50,750,0.692684175445151,7
3675,efficientnetb0,550,1.0,3
3676,resnet50,350,1.0,6
3677,vgg16,939,0.8568556422949929,11
3678,efficientnetb1,750,1.0,3
3679,densenet161,350,0.472733213293796,5
3680,densenet161,350,0.472733213293796,5
3681,efficientnetb0,750,1.0,3
3682,efficientnetb0,350,1.0,3
3683,resnet34,350,0.6392378211717704,6
3684,efficientnetb0,939,1.0,3
3685,efficientnetb1,750,1.0,3
3686,resnet18,939,0.9772814215247084,3
3687,vgg16,750,0.8760175184574507,11
3688,vgg19,939,0.9322438807363724,13
3689,resnet18,750,1.0,2
3690,resnet50,350,0.8169515861153699,7
3691,efficientnetb0,939,1.0,3
3692,resnet18,550,0.9649971314956884,3
3693,efficientnetb0,750,1.0,3
3694,efficientnetb0,750,1.0,3
3695,efficientnetb1,550,1.0,3
3696,efficientnetb1,750,1.0,3
3697,resnet18,550,0.9649971314956884,3
3698,efficientnetb1,550,1.0,3
3699,resnet50,550,0.8501913432605966,5
3700,vgg19,550,0.9153142027929496,13
3701,resnet18,350,1.0,3
3702,resnet34,350,0.7118597986318302,7
3703,densenet161,550,0.0210735879951949,3
3704,resnet50,550,1.0,6
3705,resnet50,750,0.8540914514899219,6
3706,efficientnetb1,350,1.0,3
3707,efficientnetb1,350,1.0,3
3708,densenet161,350,0.7705044620574577,6
3709,resnet34,350,0.6392378211717704,6
3710,vgg19,750,1.0,16
3711,vgg16,350,0.968053827189964,11
3712,efficientnetb0,750,1.0,3
3713,vgg19,939,0.9322438807363724,13
3714,resnet50,350,1.0,6
3715,densenet161,939,0.2831929044634787,5
3716,efficientnetb1,350,1.0,3
3717,resnet50,550,1.0,6
3718,resnet18,550,1.0,2
3719,resnet18,939,0.9772814215247084,3
3720,efficientnetb0,750,1.0,3
3721,efficientnetb0,750,1.0,3
3722,efficientnetb0,550,0.5319033905566624,5
3723,vgg16,750,0.8760175184574507,11
3724,resnet50,550,1.0,6
3725,densenet161,350,0.9422217589427628,7
3726,resnet50,939,1.0,6
3727,resnet18,939,0.666846850715217,4
3728,resnet34,350,0.6392378211717704,6
3729,resnet34,939,1.0,6
3730,resnet34,350,0.7118597986318302,7
3731,resnet50,550,1.0,6
3732,resnet34,550,0.5238774014052308,5
3733,resnet34,350,0.7118597986318302,7
3734,resnet18,939,0.9772814215247084,3
3735,vgg19,939,0.9938700985656802,16
3736,vgg16,550,0.9599292331742392,11
3737,resnet34,550,0.6271701708292037,6
3738,efficientnetb1,750,1.0,3
3739,resnet50,550,0.8501913432605966,5
3740,densenet161,350,0.472733213293796,5
3741,vgg19,750,0.9636492577949504,13
3742,densenet161,750,0.5067219862360387,5
3743,densenet161,750,0.5067219862360387,5
3744,densenet161,939,0.2831929044634787,5
3745,resnet18,750,0.9425112246169725,3
3746,vgg19,350,0.9722792391750928,13
3747,resnet50,350,1.0,6
3748,efficientnetb1,750,1.0,3
3749,resnet50,939,1.0,6
3750,vgg16,350,0.968053827189964,11
3751,vgg16,939,0.8568556422949929,11
3752,densenet161,750,0.5067219862360387,5
3753,vgg16,750,0.8760175184574507,11
3754,vgg19,350,0.9722792391750928,13
3755,vgg19,750,0.3776216428097246,7
3756,vgg16,939,1.0,13
3757,vgg16,939,0.8568556422949929,11
3758,resnet18,550,0.9649971314956884,3
3759,vgg19,939,0.3698836387150448,7
3760,resnet50,550,1.0,6
3761,resnet18,350,1.0,3
3762,efficientnetb0,939,1.0,3
3763,vgg16,350,0.9150494503700808,13
3764,efficientnetb0,550,1.0,3
3765,resnet34,939,1.0,6
3766,efficientnetb0,939,1.0,3
3767,efficientnetb0,750,1.0,3
3768,resnet34,750,0.7880649919244954,7
3769,efficientnetb0,750,1.0,3
3770,vgg19,550,0.9153142027929496,13
3771,efficientnetb1,550,1.0,3
3772,resnet50,750,0.098265786808133,1
3773,resnet50,350,0.8169515861153699,7
3774,resnet18,939,0.9772814215247084,3
3775,resnet50,939,1.0,6
3776,vgg19,350,0.9722792391750928,13
3777,resnet34,939,0.8527581774225047,5
3778,efficientnetb1,750,1.0,3
3779,efficientnetb1,750,1.0,3
3780,resnet50,750,0.8540914514899219,6
3781,densenet161,750,0.5067219862360387,5
3782,vgg16,939,1.0,13
3783,vgg16,350,0.968053827189964,11
3784,resnet34,750,0.4742055237385399,5
3785,resnet34,750,0.7880649919244954,7
3786,vgg19,939,0.9322438807363724,13
3787,vgg19,939,0.9322438807363724,13
3788,vgg19,350,0.7647138013706365,12
3789,efficientnetb1,939,0.0,1
3790,resnet18,550,0.9649971314956884,3
3791,densenet161,939,0.2831929044634787,5
3792,densenet161,550,0.5735576563250782,5
3793,vgg16,939,0.8568556422949929,11
3794,vgg19,350,0.9722792391750928,13
3795,resnet34,550,0.8215653788441881,7
3796,densenet161,350,0.472733213293796,5
3797,vgg16,550,0.4337023661646058,6
3798,efficientnetb0,550,1.0,3
3799,vgg19,939,0.9322438807363724,13
3800,efficientnetb0,350,1.0,3
3801,resnet34,939,1.0,6
3802,vgg16,350,0.9150494503700808,13
3803,resnet50,939,1.0,6
3804,vgg16,550,0.9599292331742392,11
3805,efficientnetb0,350,1.0,3
3806,efficientnetb1,350,1.0,3
3807,resnet50,939,0.8017819857800019,7
3808,efficientnetb1,750,1.0,3
3809,resnet18,350,0.9463184463728672,2
3810,resnet18,350,1.0,3
3811,resnet50,550,0.8215124558966982,7
3812,efficientnetb1,750,1.0,3
3813,efficientnetb1,350,1.0,3
3814,vgg16,939,0.8568556422949929,11
3815,resnet50,350,1.0,6
3816,vgg16,550,0.9599292331742392,11
3817,resnet50,939,0.8017819857800019,7
3818,densenet161,350,0.472733213293796,5
3819,resnet50,750,0.8540914514899219,6
3820,resnet34,350,0.6392378211717704,6
3821,efficientnetb0,939,1.0,3
3822,efficientnetb0,750,1.0,3
3823,resnet50,550,1.0,6
3824,efficientnetb1,750,0.7228690296773087,4
3825,vgg19,750,0.9936879963126718,15
3826,resnet18,939,1.0,2
3827,efficientnetb0,939,0.6801221238861833,4
3828,efficientnetb0,750,1.0,3
3829,resnet18,350,1.0,3
3830,vgg19,350,0.9884623593775808,15
3831,vgg19,550,0.9153142027929496,13
3832,resnet34,939,1.0,6
3833,vgg16,550,0.9461219284703368,13
3834,resnet50,750,0.8540914514899219,6
3835,vgg19,750,0.349757663747874,6
3836,vgg16,750,0.8760175184574507,11
3837,vgg19,350,0.9884623593775808,15
3838,efficientnetb0,550,1.0,3
3839,densenet161,750,0.5067219862360387,5
3840,efficientnetb1,939,1.0,3
3841,resnet18,750,0.9425112246169725,3
3842,vgg16,550,0.9599292331742392,11
3843,efficientnetb1,350,1.0,3
3844,vgg19,939,1.0,15
3845,vgg16,939,0.8568556422949929,11
3846,vgg19,350,0.9722792391750928,13
3847,efficientnetb0,550,0.7484594574197447,4
3848,vgg19,939,0.9322438807363724,13
3849,resnet18,939,0.666846850715217,4
3850,densenet161,750,0.0912366792400731,4
3851,resnet18,939,0.9772814215247084,3
3852,vgg19,350,0.0047515404264518,2
3853,resnet18,939,1.0,2
3854,densenet161,750,0.5067219862360387,5
3855,vgg16,750,0.8760175184574507,11
3856,densenet161,939,0.2831929044634787,5
3857,resnet50,350,1.0,6
3858,resnet18,939,1.0,2
3859,vgg16,350,0.968053827189964,11
3860,resnet18,750,1.0,2
3861,vgg16,750,0.8760175184574507,11
3862,resnet50,350,1.0,6
3863,vgg19,750,0.3776216428097246,7
3864,vgg19,350,0.9722792391750928,13
3865,vgg19,550,0.9153142027929496,13
3866,resnet34,550,0.8215653788441881,7
3867,vgg19,550,0.9153142027929496,13
3868,vgg19,550,0.9153142027929496,13
3869,resnet18,550,1.0,2
3870,vgg16,550,0.9599292331742392,11
3871,efficientnetb1,750,1.0,3
3872,resnet50,550,1.0,6
3873,vgg16,939,0.8568556422949929,11
3874,vgg19,550,0.9153142027929496,13
3875,efficientnetb1,939,1.0,3
3876,resnet50,550,1.0,6
3877,vgg19,550,0.9153142027929496,13
3878,densenet161,939,0.2831929044634787,5
3879,efficientnetb0,550,1.0,3
3880,resnet50,350,1.0,6
3881,efficientnetb0,350,1.0,3
3882,efficientnetb0,550,1.0,3
3883,resnet34,350,0.6392378211717704,6
3884,efficientnetb0,939,1.0,3
3885,resnet18,550,1.0,2
3886,vgg19,750,0.9636492577949504,13
3887,vgg19,939,1.0,15
3888,vgg16,750,0.3719773828090447,7
3889,resnet18,550,0.9649971314956884,3
3890,efficientnetb0,550,1.0,3
3891,densenet161,750,0.5067219862360387,5
3892,vgg16,350,0.968053827189964,11
3893,vgg16,350,0.968053827189964,11
3894,resnet34,939,0.8120702549228033,7
3895,resnet50,750,0.8540914514899219,6
3896,resnet18,350,1.0,3
3897,resnet18,750,0.9425112246169725,3
3898,resnet50,939,1.0,6
3899,resnet34,550,0.8215653788441881,7
3900,vgg19,939,1.0,15
3901,densenet161,550,0.5735576563250782,5
3902,resnet34,750,0.7880649919244954,7
3903,vgg19,350,0.9722792391750928,13
3904,efficientnetb0,750,1.0,3
3905,resnet18,939,1.0,2
3906,efficientnetb1,750,1.0,3
3907,resnet34,750,0.7880649919244954,7
3908,efficientnetb1,550,1.0,3
3909,efficientnetb1,939,1.0,3
3910,vgg19,350,0.9722792391750928,13
3911,vgg16,939,0.8568556422949929,11
3912,resnet50,350,0.8169515861153699,7
3913,densenet161,350,0.7705044620574577,6
3914,resnet50,750,0.692684175445151,7
3915,resnet34,939,0.5574747946963727,9
3916,vgg19,350,0.9722792391750928,13
3917,vgg16,550,0.873525344145539,10
3918,vgg16,550,0.9599292331742392,11
3919,vgg16,939,0.8568556422949929,11
3920,densenet161,550,0.5735576563250782,5
3921,efficientnetb0,350,1.0,3
3922,efficientnetb1,939,1.0,3
3923,efficientnetb0,750,1.0,3
3924,efficientnetb0,750,1.0,3
3925,resnet18,550,0.9649971314956884,3
3926,resnet50,550,1.0,6
3927,resnet34,939,1.0,6
3928,resnet50,939,1.0,6
3929,resnet18,550,1.0,2
3930,efficientnetb0,750,1.0,3
3931,resnet18,550,0.9649971314956884,3
3932,vgg19,750,0.9636492577949504,13
3933,resnet18,550,0.5341577662577371,1
3934,resnet50,939,1.0,6
3935,resnet18,350,1.0,3
3936,densenet161,750,0.5067219862360387,5
3937,efficientnetb0,550,1.0,3
3938,resnet18,550,0.9649971314956884,3
3939,vgg19,939,0.9322438807363724,13
3940,efficientnetb1,350,1.0,3
3941,vgg16,350,0.1139662905811487,4
3942,efficientnetb0,939,1.0,3
3943,vgg19,939,1.0,15
3944,efficientnetb1,550,1.0,3
3945,resnet34,350,0.7118597986318302,7
3946,efficientnetb0,939,0.245393377540531,2
3947,vgg16,939,0.8568556422949929,11
3948,resnet34,750,0.7880649919244954,7
3949,efficientnetb0,550,0.0,1
3950,resnet18,350,0.9463184463728672,2
3951,resnet50,750,0.8540914514899219,6
3952,vgg19,750,0.9636492577949504,13
3953,vgg16,350,0.9150494503700808,13
3954,resnet18,350,1.0,3
3955,resnet18,550,0.9649971314956884,3
3956,densenet161,550,0.5735576563250782,5
3957,resnet18,939,1.0,2
3958,resnet50,550,1.0,6
3959,vgg16,350,0.968053827189964,11
3960,efficientnetb0,350,1.0,3
3961,vgg16,350,0.968053827189964,11
3962,vgg19,750,0.7134880992516057,11
3963,efficientnetb0,550,1.0,3
3964,resnet34,939,0.7020867334437453,8
3965,efficientnetb1,939,1.0,3
3966,vgg19,750,0.9636492577949504,13
3967,resnet50,939,0.8017819857800019,7
3968,vgg16,939,0.8568556422949929,11
3969,vgg19,750,0.9636492577949504,13
3970,resnet50,350,1.0,6
3971,densenet161,750,0.5067219862360387,5
3972,efficientnetb1,550,1.0,3
3973,efficientnetb0,350,0.0,1
3974,resnet34,350,0.7118597986318302,7
3975,efficientnetb1,550,1.0,3
3976,densenet161,750,0.5067219862360387,5
3977,densenet161,939,0.2831929044634787,5
3978,efficientnetb0,550,1.0,3
3979,resnet18,939,0.9772814215247084,3
3980,efficientnetb1,750,1.0,3
3981,vgg19,350,0.9884623593775808,15
3982,resnet34,939,0.8120702549228033,7
3983,efficientnetb1,550,1.0,3
3984,efficientnetb1,550,1.0,3
3985,efficientnetb1,350,1.0,3
3986,resnet50,350,1.0,6
3987,efficientnetb1,350,1.0,3
3988,efficientnetb1,350,1.0,3
3989,efficientnetb1,350,1.0,3
3990,resnet34,750,1.0,8
3991,efficientnetb0,350,0.7221681243288518,4
3992,densenet161,750,0.7754817419817108,6
3993,resnet50,350,1.0,6
3994,efficientnetb1,350,1.0,3
3995,efficientnetb0,939,1.0,3
3996,densenet161,939,0.2831929044634787,5
3997,efficientnetb1,750,1.0,3
3998,vgg19,550,0.9153142027929496,13
3999,efficientnetb0,939,1.0,3
4000,resnet50,750,0.8540914514899219,6
4001,densenet161,350,0.472733213293796,5
4002,densenet161,350,0.472733213293796,5
4003,efficientnetb1,750,1.0,3
4004,resnet50,939,1.0,6
4005,densenet161,750,0.5067219862360387,5
4006,resnet18,550,1.0,2
4007,resnet34,350,0.7118597986318302,7
4008,vgg19,750,0.9936879963126718,15
4009,densenet161,939,1.0,6
4010,vgg19,750,0.9636492577949504,13
4011,vgg19,550,0.9153142027929496,13
4012,resnet18,550,0.9649971314956884,3
4013,vgg16,750,0.8760175184574507,11
4014,vgg16,350,0.968053827189964,11
4015,vgg16,350,0.968053827189964,11
4016,efficientnetb1,550,1.0,3
4017,vgg16,350,0.968053827189964,11
4018,efficientnetb1,750,1.0,3
4019,resnet18,750,1.0,2
4020,resnet18,350,1.0,3
4021,densenet161,550,0.8307012363387156,6
4022,resnet34,350,0.7118597986318302,7
4023,vgg16,750,0.9989474447948092,13
4024,vgg16,550,0.9599292331742392,11
4025,vgg19,750,0.9783359431256168,14
4026,resnet18,750,0.9425112246169725,3
4027,resnet50,350,1.0,6
4028,efficientnetb1,750,1.0,3
4029,resnet34,939,0.8120702549228033,7
4030,resnet18,350,1.0,3
4031,efficientnetb0,350,1.0,3
4032,resnet50,750,0.8540914514899219,6
4033,vgg19,550,0.9153142027929496,13
4034,efficientnetb1,550,1.0,3
4035,densenet161,939,0.2831929044634787,5
4036,vgg16,750,0.8760175184574507,11
4037,resnet18,350,1.0,3
4038,resnet18,550,0.9649971314956884,3
4039,densenet161,550,0.5735576563250782,5
4040,densenet161,350,0.472733213293796,5
4041,densenet161,939,1.0,6
4042,resnet50,750,0.8540914514899219,6
4043,vgg19,750,0.9636492577949504,13
4044,resnet50,939,0.8248723661787692,5
4045,resnet18,939,0.9772814215247084,3
4046,densenet161,550,1.0,7
4047,densenet161,350,0.7705044620574577,6
4048,resnet18,550,1.0,2
4049,efficientnetb1,750,1.0,3
4050,vgg16,550,0.9599292331742392,11
4051,resnet18,939,0.9772814215247084,3
4052,resnet50,550,0.8215124558966982,7
4053,vgg16,350,0.968053827189964,11
4054,vgg16,939,0.8568556422949929,11
4055,resnet34,550,0.6271701708292037,6
4056,resnet18,750,1.0,2
4057,densenet161,939,0.2831929044634787,5
4058,resnet34,350,0.7118597986318302,7
4059,resnet50,350,1.0,6
4060,efficientnetb0,750,1.0,3
4061,resnet18,550,0.9649971314956884,3
4062,resnet34,550,0.8215653788441881,7
4063,resnet18,750,1.0,2
4064,resnet50,939,1.0,6
4065,resnet50,350,1.0,6
4066,resnet34,550,0.8215653788441881,7
4067,resnet50,550,1.0,6
4068,densenet161,550,0.8307012363387156,6
4069,resnet50,550,1.0,6
4070,efficientnetb0,939,0.6801221238861833,4
4071,vgg16,550,0.9599292331742392,11
4072,resnet18,939,0.9772814215247084,3
4073,efficientnetb1,939,1.0,3
4074,resnet50,750,0.8540914514899219,6
4075,vgg16,550,0.9599292331742392,11
4076,resnet50,750,0.692684175445151,7
4077,vgg19,750,0.9636492577949504,13
4078,resnet50,939,1.0,6
4079,densenet161,939,0.2831929044634787,5
4080,densenet161,550,0.5735576563250782,5
4081,vgg16,939,0.8568556422949929,11
4082,resnet50,750,0.8540914514899219,6
4083,vgg16,350,0.968053827189964,11
4084,vgg16,750,0.9989474447948092,13
4085,resnet18,939,0.9772814215247084,3
4086,resnet18,750,0.9425112246169725,3
4087,resnet34,750,0.7880649919244954,7
4088,vgg19,750,0.482051380981956,8
4089,efficientnetb1,750,0.7228690296773087,4
4090,vgg16,350,0.968053827189964,11
4091,vgg16,350,1.0,12
4092,densenet161,939,0.2831929044634787,5
4093,densenet161,550,0.5735576563250782,5
4094,resnet34,350,0.7118597986318302,7
4095,resnet18,350,1.0,3
4096,efficientnetb0,550,1.0,3
4097,densenet161,750,0.5067219862360387,5
4098,vgg16,350,0.968053827189964,11
4099,densenet161,939,0.2831929044634787,5
4100,resnet50,550,1.0,6
4101,vgg16,550,0.9599292331742392,11
4102,efficientnetb0,350,1.0,3
4103,resnet18,350,1.0,3
4104,efficientnetb0,939,1.0,3
4105,vgg16,350,0.968053827189964,11
4106,densenet161,750,0.5067219862360387,5
4107,resnet18,350,0.9463184463728672,2
4108,vgg19,350,0.9722792391750928,13
4109,resnet18,350,0.9463184463728672,2
4110,resnet18,350,0.9463184463728672,2
4111,vgg19,939,0.9322438807363724,13
4112,resnet18,350,1.0,3
4113,vgg16,350,0.9150494503700808,13
4114,efficientnetb0,939,1.0,3
4115,efficientnetb0,939,1.0,3
4116,resnet18,350,0.9463184463728672,2
4117,resnet50,550,1.0,6
4118,resnet18,750,1.0,2
4119,densenet161,350,0.472733213293796,5
4120,efficientnetb1,350,1.0,3
4121,resnet18,750,1.0,2
4122,vgg16,550,0.9599292331742392,11
4123,vgg19,939,1.0,15
4124,resnet18,750,1.0,2
4125,densenet161,939,0.2831929044634787,5
4126,efficientnetb1,750,1.0,3
4127,densenet161,750,0.5067219862360387,5
4128,efficientnetb0,939,1.0,3
4129,resnet34,750,0.7880649919244954,7
4130,vgg16,750,0.8760175184574507,11
4131,efficientnetb0,939,0.6801221238861833,4
4132,vgg19,350,0.9722792391750928,13
4133,resnet50,350,0.8169515861153699,7
4134,resnet34,550,0.8215653788441881,7
4135,resnet18,939,1.0,2
4136,densenet161,750,0.5067219862360387,5
4137,densenet161,550,0.5735576563250782,5
4138,resnet50,939,1.0,6
4139,vgg16,939,0.8568556422949929,11
4140,densenet161,939,0.2831929044634787,5
4141,vgg16,939,0.8568556422949929,11
4142,efficientnetb1,750,1.0,3
4143,vgg16,550,0.9599292331742392,11
4144,vgg19,939,0.9322438807363724,13
4145,resnet18,750,0.9425112246169725,3
4146,densenet161,750,0.5067219862360387,5
4147,efficientnetb0,550,1.0,3
4148,resnet34,939,1.0,6
4149,resnet18,350,0.9463184463728672,2
4150,efficientnetb1,750,1.0,3
4151,efficientnetb0,550,1.0,3
4152,efficientnetb0,750,1.0,3
4153,efficientnetb1,750,1.0,3
4154,efficientnetb0,350,1.0,3
4155,vgg16,350,0.9150494503700808,13
4156,resnet18,550,1.0,2
4157,resnet34,550,0.3605928556450244,3
4158,efficientnetb0,750,1.0,3
4159,vgg16,550,0.9599292331742392,11
4160,resnet34,550,0.6271701708292037,6
4161,efficientnetb1,939,1.0,3
4162,efficientnetb1,939,1.0,3
4163,resnet18,350,1.0,3
4164,efficientnetb0,750,1.0,3
4165,efficientnetb0,550,0.7484594574197447,4
4166,resnet34,350,0.7118597986318302,7
4167,vgg19,350,0.9884623593775808,15
4168,resnet34,550,0.4132006712758983,4
4169,resnet18,550,0.9649971314956884,3
4170,resnet50,750,0.8540914514899219,6
4171,resnet34,550,0.8215653788441881,7
4172,efficientnetb1,750,1.0,3
4173,efficientnetb0,550,1.0,3
4174,resnet18,750,1.0,2
4175,efficientnetb0,939,1.0,3
4176,resnet34,750,0.7880649919244954,7
4177,resnet18,750,0.9425112246169725,3
4178,efficientnetb1,350,0.5010852886204035,5
4179,resnet34,350,0.7118597986318302,7
4180,efficientnetb0,350,1.0,3
4181,resnet34,350,0.7118597986318302,7
4182,vgg19,550,0.9153142027929496,13
4183,efficientnetb1,350,1.0,3
4184,vgg19,350,0.9722792391750928,13
4185,vgg19,750,0.9636492577949504,13
4186,resnet50,939,1.0,6
4187,resnet34,939,1.0,6
4188,vgg19,350,0.9722792391750928,13
4189,resnet34,550,0.8215653788441881,7
4190,vgg16,350,0.968053827189964,11
4191,vgg19,550,0.9153142027929496,13
4192,efficientnetb0,939,1.0,3
4193,densenet161,350,0.472733213293796,5
4194,resnet50,939,1.0,6
4195,efficientnetb0,750,1.0,3
4196,vgg16,750,0.8760175184574507,11
4197,efficientnetb0,750,1.0,3
4198,resnet50,750,0.8540914514899219,6
4199,vgg16,550,0.9599292331742392,11
4200,resnet50,550,1.0,6
4201,resnet34,350,0.7118597986318302,7
4202,densenet161,350,0.472733213293796,5
4203,resnet50,550,1.0,6
4204,resnet34,750,0.2101132021199169,2
4205,efficientnetb1,550,1.0,3
4206,vgg16,750,0.8760175184574507,11
4207,vgg16,350,0.968053827189964,11
4208,vgg19,939,0.9322438807363724,13
4209,resnet34,550,0.8215653788441881,7
4210,efficientnetb0,550,1.0,3
4211,resnet50,939,1.0,6
4212,vgg19,750,0.9936879963126718,15
4213,efficientnetb1,939,1.0,3
4214,efficientnetb1,750,1.0,3
4215,efficientnetb0,350,1.0,3
4216,resnet18,350,1.0,3
4217,efficientnetb1,350,1.0,3
4218,densenet161,939,0.2831929044634787,5
4219,resnet34,350,0.7118597986318302,7
4220,efficientnetb0,939,1.0,3
4221,resnet50,750,0.8540914514899219,6
4222,vgg19,550,0.9153142027929496,13
4223,efficientnetb0,939,1.0,3
4224,densenet161,350,0.472733213293796,5
4225,resnet50,939,1.0,6
4226,vgg19,939,0.958551617010162,14
4227,densenet161,750,0.5067219862360387,5
4228,resnet18,750,0.9425112246169725,3
4229,vgg16,750,0.8760175184574507,11
4230,vgg16,350,0.968053827189964,11
4231,resnet18,550,1.0,2
4232,efficientnetb0,750,1.0,3
4233,vgg16,550,0.9599292331742392,11
4234,densenet161,939,0.2831929044634787,5
4235,resnet50,939,1.0,6
4236,efficientnetb1,750,1.0,3
4237,vgg19,939,0.9322438807363724,13
4238,vgg16,350,0.968053827189964,11
4239,efficientnetb0,939,1.0,3
4240,efficientnetb0,750,1.0,3
4241,densenet161,350,0.7705044620574577,6
4242,efficientnetb1,939,1.0,3
4243,densenet161,350,0.472733213293796,5
4244,vgg16,750,0.888612802013523,12
4245,resnet34,350,0.7118597986318302,7
4246,resnet50,550,1.0,6
4247,efficientnetb1,350,1.0,3
4248,resnet34,939,1.0,6
4249,efficientnetb1,550,1.0,3
4250,vgg16,350,0.9208348165236296,10
4251,resnet50,750,0.8540914514899219,6
4252,vgg16,939,0.8568556422949929,11
4253,densenet161,350,0.472733213293796,5
4254,efficientnetb1,550,1.0,3
4255,resnet34,550,0.8215653788441881,7
4256,resnet50,939,1.0,6
4257,vgg16,750,0.8760175184574507,11
4258,resnet34,550,0.6271701708292037,6
4259,resnet34,350,0.6392378211717704,6
4260,resnet34,750,0.7880649919244954,7
4261,resnet18,350,0.9463184463728672,2
4262,vgg16,939,0.8568556422949929,11
4263,vgg19,550,0.0,2
4264,densenet161,750,0.7754817419817108,6
4265,vgg16,750,0.8760175184574507,11
4266,resnet50,350,1.0,6
4267,vgg19,550,0.9153142027929496,13
4268,efficientnetb1,750,1.0,3
4269,resnet18,350,1.0,3
4270,resnet18,750,1.0,2
4271,efficientnetb0,350,1.0,3
4272,efficientnetb1,550,1.0,3
4273,resnet18,350,1.0,3
4274,resnet18,939,1.0,2
4275,resnet34,550,0.8215653788441881,7
4276,efficientnetb1,350,1.0,3
4277,vgg16,939,0.5519575390300896,9
4278,resnet34,350,0.7118597986318302,7
4279,resnet18,550,1.0,2
4280,vgg19,750,0.9636492577949504,13
4281,densenet161,550,0.5735576563250782,5
4282,efficientnetb1,750,1.0,3
4283,resnet34,939,1.0,6
4284,resnet50,750,0.8540914514899219,6
4285,resnet50,939,1.0,6
4286,vgg16,750,0.8760175184574507,11
4287,efficientnetb0,350,1.0,3
4288,densenet161,750,0.5067219862360387,5
4289,resnet18,350,1.0,3
4290,resnet18,350,0.9463184463728672,2
4291,vgg16,939,1.0,13
4292,resnet18,550,1.0,2
4293,densenet161,939,1.0,6
4294,efficientnetb0,939,1.0,3
4295,resnet18,550,1.0,2
4296,vgg19,550,0.0,2
4297,vgg16,550,0.9599292331742392,11
4298,densenet161,550,0.5735576563250782,5
4299,efficientnetb1,550,1.0,3
4300,efficientnetb1,350,1.0,3
4301,densenet161,750,0.5067219862360387,5
4302,resnet50,750,0.8540914514899219,6
4303,efficientnetb1,550,1.0,3
4304,vgg19,939,0.7038804657074393,11
4305,vgg19,350,0.9722792391750928,13
4306,resnet34,750,0.6733833829902832,6
4307,resnet18,350,1.0,3
4308,vgg16,750,0.8760175184574507,11
4309,efficientnetb0,939,0.6801221238861833,4
4310,resnet34,939,0.8120702549228033,7
4311,densenet161,550,0.8307012363387156,6
4312,efficientnetb0,750,1.0,3
4313,efficientnetb1,350,1.0,3
4314,resnet18,750,1.0,2
4315,densenet161,939,0.2831929044634787,5
4316,vgg19,939,0.9322438807363724,13
4317,resnet34,550,0.6271701708292037,6
4318,vgg19,750,0.9636492577949504,13
4319,vgg19,350,0.9722792391750928,13
4320,vgg19,550,0.7144872600964158,10
4321,resnet34,939,1.0,6
4322,resnet18,350,0.9463184463728672,2
4323,efficientnetb0,550,1.0,3
4324,resnet50,939,1.0,6
4325,efficientnetb1,550,1.0,3
4326,vgg16,550,0.9599292331742392,11
4327,densenet161,750,0.5067219862360387,5
4328,densenet161,550,0.5735576563250782,5
4329,resnet34,350,0.7118597986318302,7
4330,resnet18,750,0.9425112246169725,3
4331,efficientnetb1,350,1.0,3
4332,efficientnetb0,750,0.0,1
4333,resnet18,350,0.9463184463728672,2
4334,resnet18,550,0.9649971314956884,3
4335,resnet50,939,1.0,6
4336,resnet34,550,0.8215653788441881,7
4337,resnet50,750,0.8540914514899219,6
4338,densenet161,939,0.2831929044634787,5
4339,resnet18,350,1.0,3
4340,densenet161,350,0.9422217589427628,7
4341,efficientnetb0,550,1.0,3
4342,resnet50,350,1.0,6
4343,efficientnetb1,750,1.0,3
4344,vgg16,350,0.9150494503700808,13
4345,efficientnetb1,939,1.0,3
4346,vgg16,550,0.0199271539720846,1
4347,resnet18,750,1.0,2
4348,vgg16,550,0.873525344145539,10
4349,vgg19,550,0.9153142027929496,13
4350,densenet161,750,1.0,7
4351,vgg16,550,0.9461219284703368,13
4352,resnet18,939,1.0,2
4353,resnet50,550,1.0,6
4354,densenet161,350,0.472733213293796,5
4355,resnet18,939,0.9772814215247084,3
4356,resnet34,750,0.416342836798379,4
4357,vgg16,750,0.8760175184574507,11
4358,efficientnetb0,939,1.0,3
4359,densenet161,750,0.5067219862360387,5
4360,vgg19,939,0.9322438807363724,13
4361,efficientnetb0,350,1.0,3
4362,efficientnetb1,750,1.0,3
4363,vgg19,350,0.9722792391750928,13
4364,vgg16,550,0.9599292331742392,11
4365,efficientnetb0,350,0.7221681243288518,4
4366,densenet161,750,0.7754817419817108,6
4367,vgg19,550,0.9153142027929496,13
4368,resnet34,939,1.0,6
4369,resnet34,750,0.7880649919244954,7
4370,resnet18,550,0.6805816088044464,4
4371,vgg19,350,0.9722792391750928,13
4372,resnet50,350,1.0,6
4373,vgg19,750,0.9636492577949504,13
4374,efficientnetb0,939,0.5462134982716761,5
4375,vgg16,350,0.6122688308267832,9
4376,resnet34,939,1.0,6
4377,resnet34,550,0.6271701708292037,6
4378,resnet34,550,0.8215653788441881,7
4379,resnet34,350,0.7118597986318302,7
4380,vgg19,939,0.9322438807363724,13
4381,resnet18,550,0.9649971314956884,3
4382,densenet161,550,0.5735576563250782,5
4383,resnet50,550,1.0,6
4384,efficientnetb1,939,1.0,3
4385,resnet34,350,0.7118597986318302,7
4386,efficientnetb1,750,1.0,3
4387,resnet50,350,1.0,6
4388,resnet34,939,1.0,6
4389,efficientnetb0,350,1.0,3
4390,resnet50,939,1.0,6
4391,efficientnetb0,550,1.0,3
4392,efficientnetb1,750,1.0,3
4393,efficientnetb1,750,1.0,3
4394,vgg16,939,0.8568556422949929,11
4395,resnet50,750,0.8540914514899219,6
4396,efficientnetb1,350,1.0,3
4397,resnet50,750,0.8540914514899219,6
4398,densenet161,750,0.7754817419817108,6
4399,efficientnetb0,550,1.0,3
4400,vgg19,750,0.9636492577949504,13
4401,densenet161,350,0.7705044620574577,6
4402,densenet161,550,0.8307012363387156,6
4403,vgg16,350,0.968053827189964,11
4404,resnet34,550,0.6271701708292037,6
4405,densenet161,550,0.5735576563250782,5
4406,efficientnetb0,550,1.0,3
4407,resnet50,350,1.0,6
4408,vgg19,350,0.9722792391750928,13
4409,efficientnetb1,939,1.0,3
4410,efficientnetb1,750,0.7228690296773087,4
4411,resnet50,750,0.8540914514899219,6
4412,vgg16,750,0.8760175184574507,11
4413,resnet18,939,0.9772814215247084,3
4414,densenet161,350,0.472733213293796,5
4415,resnet34,350,0.6392378211717704,6
4416,densenet161,550,0.8307012363387156,6
4417,resnet34,550,0.5238774014052308,5
4418,efficientnetb1,939,0.7039994792384792,4
4419,resnet50,939,1.0,6
4420,densenet161,750,0.5067219862360387,5
4421,vgg19,350,0.9722792391750928,13
4422,efficientnetb0,939,1.0,3
4423,vgg19,750,0.9636492577949504,13
4424,resnet34,939,0.8120702549228033,7
4425,vgg19,350,0.9722792391750928,13
4426,resnet50,750,0.8540914514899219,6
4427,vgg19,550,0.9153142027929496,13
4428,vgg19,939,0.9322438807363724,13
4429,vgg16,550,0.9461219284703368,13
4430,efficientnetb1,939,0.0,1
4431,vgg16,750,0.8760175184574507,11
4432,resnet18,550,0.9649971314956884,3
4433,resnet18,550,1.0,2
4434,resnet50,939,1.0,6
4435,efficientnetb1,750,1.0,3
4436,efficientnetb0,939,1.0,3
4437,resnet18,350,0.9463184463728672,2
4438,efficientnetb0,350,1.0,3
4439,efficientnetb0,750,1.0,3
4440,resnet50,750,0.8540914514899219,6
4441,vgg19,350,0.9722792391750928,13
4442,efficientnetb1,939,1.0,3
4443,resnet18,550,0.9649971314956884,3
4444,vgg16,550,0.9599292331742392,11
4445,efficientnetb0,550,1.0,3
4446,vgg19,939,1.0,15
4447,vgg19,350,0.9722792391750928,13
4448,efficientnetb0,939,1.0,3
4449,resnet50,550,1.0,6
4450,efficientnetb1,939,1.0,3
4451,resnet34,350,0.7118597986318302,7
4452,vgg16,550,0.9461219284703368,13
4453,densenet161,750,0.5067219862360387,5
4454,densenet161,750,0.7754817419817108,6
4455,efficientnetb0,550,1.0,3
4456,efficientnetb0,750,1.0,3
4457,efficientnetb0,750,1.0,3
4458,resnet50,550,1.0,6
4459,efficientnetb0,939,1.0,3
4460,resnet34,350,0.7118597986318302,7
4461,vgg19,750,0.9636492577949504,13
4462,efficientnetb0,350,0.0,1
4463,vgg19,939,0.9322438807363724,13
4464,efficientnetb0,350,1.0,3
4465,resnet50,750,0.8540914514899219,6
4466,efficientnetb0,550,1.0,3
4467,vgg16,550,0.9599292331742392,11
4468,resnet50,550,1.0,6
4469,vgg19,939,0.9322438807363724,13
4470,densenet161,750,0.5067219862360387,5
4471,efficientnetb0,939,1.0,3
4472,vgg19,939,0.9322438807363724,13
4473,efficientnetb0,750,1.0,3
4474,resnet50,750,0.8540914514899219,6
4475,resnet34,550,0.8215653788441881,7
4476,vgg16,939,1.0,13
4477,vgg19,939,0.9322438807363724,13
4478,efficientnetb1,550,1.0,3
4479,efficientnetb0,939,1.0,3
4480,densenet161,550,1.0,7
4481,densenet161,939,1.0,6
4482,densenet161,939,0.2831929044634787,5
4483,vgg19,550,0.9153142027929496,13
4484,vgg19,750,0.9636492577949504,13
4485,resnet18,939,1.0,2
4486,resnet18,350,0.9463184463728672,2
4487,efficientnetb1,350,1.0,3
4488,resnet50,550,1.0,6
4489,vgg16,550,0.9599292331742392,11
4490,resnet50,939,1.0,6
4491,densenet161,550,0.5735576563250782,5
4492,vgg19,550,0.9153142027929496,13
4493,efficientnetb1,350,1.0,3
4494,resnet50,350,1.0,6
4495,resnet50,350,1.0,6
4496,vgg16,550,0.9599292331742392,11
4497,efficientnetb0,750,1.0,3
4498,densenet161,939,0.2831929044634787,5
4499,densenet161,750,0.5067219862360387,5
4500,densenet161,750,1.0,7
4501,efficientnetb1,750,1.0,3
4502,efficientnetb0,350,1.0,3
4503,vgg16,939,1.0,13
4504,resnet50,550,1.0,6
4505,efficientnetb1,750,1.0,3
4506,resnet18,750,1.0,2
4507,efficientnetb0,350,1.0,3
4508,vgg19,939,0.9322438807363724,13
4509,resnet18,750,0.9425112246169725,3
4510,resnet50,750,0.8540914514899219,6
4511,resnet34,550,0.8215653788441881,7
4512,resnet50,939,1.0,6
4513,resnet18,939,0.9772814215247084,3
4514,densenet161,350,0.472733213293796,5
4515,vgg16,550,0.4909442737237837,5
4516,resnet34,350,0.6392378211717704,6
4517,efficientnetb1,350,1.0,3
4518,resnet34,350,0.6392378211717704,6
4519,densenet161,350,0.472733213293796,5
4520,efficientnetb1,750,1.0,3
4521,resnet34,939,0.8120702549228033,7
4522,resnet50,750,0.8540914514899219,6
4523,resnet34,939,0.8120702549228033,7
4524,resnet18,350,1.0,3
4525,vgg19,939,0.783629319224574,17
4526,efficientnetb0,750,1.0,3
4527,densenet161,939,0.0601439006764898,1
4528,efficientnetb1,750,0.7228690296773087,4
4529,resnet34,550,0.6271701708292037,6
4530,vgg16,939,0.8568556422949929,11
4531,vgg19,750,0.9636492577949504,13
4532,efficientnetb1,750,1.0,3
4533,densenet161,750,1.0,7
4534,vgg19,350,0.9722792391750928,13
4535,resnet34,939,0.8120702549228033,7
4536,vgg19,750,0.9936879963126718,15
4537,resnet18,550,0.9649971314956884,3
4538,efficientnetb1,939,1.0,3
4539,resnet50,550,0.8215124558966982,7
4540,densenet161,939,0.2994714122049385,4
4541,resnet18,939,1.0,2
4542,densenet161,750,0.7754817419817108,6
4543,efficientnetb1,350,1.0,3
4544,efficientnetb0,939,1.0,3
4545,vgg19,750,0.9636492577949504,13
4546,efficientnetb1,750,1.0,3
4547,efficientnetb1,350,0.2323535341648464,2
4548,efficientnetb1,350,1.0,3
4549,efficientnetb1,750,1.0,3
4550,efficientnetb1,750,1.0,3
4551,densenet161,939,0.2831929044634787,5
4552,efficientnetb0,350,1.0,3
4553,resnet18,750,1.0,2
4554,resnet50,750,0.8540914514899219,6
4555,resnet50,750,0.5242927837491854,3
4556,densenet161,350,0.472733213293796,5
4557,efficientnetb1,750,1.0,3
4558,efficientnetb0,939,1.0,3
4559,resnet50,350,1.0,6
4560,efficientnetb0,750,1.0,3
4561,efficientnetb1,350,1.0,3
4562,resnet34,350,0.7118597986318302,7
4563,vgg16,750,0.9989474447948092,13
4564,efficientnetb1,350,1.0,3
4565,vgg16,550,0.9599292331742392,11
4566,vgg19,350,0.9722792391750928,13
4567,efficientnetb0,550,1.0,3
4568,vgg16,939,0.8568556422949929,11
4569,efficientnetb0,550,1.0,3
4570,vgg19,939,0.9322438807363724,13
4571,efficientnetb0,550,1.0,3
4572,vgg19,350,0.9722792391750928,13
4573,resnet34,350,0.7118597986318302,7
4574,resnet50,350,1.0,6
4575,resnet18,939,0.666846850715217,4
4576,vgg19,939,1.0,15
4577,resnet34,750,0.6733833829902832,6
4578,resnet50,750,0.8540914514899219,6
4579,resnet34,939,1.0,6
4580,efficientnetb0,939,1.0,3
4581,densenet161,350,0.472733213293796,5
4582,resnet18,939,0.9772814215247084,3
4583,resnet18,939,0.9772814215247084,3
4584,resnet50,350,1.0,6
4585,resnet50,550,0.8215124558966982,7
4586,efficientnetb1,750,0.7228690296773087,4
4587,resnet50,750,0.8540914514899219,6
4588,resnet50,550,1.0,6
4589,vgg19,350,0.4995659680915179,8
4590,resnet18,550,0.6805816088044464,4
4591,densenet161,939,0.2831929044634787,5
4592,densenet161,939,0.2831929044634787,5
4593,vgg16,550,0.9461219284703368,13
4594,vgg19,350,0.9722792391750928,13
4595,vgg19,350,0.9722792391750928,13
4596,vgg16,939,0.0,2
4597,densenet161,750,0.5067219862360387,5
4598,vgg19,750,0.9936879963126718,15
4599,efficientnetb1,350,1.0,3
4600,resnet34,939,1.0,6
4601,efficientnetb0,939,1.0,3
4602,vgg19,939,0.0,2
4603,vgg16,550,0.873525344145539,10
4604,efficientnetb0,750,1.0,3
4605,densenet161,550,1.0,7
4606,resnet50,350,0.8169515861153699,7
4607,resnet18,750,1.0,2
4608,resnet50,750,0.8540914514899219,6
4609,resnet18,550,1.0,2
4610,resnet18,939,1.0,2
4611,resnet50,750,0.8540914514899219,6
4612,vgg19,350,0.9722792391750928,13
4613,densenet161,550,0.5735576563250782,5
4614,efficientnetb1,750,1.0,3
4615,vgg19,350,0.9722792391750928,13
4616,densenet161,939,0.8028649279588222,7
4617,efficientnetb0,350,1.0,3
4618,densenet161,550,0.5735576563250782,5
4619,vgg19,939,1.0,15
4620,resnet34,350,0.7118597986318302,7
4621,efficientnetb1,750,0.7228690296773087,4
4622,resnet50,750,0.8540914514899219,6
4623,vgg19,750,0.9636492577949504,13
4624,efficientnetb1,939,1.0,3
4625,resnet50,750,0.8540914514899219,6
4626,densenet161,350,0.0606109279047736,11
4627,vgg16,350,0.968053827189964,11
4628,efficientnetb0,350,1.0,3
4629,resnet18,750,1.0,2
4630,resnet50,550,1.0,6
4631,resnet18,939,0.9772814215247084,3
4632,vgg16,550,0.9599292331742392,11
4633,efficientnetb1,939,1.0,3
4634,vgg16,750,0.8760175184574507,11
4635,efficientnetb1,350,1.0,3
4636,efficientnetb1,750,1.0,3
4637,vgg19,939,0.9322438807363724,13
4638,resnet50,550,0.8215124558966982,7
4639,vgg19,939,0.9322438807363724,13
4640,resnet50,350,1.0,6
4641,vgg16,550,0.9599292331742392,11
4642,efficientnetb1,939,1.0,3
4643,resnet50,750,0.692684175445151,7
4644,densenet161,350,0.472733213293796,5
4645,efficientnetb0,350,1.0,3
4646,resnet50,750,0.8540914514899219,6
4647,efficientnetb0,350,1.0,3
4648,efficientnetb1,750,1.0,3
4649,resnet18,939,1.0,2
4650,resnet18,939,1.0,2
4651,efficientnetb0,550,1.0,3
4652,densenet161,350,0.472733213293796,5
4653,efficientnetb0,939,0.6801221238861833,4
4654,vgg16,550,0.9599292331742392,11
4655,resnet34,939,1.0,6
4656,densenet161,750,0.5067219862360387,5
4657,resnet34,750,0.6733833829902832,6
4658,resnet50,350,1.0,6
4659,efficientnetb1,350,1.0,3
4660,resnet34,939,1.0,6
4661,resnet50,350,1.0,6
4662,vgg16,550,0.9599292331742392,11
4663,resnet18,750,1.0,2
4664,resnet50,550,1.0,6
4665,resnet18,939,0.9772814215247084,3
4666,resnet50,350,1.0,6
4667,efficientnetb0,350,1.0,3
4668,efficientnetb0,550,1.0,3
4669,resnet50,750,0.8540914514899219,6
4670,efficientnetb0,550,1.0,3
4671,resnet18,350,0.9463184463728672,2
4672,efficientnetb1,550,0.6878389778024664,4
4673,efficientnetb1,750,1.0,3
4674,efficientnetb0,750,1.0,3
4675,efficientnetb1,550,1.0,3
4676,efficientnetb0,939,1.0,3
4677,resnet18,550,0.9649971314956884,3
4678,efficientnetb0,939,0.245393377540531,2
4679,vgg19,350,0.9884623593775808,15
4680,resnet50,350,1.0,6
4681,resnet18,550,0.9649971314956884,3
4682,resnet34,550,0.6271701708292037,6
4683,resnet18,550,0.9649971314956884,3
4684,resnet34,750,0.7880649919244954,7
4685,resnet50,939,1.0,6
4686,densenet161,939,0.2831929044634787,5
4687,efficientnetb0,550,1.0,3
4688,densenet161,350,0.472733213293796,5
4689,vgg19,350,0.9722792391750928,13
4690,resnet18,550,1.0,2
4691,efficientnetb0,550,1.0,3
4692,efficientnetb0,350,1.0,3
4693,resnet34,550,0.8215653788441881,7
4694,densenet161,750,1.0,7
4695,resnet18,939,1.0,2
4696,resnet50,750,0.8540914514899219,6
4697,efficientnetb0,750,1.0,3
4698,efficientnetb0,550,1.0,3
4699,efficientnetb1,939,1.0,3
4700,efficientnetb1,939,1.0,3
4701,vgg19,939,0.9322438807363724,13
4702,vgg16,750,0.8760175184574507,11
4703,densenet161,939,0.2831929044634787,5
4704,vgg19,350,1.0,16
4705,vgg16,750,0.8760175184574507,11
4706,vgg16,350,0.968053827189964,11
4707,vgg16,550,0.9599292331742392,11
4708,densenet161,750,0.0,1
4709,densenet161,750,0.0408796516625536,11
4710,efficientnetb0,939,1.0,3
4711,vgg16,750,0.8760175184574507,11
4712,vgg19,550,1.0,15
4713,vgg16,550,0.9461219284703368,13
4714,vgg19,350,0.9722792391750928,13
4715,vgg19,550,0.7412152580816892,11
4716,vgg19,750,0.9636492577949504,13
4717,efficientnetb1,939,1.0,3
4718,densenet161,939,0.2831929044634787,5
4719,resnet34,750,0.7880649919244954,7
4720,resnet34,939,1.0,6
4721,resnet18,939,1.0,2
4722,resnet18,939,1.0,2
4723,resnet18,550,0.9649971314956884,3
4724,efficientnetb1,750,1.0,3
4725,vgg19,550,0.9153142027929496,13
4726,efficientnetb1,939,0.0,1
4727,resnet50,750,0.8540914514899219,6
4728,vgg16,350,0.968053827189964,11
4729,vgg19,550,0.9153142027929496,13
4730,resnet34,550,0.6271701708292037,6
4731,vgg16,350,0.968053827189964,11
4732,efficientnetb1,939,1.0,3
4733,vgg19,939,0.9322438807363724,13
4734,resnet34,750,0.6733833829902832,6
4735,efficientnetb1,939,1.0,3
4736,resnet18,350,0.9463184463728672,2
4737,vgg16,350,0.968053827189964,11
4738,densenet161,939,0.2831929044634787,5
4739,efficientnetb1,750,1.0,3
4740,resnet50,939,1.0,6
4741,resnet34,750,0.7880649919244954,7
4742,efficientnetb1,550,1.0,3
4743,resnet18,750,1.0,2
4744,densenet161,939,0.2831929044634787,5
4745,efficientnetb1,350,1.0,3
4746,vgg16,350,0.968053827189964,11
4747,efficientnetb1,350,1.0,3
4748,resnet50,750,0.8540914514899219,6
4749,vgg19,550,0.9153142027929496,13
4750,resnet18,939,0.9772814215247084,3
4751,resnet18,550,1.0,2
4752,densenet161,750,0.5067219862360387,5
4753,resnet18,350,0.9463184463728672,2
4754,resnet50,750,0.8540914514899219,6
4755,resnet34,550,0.6271701708292037,6
4756,resnet50,550,1.0,6
4757,vgg16,939,0.0381294915227273,4
4758,vgg16,550,0.9599292331742392,11
4759,resnet50,750,0.8540914514899219,6
4760,efficientnetb1,939,1.0,3
4761,vgg19,550,0.9153142027929496,13
4762,vgg19,550,0.3608150480635607,7
4763,resnet18,939,1.0,2
4764,resnet50,939,0.3012988939538109,3
4765,vgg16,350,0.968053827189964,11
4766,efficientnetb0,939,1.0,3
4767,efficientnetb1,939,1.0,3
4768,densenet161,350,0.472733213293796,5
4769,efficientnetb0,939,1.0,3
4770,vgg19,550,0.9153142027929496,13
4771,resnet34,939,1.0,6
4772,efficientnetb1,350,1.0,3
4773,resnet50,750,0.8540914514899219,6
4774,efficientnetb1,550,1.0,3
4775,resnet50,550,1.0,6
4776,vgg19,750,0.9636492577949504,13
4777,resnet18,550,1.0,2
4778,densenet161,550,0.5735576563250782,5
4779,efficientnetb1,350,1.0,3
4780,resnet50,350,1.0,6
4781,densenet161,550,0.0323579521725776,2
4782,resnet34,350,0.7118597986318302,7
4783,resnet34,939,1.0,6
4784,resnet18,939,1.0,2
4785,efficientnetb1,550,1.0,3
4786,efficientnetb0,350,1.0,3
4787,resnet34,750,0.6733833829902832,6
4788,resnet50,350,1.0,6
4789,densenet161,939,0.2831929044634787,5
4790,resnet50,939,1.0,6
4791,efficientnetb1,550,1.0,3
4792,efficientnetb1,939,1.0,3
4793,densenet161,350,0.472733213293796,5
4794,efficientnetb1,939,1.0,3
4795,vgg19,939,0.3144631067328258,6
4796,resnet50,350,1.0,6
4797,resnet34,350,0.6392378211717704,6
4798,resnet18,939,1.0,2
4799,resnet50,550,1.0,6
4800,vgg16,939,0.8568556422949929,11
4801,efficientnetb1,750,1.0,3
4802,efficientnetb1,350,0.7181138626700144,4
4803,efficientnetb1,750,0.5409660759543289,5
4804,densenet161,750,0.5067219862360387,5
4805,densenet161,350,0.472733213293796,5
4806,resnet34,750,0.6733833829902832,6
4807,resnet34,750,0.7880649919244954,7
4808,vgg16,350,0.968053827189964,11
4809,efficientnetb0,939,1.0,3
4810,vgg19,350,0.9722792391750928,13
4811,densenet161,550,0.5735576563250782,5
4812,efficientnetb0,750,1.0,3
4813,vgg16,939,0.8568556422949929,11
4814,efficientnetb0,939,1.0,3
4815,efficientnetb0,550,1.0,3
4816,vgg16,350,0.968053827189964,11
4817,resnet34,750,0.6733833829902832,6
4818,resnet34,939,1.0,6
4819,resnet50,550,1.0,6
4820,efficientnetb0,550,1.0,3
4821,vgg19,550,0.9153142027929496,13
4822,resnet34,550,0.6271701708292037,6
4823,densenet161,350,0.472733213293796,5
4824,efficientnetb0,350,1.0,3
4825,efficientnetb1,939,1.0,3
4826,efficientnetb0,350,1.0,3
4827,resnet34,750,0.6733833829902832,6
4828,resnet18,350,0.9463184463728672,2
4829,densenet161,350,0.472733213293796,5
4830,resnet18,750,1.0,2
4831,vgg19,350,0.9722792391750928,13
4832,resnet18,750,1.0,2
4833,resnet18,350,0.9463184463728672,2
4834,resnet50,939,1.0,6
4835,vgg19,550,0.9153142027929496,13
4836,resnet34,350,0.6392378211717704,6
4837,efficientnetb0,350,1.0,3
4838,resnet18,550,1.0,2
4839,efficientnetb0,550,1.0,3
4840,vgg16,939,0.8568556422949929,11
4841,resnet18,350,0.9463184463728672,2
4842,vgg19,939,0.9322438807363724,13
4843,densenet161,550,0.5735576563250782,5
4844,efficientnetb0,350,1.0,3
4845,vgg16,939,0.8568556422949929,11
4846,densenet161,939,1.0,6
4847,densenet161,550,0.8307012363387156,6
4848,vgg19,939,0.9322438807363724,13
4849,resnet50,939,1.0,6
4850,vgg16,750,0.8760175184574507,11
4851,resnet34,939,1.0,6
4852,resnet34,939,1.0,6
4853,efficientnetb0,750,1.0,3
4854,efficientnetb0,750,1.0,3
4855,resnet34,550,0.6271701708292037,6
4856,efficientnetb1,550,1.0,3
4857,densenet161,939,0.2831929044634787,5
4858,efficientnetb1,350,1.0,3
4859,densenet161,550,0.8307012363387156,6
4860,vgg19,550,0.9153142027929496,13
4861,resnet34,350,0.5163674653124631,5
4862,densenet161,939,0.2831929044634787,5
4863,resnet18,939,1.0,2
4864,efficientnetb0,939,1.0,3
4865,densenet161,350,0.472733213293796,5
4866,vgg16,550,0.9599292331742392,11
4867,resnet50,550,1.0,6
4868,efficientnetb0,550,1.0,3
4869,vgg19,750,0.9636492577949504,13
4870,resnet50,939,1.0,6
4871,resnet50,939,1.0,6
4872,vgg16,939,0.8568556422949929,11
4873,resnet50,939,0.8248723661787692,5
4874,resnet50,550,1.0,6
4875,resnet50,939,0.8248723661787692,5
4876,efficientnetb1,550,1.0,3
4877,resnet50,939,1.0,6
4878,vgg19,550,0.93699417819052,14
4879,efficientnetb1,350,1.0,3
4880,resnet34,750,0.416342836798379,4
4881,resnet50,550,1.0,6
4882,resnet18,750,1.0,2
4883,vgg16,550,0.6336692532833877,9
4884,efficientnetb0,550,1.0,3
4885,resnet34,350,0.5163674653124631,5
4886,efficientnetb1,939,1.0,3
4887,vgg19,350,0.9722792391750928,13
4888,vgg19,550,0.9153142027929496,13
4889,resnet18,939,1.0,2
4890,efficientnetb1,750,1.0,3
4891,resnet34,939,1.0,6
4892,vgg19,550,0.9153142027929496,13
4893,vgg19,350,0.9722792391750928,13
4894,efficientnetb1,350,1.0,3
4895,densenet161,550,0.2084375640861151,9
4896,vgg19,550,0.9153142027929496,13
4897,resnet34,350,0.5163674653124631,5
4898,resnet34,939,1.0,6
4899,resnet34,350,0.5163674653124631,5
4900,resnet18,750,1.0,2
4901,efficientnetb1,750,1.0,3
4902,efficientnetb0,550,0.7484594574197447,4
4903,resnet50,350,0.8830285561177872,5
4904,efficientnetb0,750,1.0,3
4905,resnet50,750,1.0,5
4906,vgg16,750,0.5870702344568659,8
4907,resnet34,550,0.5238774014052308,5
4908,efficientnetb0,350,1.0,3
4909,resnet50,939,1.0,6
4910,vgg16,350,0.968053827189964,11
4911,resnet50,750,0.8540914514899219,6
4912,efficientnetb1,750,1.0,3
4913,vgg16,750,0.8760175184574507,11
4914,resnet50,750,0.8540914514899219,6
4915,resnet18,350,0.9463184463728672,2
4916,resnet50,750,0.8540914514899219,6
4917,vgg19,350,0.9722792391750928,13
4918,vgg16,750,0.6199568106045172,9
4919,vgg16,939,0.8568556422949929,11
4920,efficientnetb1,939,1.0,3
4921,resnet18,939,1.0,2
4922,resnet34,550,1.0,8
4923,resnet18,350,0.5934360820487711,1
4924,efficientnetb1,350,1.0,3
4925,densenet161,550,0.084152532251803,12
4926,resnet18,350,0.9463184463728672,2
4927,efficientnetb1,550,1.0,3
4928,densenet161,750,0.1955210426922513,9
4929,efficientnetb0,750,1.0,3
4930,densenet161,939,0.2831929044634787,5
4931,efficientnetb0,750,1.0,3
4932,resnet18,750,1.0,2
4933,vgg16,939,0.8568556422949929,11
4934,vgg16,750,0.6199568106045172,9
4935,efficientnetb1,750,1.0,3
4936,efficientnetb0,350,1.0,3
4937,vgg19,350,0.9722792391750928,13
4938,densenet161,750,0.5067219862360387,5
4939,resnet50,550,1.0,6
4940,densenet161,350,0.0213386295855335,3
4941,efficientnetb0,750,1.0,3
4942,resnet50,350,1.0,6
4943,efficientnetb0,350,0.7221681243288518,4
4944,efficientnetb1,750,1.0,3
4945,efficientnetb1,939,1.0,3
4946,efficientnetb0,550,1.0,3
4947,densenet161,750,0.5067219862360387,5
4948,vgg16,939,0.8568556422949929,11
4949,vgg19,750,0.3776216428097246,7
4950,resnet18,550,0.9649971314956884,3
4951,efficientnetb0,750,1.0,3
4952,efficientnetb1,750,1.0,3
4953,resnet18,750,1.0,2
4954,vgg16,750,0.9989474447948092,13
4955,vgg16,350,0.968053827189964,11
4956,resnet50,350,1.0,6
4957,vgg19,350,0.9722792391750928,13
4958,efficientnetb1,750,1.0,3
4959,resnet50,350,1.0,6
4960,efficientnetb0,550,1.0,3
4961,vgg16,550,0.9599292331742392,11
4962,resnet50,350,1.0,6
4963,vgg16,350,0.968053827189964,11
4964,efficientnetb0,550,1.0,3
4965,vgg16,550,0.9599292331742392,11
4966,resnet34,350,0.7118597986318302,7
4967,densenet161,750,0.5067219862360387,5
4968,resnet34,350,0.6392378211717704,6
4969,efficientnetb0,750,0.6483214388113725,4
4970,densenet161,750,0.5067219862360387,5
4971,resnet34,750,0.6733833829902832,6
4972,vgg16,939,0.8568556422949929,11
4973,vgg16,550,0.9599292331742392,11
4974,efficientnetb0,939,1.0,3
4975,efficientnetb1,750,1.0,3
4976,efficientnetb0,750,1.0,3
4977,vgg16,350,0.9277415950475124,14
4978,efficientnetb0,350,1.0,3
4979,vgg19,550,0.3992057636441661,5
4980,vgg19,550,0.9153142027929496,13
4981,densenet161,939,0.2831929044634787,5
4982,resnet34,939,1.0,6
4983,resnet18,350,0.9463184463728672,2
4984,vgg19,750,0.9636492577949504,13
4985,efficientnetb1,750,1.0,3
4986,vgg19,550,0.0,2
4987,efficientnetb0,350,1.0,3
4988,vgg16,939,0.8568556422949929,11
4989,efficientnetb1,350,1.0,3
4990,resnet18,750,1.0,2
4991,densenet161,750,0.7754817419817108,6
4992,efficientnetb0,750,0.221102352041803,2
4993,resnet50,750,0.8540914514899219,6
4994,efficientnetb0,550,1.0,3
4995,efficientnetb0,550,1.0,3
4996,densenet161,550,0.5735576563250782,5
4997,efficientnetb1,939,0.7039994792384792,4
4998,resnet18,750,1.0,2
4999,resnet50,750,0.8540914514899219,6
5000,resnet34,550,0.6271701708292037,6
5001,resnet34,550,0.6271701708292037,6
5002,efficientnetb0,350,1.0,3
5003,vgg19,939,0.9322438807363724,13
5004,resnet50,350,1.0,6
5005,resnet50,550,1.0,6
5006,vgg19,750,0.9636492577949504,13
5007,resnet18,350,0.9463184463728672,2
5008,efficientnetb0,550,1.0,3
5009,efficientnetb1,350,1.0,3
5010,densenet161,939,0.2831929044634787,5
5011,resnet18,750,1.0,2
5012,densenet161,750,0.5067219862360387,5
5013,resnet50,750,0.8540914514899219,6
5014,resnet34,750,0.6733833829902832,6
5015,resnet34,350,0.6392378211717704,6
5016,vgg19,939,0.9322438807363724,13
5017,efficientnetb1,550,1.0,3
5018,vgg19,350,0.9722792391750928,13
5019,resnet34,750,0.4742055237385399,5
5020,efficientnetb0,350,1.0,3
5021,vgg16,350,0.968053827189964,11
5022,resnet50,550,1.0,6
5023,resnet34,750,0.6733833829902832,6
5024,resnet34,750,0.6733833829902832,6
5025,vgg19,750,0.9636492577949504,13
5026,densenet161,550,0.5735576563250782,5
5027,resnet50,350,0.8169515861153699,7
5028,resnet50,750,0.8540914514899219,6
5029,vgg16,939,0.8568556422949929,11
5030,resnet18,750,1.0,2
5031,resnet34,939,1.0,6
5032,densenet161,550,1.0,7
5033,densenet161,939,0.3464512676069018,10
5034,densenet161,750,0.7754817419817108,6
5035,resnet18,550,1.0,2
5036,efficientnetb1,350,1.0,3
5037,efficientnetb0,750,1.0,3
5038,vgg16,350,0.968053827189964,11
5039,vgg16,939,0.8568556422949929,11
5040,resnet18,939,1.0,2
5041,resnet18,939,1.0,2
5042,resnet18,350,0.9463184463728672,2
5043,vgg19,939,0.9322438807363724,13
5044,resnet18,350,0.9463184463728672,2
5045,vgg19,350,0.9722792391750928,13
5046,densenet161,350,0.472733213293796,5
5047,vgg16,939,0.986973209346794,14
5048,resnet34,550,0.6271701708292037,6
5049,vgg16,350,0.968053827189964,11
5050,vgg19,350,0.0047515404264518,2
5051,vgg19,350,0.9722792391750928,13
5052,vgg19,750,0.9636492577949504,13
5053,resnet34,350,0.6392378211717704,6
5054,efficientnetb0,550,1.0,3
5055,densenet161,350,0.472733213293796,5
5056,resnet34,939,1.0,6
5057,efficientnetb0,350,1.0,3
5058,resnet18,750,1.0,2
5059,efficientnetb1,750,1.0,3
5060,vgg19,750,0.3954673323042385,5
5061,efficientnetb1,750,1.0,3
5062,efficientnetb0,550,1.0,3
5063,efficientnetb0,939,0.6801221238861833,4
5064,resnet50,750,0.8540914514899219,6
5065,efficientnetb1,939,0.7039994792384792,4
5066,vgg19,750,0.9636492577949504,13
5067,vgg16,350,0.968053827189964,11
5068,efficientnetb1,550,1.0,3
5069,vgg16,350,0.968053827189964,11
5070,resnet18,550,1.0,2
5071,vgg16,939,0.8568556422949929,11
5072,resnet34,350,0.6392378211717704,6
5073,vgg19,550,0.9153142027929496,13
5074,densenet161,939,0.0018556587877228,3
5075,efficientnetb1,939,1.0,3
5076,resnet18,750,1.0,2
5077,efficientnetb1,939,1.0,3
5078,efficientnetb0,550,1.0,3
5079,efficientnetb1,939,1.0,3
5080,vgg19,750,0.9636492577949504,13
5081,efficientnetb0,350,1.0,3
5082,efficientnetb1,750,1.0,3
5083,resnet50,750,0.8540914514899219,6
5084,efficientnetb1,939,1.0,3
5085,efficientnetb0,350,1.0,3
5086,efficientnetb0,550,1.0,3
5087,vgg19,750,0.349757663747874,6
5088,efficientnetb0,939,1.0,3
5089,efficientnetb0,350,1.0,3
5090,densenet161,939,0.2831929044634787,5
5091,resnet50,550,1.0,6
5092,efficientnetb0,550,1.0,3
5093,resnet34,939,1.0,6
5094,resnet34,350,0.6392378211717704,6
5095,efficientnetb0,550,1.0,3
5096,densenet161,939,0.2831929044634787,5
5097,vgg19,550,0.9153142027929496,13
5098,resnet50,350,1.0,6
5099,efficientnetb1,750,1.0,3
5100,resnet18,350,0.9463184463728672,2
5101,vgg19,350,0.9722792391750928,13
5102,vgg16,350,0.968053827189964,11
5103,efficientnetb0,550,1.0,3
5104,resnet34,550,0.6271701708292037,6
5105,resnet18,550,1.0,2
5106,resnet50,350,0.8169515861153699,7
5107,efficientnetb0,550,1.0,3
5108,vgg19,550,0.93432282209291,16
5109,resnet34,550,0.6271701708292037,6
5110,resnet34,939,1.0,6
5111,resnet18,939,1.0,2
5112,efficientnetb0,550,1.0,3
5113,resnet50,939,1.0,6
5114,resnet34,939,1.0,6
5115,resnet34,350,0.6392378211717704,6
5116,resnet50,350,1.0,6
5117,vgg19,939,0.9322438807363724,13
5118,vgg19,750,0.7134880992516057,11
5119,densenet161,350,0.472733213293796,5
5120,resnet18,350,0.9463184463728672,2
5121,efficientnetb0,750,1.0,3
5122,resnet18,939,1.0,2
5123,efficientnetb1,350,1.0,3
5124,efficientnetb0,350,0.7221681243288518,4
5125,resnet34,939,1.0,6
5126,vgg19,939,0.053642035656265,3
5127,vgg19,550,0.9153142027929496,13
5128,vgg16,750,0.8760175184574507,11
5129,resnet50,939,1.0,6
5130,resnet18,939,0.9772814215247084,3
5131,efficientnetb0,550,1.0,3
5132,vgg19,939,0.9322438807363724,13
5133,resnet18,350,0.9463184463728672,2
5134,resnet34,750,0.7880649919244954,7
5135,vgg16,350,0.9208348165236296,10
5136,resnet18,550,1.0,2
5137,resnet34,550,0.6271701708292037,6
5138,resnet50,939,1.0,6
5139,efficientnetb1,350,1.0,3
5140,resnet18,750,1.0,2
5141,resnet50,939,1.0,6
5142,resnet50,750,0.8540914514899219,6
5143,resnet34,350,0.6392378211717704,6
5144,resnet50,939,1.0,6
5145,efficientnetb0,550,1.0,3
5146,resnet34,939,0.8527581774225047,5
5147,resnet18,350,0.9463184463728672,2
5148,resnet34,939,0.8527581774225047,5
5149,resnet18,350,0.9463184463728672,2
5150,vgg19,550,0.9153142027929496,13
5151,vgg19,750,0.9636492577949504,13
5152,efficientnetb0,750,0.6483214388113725,4
5153,vgg19,550,0.9153142027929496,13
5154,vgg19,550,0.9153142027929496,13
5155,vgg16,750,0.8760175184574507,11
5156,vgg16,750,0.8760175184574507,11
5157,resnet18,750,1.0,2
5158,resnet34,750,0.6733833829902832,6
5159,efficientnetb0,350,1.0,3
5160,resnet18,350,0.9463184463728672,2
5161,vgg19,750,0.9636492577949504,13
5162,efficientnetb0,550,0.7484594574197447,4
5163,efficientnetb0,550,1.0,3
5164,densenet161,939,0.2831929044634787,5
5165,densenet161,939,0.0018556587877228,3
5166,efficientnetb1,350,1.0,3
5167,resnet18,939,1.0,2
5168,resnet50,939,0.481243768988981,4
5169,resnet18,750,1.0,2
5170,densenet161,550,0.5735576563250782,5
5171,resnet34,350,0.6392378211717704,6
5172,efficientnetb1,550,0.6878389778024664,4
5173,efficientnetb0,350,1.0,3
5174,resnet50,550,1.0,6
5175,efficientnetb1,750,1.0,3
5176,efficientnetb1,750,1.0,3
5177,resnet18,550,1.0,2
5178,efficientnetb1,939,1.0,3
5179,resnet50,350,1.0,6
5180,resnet18,939,1.0,2
5181,efficientnetb1,750,1.0,3
5182,efficientnetb1,350,1.0,3
5183,vgg16,350,0.968053827189964,11
5184,efficientnetb0,350,1.0,3
5185,resnet34,939,1.0,6
5186,resnet34,939,1.0,6
5187,vgg19,750,0.9636492577949504,13
5188,resnet34,350,0.6392378211717704,6
5189,efficientnetb0,550,0.7484594574197447,4
5190,resnet34,750,0.6733833829902832,6
5191,vgg16,350,0.968053827189964,11
5192,densenet161,750,1.0,7
5193,efficientnetb1,750,1.0,3
5194,efficientnetb1,939,1.0,3
5195,resnet18,750,1.0,2
5196,vgg19,939,0.9322438807363724,13
5197,resnet50,550,1.0,6
5198,resnet18,750,1.0,2
5199,vgg19,550,0.9153142027929496,13
5200,resnet34,750,0.6733833829902832,6
5201,vgg16,550,0.9599292331742392,11
5202,vgg16,939,0.0548212617333455,3
5203,efficientnetb0,550,1.0,3
5204,efficientnetb0,750,1.0,3
5205,resnet50,550,1.0,6
5206,efficientnetb1,939,1.0,3
5207,vgg16,350,0.968053827189964,11
5208,efficientnetb1,939,1.0,3
5209,resnet34,350,0.19930012289416,2
5210,densenet161,350,0.0213386295855335,3
5211,efficientnetb0,550,1.0,3
5212,resnet34,350,0.7118597986318302,7
5213,efficientnetb0,350,0.7221681243288518,4
5214,efficientnetb0,550,1.0,3
5215,efficientnetb1,350,0.7181138626700144,4
5216,efficientnetb0,350,1.0,3
5217,densenet161,550,0.8307012363387156,6
5218,resnet18,550,0.6805816088044464,4
5219,vgg16,939,0.8568556422949929,11
5220,efficientnetb0,750,1.0,3
5221,densenet161,350,0.472733213293796,5
5222,efficientnetb0,550,1.0,3
5223,efficientnetb0,750,0.6483214388113725,4
5224,resnet50,939,1.0,6
5225,resnet34,750,0.6733833829902832,6
5226,efficientnetb0,550,0.7484594574197447,4
5227,resnet50,939,1.0,6
5228,resnet34,750,0.6733833829902832,6
5229,resnet34,939,1.0,6
5230,efficientnetb1,550,1.0,3
5231,efficientnetb1,550,1.0,3
5232,resnet50,750,0.8540914514899219,6
5233,efficientnetb0,350,1.0,3
5234,efficientnetb0,939,1.0,3
5235,densenet161,550,1.0,7
5236,resnet18,939,1.0,2
5237,vgg16,750,0.9989474447948092,13
5238,resnet34,350,0.6392378211717704,6
5239,efficientnetb1,939,1.0,3
5240,resnet34,750,0.6733833829902832,6
5241,efficientnetb0,550,1.0,3
5242,efficientnetb1,939,1.0,3
5243,efficientnetb0,550,1.0,3
5244,efficientnetb0,750,0.6483214388113725,4
5245,vgg16,939,0.8568556422949929,11
5246,densenet161,550,1.0,7
5247,efficientnetb0,550,1.0,3
5248,resnet50,350,1.0,6
5249,resnet34,939,0.8527581774225047,5
5250,densenet161,350,0.472733213293796,5
5251,resnet50,750,0.8540914514899219,6
5252,resnet18,350,1.0,3
5253,resnet50,750,0.8540914514899219,6
5254,resnet50,939,1.0,6
5255,efficientnetb0,350,1.0,3
5256,densenet161,350,0.7705044620574577,6
5257,vgg16,550,0.9461219284703368,13
5258,resnet50,750,0.8540914514899219,6
5259,vgg19,550,0.9153142027929496,13
5260,efficientnetb1,939,1.0,3
5261,resnet34,939,1.0,6
5262,vgg19,350,0.9884623593775808,15
5263,resnet34,939,0.8120702549228033,7
5264,resnet18,939,1.0,2
5265,vgg16,350,0.968053827189964,11
5266,vgg16,750,0.8760175184574507,11
5267,resnet34,750,0.6733833829902832,6
5268,resnet18,550,1.0,2
5269,resnet18,550,1.0,2
5270,resnet50,350,1.0,6
5271,densenet161,750,0.0408796516625536,11
5272,densenet161,750,0.5067219862360387,5
5273,resnet18,350,0.9463184463728672,2
5274,resnet18,550,1.0,2
5275,resnet50,750,0.8540914514899219,6
5276,vgg19,939,0.9322438807363724,13
5277,efficientnetb1,550,1.0,3
5278,densenet161,750,0.0355493113357071,3
5279,densenet161,750,0.5067219862360387,5
5280,densenet161,550,0.5735576563250782,5
5281,efficientnetb0,939,0.6801221238861833,4
5282,resnet18,750,1.0,2
5283,vgg16,350,0.968053827189964,11
5284,resnet34,550,0.6271701708292037,6
5285,efficientnetb0,939,1.0,3
5286,vgg19,939,0.9322438807363724,13
5287,resnet50,750,0.8540914514899219,6
5288,vgg16,939,1.0,13
5289,efficientnetb1,939,0.7039994792384792,4
5290,vgg19,750,0.9636492577949504,13
5291,resnet34,550,0.6271701708292037,6
5292,vgg16,939,0.8568556422949929,11
5293,resnet50,750,0.8540914514899219,6
5294,resnet34,550,0.5238774014052308,5
5295,resnet18,750,1.0,2
5296,efficientnetb0,750,1.0,3
5297,efficientnetb1,750,1.0,3
5298,densenet161,750,0.7754817419817108,6
5299,efficientnetb0,750,1.0,3
5300,efficientnetb1,750,1.0,3
5301,efficientnetb0,350,1.0,3
5302,vgg16,550,0.9599292331742392,11
5303,resnet50,939,1.0,6
5304,densenet161,350,0.472733213293796,5
5305,efficientnetb0,350,1.0,3
5306,resnet50,939,1.0,6
5307,efficientnetb1,939,1.0,3
5308,resnet34,750,0.6733833829902832,6
5309,resnet50,750,0.8540914514899219,6
5310,vgg16,750,0.8760175184574507,11
5311,vgg16,939,0.5638100259338691,8
5312,resnet18,550,1.0,2
5313,resnet50,750,0.8540914514899219,6
5314,resnet50,939,1.0,6
5315,resnet34,939,1.0,6
5316,efficientnetb0,350,1.0,3
5317,vgg16,550,0.9599292331742392,11
5318,resnet18,350,0.9463184463728672,2
5319,efficientnetb0,350,1.0,3
5320,efficientnetb1,750,1.0,3
5321,vgg16,350,0.968053827189964,11
5322,resnet34,350,0.6392378211717704,6
5323,resnet34,939,1.0,6
5324,efficientnetb1,939,1.0,3
5325,efficientnetb1,939,1.0,3
5326,vgg19,550,0.9153142027929496,13
5327,efficientnetb0,939,1.0,3
5328,efficientnetb0,550,1.0,3
5329,densenet161,939,0.2831929044634787,5
5330,vgg16,750,0.8760175184574507,11
5331,resnet50,350,1.0,6
5332,resnet34,350,0.6392378211717704,6
5333,vgg16,750,0.8760175184574507,11
5334,vgg19,750,0.9636492577949504,13
5335,vgg19,550,0.9153142027929496,13
5336,resnet18,350,0.9463184463728672,2
5337,vgg19,350,0.9722792391750928,13
5338,vgg19,550,1.0,15
5339,densenet161,350,1.0,8
5340,vgg19,550,0.9153142027929496,13
5341,densenet161,550,0.5735576563250782,5
5342,densenet161,350,0.7705044620574577,6
5343,resnet18,750,0.9425112246169725,3
5344,resnet18,550,1.0,2
5345,vgg16,350,0.968053827189964,11
5346,resnet50,550,1.0,6
5347,resnet18,750,1.0,2
5348,efficientnetb1,939,1.0,3
5349,densenet161,750,0.5067219862360387,5
5350,resnet50,350,1.0,6
5351,resnet18,750,1.0,2
5352,efficientnetb1,550,1.0,3
5353,resnet18,550,1.0,2
5354,densenet161,350,0.7705044620574577,6
5355,vgg19,750,0.9636492577949504,13
5356,resnet34,350,0.6392378211717704,6
5357,densenet161,750,0.5067219862360387,5
5358,efficientnetb0,939,0.6801221238861833,4
5359,vgg19,350,0.9722792391750928,13
5360,resnet34,550,0.6271701708292037,6
5361,resnet50,750,0.8540914514899219,6
5362,resnet18,750,1.0,2
5363,resnet34,550,0.6271701708292037,6
5364,efficientnetb0,939,1.0,3
5365,efficientnetb1,350,1.0,3
5366,resnet50,939,1.0,6
5367,vgg19,939,0.9322438807363724,13
5368,resnet18,939,1.0,2
5369,vgg19,939,0.9322438807363724,13
5370,resnet34,939,1.0,6
5371,efficientnetb1,939,1.0,3
5372,efficientnetb1,350,1.0,3
5373,efficientnetb0,550,1.0,3
5374,efficientnetb0,350,1.0,3
5375,efficientnetb1,750,1.0,3
5376,efficientnetb1,939,1.0,3
5377,efficientnetb1,750,1.0,3
5378,resnet50,750,0.8540914514899219,6
5379,vgg16,750,0.8760175184574507,11
5380,vgg16,550,0.9599292331742392,11
5381,efficientnetb0,750,1.0,3
5382,resnet18,550,1.0,2
5383,resnet34,550,0.6271701708292037,6
5384,vgg19,750,0.9636492577949504,13
5385,efficientnetb0,350,1.0,3
5386,efficientnetb1,550,1.0,3
5387,resnet18,550,1.0,2
5388,resnet50,350,1.0,6
5389,vgg19,350,0.4995659680915179,8
5390,densenet161,939,0.2994714122049385,4
5391,resnet34,350,0.6392378211717704,6
5392,vgg16,750,0.8760175184574507,11
5393,vgg16,939,0.8568556422949929,11
5394,efficientnetb0,550,1.0,3
5395,efficientnetb0,750,1.0,3
5396,efficientnetb0,750,0.221102352041803,2
5397,vgg19,550,0.9153142027929496,13
5398,resnet34,350,0.6392378211717704,6
5399,densenet161,550,0.5735576563250782,5
5400,vgg16,939,0.8568556422949929,11
5401,densenet161,550,0.5735576563250782,5
5402,vgg16,350,0.1139662905811487,4
5403,vgg19,939,0.9322438807363724,13
5404,resnet34,550,0.6271701708292037,6
5405,efficientnetb1,939,1.0,3
5406,resnet18,550,1.0,2
5407,resnet18,750,1.0,2
5408,efficientnetb0,750,1.0,3
5409,vgg19,939,0.9322438807363724,13
5410,vgg16,939,0.8568556422949929,11
5411,efficientnetb1,550,1.0,3
5412,vgg19,350,0.1104026426586838,3
5413,resnet18,750,1.0,2
5414,vgg16,750,0.8760175184574507,11
5415,resnet34,350,0.6392378211717704,6
5416,vgg19,350,0.9722792391750928,13
5417,efficientnetb1,939,1.0,3
5418,resnet18,550,1.0,2
5419,vgg19,939,0.9322438807363724,13
5420,densenet161,350,0.472733213293796,5
5421,resnet50,550,1.0,6
5422,resnet50,750,0.8540914514899219,6
5423,vgg16,550,0.9599292331742392,11
5424,vgg16,350,0.968053827189964,11
5425,resnet50,939,1.0,6
5426,efficientnetb0,939,1.0,3
5427,resnet18,750,1.0,2
5428,vgg19,350,0.9722792391750928,13
5429,efficientnetb0,750,1.0,3
5430,vgg16,939,1.0,13
5431,efficientnetb0,750,1.0,3
5432,efficientnetb0,939,1.0,3
5433,resnet50,750,0.8540914514899219,6
5434,resnet50,550,1.0,6
5435,resnet34,750,0.6733833829902832,6
5436,resnet34,939,0.8527581774225047,5
5437,resnet18,939,1.0,2
5438,densenet161,550,0.5735576563250782,5
5439,resnet50,939,1.0,6
5440,resnet34,350,0.6392378211717704,6
5441,efficientnetb1,750,1.0,3
5442,densenet161,939,0.0018556587877228,3
5443,vgg19,550,0.9153142027929496,13
5444,resnet18,550,1.0,2
5445,vgg16,350,0.968053827189964,11
5446,resnet18,350,0.9463184463728672,2
5447,resnet50,939,0.8248723661787692,5
5448,resnet18,550,0.9649971314956884,3
5449,resnet18,550,1.0,2
5450,resnet50,750,0.8540914514899219,6
5451,vgg16,939,0.8568556422949929,11
5452,vgg19,350,0.9722792391750928,13
5453,efficientnetb1,939,1.0,3
5454,vgg16,939,1.0,13
5455,resnet18,350,0.9463184463728672,2
5456,vgg19,350,0.9722792391750928,13
5457,resnet50,939,1.0,6
5458,densenet161,550,0.5735576563250782,5
5459,resnet18,550,1.0,2
5460,densenet161,550,0.5735576563250782,5
5461,densenet161,550,0.0210735879951949,3
5462,efficientnetb0,939,1.0,3
5463,efficientnetb1,750,1.0,3
5464,vgg16,350,0.9150494503700808,13
5465,vgg16,939,0.8568556422949929,11
5466,resnet50,939,1.0,6
5467,vgg19,750,0.9636492577949504,13
5468,resnet18,550,1.0,2
5469,efficientnetb1,939,1.0,3
5470,densenet161,550,0.8307012363387156,6
5471,resnet50,550,1.0,6
5472,resnet18,350,0.9463184463728672,2
5473,densenet161,550,0.5735576563250782,5
5474,resnet18,750,1.0,2
5475,efficientnetb1,550,1.0,3
5476,efficientnetb0,550,1.0,3
5477,resnet18,750,1.0,2
5478,resnet18,350,0.9463184463728672,2
5479,efficientnetb0,939,1.0,3
5480,vgg19,350,0.9722792391750928,13
5481,resnet50,550,1.0,6
5482,vgg16,350,0.9208348165236296,10
5483,resnet50,550,1.0,6
5484,resnet18,750,1.0,2
5485,efficientnetb1,350,1.0,3
5486,densenet161,750,0.5067219862360387,5
5487,vgg19,550,0.9153142027929496,13
5488,vgg19,939,0.9322438807363724,13
5489,efficientnetb1,350,1.0,3
5490,efficientnetb1,550,1.0,3
5491,resnet34,350,0.5163674653124631,5
5492,vgg16,350,0.968053827189964,11
5493,resnet18,939,1.0,2
5494,resnet18,350,0.9463184463728672,2
5495,vgg19,350,0.9722792391750928,13
5496,efficientnetb1,350,1.0,3
5497,efficientnetb1,550,1.0,3
5498,vgg16,550,0.4909442737237837,5
5499,efficientnetb0,350,0.7221681243288518,4
5500,densenet161,939,0.0018556587877228,3
5501,densenet161,939,0.2831929044634787,5
5502,resnet18,550,1.0,2
5503,vgg19,939,0.9322438807363724,13
5504,vgg16,550,0.9599292331742392,11
5505,vgg19,939,0.9322438807363724,13
5506,resnet18,550,1.0,2
5507,resnet18,939,1.0,2
5508,resnet18,939,1.0,2
5509,efficientnetb1,750,1.0,3
5510,efficientnetb1,550,1.0,3
5511,efficientnetb0,550,1.0,3
5512,efficientnetb0,750,1.0,3
5513,resnet50,350,1.0,6
5514,vgg16,550,0.9599292331742392,11
5515,resnet34,550,0.5238774014052308,5
5516,vgg16,350,0.968053827189964,11
5517,resnet50,939,1.0,6
5518,resnet34,939,1.0,6
5519,vgg16,939,0.8568556422949929,11
5520,vgg16,550,0.9599292331742392,11
5521,efficientnetb0,550,1.0,3
5522,vgg16,750,0.8760175184574507,11
5523,vgg16,939,0.8568556422949929,11
5524,resnet50,350,1.0,6
5525,efficientnetb0,750,1.0,3
5526,resnet34,350,0.6392378211717704,6
5527,resnet34,939,0.8527581774225047,5
5528,resnet18,350,0.9463184463728672,2
5529,densenet161,550,0.0210735879951949,3
5530,vgg16,939,0.8568556422949929,11
5531,resnet34,550,0.5238774014052308,5
5532,vgg19,939,0.9322438807363724,13
5533,efficientnetb1,350,1.0,3
5534,efficientnetb1,939,1.0,3
5535,resnet50,550,1.0,6
5536,vgg16,550,0.9599292331742392,11
5537,vgg19,939,0.9322438807363724,13
5538,resnet50,939,0.8248723661787692,5
5539,resnet34,350,0.5163674653124631,5
5540,resnet50,350,1.0,6
5541,vgg19,939,0.9322438807363724,13
5542,resnet50,750,0.8540914514899219,6
5543,resnet50,750,0.692684175445151,7
5544,vgg16,750,0.8760175184574507,11
5545,efficientnetb0,350,1.0,3
5546,vgg19,550,0.9153142027929496,13
5547,efficientnetb0,750,1.0,3
5548,resnet34,939,1.0,6
5549,efficientnetb1,750,1.0,3
5550,resnet18,750,0.9425112246169725,3
5551,densenet161,550,0.9908784030365078,8
5552,vgg16,750,0.8760175184574507,11
5553,efficientnetb0,350,1.0,3
5554,resnet18,550,1.0,2
5555,resnet50,939,1.0,6
5556,resnet18,939,1.0,2
5557,efficientnetb0,939,1.0,3
5558,vgg19,350,0.9884623593775808,15
5559,resnet50,550,1.0,6
5560,vgg19,939,0.9322438807363724,13
5561,vgg19,550,0.9153142027929496,13
5562,resnet18,939,1.0,2
5563,densenet161,350,0.472733213293796,5
5564,resnet34,550,0.6271701708292037,6
5565,densenet161,350,0.472733213293796,5
5566,vgg16,939,0.8568556422949929,11
5567,resnet34,939,1.0,6
5568,efficientnetb0,750,1.0,3
5569,vgg19,550,0.9153142027929496,13
5570,resnet18,550,1.0,2
5571,resnet34,350,0.6392378211717704,6
5572,vgg19,939,0.9322438807363724,13
5573,vgg16,350,0.968053827189964,11
5574,vgg19,939,0.9322438807363724,13
5575,vgg19,550,0.9153142027929496,13
5576,resnet18,550,1.0,2
5577,vgg16,750,0.8760175184574507,11
5578,resnet50,550,1.0,6
5579,resnet50,550,1.0,6
5580,resnet34,939,0.8527581774225047,5
5581,densenet161,939,0.0018556587877228,3
5582,resnet18,550,1.0,2
5583,vgg16,750,0.6199568106045172,9
5584,efficientnetb1,750,1.0,3
5585,resnet50,939,0.8248723661787692,5
5586,efficientnetb0,550,1.0,3
5587,vgg16,939,0.8568556422949929,11
5588,efficientnetb1,939,1.0,3
5589,densenet161,550,0.0210735879951949,3
5590,efficientnetb0,550,1.0,3
5591,densenet161,550,0.5735576563250782,5
5592,resnet18,550,1.0,2
5593,resnet34,939,1.0,6
5594,efficientnetb0,750,1.0,3
5595,efficientnetb1,550,1.0,3
5596,resnet50,750,0.8540914514899219,6
5597,resnet50,750,0.8540914514899219,6
5598,efficientnetb1,550,1.0,3
5599,efficientnetb0,939,1.0,3
5600,resnet34,750,0.3301584795875527,3
5601,resnet18,750,1.0,2
5602,efficientnetb1,350,0.7181138626700144,4
5603,resnet34,350,0.6392378211717704,6
5604,resnet18,550,1.0,2
5605,densenet161,550,0.8307012363387156,6
5606,densenet161,750,0.5067219862360387,5
5607,vgg16,550,0.6336692532833877,9
5608,resnet18,350,0.9463184463728672,2
5609,efficientnetb0,350,1.0,3
5610,efficientnetb1,550,1.0,3
5611,resnet18,550,1.0,2
5612,vgg16,350,0.968053827189964,11
5613,densenet161,750,0.0355493113357071,3
5614,densenet161,350,0.0213386295855335,3
5615,densenet161,750,0.0355493113357071,3
5616,vgg19,550,0.9153142027929496,13
5617,efficientnetb0,750,1.0,3
5618,densenet161,939,0.2831929044634787,5
5619,vgg16,350,0.968053827189964,11
5620,densenet161,939,0.0601439006764898,1
5621,resnet50,750,0.8540914514899219,6
5622,vgg19,939,1.0,15
5623,densenet161,750,0.7754817419817108,6
5624,resnet18,939,1.0,2
5625,resnet50,550,1.0,6
5626,densenet161,550,0.8307012363387156,6
5627,resnet34,550,0.5238774014052308,5
5628,vgg19,550,0.9153142027929496,13
5629,efficientnetb1,350,1.0,3
5630,resnet34,939,1.0,6
5631,resnet18,939,1.0,2
5632,efficientnetb0,939,1.0,3
5633,resnet50,550,1.0,6
5634,resnet18,939,1.0,2
5635,resnet50,350,1.0,6
5636,efficientnetb0,550,1.0,3
5637,resnet34,350,0.6392378211717704,6
5638,resnet18,350,0.9463184463728672,2
5639,efficientnetb1,550,1.0,3
5640,resnet18,550,1.0,2
5641,vgg19,750,0.9936879963126718,15
5642,resnet18,350,0.9463184463728672,2
5643,resnet18,550,1.0,2
5644,efficientnetb0,550,1.0,3
5645,densenet161,939,0.0018556587877228,3
5646,resnet18,550,1.0,2
5647,vgg16,550,0.9599292331742392,11
5648,resnet50,550,1.0,6
5649,vgg19,350,0.9722792391750928,13
5650,efficientnetb1,350,1.0,3
5651,vgg19,939,1.0,15
5652,resnet18,550,1.0,2
5653,resnet18,550,1.0,2
5654,resnet50,550,1.0,6
5655,vgg19,550,0.9153142027929496,13
5656,efficientnetb0,550,1.0,3
5657,vgg16,939,0.8568556422949929,11
5658,vgg16,750,0.8760175184574507,11
5659,efficientnetb1,550,1.0,3
5660,efficientnetb1,350,1.0,3
5661,efficientnetb0,939,1.0,3
5662,resnet18,350,0.9463184463728672,2
5663,densenet161,550,0.5735576563250782,5
5664,resnet50,350,1.0,6
5665,resnet18,750,1.0,2
5666,efficientnetb1,550,1.0,3
5667,vgg19,550,0.9153142027929496,13
5668,vgg19,350,0.9722792391750928,13
5669,resnet50,350,1.0,6
5670,vgg19,350,0.9722792391750928,13
5671,resnet18,350,1.0,3
5672,efficientnetb1,350,1.0,3
5673,densenet161,750,0.5067219862360387,5
5674,efficientnetb1,750,1.0,3
5675,resnet18,550,1.0,2
5676,vgg19,550,1.0,15
5677,vgg19,939,1.0,15
5678,resnet18,750,1.0,2
5679,efficientnetb0,350,1.0,3
5680,vgg16,750,0.9989474447948092,13
5681,resnet50,550,1.0,6
5682,efficientnetb1,750,1.0,3
5683,vgg19,350,0.9884623593775808,15
5684,densenet161,939,0.2831929044634787,5
5685,vgg16,550,0.9599292331742392,11
5686,resnet34,550,0.6271701708292037,6
5687,resnet34,939,1.0,6
5688,vgg16,550,0.9599292331742392,11
5689,densenet161,550,0.5735576563250782,5
5690,densenet161,939,0.8028649279588222,7
5691,densenet161,750,0.9225205659416632,8
5692,resnet18,750,1.0,2
5693,efficientnetb1,939,0.7039994792384792,4
5694,efficientnetb0,350,1.0,3
5695,vgg16,550,0.9599292331742392,11
5696,vgg16,550,0.941205716630206,14
5697,vgg19,350,0.9722792391750928,13
5698,resnet34,939,1.0,6
5699,efficientnetb0,550,1.0,3
5700,resnet50,750,0.8540914514899219,6
5701,efficientnetb1,750,1.0,3
5702,resnet50,550,1.0,6
5703,vgg19,550,0.93432282209291,16
5704,vgg19,550,0.9153142027929496,13
5705,resnet18,550,1.0,2
5706,vgg16,350,0.9150494503700808,13
5707,vgg16,550,0.9599292331742392,11
5708,efficientnetb1,939,1.0,3
5709,vgg19,550,1.0,15
5710,vgg16,550,0.9599292331742392,11
5711,resnet50,350,1.0,6
5712,efficientnetb0,350,1.0,3
5713,densenet161,350,1.0,8
5714,densenet161,750,0.5067219862360387,5
5715,vgg16,550,0.9599292331742392,11
5716,resnet34,350,0.7118597986318302,7
5717,efficientnetb0,939,1.0,3
5718,efficientnetb0,350,0.7221681243288518,4
5719,efficientnetb0,350,1.0,3
5720,resnet50,350,1.0,6
5721,resnet34,350,0.6392378211717704,6
5722,resnet34,939,1.0,6
5723,efficientnetb0,550,1.0,3
5724,resnet50,350,1.0,6
5725,resnet18,550,0.9649971314956884,3
5726,resnet18,350,0.9463184463728672,2
5727,vgg16,350,0.968053827189964,11
5728,efficientnetb1,750,0.7228690296773087,4
5729,resnet34,350,0.6392378211717704,6
5730,resnet18,350,0.9463184463728672,2
5731,resnet18,939,1.0,2
5732,resnet50,750,0.8540914514899219,6
5733,resnet18,550,0.9649971314956884,3
5734,efficientnetb1,350,1.0,3
5735,resnet34,550,0.6271701708292037,6
5736,resnet34,939,1.0,6
5737,resnet34,750,0.6733833829902832,6
5738,resnet18,550,1.0,2
5739,vgg19,550,0.7209260725133116,18
5740,efficientnetb0,350,1.0,3
5741,vgg19,939,1.0,15
5742,efficientnetb0,350,1.0,3
5743,resnet50,350,0.0948151869136176,2
5744,efficientnetb0,550,1.0,3
5745,resnet50,550,1.0,6
5746,vgg19,550,1.0,15
5747,resnet18,350,0.9463184463728672,2
5748,densenet161,550,0.8307012363387156,6
5749,resnet34,350,0.7118597986318302,7
5750,efficientnetb0,350,1.0,3
5751,resnet50,750,0.8540914514899219,6
5752,efficientnetb0,939,1.0,3
5753,resnet18,939,1.0,2
5754,vgg16,350,0.9277415950475124,14
5755,efficientnetb1,939,1.0,3
5756,efficientnetb1,750,0.7228690296773087,4
5757,densenet161,350,0.472733213293796,5
5758,efficientnetb0,350,0.7221681243288518,4
5759,resnet18,939,1.0,2
5760,vgg19,750,0.9936879963126718,15
5761,efficientnetb1,750,1.0,3
5762,vgg16,939,0.8568556422949929,11
5763,efficientnetb0,550,1.0,3
5764,resnet18,750,1.0,2
5765,vgg16,750,0.9989474447948092,13
5766,vgg16,939,1.0,13
5767,resnet18,550,0.9649971314956884,3
5768,resnet50,550,0.8215124558966982,7
5769,resnet34,550,0.8215653788441881,7
5770,resnet34,750,0.6733833829902832,6
5771,vgg16,350,0.968053827189964,11
5772,efficientnetb1,350,1.0,3
5773,resnet18,350,0.9463184463728672,2
5774,resnet50,939,1.0,6
5775,vgg19,350,1.0,16
5776,efficientnetb1,550,1.0,3
5777,vgg16,350,0.9150494503700808,13
5778,vgg16,750,0.8760175184574507,11
5779,resnet50,750,0.8540914514899219,6
5780,vgg16,350,0.9150494503700808,13
5781,resnet18,550,1.0,2
5782,vgg16,939,1.0,13
5783,resnet34,750,0.6733833829902832,6
5784,vgg19,350,0.9884623593775808,15
5785,resnet34,750,0.7880649919244954,7
5786,densenet161,750,1.0,7
5787,vgg19,350,0.9722792391750928,13
5788,vgg19,750,0.9936879963126718,15
5789,resnet34,750,0.6733833829902832,6
5790,vgg16,350,0.9150494503700808,13
5791,efficientnetb0,939,1.0,3
5792,resnet34,550,0.6271701708292037,6
5793,vgg19,350,0.9884623593775808,15
5794,resnet18,750,1.0,2
5795,vgg16,550,0.9461219284703368,13
5796,efficientnetb1,750,1.0,3
5797,resnet18,550,1.0,2
5798,densenet161,939,0.2831929044634787,5
5799,vgg16,550,0.9599292331742392,11
5800,resnet18,750,1.0,2
5801,densenet161,939,0.2831929044634787,5
5802,resnet50,550,0.8215124558966982,7
5803,vgg19,939,1.0,15
5804,resnet34,939,1.0,6
5805,efficientnetb0,550,1.0,3
5806,resnet34,350,0.6392378211717704,6
5807,efficientnetb0,939,1.0,3
5808,resnet50,939,0.8017819857800019,7
5809,efficientnetb1,750,1.0,3
5810,vgg16,939,0.986973209346794,14
5811,vgg19,550,1.0,15
5812,vgg16,750,0.9989474447948092,13
5813,resnet18,750,0.9425112246169725,3
5814,vgg19,350,0.9722792391750928,13
5815,resnet50,550,1.0,6
5816,densenet161,939,0.8028649279588222,7
5817,vgg16,750,0.9989474447948092,13
5818,resnet18,939,1.0,2
5819,resnet50,939,1.0,6
5820,vgg16,750,0.9989474447948092,13
5821,efficientnetb0,939,1.0,3
5822,efficientnetb1,550,1.0,3
5823,resnet18,350,1.0,3
5824,efficientnetb1,350,1.0,3
5825,vgg19,350,1.0,16
5826,vgg16,550,0.9461219284703368,13
5827,vgg19,350,0.7047271852759325,10
5828,densenet161,939,0.2831929044634787,5
5829,resnet34,350,0.7118597986318302,7
5830,densenet161,550,0.5735576563250782,5
5831,resnet34,939,0.8120702549228033,7
5832,resnet34,550,0.6271701708292037,6
5833,efficientnetb1,350,1.0,3
5834,resnet50,750,0.9081489241651808,4
5835,vgg16,350,0.9150494503700808,13
5836,resnet34,350,0.7118597986318302,7
5837,resnet34,750,0.6733833829902832,6
5838,efficientnetb1,750,1.0,3
5839,efficientnetb1,550,1.0,3
5840,efficientnetb0,939,0.6801221238861833,4
5841,resnet50,550,0.8215124558966982,7
5842,vgg16,750,0.9989474447948092,13
5843,efficientnetb1,350,1.0,3
5844,resnet18,750,1.0,2
5845,resnet34,350,0.7118597986318302,7
5846,vgg19,350,0.9884623593775808,15
5847,efficientnetb0,550,1.0,3
5848,resnet34,550,0.6271701708292037,6
5849,densenet161,939,0.2831929044634787,5
5850,resnet50,350,1.0,6
5851,resnet34,350,0.6392378211717704,6
5852,efficientnetb0,939,1.0,3
5853,resnet50,750,0.8540914514899219,6
5854,efficientnetb0,550,1.0,3
5855,vgg19,939,0.783629319224574,17
5856,vgg16,350,0.9150494503700808,13
5857,vgg16,550,0.9461219284703368,13
5858,densenet161,750,0.5067219862360387,5
5859,densenet161,939,0.3464512676069018,10
5860,densenet161,550,0.2084375640861151,9
5861,efficientnetb1,350,1.0,3
5862,efficientnetb0,350,1.0,3
5863,efficientnetb0,939,1.0,3
5864,resnet50,939,1.0,6
5865,vgg16,939,0.8568556422949929,11
5866,densenet161,939,0.8028649279588222,7
5867,resnet18,939,1.0,2
5868,resnet18,750,1.0,2
5869,densenet161,750,0.5067219862360387,5
5870,efficientnetb1,939,1.0,3
5871,resnet18,750,1.0,2
5872,resnet18,350,1.0,3
5873,densenet161,550,0.0210735879951949,3
5874,efficientnetb1,550,1.0,3
5875,vgg19,939,1.0,15
5876,efficientnetb1,350,1.0,3
5877,vgg16,550,0.9461219284703368,13
5878,efficientnetb1,750,1.0,3
5879,vgg19,550,1.0,15
5880,vgg19,750,0.9936879963126718,15
5881,efficientnetb1,350,1.0,3
5882,resnet18,750,1.0,2
5883,efficientnetb1,550,1.0,3
5884,efficientnetb0,939,1.0,3
5885,efficientnetb0,939,1.0,3
5886,resnet34,939,1.0,6
5887,vgg16,939,1.0,13
5888,resnet34,939,1.0,6
5889,densenet161,550,0.5735576563250782,5
5890,resnet50,550,1.0,6
5891,resnet34,350,0.6392378211717704,6
5892,resnet34,750,0.6733833829902832,6
5893,resnet34,550,0.6271701708292037,6
5894,densenet161,550,0.5735576563250782,5
5895,resnet34,350,0.6392378211717704,6
5896,vgg19,939,1.0,15
5897,resnet50,750,0.8540914514899219,6
5898,resnet50,550,1.0,6
5899,efficientnetb1,939,1.0,3
5900,resnet34,350,0.6392378211717704,6
5901,vgg19,939,1.0,15
5902,efficientnetb1,550,1.0,3
5903,resnet18,750,1.0,2
5904,resnet18,550,1.0,2
5905,vgg16,550,0.9461219284703368,13
5906,efficientnetb1,350,1.0,3
5907,resnet18,550,1.0,2
5908,resnet34,939,1.0,6
5909,vgg19,750,0.9936879963126718,15
5910,resnet34,939,1.0,6
5911,densenet161,350,0.472733213293796,5
5912,resnet34,550,0.6271701708292037,6
5913,resnet34,550,0.6271701708292037,6
5914,resnet18,750,1.0,2
5915,efficientnetb1,350,1.0,3
5916,efficientnetb1,350,1.0,3
5917,resnet34,350,0.6392378211717704,6
5918,efficientnetb1,750,1.0,3
5919,resnet34,350,0.6392378211717704,6
5920,vgg19,939,1.0,15
5921,resnet18,350,0.9463184463728672,2
5922,resnet18,750,1.0,2
5923,efficientnetb0,550,1.0,3
5924,vgg16,350,0.9150494503700808,13
5925,resnet34,939,1.0,6
5926,efficientnetb0,939,1.0,3
5927,resnet18,550,0.9649971314956884,3
5928,densenet161,350,0.472733213293796,5
5929,resnet34,550,0.6271701708292037,6
5930,resnet34,750,0.7880649919244954,7
5931,resnet18,550,1.0,2
5932,resnet50,550,0.8215124558966982,7
5933,vgg16,350,0.9150494503700808,13
5934,efficientnetb0,350,1.0,3
5935,resnet50,350,1.0,6
5936,resnet34,550,0.6271701708292037,6
5937,densenet161,750,0.5067219862360387,5
5938,resnet50,350,1.0,6
5939,resnet50,550,1.0,6
5940,resnet50,350,1.0,6
5941,densenet161,350,0.7705044620574577,6
5942,resnet50,350,1.0,6
5943,vgg16,550,0.9599292331742392,11
5944,vgg16,350,0.9150494503700808,13
5945,resnet50,550,1.0,6
5946,resnet18,750,1.0,2
5947,efficientnetb0,939,1.0,3
5948,vgg19,550,1.0,15
5949,resnet50,750,0.692684175445151,7
5950,resnet18,350,0.9463184463728672,2
5951,vgg19,350,0.9884623593775808,15
5952,resnet50,550,1.0,6
5953,efficientnetb0,550,1.0,3
5954,densenet161,350,0.472733213293796,5
5955,resnet34,550,0.6271701708292037,6
5956,efficientnetb1,939,1.0,3
5957,efficientnetb1,350,1.0,3
5958,resnet34,350,0.7118597986318302,7
5959,resnet34,550,0.6271701708292037,6
5960,vgg19,939,1.0,15
5961,efficientnetb0,350,1.0,3
5962,efficientnetb1,750,1.0,3
5963,resnet50,550,1.0,6
5964,efficientnetb1,550,1.0,3
5965,resnet50,550,0.8215124558966982,7
5966,densenet161,939,0.2831929044634787,5
5967,resnet34,939,1.0,6
5968,efficientnetb1,350,1.0,3
5969,resnet34,939,0.8120702549228033,7
5970,resnet18,939,1.0,2
5971,resnet18,350,0.9463184463728672,2
5972,efficientnetb1,350,1.0,3
5973,efficientnetb1,750,1.0,3
5974,vgg19,350,0.9884623593775808,15
5975,efficientnetb0,750,1.0,3
5976,resnet34,939,1.0,6
5977,resnet18,939,1.0,2
5978,efficientnetb0,550,1.0,3
5979,resnet18,350,0.9463184463728672,2
5980,vgg19,550,0.0192737323606945,1
5981,efficientnetb1,350,1.0,3
5982,resnet50,750,0.5189759550817877,8
5983,resnet18,550,1.0,2
5984,densenet161,939,0.2831929044634787,5
5985,resnet18,350,0.9463184463728672,2
5986,resnet18,939,1.0,2
5987,resnet34,350,0.6392378211717704,6
5988,efficientnetb1,939,0.7039994792384792,4
5989,vgg19,750,0.9936879963126718,15
5990,resnet34,350,0.7118597986318302,7
5991,vgg19,939,1.0,15
5992,resnet18,750,1.0,2
5993,resnet18,750,1.0,2
5994,efficientnetb0,750,1.0,3
5995,efficientnetb0,750,1.0,3
5996,resnet18,750,1.0,2
5997,resnet18,939,1.0,2
5998,resnet18,350,0.9463184463728672,2
5999,resnet18,939,1.0,2
6000,vgg19,750,0.9936879963126718,15
6001,efficientnetb1,750,1.0,3
6002,resnet50,350,1.0,6
6003,densenet161,750,0.5067219862360387,5
6004,resnet34,350,0.19930012289416,2
6005,vgg19,350,0.9722792391750928,13
6006,resnet18,939,1.0,2
6007,efficientnetb0,550,0.0,1
6008,vgg16,939,1.0,13
6009,resnet34,350,0.6392378211717704,6
6010,resnet34,350,0.6392378211717704,6
6011,densenet161,550,0.8307012363387156,6
6012,resnet50,939,0.8017819857800019,7
6013,vgg16,350,0.9150494503700808,13
6014,efficientnetb1,939,1.0,3
6015,resnet18,939,1.0,2
6016,densenet161,350,0.0213386295855335,3
6017,densenet161,750,1.0,7
6018,resnet34,939,1.0,6
6019,efficientnetb0,750,1.0,3
6020,vgg16,550,0.9599292331742392,11
6021,resnet50,350,1.0,6
6022,resnet18,350,0.9463184463728672,2
6023,resnet18,550,1.0,2
6024,vgg16,550,0.9599292331742392,11
6025,resnet50,939,1.0,6
6026,densenet161,750,0.5067219862360387,5
6027,densenet161,939,0.2831929044634787,5
6028,resnet18,550,1.0,2
6029,resnet34,939,1.0,6
6030,resnet50,939,1.0,6
6031,resnet18,350,0.9463184463728672,2
6032,densenet161,939,1.0,6
6033,densenet161,350,0.7705044620574577,6
6034,densenet161,750,0.5067219862360387,5
6035,resnet18,750,0.9425112246169725,3
6036,densenet161,550,0.084152532251803,12
6037,densenet161,550,0.2084375640861151,9
6038,densenet161,350,0.472733213293796,5
6039,vgg16,939,1.0,13
6040,densenet161,939,0.2831929044634787,5
6041,resnet34,750,0.6733833829902832,6
6042,vgg19,350,0.7439023030951907,11
6043,vgg16,350,0.968053827189964,11
6044,resnet18,550,1.0,2
6045,efficientnetb0,750,1.0,3
6046,vgg16,550,0.9461219284703368,13
6047,resnet50,750,0.8540914514899219,6
6048,vgg16,750,0.9989474447948092,13
6049,densenet161,350,0.472733213293796,5
6050,densenet161,550,0.5735576563250782,5
6051,resnet34,350,0.5163674653124631,5
6052,resnet50,750,0.8540914514899219,6
6053,efficientnetb0,750,0.6483214388113725,4
6054,resnet50,750,0.8540914514899219,6
6055,vgg19,550,0.9153142027929496,13
6056,vgg16,750,0.9989474447948092,13
6057,resnet34,550,0.6271701708292037,6
6058,resnet34,939,0.8527581774225047,5
6059,densenet161,550,0.5735576563250782,5
6060,resnet34,939,1.0,6
6061,resnet18,550,1.0,2
6062,resnet50,550,1.0,6
6063,resnet18,750,0.5563161859691826,1
6064,resnet34,750,0.6733833829902832,6
6065,vgg19,350,0.9884623593775808,15
6066,vgg16,550,0.9599292331742392,11
6067,vgg16,939,0.8568556422949929,11
6068,resnet34,750,0.6733833829902832,6
6069,vgg16,550,0.9599292331742392,11
6070,efficientnetb1,550,1.0,3
6071,resnet34,939,0.8527581774225047,5
6072,efficientnetb1,550,0.0,1
6073,efficientnetb1,550,1.0,3
6074,resnet18,750,1.0,2
6075,vgg16,350,0.968053827189964,11
6076,vgg19,939,1.0,15
6077,efficientnetb0,939,1.0,3
6078,resnet50,939,1.0,6
6079,resnet50,550,0.8215124558966982,7
6080,resnet50,550,1.0,6
6081,vgg19,939,0.9322438807363724,13
6082,vgg19,350,0.9884623593775808,15
6083,efficientnetb1,550,1.0,3
6084,vgg16,550,0.9599292331742392,11
6085,resnet50,550,1.0,6
6086,vgg19,750,0.9936879963126718,15
6087,efficientnetb0,550,1.0,3
6088,resnet34,750,0.6733833829902832,6
6089,resnet50,750,0.8540914514899219,6
6090,vgg19,750,0.9636492577949504,13
6091,vgg16,939,0.8568556422949929,11
6092,efficientnetb0,939,1.0,3
6093,efficientnetb0,939,1.0,3
6094,efficientnetb0,350,1.0,3
6095,efficientnetb0,550,1.0,3
6096,vgg19,750,0.9636492577949504,13
6097,efficientnetb0,550,1.0,3
6098,resnet18,550,1.0,2
6099,resnet34,350,0.6392378211717704,6
6100,resnet34,939,1.0,6
6101,resnet50,350,1.0,6
6102,densenet161,939,0.2611850784190904,12
6103,resnet50,550,1.0,6
6104,efficientnetb0,750,1.0,3
6105,efficientnetb0,550,1.0,3
6106,densenet161,939,0.2831929044634787,5
6107,resnet34,350,0.6392378211717704,6
6108,resnet18,750,1.0,2
6109,resnet50,350,1.0,6
6110,vgg16,350,0.968053827189964,11
6111,efficientnetb0,550,1.0,3
6112,efficientnetb1,939,1.0,3
6113,resnet34,350,0.6392378211717704,6
6114,resnet50,750,0.8540914514899219,6
6115,densenet161,350,0.7705044620574577,6
6116,vgg19,939,1.0,15
6117,resnet50,939,1.0,6
6118,vgg19,550,0.93432282209291,16
6119,efficientnetb1,750,1.0,3
6120,efficientnetb1,939,1.0,3
6121,vgg19,939,1.0,15
6122,efficientnetb1,939,0.0,1
6123,efficientnetb0,939,1.0,3
6124,resnet18,350,0.9463184463728672,2
6125,resnet50,350,1.0,6
6126,vgg19,550,1.0,15
6127,resnet50,750,0.8540914514899219,6
6128,resnet18,350,0.9463184463728672,2
6129,resnet18,550,1.0,2
6130,vgg16,550,0.9599292331742392,11
6131,efficientnetb1,350,1.0,3
6132,efficientnetb1,750,1.0,3
6133,vgg16,350,0.968053827189964,11
6134,densenet161,550,0.5735576563250782,5
6135,resnet18,550,1.0,2
6136,vgg19,550,1.0,15
6137,efficientnetb0,939,1.0,3
6138,densenet161,939,0.0018556587877228,3
6139,efficientnetb1,939,1.0,3
6140,densenet161,750,0.5067219862360387,5
6141,vgg19,750,0.9636492577949504,13
6142,resnet18,550,1.0,2
6143,efficientnetb0,550,1.0,3
6144,vgg16,550,0.9599292331742392,11
6145,vgg19,350,0.9884623593775808,15
6146,efficientnetb1,350,1.0,3
6147,resnet34,550,0.6271701708292037,6
6148,vgg19,939,1.0,15
6149,vgg19,350,0.9884623593775808,15
6150,densenet161,350,0.472733213293796,5
6151,vgg19,750,0.9636492577949504,13
6152,resnet34,939,1.0,6
6153,densenet161,550,0.0210735879951949,3
6154,vgg16,350,0.968053827189964,11
6155,efficientnetb1,750,1.0,3
6156,vgg16,550,0.9599292331742392,11
6157,resnet34,750,0.6733833829902832,6
6158,efficientnetb0,350,1.0,3
6159,efficientnetb0,750,1.0,3
6160,resnet34,750,0.6733833829902832,6
6161,densenet161,939,0.2611850784190904,12
6162,efficientnetb0,939,1.0,3
6163,resnet50,939,1.0,6
6164,vgg16,350,0.968053827189964,11
6165,resnet50,350,1.0,6
6166,vgg19,350,0.9722792391750928,13
6167,efficientnetb0,750,1.0,3
6168,resnet18,550,1.0,2
6169,densenet161,939,0.2831929044634787,5
6170,densenet161,750,0.0355493113357071,3
6171,densenet161,350,0.7705044620574577,6
6172,densenet161,939,1.0,6
6173,efficientnetb1,350,1.0,3
6174,vgg19,350,0.9884623593775808,15
6175,densenet161,939,0.2831929044634787,5
6176,densenet161,750,1.0,7
6177,densenet161,350,0.0213386295855335,3
6178,resnet34,550,0.6271701708292037,6
6179,vgg19,939,0.9322438807363724,13
6180,densenet161,350,0.472733213293796,5
6181,resnet50,550,1.0,6
6182,densenet161,939,0.2831929044634787,5
6183,resnet50,350,0.4097205423764233,4
6184,resnet50,750,0.8540914514899219,6
6185,resnet34,550,0.6271701708292037,6
6186,efficientnetb1,939,1.0,3
6187,resnet18,550,1.0,2
6188,resnet34,350,0.6392378211717704,6
6189,efficientnetb1,350,1.0,3
6190,vgg16,350,0.9150494503700808,13
6191,resnet34,550,0.6271701708292037,6
6192,efficientnetb1,750,1.0,3
6193,resnet34,939,1.0,6
6194,efficientnetb1,750,1.0,3
6195,efficientnetb0,750,1.0,3
6196,vgg19,350,0.063159932094785,4
6197,densenet161,550,0.5735576563250782,5
6198,efficientnetb0,550,0.7484594574197447,4
6199,efficientnetb1,939,1.0,3
6200,resnet34,350,0.6392378211717704,6
6201,resnet34,350,0.5163674653124631,5
6202,vgg16,550,0.9599292331742392,11
6203,resnet50,939,1.0,6
6204,efficientnetb1,550,1.0,3
6205,efficientnetb1,939,1.0,3
6206,vgg16,350,0.968053827189964,11
6207,vgg19,350,0.9884623593775808,15
6208,densenet161,350,0.0213386295855335,3
6209,resnet18,350,0.9463184463728672,2
6210,efficientnetb1,550,1.0,3
6211,efficientnetb0,350,1.0,3
6212,resnet34,939,1.0,6
6213,efficientnetb0,350,1.0,3
6214,resnet50,550,1.0,6
6215,resnet50,750,0.9081489241651808,4
6216,efficientnetb0,750,1.0,3
6217,vgg16,550,0.9461219284703368,13
6218,resnet34,350,0.6392378211717704,6
6219,densenet161,939,0.2831929044634787,5
6220,vgg19,750,0.9936879963126718,15
6221,vgg19,350,0.9884623593775808,15
6222,vgg16,550,0.9599292331742392,11
6223,efficientnetb0,750,1.0,3
6224,efficientnetb1,350,0.7181138626700144,4
6225,resnet50,939,1.0,6
6226,resnet18,350,0.9463184463728672,2
6227,densenet161,939,0.2831929044634787,5
6228,efficientnetb1,750,1.0,3
6229,efficientnetb0,350,1.0,3
6230,vgg19,350,0.9884623593775808,15
6231,resnet18,350,0.9463184463728672,2
6232,vgg16,550,0.9599292331742392,11
6233,resnet18,350,0.9463184463728672,2
6234,efficientnetb1,550,1.0,3
6235,vgg19,550,0.9153142027929496,13
6236,densenet161,750,0.7754817419817108,6
6237,densenet161,550,0.084152532251803,12
6238,resnet34,350,0.6392378211717704,6
6239,resnet34,550,0.8215653788441881,7
6240,resnet50,939,1.0,6
6241,efficientnetb1,550,1.0,3
6242,vgg16,350,0.9150494503700808,13
6243,resnet50,750,0.8540914514899219,6
6244,vgg16,939,1.0,13
6245,resnet50,550,1.0,6
6246,resnet34,750,0.6733833829902832,6
6247,vgg19,750,0.9636492577949504,13
6248,resnet50,350,1.0,6
6249,resnet18,350,0.9463184463728672,2
6250,vgg19,939,1.0,15
6251,resnet50,550,1.0,6
6252,resnet34,750,0.6733833829902832,6
6253,densenet161,350,0.7705044620574577,6
6254,efficientnetb0,550,1.0,3
6255,resnet50,550,1.0,6
6256,vgg19,350,0.9884623593775808,15
6257,resnet50,350,1.0,6
6258,efficientnetb0,939,1.0,3
6259,efficientnetb1,750,1.0,3
6260,resnet18,550,1.0,2
6261,vgg19,550,1.0,15
6262,vgg19,350,0.9722792391750928,13
6263,efficientnetb0,350,1.0,3
6264,efficientnetb0,550,1.0,3
6265,resnet18,350,0.9463184463728672,2
6266,vgg16,750,0.8760175184574507,11
6267,densenet161,939,0.0018556587877228,3
6268,resnet18,939,1.0,2
6269,densenet161,750,0.5067219862360387,5
6270,efficientnetb1,750,1.0,3
6271,vgg19,939,1.0,15
6272,resnet34,550,0.6271701708292037,6
6273,resnet18,550,1.0,2
6274,vgg16,750,0.9989474447948092,13
6275,resnet50,750,0.8540914514899219,6
6276,resnet34,750,0.6733833829902832,6
6277,efficientnetb1,550,1.0,3
6278,resnet34,550,0.6271701708292037,6
6279,efficientnetb1,550,1.0,3
6280,resnet50,750,0.8540914514899219,6
6281,resnet18,350,0.6798528330010116,4
6282,densenet161,550,0.5735576563250782,5
6283,resnet34,550,0.5238774014052308,5
6284,vgg19,939,0.9938700985656802,16
6285,efficientnetb0,350,1.0,3
6286,resnet50,550,0.8215124558966982,7
6287,vgg16,750,0.8760175184574507,11
6288,vgg19,350,1.0,16
6289,resnet34,939,1.0,6
6290,vgg16,939,1.0,13
6291,densenet161,350,0.472733213293796,5
6292,efficientnetb1,939,1.0,3
6293,vgg19,550,1.0,15
6294,densenet161,350,0.7705044620574577,6
6295,vgg16,750,0.9989474447948092,13
6296,vgg19,350,0.9884623593775808,15
6297,vgg16,350,0.9150494503700808,13
6298,densenet161,350,0.2110700120789124,9
6299,vgg19,350,0.9884623593775808,15
6300,densenet161,750,0.5067219862360387,5
6301,resnet18,550,0.9649971314956884,3
6302,efficientnetb1,350,1.0,3
6303,vgg16,750,0.9989474447948092,13
6304,efficientnetb0,350,1.0,3
6305,vgg16,350,0.9150494503700808,13
6306,vgg19,550,1.0,15
6307,resnet18,750,1.0,2
6308,densenet161,939,0.2831929044634787,5
6309,vgg19,750,0.9636492577949504,13
6310,densenet161,939,0.8028649279588222,7
6311,resnet50,350,1.0,6
6312,vgg16,750,1.0,14
6313,resnet18,939,1.0,2
6314,resnet34,939,1.0,6
6315,vgg19,550,0.7587179131016882,12
6316,resnet50,350,0.8169515861153699,7
6317,vgg16,350,0.968053827189964,11
6318,vgg19,750,0.9936879963126718,15
6319,vgg16,939,0.986973209346794,14
6320,resnet50,750,0.8540914514899219,6
6321,vgg16,350,0.9150494503700808,13
6322,resnet34,550,0.6271701708292037,6
6323,vgg19,550,1.0,15
6324,vgg19,550,1.0,15
6325,vgg19,550,1.0,15
6326,resnet34,350,0.7118597986318302,7
6327,vgg19,350,1.0,16
6328,efficientnetb0,550,1.0,3
6329,efficientnetb1,350,1.0,3
6330,vgg16,550,0.9461219284703368,13
6331,resnet18,550,1.0,2
6332,densenet161,750,0.5067219862360387,5
6333,vgg19,939,1.0,15
6334,vgg16,750,0.9989474447948092,13
6335,resnet50,550,1.0,6
6336,resnet34,750,0.1441687792856025,1
6337,densenet161,350,0.9422217589427628,7
6338,efficientnetb0,350,1.0,3
6339,efficientnetb1,550,1.0,3
6340,efficientnetb1,350,0.7181138626700144,4
6341,resnet50,939,1.0,6
6342,resnet50,939,1.0,6
6343,resnet50,550,1.0,6
6344,resnet50,550,1.0,6
6345,efficientnetb0,750,1.0,3
6346,efficientnetb0,350,1.0,3
6347,resnet34,750,0.6733833829902832,6
6348,resnet34,750,0.4742055237385399,5
6349,vgg19,939,1.0,15
6350,vgg19,350,0.9884623593775808,15
6351,efficientnetb0,350,1.0,3
6352,densenet161,550,0.5735576563250782,5
6353,resnet18,750,1.0,2
6354,resnet34,350,0.7118597986318302,7
6355,densenet161,750,0.5067219862360387,5
6356,resnet50,350,0.8169515861153699,7
6357,vgg19,939,0.9322438807363724,13
6358,resnet50,939,1.0,6
6359,resnet18,350,0.9463184463728672,2
6360,resnet50,350,1.0,6
6361,resnet18,550,1.0,2
6362,resnet50,750,0.8540914514899219,6
6363,vgg16,350,0.9150494503700808,13
6364,efficientnetb1,350,1.0,3
6365,resnet18,550,1.0,2
6366,resnet18,939,0.9772814215247084,3
6367,vgg16,350,0.9150494503700808,13
6368,efficientnetb0,939,1.0,3
6369,vgg19,750,0.9936879963126718,15
6370,resnet50,750,0.692684175445151,7
6371,resnet34,550,0.4132006712758983,4
6372,resnet18,550,1.0,2
6373,efficientnetb1,939,1.0,3
6374,efficientnetb0,550,1.0,3
6375,densenet161,350,0.472733213293796,5
6376,vgg16,550,0.4909442737237837,5
6377,vgg16,350,0.9150494503700808,13
6378,resnet34,550,0.6271701708292037,6
6379,resnet50,750,0.8540914514899219,6
6380,vgg16,750,0.9989474447948092,13
6381,densenet161,750,0.5067219862360387,5
6382,resnet18,939,1.0,2
6383,resnet50,750,0.8540914514899219,6
6384,densenet161,350,0.472733213293796,5
6385,densenet161,350,1.0,8
6386,densenet161,550,0.5735576563250782,5
6387,resnet50,750,0.692684175445151,7
6388,vgg16,939,0.7455450313368192,10
6389,vgg19,550,1.0,15
6390,vgg19,550,0.93432282209291,16
6391,vgg19,939,1.0,15
6392,vgg19,939,1.0,15
6393,resnet50,550,1.0,6
6394,resnet34,750,0.7880649919244954,7
6395,efficientnetb1,350,1.0,3
6396,resnet50,750,0.692684175445151,7
6397,resnet34,550,0.6271701708292037,6
6398,densenet161,939,0.2831929044634787,5
6399,resnet50,550,1.0,6
6400,densenet161,550,0.5735576563250782,5
6401,resnet34,350,0.6392378211717704,6
6402,vgg16,750,0.9989474447948092,13
6403,efficientnetb0,750,1.0,3
6404,vgg16,350,0.9150494503700808,13
6405,vgg19,350,1.0,16
6406,efficientnetb0,750,1.0,3
6407,vgg19,939,1.0,15
6408,vgg19,939,1.0,15
6409,efficientnetb1,350,1.0,3
6410,resnet34,750,0.6733833829902832,6
6411,densenet161,939,1.0,6
6412,vgg16,939,1.0,13
6413,vgg19,750,0.9936879963126718,15
6414,resnet18,939,1.0,2
6415,vgg19,550,1.0,15
6416,vgg16,939,1.0,13
6417,resnet34,750,0.6733833829902832,6
6418,resnet34,550,1.0,8
6419,efficientnetb1,550,0.6878389778024664,4
6420,vgg16,750,0.9989474447948092,13
6421,efficientnetb0,750,1.0,3
6422,vgg16,550,0.9599292331742392,11
6423,vgg16,350,0.9150494503700808,13
6424,vgg16,550,0.9599292331742392,11
6425,efficientnetb0,550,1.0,3
6426,efficientnetb0,350,1.0,3
6427,resnet50,939,1.0,6
6428,resnet34,550,0.6271701708292037,6
6429,efficientnetb0,350,1.0,3
6430,resnet34,350,0.7118597986318302,7
6431,resnet34,350,0.6392378211717704,6
6432,vgg16,550,0.9461219284703368,13
6433,densenet161,550,0.5735576563250782,5
6434,resnet18,939,1.0,2
6435,vgg16,750,0.9989474447948092,13
6436,efficientnetb0,939,1.0,3
6437,resnet34,750,0.6733833829902832,6
6438,densenet161,750,1.0,7
6439,vgg19,750,0.0,1
6440,vgg19,939,0.9938700985656802,16
6441,vgg16,750,0.9989474447948092,13
6442,vgg16,750,0.7930687335281449,10
6443,densenet161,550,0.8307012363387156,6
6444,resnet18,350,0.9463184463728672,2
6445,densenet161,550,0.5735576563250782,5
6446,efficientnetb0,350,1.0,3
6447,vgg16,939,1.0,13
6448,densenet161,550,0.5735576563250782,5
6449,resnet18,939,1.0,2
6450,efficientnetb1,939,1.0,3
6451,vgg19,350,0.9722792391750928,13
6452,vgg19,550,1.0,15
6453,resnet34,550,0.6271701708292037,6
6454,vgg16,750,0.9989474447948092,13
6455,efficientnetb1,939,1.0,3
6456,vgg19,939,0.9938700985656802,16
6457,densenet161,550,0.8307012363387156,6
6458,resnet34,350,0.6392378211717704,6
6459,resnet50,750,0.8540914514899219,6
6460,vgg16,750,0.9989474447948092,13
6461,resnet18,750,1.0,2
6462,resnet34,939,0.8120702549228033,7
6463,resnet18,350,1.0,3
6464,vgg19,350,0.9884623593775808,15
6465,vgg19,939,1.0,15
6466,efficientnetb0,939,1.0,3
6467,efficientnetb1,939,1.0,3
6468,resnet18,750,1.0,2
6469,resnet50,750,0.692684175445151,7
6470,resnet50,750,0.8540914514899219,6
6471,vgg16,939,1.0,13
6472,densenet161,750,0.9225205659416632,8
6473,vgg16,550,0.941205716630206,14
6474,resnet34,939,1.0,6
6475,efficientnetb1,750,1.0,3
6476,vgg19,939,0.9938700985656802,16
6477,vgg19,350,0.9884623593775808,15
6478,densenet161,939,0.2831929044634787,5
6479,efficientnetb0,350,1.0,3
6480,vgg16,939,0.986973209346794,14
6481,resnet18,350,0.9463184463728672,2
6482,efficientnetb1,550,1.0,3
6483,vgg19,939,0.783629319224574,17
6484,resnet18,350,0.9463184463728672,2
6485,vgg19,939,1.0,15
6486,efficientnetb1,350,0.7181138626700144,4
6487,resnet34,550,0.6271701708292037,6
6488,vgg16,550,0.9599292331742392,11
6489,resnet34,350,0.7118597986318302,7
6490,vgg19,350,0.9884623593775808,15
6491,densenet161,550,0.5735576563250782,5
6492,resnet18,550,1.0,2
6493,efficientnetb1,939,1.0,3
6494,resnet50,550,1.0,6
6495,efficientnetb0,750,1.0,3
6496,efficientnetb1,350,1.0,3
6497,resnet50,350,0.0948151869136176,2
6498,efficientnetb1,550,1.0,3
6499,densenet161,550,0.5735576563250782,5
6500,efficientnetb1,550,1.0,3
6501,resnet34,750,0.6733833829902832,6
6502,vgg19,550,1.0,15
6503,efficientnetb1,750,1.0,3
6504,efficientnetb1,939,1.0,3
6505,resnet18,350,0.9463184463728672,2
6506,efficientnetb1,550,1.0,3
6507,resnet34,750,0.6733833829902832,6
6508,densenet161,350,0.472733213293796,5
6509,efficientnetb1,939,1.0,3
6510,resnet18,350,0.9463184463728672,2
6511,resnet50,350,1.0,6
6512,vgg19,939,0.3786480345124817,5
6513,efficientnetb1,550,1.0,3
6514,vgg16,350,0.9150494503700808,13
6515,vgg16,939,1.0,13
6516,resnet50,350,1.0,6
6517,vgg16,939,1.0,13
6518,resnet34,550,0.8215653788441881,7
6519,resnet18,350,0.9463184463728672,2
6520,densenet161,939,1.0,6
6521,efficientnetb0,350,1.0,3
6522,resnet18,939,1.0,2
6523,efficientnetb0,750,1.0,3
6524,resnet34,939,1.0,6
6525,vgg19,350,0.9884623593775808,15
6526,vgg19,939,1.0,15
6527,resnet34,550,0.6271701708292037,6
6528,vgg16,750,0.8760175184574507,11
6529,vgg16,750,0.9989474447948092,13
6530,resnet50,550,1.0,6
6531,resnet34,350,1.0,8
6532,densenet161,350,0.472733213293796,5
6533,efficientnetb0,750,1.0,3
6534,densenet161,939,0.2831929044634787,5
6535,efficientnetb0,350,1.0,3
6536,resnet18,550,0.9649971314956884,3
6537,efficientnetb1,939,1.0,3
6538,resnet18,550,0.9649971314956884,3
6539,resnet50,939,1.0,6
6540,resnet34,750,0.6733833829902832,6
6541,resnet18,550,1.0,2
6542,resnet34,750,0.7880649919244954,7
6543,efficientnetb0,750,1.0,3
6544,efficientnetb1,750,1.0,3
6545,resnet34,550,0.6271701708292037,6
6546,efficientnetb0,550,1.0,3
6547,resnet18,939,0.9772814215247084,3
6548,resnet50,750,0.8540914514899219,6
6549,vgg16,350,0.9150494503700808,13
6550,vgg19,939,1.0,15
6551,efficientnetb1,550,1.0,3
6552,resnet50,550,1.0,6
6553,resnet34,350,0.3864954674184693,4
6554,vgg19,350,0.9884623593775808,15
6555,efficientnetb0,939,1.0,3
6556,efficientnetb1,350,1.0,3
6557,vgg16,350,0.9150494503700808,13
6558,densenet161,939,0.2831929044634787,5
6559,efficientnetb0,750,1.0,3
6560,vgg19,750,0.9936879963126718,15
6561,vgg16,550,0.9461219284703368,13
6562,vgg16,350,0.6117716042882734,8
6563,resnet50,939,1.0,6
6564,vgg19,750,0.9936879963126718,15
6565,densenet161,750,1.0,7
6566,resnet18,939,1.0,2
6567,resnet18,750,1.0,2
6568,resnet18,350,0.9463184463728672,2
6569,vgg16,350,0.9150494503700808,13
6570,resnet18,939,1.0,2
6571,resnet34,350,0.7118597986318302,7
6572,vgg19,939,1.0,15
6573,resnet18,350,0.6798528330010116,4
6574,efficientnetb0,939,1.0,3
6575,efficientnetb0,550,1.0,3
6576,densenet161,350,0.472733213293796,5
6577,vgg16,750,0.3719773828090447,7
6578,efficientnetb0,939,1.0,3
6579,densenet161,350,0.472733213293796,5
6580,efficientnetb0,750,0.6483214388113725,4
6581,resnet50,939,1.0,6
6582,resnet50,350,1.0,6
6583,resnet34,939,1.0,6
6584,vgg16,939,1.0,13
6585,densenet161,350,0.7705044620574577,6
6586,resnet34,550,0.6271701708292037,6
6587,vgg16,350,0.9150494503700808,13
6588,resnet18,939,1.0,2
6589,resnet50,750,0.692684175445151,7
6590,vgg19,550,1.0,15
6591,efficientnetb0,939,1.0,3
6592,efficientnetb0,350,1.0,3
6593,vgg16,939,1.0,13
6594,resnet18,750,1.0,2
6595,vgg16,550,0.9461219284703368,13
6596,vgg19,350,0.9884623593775808,15
6597,densenet161,550,0.8307012363387156,6
6598,efficientnetb1,939,1.0,3
6599,resnet50,350,1.0,6
6600,efficientnetb0,550,1.0,3
6601,densenet161,550,0.5735576563250782,5
6602,vgg19,350,0.9884623593775808,15
6603,vgg19,750,0.9936879963126718,15
6604,efficientnetb1,939,1.0,3
6605,densenet161,939,0.2831929044634787,5
6606,resnet34,939,0.8120702549228033,7
6607,vgg16,550,0.9461219284703368,13
6608,densenet161,350,0.472733213293796,5
6609,efficientnetb0,750,1.0,3
6610,vgg16,550,0.9461219284703368,13
6611,efficientnetb1,750,1.0,3
6612,resnet18,939,1.0,2
6613,resnet18,939,0.9772814215247084,3
6614,resnet18,550,1.0,2
6615,densenet161,550,1.0,7
6616,resnet18,550,1.0,2
6617,vgg16,550,0.9461219284703368,13
6618,efficientnetb0,939,1.0,3
6619,efficientnetb1,350,1.0,3
6620,resnet34,350,0.7118597986318302,7
6621,resnet50,350,0.8169515861153699,7
6622,resnet50,750,0.8540914514899219,6
6623,vgg19,350,0.9884623593775808,15
6624,vgg16,750,0.9989474447948092,13
6625,efficientnetb0,350,0.7221681243288518,4
6626,vgg19,939,1.0,15
6627,densenet161,750,0.5067219862360387,5
6628,densenet161,350,0.472733213293796,5
6629,vgg16,550,0.9599292331742392,11
6630,vgg19,550,1.0,15
6631,resnet18,750,1.0,2
6632,resnet34,350,0.7118597986318302,7
6633,densenet161,939,0.2831929044634787,5
6634,efficientnetb0,939,1.0,3
6635,vgg16,939,1.0,13
6636,resnet18,350,0.9463184463728672,2
6637,densenet161,750,0.7754817419817108,6
6638,efficientnetb0,750,0.6483214388113725,4
6639,resnet18,939,1.0,2
6640,efficientnetb0,750,1.0,3
6641,resnet50,550,0.4611472962789475,4
6642,resnet50,750,0.8540914514899219,6
6643,vgg19,350,0.3670248005033085,6
6644,vgg16,350,0.9150494503700808,13
6645,efficientnetb1,550,1.0,3
6646,vgg16,750,0.9989474447948092,13
6647,efficientnetb1,750,1.0,3
6648,resnet34,939,1.0,6
6649,resnet18,750,0.9425112246169725,3
6650,vgg19,350,0.9884623593775808,15
6651,resnet34,939,0.8120702549228033,7
6652,resnet34,939,1.0,6
6653,efficientnetb1,750,1.0,3
6654,densenet161,350,0.0606109279047736,11
6655,vgg19,750,1.0,16
6656,resnet18,350,0.9463184463728672,2
6657,efficientnetb1,750,1.0,3
6658,vgg19,350,1.0,16
6659,resnet34,750,0.6733833829902832,6
6660,resnet34,939,0.8120702549228033,7
6661,resnet18,550,1.0,2
6662,resnet18,939,1.0,2
6663,vgg19,750,0.6673220941960659,10
6664,densenet161,350,0.7705044620574577,6
6665,resnet50,939,1.0,6
6666,resnet34,939,0.8120702549228033,7
6667,resnet34,550,0.8215653788441881,7
6668,efficientnetb1,350,1.0,3
6669,efficientnetb0,939,1.0,3
6670,densenet161,550,0.2084375640861151,9
6671,vgg16,750,0.9989474447948092,13
6672,resnet18,550,1.0,2
6673,efficientnetb1,550,1.0,3
6674,densenet161,550,0.0210735879951949,3
6675,resnet34,939,1.0,6
6676,densenet161,939,1.0,6
6677,resnet34,939,1.0,6
6678,vgg19,939,1.0,15
6679,resnet34,750,0.6733833829902832,6
6680,densenet161,939,0.2831929044634787,5
6681,densenet161,550,1.0,7
6682,efficientnetb1,939,0.4873612700075253,5
6683,vgg19,350,0.9884623593775808,15
6684,vgg19,350,0.063159932094785,4
6685,resnet18,939,0.5358361217945573,1
6686,efficientnetb1,550,1.0,3
6687,resnet50,350,1.0,6
6688,vgg16,750,0.9989474447948092,13
6689,resnet18,350,0.9463184463728672,2
6690,efficientnetb0,350,1.0,3
6691,vgg19,939,1.0,15
6692,vgg16,750,0.9989474447948092,13
6693,resnet50,750,0.8540914514899219,6
6694,resnet50,550,1.0,6
6695,resnet34,939,1.0,6
6696,vgg19,550,1.0,15
6697,vgg19,939,1.0,15
6698,efficientnetb1,350,1.0,3
6699,efficientnetb1,750,1.0,3
6700,resnet18,750,1.0,2
6701,efficientnetb1,750,1.0,3
6702,vgg19,550,1.0,15
6703,efficientnetb1,939,1.0,3
6704,vgg19,750,0.9936879963126718,15
6705,vgg19,350,0.9884623593775808,15
6706,resnet50,939,1.0,6
6707,densenet161,350,0.7705044620574577,6
6708,efficientnetb1,939,1.0,3
6709,resnet50,350,1.0,6
6710,efficientnetb0,350,1.0,3
6711,densenet161,939,0.2831929044634787,5
6712,vgg19,550,0.7603022178684953,17
6713,vgg16,550,0.9461219284703368,13
6714,resnet50,550,1.0,6
6715,vgg19,550,1.0,15
6716,resnet50,350,1.0,6
6717,resnet34,550,0.6271701708292037,6
6718,efficientnetb0,550,1.0,3
6719,efficientnetb0,350,1.0,3
6720,resnet18,550,1.0,2
6721,efficientnetb1,350,1.0,3
6722,efficientnetb0,350,1.0,3
6723,resnet34,350,0.6392378211717704,6
6724,vgg19,939,1.0,15
6725,resnet50,350,1.0,6
6726,resnet50,550,1.0,6
6727,resnet50,350,1.0,6
6728,resnet18,939,0.9772814215247084,3
6729,efficientnetb1,350,1.0,3
6730,efficientnetb0,350,1.0,3
6731,vgg16,350,0.968053827189964,11
6732,resnet18,550,1.0,2
6733,resnet34,550,0.6271701708292037,6
6734,resnet50,550,1.0,6
6735,resnet18,939,1.0,2
6736,efficientnetb1,550,1.0,3
6737,efficientnetb1,550,1.0,3
6738,efficientnetb1,350,1.0,3
6739,resnet50,350,1.0,6
6740,vgg16,350,0.0,1
6741,efficientnetb0,550,1.0,3
6742,densenet161,550,0.5735576563250782,5
6743,resnet34,350,0.6392378211717704,6
6744,vgg19,750,0.9936879963126718,15
6745,efficientnetb0,939,1.0,3
6746,efficientnetb1,939,0.7039994792384792,4
6747,vgg16,550,0.9461219284703368,13
6748,efficientnetb1,550,1.0,3
6749,vgg19,550,0.7144872600964158,10
6750,efficientnetb1,550,1.0,3
6751,resnet34,350,0.6392378211717704,6
6752,efficientnetb0,750,1.0,3
6753,efficientnetb0,750,1.0,3
6754,vgg19,939,1.0,15
6755,efficientnetb0,350,1.0,3
6756,efficientnetb0,750,1.0,3
6757,vgg16,750,0.9989474447948092,13
6758,efficientnetb0,750,1.0,3
6759,vgg16,350,0.968053827189964,11
6760,resnet34,750,0.6733833829902832,6
6761,resnet34,939,1.0,6
6762,efficientnetb1,750,1.0,3
6763,densenet161,550,0.5735576563250782,5
6764,densenet161,939,1.0,6
6765,densenet161,750,0.1955210426922513,9
6766,resnet18,750,1.0,2
6767,densenet161,550,0.5735576563250782,5
6768,vgg19,750,0.9936879963126718,15
6769,efficientnetb0,350,1.0,3
6770,resnet34,350,0.7118597986318302,7
6771,resnet18,939,1.0,2
6772,efficientnetb1,939,0.7039994792384792,4
6773,vgg19,350,0.9884623593775808,15
6774,resnet18,750,1.0,2
6775,resnet34,939,0.8120702549228033,7
6776,vgg19,350,0.9884623593775808,15
6777,resnet18,550,1.0,2
6778,vgg19,550,1.0,15
6779,resnet34,750,0.6733833829902832,6
6780,vgg16,750,0.8760175184574507,11
6781,vgg19,350,1.0,16
6782,resnet50,550,0.0097267662088094,1
6783,vgg19,939,1.0,15
6784,resnet50,750,0.8540914514899219,6
6785,vgg19,550,0.93699417819052,14
6786,efficientnetb0,750,1.0,3
6787,densenet161,750,0.5067219862360387,5
6788,efficientnetb1,350,1.0,3
6789,resnet18,550,0.6805816088044464,4
6790,densenet161,350,0.7705044620574577,6
6791,vgg19,750,0.9936879963126718,15
6792,resnet18,750,0.9425112246169725,3
6793,efficientnetb0,750,1.0,3
6794,vgg16,550,0.9461219284703368,13
6795,resnet34,550,0.6271701708292037,6
6796,resnet34,550,0.6271701708292037,6
6797,vgg19,350,0.9722792391750928,13
6798,resnet34,550,0.6271701708292037,6
6799,densenet161,350,0.9422217589427628,7
6800,resnet34,350,0.6392378211717704,6
6801,densenet161,550,0.5735576563250782,5
6802,vgg16,939,0.8568556422949929,11
6803,resnet34,939,1.0,6
6804,resnet34,550,0.6271701708292037,6
6805,efficientnetb0,350,1.0,3
6806,resnet18,350,0.9463184463728672,2
6807,resnet34,550,0.6271701708292037,6
6808,efficientnetb1,350,1.0,3
6809,efficientnetb0,550,1.0,3
6810,efficientnetb1,750,1.0,3
6811,resnet18,550,0.6805816088044464,4
6812,resnet18,550,1.0,2
6813,efficientnetb0,550,1.0,3
6814,efficientnetb0,550,1.0,3
6815,resnet34,350,0.7118597986318302,7
6816,efficientnetb1,350,1.0,3
6817,densenet161,939,0.2831929044634787,5
6818,vgg16,350,0.9150494503700808,13
6819,densenet161,350,0.7705044620574577,6
6820,efficientnetb0,550,1.0,3
6821,resnet34,750,0.6733833829902832,6
6822,resnet18,550,1.0,2
6823,resnet50,939,1.0,6
6824,vgg19,750,0.9636492577949504,13
6825,resnet34,939,1.0,6
6826,resnet50,750,0.8540914514899219,6
6827,vgg16,550,0.9461219284703368,13
6828,densenet161,350,0.7705044620574577,6
6829,vgg19,939,0.958551617010162,14
6830,efficientnetb0,750,1.0,3
6831,resnet50,550,1.0,6
6832,vgg19,550,0.93432282209291,16
6833,resnet18,350,0.9463184463728672,2
6834,resnet34,550,0.8215653788441881,7
6835,efficientnetb0,750,1.0,3
6836,efficientnetb1,750,1.0,3
6837,vgg16,939,0.8568556422949929,11
6838,efficientnetb1,939,1.0,3
6839,resnet18,350,1.0,3
6840,efficientnetb0,750,1.0,3
6841,resnet34,750,0.6733833829902832,6
6842,densenet161,350,0.472733213293796,5
6843,resnet34,550,0.8215653788441881,7
6844,resnet50,750,0.8540914514899219,6
6845,resnet34,550,0.8215653788441881,7
6846,resnet18,550,1.0,2
6847,efficientnetb1,550,1.0,3
6848,resnet34,750,0.7880649919244954,7
6849,resnet34,550,0.8215653788441881,7
6850,resnet50,939,1.0,6
6851,vgg19,550,1.0,15
6852,vgg19,750,0.9936879963126718,15
6853,densenet161,550,0.5735576563250782,5
6854,resnet34,350,0.6392378211717704,6
6855,efficientnetb1,550,1.0,3
6856,resnet18,939,1.0,2
6857,densenet161,350,0.472733213293796,5
6858,vgg16,750,0.8760175184574507,11
6859,efficientnetb1,350,1.0,3
6860,densenet161,550,0.5735576563250782,5
6861,efficientnetb1,550,1.0,3
6862,resnet50,550,1.0,6
6863,vgg16,550,0.941205716630206,14
6864,vgg19,939,1.0,15
6865,resnet50,550,1.0,6
6866,vgg16,350,0.9150494503700808,13
6867,resnet18,550,1.0,2
6868,resnet34,550,0.1426819901860775,1
6869,vgg19,350,0.9884623593775808,15
6870,efficientnetb1,750,1.0,3
6871,vgg16,939,0.8568556422949929,11
6872,densenet161,550,0.5735576563250782,5
6873,resnet50,550,1.0,6
6874,vgg19,550,0.93432282209291,16
6875,resnet18,939,1.0,2
6876,vgg19,939,1.0,15
6877,resnet50,750,0.8540914514899219,6
6878,resnet50,750,0.8540914514899219,6
6879,resnet18,939,1.0,2
6880,vgg16,750,0.9989474447948092,13
6881,resnet18,550,1.0,2
6882,efficientnetb1,350,1.0,3
6883,efficientnetb0,550,1.0,3
6884,vgg19,750,0.9936879963126718,15
6885,efficientnetb1,750,1.0,3
6886,resnet50,550,1.0,6
6887,resnet34,350,0.6392378211717704,6
6888,resnet34,750,0.7880649919244954,7
6889,efficientnetb0,939,1.0,3
6890,resnet18,550,1.0,2
6891,densenet161,350,0.472733213293796,5
6892,efficientnetb1,350,1.0,3
6893,resnet18,939,1.0,2
6894,vgg16,350,0.968053827189964,11
6895,vgg16,750,0.8760175184574507,11
6896,resnet50,750,0.8540914514899219,6
6897,resnet34,350,0.6392378211717704,6
6898,efficientnetb0,750,1.0,3
6899,vgg19,750,0.9936879963126718,15
6900,densenet161,939,1.0,6
6901,vgg16,939,0.8568556422949929,11
6902,efficientnetb0,939,0.6801221238861833,4
6903,efficientnetb1,939,1.0,3
6904,resnet50,550,1.0,6
6905,vgg16,750,0.8760175184574507,11
6906,resnet50,750,0.8540914514899219,6
6907,vgg16,350,0.968053827189964,11
6908,vgg16,550,0.9461219284703368,13
6909,efficientnetb0,350,1.0,3
6910,efficientnetb1,550,1.0,3
6911,resnet34,750,0.7880649919244954,7
6912,vgg19,750,0.9936879963126718,15
6913,vgg19,550,1.0,15
6914,resnet18,750,1.0,2
6915,resnet34,750,0.7880649919244954,7
6916,vgg19,350,0.9722792391750928,13
6917,efficientnetb1,750,1.0,3
6918,efficientnetb0,550,1.0,3
6919,efficientnetb0,939,1.0,3
6920,efficientnetb0,939,1.0,3
6921,densenet161,750,0.9225205659416632,8
6922,vgg16,550,0.9461219284703368,13
6923,resnet18,750,1.0,2
6924,efficientnetb0,350,1.0,3
6925,resnet34,550,0.6271701708292037,6
6926,resnet50,550,1.0,6
6927,efficientnetb1,939,1.0,3
6928,resnet34,750,0.6733833829902832,6
6929,resnet18,350,0.9463184463728672,2
6930,resnet18,750,1.0,2
6931,efficientnetb1,350,1.0,3
6932,densenet161,550,0.2084375640861151,9
6933,vgg16,939,0.986973209346794,14
6934,resnet34,350,0.7118597986318302,7
6935,vgg16,350,0.9150494503700808,13
6936,efficientnetb1,350,1.0,3
6937,resnet18,350,1.0,3
6938,densenet161,939,1.0,6
6939,resnet34,750,0.6733833829902832,6
6940,resnet18,939,1.0,2
6941,vgg19,550,1.0,15
6942,densenet161,350,0.7705044620574577,6
6943,vgg16,350,0.9150494503700808,13
6944,vgg16,750,0.8760175184574507,11
6945,vgg16,750,0.8760175184574507,11
6946,resnet34,350,0.6392378211717704,6
6947,resnet34,550,0.6271701708292037,6
6948,vgg19,750,0.9936879963126718,15
6949,resnet50,750,0.5189759550817877,8
6950,resnet50,939,0.1412757250508847,2
6951,vgg16,750,0.9989474447948092,13
6952,resnet50,750,0.8540914514899219,6
6953,resnet18,750,1.0,2
6954,efficientnetb1,350,1.0,3
6955,resnet18,350,0.9463184463728672,2
6956,resnet18,550,1.0,2
6957,efficientnetb0,939,0.6801221238861833,4
6958,vgg19,939,0.9322438807363724,13
6959,densenet161,550,0.5735576563250782,5
6960,efficientnetb1,750,1.0,3
6961,densenet161,939,0.2831929044634787,5
6962,resnet18,939,1.0,2
6963,densenet161,939,0.2831929044634787,5
6964,efficientnetb0,350,1.0,3
6965,resnet50,750,0.8540914514899219,6
6966,vgg19,350,0.9884623593775808,15
6967,resnet50,550,1.0,6
6968,efficientnetb0,939,1.0,3
6969,vgg16,550,0.9461219284703368,13
6970,vgg19,939,1.0,15
6971,resnet50,350,0.8169515861153699,7
6972,densenet161,350,0.472733213293796,5
6973,resnet50,750,0.5242927837491854,3
6974,resnet34,350,0.6392378211717704,6
6975,resnet18,550,0.9649971314956884,3
6976,efficientnetb1,939,1.0,3
6977,resnet18,750,1.0,2
6978,vgg16,750,0.9989474447948092,13
6979,vgg16,350,0.9150494503700808,13
6980,resnet50,939,1.0,6
6981,efficientnetb0,939,1.0,3
6982,resnet50,939,1.0,6
6983,efficientnetb1,750,1.0,3
6984,efficientnetb1,550,1.0,3
6985,resnet50,350,1.0,6
6986,resnet34,939,1.0,6
6987,vgg19,939,1.0,15
6988,densenet161,350,0.7705044620574577,6
6989,efficientnetb1,750,1.0,3
6990,resnet18,350,0.9463184463728672,2
6991,efficientnetb1,350,1.0,3
6992,densenet161,350,0.472733213293796,5
6993,vgg16,750,0.9989474447948092,13
6994,vgg16,550,0.9599292331742392,11
6995,resnet18,550,1.0,2
6996,resnet18,750,1.0,2
6997,resnet34,550,0.6271701708292037,6
6998,resnet18,939,1.0,2
6999,resnet18,350,0.9463184463728672,2
7000,resnet50,350,1.0,6
7001,vgg19,939,1.0,15
7002,resnet18,750,1.0,2
7003,vgg16,550,0.9461219284703368,13
7004,resnet34,550,0.6271701708292037,6
7005,resnet18,550,1.0,2
7006,efficientnetb1,939,1.0,3
7007,efficientnetb0,750,1.0,3
7008,densenet161,550,0.5735576563250782,5
7009,densenet161,350,0.9422217589427628,7
7010,efficientnetb0,750,1.0,3
7011,vgg19,939,1.0,15
7012,vgg16,350,0.9150494503700808,13
7013,densenet161,550,0.5735576563250782,5
7014,efficientnetb0,750,1.0,3
7015,resnet50,939,1.0,6
7016,vgg19,550,1.0,15
7017,vgg19,939,1.0,15
7018,efficientnetb0,939,1.0,3
7019,efficientnetb0,550,1.0,3
7020,densenet161,750,0.5067219862360387,5
7021,vgg16,939,1.0,13
7022,vgg16,939,1.0,13
7023,densenet161,750,0.7754817419817108,6
7024,vgg16,750,0.9989474447948092,13
7025,efficientnetb1,550,1.0,3
7026,resnet34,350,0.7118597986318302,7
7027,resnet18,750,1.0,2
7028,resnet18,350,0.9463184463728672,2
7029,vgg19,750,0.9936879963126718,15
7030,resnet50,350,1.0,6
7031,resnet18,350,0.9463184463728672,2
7032,resnet18,939,1.0,2
7033,efficientnetb0,550,0.7484594574197447,4
7034,vgg19,939,1.0,15
7035,resnet18,939,0.9772814215247084,3
7036,resnet50,939,1.0,6
7037,vgg19,550,1.0,15
7038,resnet18,550,1.0,2
7039,densenet161,350,0.9422217589427628,7
7040,efficientnetb1,350,1.0,3
7041,vgg19,550,1.0,15
7042,efficientnetb0,550,1.0,3
7043,resnet34,750,0.6733833829902832,6
7044,resnet18,750,1.0,2
7045,vgg19,350,0.9884623593775808,15
7046,resnet18,350,0.9463184463728672,2
7047,efficientnetb1,750,1.0,3
7048,resnet50,750,0.692684175445151,7
7049,efficientnetb1,550,1.0,3
7050,vgg19,939,0.7537426666757167,12
7051,vgg16,350,0.9277415950475124,14
7052,vgg19,939,1.0,15
7053,vgg19,939,1.0,15
7054,resnet34,750,0.6733833829902832,6
7055,resnet50,350,1.0,6
7056,vgg16,550,0.9599292331742392,11
7057,efficientnetb0,750,1.0,3
7058,resnet18,939,1.0,2
7059,resnet18,750,1.0,2
7060,efficientnetb1,939,1.0,3
7061,resnet34,750,0.4742055237385399,5
7062,resnet50,550,0.8215124558966982,7
7063,densenet161,550,0.5735576563250782,5
7064,resnet18,750,1.0,2
7065,vgg16,750,0.9989474447948092,13
7066,resnet18,939,1.0,2
7067,vgg16,750,0.9989474447948092,13
7068,efficientnetb1,550,1.0,3
7069,densenet161,550,0.9908784030365078,8
7070,efficientnetb0,550,1.0,3
7071,vgg19,939,1.0,15
7072,densenet161,550,0.5735576563250782,5
7073,efficientnetb1,350,1.0,3
7074,resnet50,350,1.0,6
7075,efficientnetb0,939,1.0,3
7076,resnet50,350,1.0,6
7077,vgg16,939,1.0,13
7078,densenet161,350,1.0,8
7079,resnet34,350,0.7118597986318302,7
7080,resnet34,550,0.6271701708292037,6
7081,vgg19,350,0.9884623593775808,15
7082,efficientnetb0,550,1.0,3
7083,resnet34,750,0.6733833829902832,6
7084,densenet161,550,1.0,7
7085,vgg19,550,1.0,15
7086,vgg19,350,0.9884623593775808,15
7087,resnet50,550,1.0,6
7088,resnet34,750,0.6733833829902832,6
7089,resnet34,939,0.8120702549228033,7
7090,densenet161,750,0.1955210426922513,9
7091,efficientnetb0,550,1.0,3
7092,resnet50,750,0.8540914514899219,6
7093,densenet161,939,0.0,2
7094,efficientnetb0,350,1.0,3
7095,densenet161,550,0.5735576563250782,5
7096,efficientnetb0,939,1.0,3
7097,efficientnetb1,550,1.0,3
7098,resnet34,750,0.6733833829902832,6
7099,efficientnetb0,939,1.0,3
7100,efficientnetb0,350,1.0,3
7101,resnet50,750,0.8540914514899219,6
7102,resnet18,350,1.0,3
7103,resnet50,750,0.8540914514899219,6
7104,resnet50,939,1.0,6
7105,efficientnetb1,939,1.0,3
7106,vgg19,350,0.9884623593775808,15
7107,resnet34,550,0.6271701708292037,6
7108,efficientnetb1,750,1.0,3
7109,resnet50,939,1.0,6
7110,vgg16,350,0.968053827189964,11
7111,resnet50,939,1.0,6
7112,efficientnetb1,939,1.0,3
7113,resnet34,750,0.6733833829902832,6
7114,resnet34,939,1.0,6
7115,resnet18,550,1.0,2
7116,vgg16,350,0.9150494503700808,13
7117,densenet161,939,1.0,6
7118,efficientnetb1,350,1.0,3
7119,efficientnetb0,750,1.0,3
7120,resnet18,750,1.0,2
7121,efficientnetb0,750,1.0,3
7122,resnet34,750,0.6733833829902832,6
7123,efficientnetb0,350,1.0,3
7124,resnet50,550,1.0,6
7125,resnet34,750,0.6733833829902832,6
7126,vgg16,350,0.9150494503700808,13
7127,resnet18,750,1.0,2
7128,vgg19,939,0.9322438807363724,13
7129,efficientnetb0,750,1.0,3
7130,efficientnetb0,939,1.0,3
7131,vgg16,939,1.0,13
7132,efficientnetb0,750,0.6483214388113725,4
7133,resnet50,750,0.8540914514899219,6
7134,vgg19,550,1.0,15
7135,vgg19,550,1.0,15
7136,resnet50,750,0.8540914514899219,6
7137,resnet34,350,0.7118597986318302,7
7138,vgg16,550,0.9461219284703368,13
7139,vgg19,350,1.0,16
7140,vgg16,350,0.6122688308267832,9
7141,densenet161,350,0.472733213293796,5
7142,vgg16,750,0.9989474447948092,13
7143,resnet18,350,0.9463184463728672,2
7144,resnet50,750,0.8540914514899219,6
7145,resnet18,550,1.0,2
7146,resnet50,939,1.0,6
7147,efficientnetb1,350,1.0,3
7148,densenet161,939,0.2831929044634787,5
7149,resnet50,939,1.0,6
7150,efficientnetb1,350,0.7181138626700144,4
7151,vgg16,550,0.9461219284703368,13
7152,resnet18,350,0.9463184463728672,2
7153,resnet50,750,1.0,5
7154,densenet161,750,0.5067219862360387,5
7155,efficientnetb0,750,1.0,3
7156,efficientnetb1,550,1.0,3
7157,resnet50,550,1.0,6
7158,efficientnetb0,750,0.4450311925360435,5
7159,vgg16,750,0.8760175184574507,11
7160,resnet34,750,0.6733833829902832,6
7161,vgg16,350,0.968053827189964,11
7162,efficientnetb1,350,1.0,3
7163,resnet34,750,0.4742055237385399,5
7164,efficientnetb0,550,1.0,3
7165,resnet50,939,1.0,6
7166,efficientnetb1,939,1.0,3
7167,resnet50,939,0.8017819857800019,7
7168,efficientnetb0,350,1.0,3
7169,efficientnetb1,550,1.0,3
7170,resnet18,750,1.0,2
7171,vgg16,550,0.9461219284703368,13
7172,vgg16,939,1.0,13
7173,resnet18,939,1.0,2
7174,resnet18,550,1.0,2
7175,vgg19,939,1.0,15
7176,resnet50,350,1.0,6
7177,efficientnetb0,939,1.0,3
7178,densenet161,550,0.8307012363387156,6
7179,densenet161,750,0.7754817419817108,6
7180,vgg16,939,0.8568556422949929,11
7181,vgg16,350,0.9150494503700808,13
7182,resnet18,550,1.0,2
7183,resnet50,750,0.8540914514899219,6
7184,resnet50,939,1.0,6
7185,vgg16,939,1.0,13
7186,resnet18,350,0.9463184463728672,2
7187,efficientnetb0,350,1.0,3
7188,vgg19,939,1.0,15
7189,resnet18,550,1.0,2
7190,resnet18,550,1.0,2
7191,resnet34,550,0.8215653788441881,7
7192,vgg19,750,0.9636492577949504,13
7193,vgg16,550,0.9461219284703368,13
7194,resnet50,939,1.0,6
7195,vgg19,750,0.9936879963126718,15
7196,efficientnetb0,750,1.0,3
7197,vgg19,550,1.0,15
7198,vgg16,550,0.9461219284703368,13
7199,efficientnetb1,939,1.0,3
7200,densenet161,939,0.2831929044634787,5
7201,efficientnetb0,750,1.0,3
7202,vgg19,939,1.0,15
7203,resnet18,750,1.0,2
7204,resnet50,939,1.0,6
7205,resnet34,350,0.6392378211717704,6
7206,densenet161,939,1.0,6
7207,resnet18,350,0.9463184463728672,2
7208,resnet50,939,0.8017819857800019,7
7209,efficientnetb0,750,0.4450311925360435,5
7210,efficientnetb1,550,1.0,3
7211,vgg19,939,1.0,15
7212,resnet18,939,1.0,2
7213,efficientnetb0,939,1.0,3
7214,resnet34,939,1.0,6
7215,densenet161,550,0.5735576563250782,5
7216,resnet34,939,1.0,6
7217,efficientnetb0,550,1.0,3
7218,vgg16,350,0.968053827189964,11
7219,resnet18,550,1.0,2
7220,efficientnetb0,350,1.0,3
7221,resnet34,550,0.6271701708292037,6
7222,efficientnetb1,939,1.0,3
7223,efficientnetb0,939,1.0,3
7224,resnet18,550,1.0,2
7225,vgg16,550,0.9599292331742392,11
7226,resnet50,550,1.0,6
7227,efficientnetb1,939,1.0,3
7228,resnet50,550,1.0,6
7229,vgg16,750,0.9989474447948092,13
7230,vgg19,550,1.0,15
7231,vgg16,939,1.0,13
7232,efficientnetb1,350,1.0,3
7233,efficientnetb1,750,1.0,3
7234,efficientnetb0,350,1.0,3
7235,efficientnetb0,750,1.0,3
7236,resnet18,550,1.0,2
7237,resnet50,750,0.8540914514899219,6
7238,resnet34,350,0.6392378211717704,6
7239,vgg16,550,0.9599292331742392,11
7240,efficientnetb1,550,1.0,3
7241,efficientnetb1,750,0.7228690296773087,4
7242,efficientnetb0,350,1.0,3
7243,vgg16,750,0.8760175184574507,11
7244,resnet34,350,0.6392378211717704,6
7245,resnet50,550,1.0,6
7246,resnet34,550,0.6271701708292037,6
7247,densenet161,350,0.472733213293796,5
7248,densenet161,550,0.5735576563250782,5
7249,resnet50,750,0.8540914514899219,6
7250,vgg16,750,0.9989474447948092,13
7251,densenet161,350,0.472733213293796,5
7252,vgg19,750,0.9936879963126718,15
7253,resnet34,550,0.5238774014052308,5
7254,efficientnetb1,750,0.0,1
7255,resnet50,550,1.0,6
7256,efficientnetb0,750,1.0,3
7257,efficientnetb1,939,1.0,3
7258,resnet34,939,0.8527581774225047,5
7259,densenet161,750,0.5067219862360387,5
7260,resnet34,350,0.6392378211717704,6
7261,vgg16,939,0.8568556422949929,11
7262,efficientnetb1,350,1.0,3
7263,efficientnetb1,939,1.0,3
7264,vgg19,550,1.0,15
7265,efficientnetb0,750,1.0,3
7266,resnet18,350,0.9463184463728672,2
7267,resnet34,939,1.0,6
7268,resnet50,750,0.8540914514899219,6
7269,efficientnetb1,750,1.0,3
7270,densenet161,550,0.8307012363387156,6
7271,resnet18,550,1.0,2
7272,resnet18,350,0.9463184463728672,2
7273,resnet34,939,0.8527581774225047,5
7274,densenet161,750,0.5067219862360387,5
7275,densenet161,350,0.472733213293796,5
7276,vgg19,550,1.0,15
7277,resnet50,350,1.0,6
7278,vgg16,550,0.9599292331742392,11
7279,densenet161,350,0.9422217589427628,7
7280,efficientnetb1,939,1.0,3
7281,vgg19,350,0.9722792391750928,13
7282,resnet34,350,0.6392378211717704,6
7283,efficientnetb0,939,1.0,3
7284,efficientnetb1,750,1.0,3
7285,efficientnetb0,350,1.0,3
7286,resnet50,550,1.0,6
7287,vgg19,350,0.9722792391750928,13
7288,resnet50,550,1.0,6
7289,resnet50,550,1.0,6
7290,vgg16,750,0.8760175184574507,11
7291,efficientnetb1,750,1.0,3
7292,resnet34,350,0.6392378211717704,6
7293,vgg16,750,0.8760175184574507,11
7294,vgg16,939,1.0,13
7295,densenet161,750,0.5067219862360387,5
7296,efficientnetb1,350,1.0,3
7297,resnet50,550,1.0,6
7298,efficientnetb0,750,1.0,3
7299,resnet50,750,0.8540914514899219,6
7300,resnet50,350,1.0,6
7301,vgg16,550,0.9599292331742392,11
7302,resnet50,939,1.0,6
7303,resnet18,550,1.0,2
7304,resnet18,350,0.9463184463728672,2
7305,resnet18,550,1.0,2
7306,densenet161,939,0.0018556587877228,3
7307,vgg16,350,0.9150494503700808,13
7308,densenet161,550,0.0210735879951949,3
7309,efficientnetb1,350,1.0,3
7310,resnet34,750,0.6733833829902832,6
7311,resnet18,939,1.0,2
7312,resnet34,750,0.4742055237385399,5
7313,vgg19,750,1.0,16
7314,resnet34,350,0.5163674653124631,5
7315,vgg16,939,0.8568556422949929,11
7316,resnet34,939,0.8527581774225047,5
7317,resnet18,939,1.0,2
7318,resnet34,350,0.5163674653124631,5
7319,resnet34,550,0.5238774014052308,5
7320,efficientnetb0,750,1.0,3
7321,vgg19,750,0.9936879963126718,15
7322,vgg19,750,1.0,16
7323,vgg19,550,1.0,15
7324,efficientnetb1,550,1.0,3
7325,resnet18,750,1.0,2
7326,resnet18,939,1.0,2
7327,efficientnetb0,550,1.0,3
7328,vgg19,550,1.0,15
7329,densenet161,350,0.0213386295855335,3
7330,resnet18,550,0.5341577662577371,1
7331,efficientnetb1,750,1.0,3
7332,resnet34,939,0.8527581774225047,5
7333,densenet161,750,0.5067219862360387,5
7334,resnet34,750,0.6733833829902832,6
7335,resnet50,550,1.0,6
7336,vgg19,750,0.9636492577949504,13
7337,resnet34,350,0.5163674653124631,5
7338,resnet18,750,1.0,2
7339,vgg16,350,0.9150494503700808,13
7340,resnet18,939,1.0,2
7341,vgg19,750,0.9636492577949504,13
7342,resnet34,550,0.6271701708292037,6
7343,vgg16,750,0.9989474447948092,13
7344,efficientnetb1,550,1.0,3
7345,vgg16,750,0.9989474447948092,13
7346,resnet50,550,1.0,6
7347,vgg19,350,0.3463718988145903,7
7348,vgg16,550,0.9599292331742392,11
7349,resnet18,350,0.9463184463728672,2
7350,vgg16,350,0.9150494503700808,13
7351,resnet18,750,1.0,2
7352,efficientnetb0,750,1.0,3
7353,vgg16,750,0.8760175184574507,11
7354,efficientnetb1,939,1.0,3
7355,vgg16,350,0.968053827189964,11
7356,resnet34,550,0.6271701708292037,6
7357,vgg19,550,0.93432282209291,16
7358,vgg16,350,0.968053827189964,11
7359,resnet18,939,1.0,2
7360,resnet50,350,1.0,6
7361,resnet50,350,1.0,6
7362,efficientnetb0,939,1.0,3
7363,vgg19,550,1.0,15
7364,resnet34,750,0.6733833829902832,6
7365,vgg16,350,0.968053827189964,11
7366,efficientnetb1,750,1.0,3
7367,resnet34,939,1.0,6
7368,efficientnetb1,750,1.0,3
7369,densenet161,750,0.0355493113357071,3
7370,efficientnetb0,939,1.0,3
7371,resnet18,939,1.0,2
7372,vgg16,939,1.0,13
7373,vgg16,350,0.968053827189964,11
7374,efficientnetb0,750,1.0,3
7375,vgg19,550,0.9153142027929496,13
7376,vgg16,939,0.8568556422949929,11
7377,resnet50,750,0.8540914514899219,6
7378,efficientnetb0,939,1.0,3
7379,resnet50,939,1.0,6
7380,efficientnetb1,550,1.0,3
7381,resnet18,750,1.0,2
7382,resnet50,550,1.0,6
7383,efficientnetb1,550,1.0,3
7384,efficientnetb0,750,1.0,3
7385,efficientnetb1,939,1.0,3
7386,efficientnetb1,550,1.0,3
7387,efficientnetb1,550,1.0,3
7388,resnet50,550,1.0,6
7389,resnet18,350,0.9463184463728672,2
7390,resnet18,750,1.0,2
7391,resnet50,550,1.0,6
7392,vgg16,939,1.0,13
7393,densenet161,350,0.0213386295855335,3
7394,resnet50,550,1.0,6
7395,resnet50,939,1.0,6
7396,resnet50,750,0.8540914514899219,6
7397,resnet50,939,1.0,6
7398,resnet18,550,1.0,2
7399,resnet50,550,1.0,6
7400,vgg19,350,0.9884623593775808,15
7401,vgg19,350,0.9884623593775808,15
7402,resnet34,550,0.6271701708292037,6
7403,resnet50,350,1.0,6
7404,vgg16,550,0.9461219284703368,13
7405,resnet50,939,0.8017819857800019,7
7406,resnet50,939,1.0,6
7407,densenet161,750,0.0355493113357071,3
7408,resnet50,350,1.0,6
7409,resnet18,550,1.0,2
7410,densenet161,939,0.8028649279588222,7
7411,vgg19,550,1.0,15
7412,resnet34,550,0.6271701708292037,6
7413,resnet18,350,0.9463184463728672,2
7414,resnet50,750,0.8540914514899219,6
7415,resnet18,350,0.9463184463728672,2
7416,vgg19,550,0.93432282209291,16
7417,efficientnetb1,550,1.0,3
7418,efficientnetb0,939,1.0,3
7419,efficientnetb1,750,1.0,3
7420,densenet161,350,0.472733213293796,5
7421,efficientnetb1,750,1.0,3
7422,resnet50,939,0.8017819857800019,7
7423,vgg16,750,0.9989474447948092,13
7424,resnet50,350,1.0,6
7425,densenet161,350,0.472733213293796,5
7426,vgg16,550,0.9461219284703368,13
7427,efficientnetb1,939,1.0,3
7428,resnet34,750,0.6733833829902832,6
7429,densenet161,550,0.0210735879951949,3
7430,vgg19,750,0.9636492577949504,13
7431,resnet18,939,1.0,2
7432,vgg16,550,0.9599292331742392,11
7433,resnet50,350,1.0,6
7434,resnet18,939,1.0,2
7435,efficientnetb0,550,1.0,3
7436,efficientnetb0,350,1.0,3
7437,resnet34,939,1.0,6
7438,resnet34,550,0.5238774014052308,5
7439,vgg19,939,1.0,15
7440,resnet34,350,0.5163674653124631,5
7441,resnet50,750,0.8540914514899219,6
7442,resnet18,350,0.9463184463728672,2
7443,resnet34,939,1.0,6
7444,resnet18,939,1.0,2
7445,resnet50,550,1.0,6
7446,efficientnetb0,550,1.0,3
7447,efficientnetb1,550,1.0,3
7448,efficientnetb0,750,1.0,3
7449,efficientnetb0,750,1.0,3
7450,resnet18,939,1.0,2
7451,vgg19,550,1.0,15
7452,efficientnetb0,550,1.0,3
7453,resnet18,350,0.9463184463728672,2
7454,efficientnetb1,750,1.0,3
7455,vgg19,939,1.0,15
7456,vgg19,350,0.9884623593775808,15
7457,resnet50,550,1.0,6
7458,resnet34,939,1.0,6
7459,resnet18,750,1.0,2
7460,efficientnetb0,939,1.0,3
7461,resnet34,939,1.0,6
7462,resnet50,350,1.0,6
7463,densenet161,939,0.9380901386244868,8
7464,resnet34,550,0.6271701708292037,6
7465,efficientnetb0,550,1.0,3
7466,resnet34,350,0.6392378211717704,6
7467,densenet161,750,0.5067219862360387,5
7468,densenet161,750,0.7754817419817108,6
7469,vgg16,939,1.0,13
7470,efficientnetb0,550,1.0,3
7471,efficientnetb0,350,1.0,3
7472,densenet161,939,0.2831929044634787,5
7473,resnet50,350,1.0,6
7474,vgg16,750,0.8760175184574507,11
7475,efficientnetb1,939,1.0,3
7476,vgg19,550,1.0,15
7477,resnet50,550,1.0,6
7478,vgg19,550,1.0,15
7479,resnet34,750,0.6733833829902832,6
7480,efficientnetb1,939,1.0,3
7481,resnet50,350,1.0,6
7482,resnet50,550,1.0,6
7483,densenet161,350,0.472733213293796,5
7484,efficientnetb0,939,1.0,3
7485,resnet18,750,1.0,2
7486,efficientnetb1,750,1.0,3
7487,efficientnetb0,750,0.6483214388113725,4
7488,vgg19,750,0.9936879963126718,15
7489,densenet161,350,0.472733213293796,5
7490,efficientnetb1,939,1.0,3
7491,efficientnetb1,750,1.0,3
7492,efficientnetb1,350,1.0,3
7493,resnet50,550,1.0,6
7494,vgg16,350,0.9150494503700808,13
7495,densenet161,350,0.0213386295855335,3
7496,efficientnetb1,939,1.0,3
7497,resnet50,350,1.0,6
7498,resnet50,939,1.0,6
7499,resnet34,939,1.0,6
7500,vgg16,550,0.9461219284703368,13
7501,efficientnetb0,750,1.0,3
7502,vgg16,550,0.9461219284703368,13
7503,efficientnetb1,350,1.0,3
7504,efficientnetb1,350,1.0,3
7505,efficientnetb0,939,1.0,3
7506,efficientnetb1,939,1.0,3
7507,densenet161,939,0.2831929044634787,5
7508,densenet161,550,1.0,7
7509,efficientnetb0,939,1.0,3
7510,efficientnetb1,350,1.0,3
7511,resnet34,750,0.6733833829902832,6
7512,densenet161,350,0.9422217589427628,7
7513,efficientnetb1,550,1.0,3
7514,vgg16,350,0.9150494503700808,13
7515,resnet50,750,0.8540914514899219,6
7516,resnet18,939,1.0,2
7517,resnet34,750,0.6733833829902832,6
7518,efficientnetb0,350,1.0,3
7519,vgg16,350,0.9150494503700808,13
7520,vgg19,550,1.0,15
7521,resnet50,350,1.0,6
7522,resnet34,550,0.6271701708292037,6
7523,vgg16,550,0.9461219284703368,13
7524,vgg16,750,0.9989474447948092,13
7525,vgg16,750,0.9989474447948092,13
7526,efficientnetb0,550,1.0,3
7527,resnet18,750,1.0,2
7528,resnet50,939,1.0,6
7529,efficientnetb1,350,1.0,3
7530,vgg19,350,0.9884623593775808,15
7531,densenet161,350,0.7705044620574577,6
7532,vgg19,550,1.0,15
7533,efficientnetb0,350,1.0,3
7534,densenet161,550,0.5735576563250782,5
7535,efficientnetb0,939,1.0,3
7536,efficientnetb1,939,1.0,3
7537,resnet34,350,0.6392378211717704,6
7538,vgg16,750,0.9989474447948092,13
7539,resnet18,350,0.9463184463728672,2
7540,resnet34,550,0.6271701708292037,6
7541,resnet50,350,1.0,6
7542,resnet18,750,1.0,2
7543,resnet34,350,0.5163674653124631,5
7544,densenet161,350,0.472733213293796,5
7545,resnet50,750,0.8540914514899219,6
7546,resnet50,939,1.0,6
7547,vgg16,939,1.0,13
7548,resnet34,939,1.0,6
7549,efficientnetb0,350,1.0,3
7550,resnet50,550,1.0,6
7551,densenet161,550,0.5735576563250782,5
7552,resnet50,939,1.0,6
7553,efficientnetb0,350,1.0,3
7554,vgg19,550,0.93432282209291,16
7555,resnet18,550,1.0,2
7556,vgg19,750,0.9936879963126718,15
7557,resnet18,750,1.0,2
7558,efficientnetb1,550,1.0,3
7559,efficientnetb0,350,1.0,3
7560,vgg16,350,0.9150494503700808,13
7561,densenet161,550,0.5735576563250782,5
7562,efficientnetb0,550,1.0,3
7563,resnet18,939,1.0,2
7564,vgg19,939,1.0,15
7565,densenet161,350,0.472733213293796,5
7566,resnet18,550,1.0,2
7567,vgg19,939,0.9938700985656802,16
7568,efficientnetb1,939,1.0,3
7569,vgg16,939,0.0,2
7570,resnet34,550,0.6271701708292037,6
7571,resnet18,350,0.9463184463728672,2
7572,resnet18,939,1.0,2
7573,vgg19,350,0.9884623593775808,15
7574,resnet50,750,0.8540914514899219,6
7575,efficientnetb1,939,1.0,3
7576,vgg19,750,0.9936879963126718,15
7577,vgg19,550,1.0,15
7578,resnet18,750,1.0,2
7579,resnet18,550,1.0,2
7580,vgg16,750,0.9989474447948092,13
7581,resnet50,550,1.0,6
7582,vgg16,939,1.0,13
7583,densenet161,939,0.0018556587877228,3
7584,resnet18,550,1.0,2
7585,densenet161,350,0.7705044620574577,6
7586,vgg19,550,1.0,15
7587,vgg19,350,0.4995659680915179,8
7588,efficientnetb1,750,1.0,3
7589,efficientnetb0,550,1.0,3
7590,resnet18,939,1.0,2
7591,resnet50,550,1.0,6
7592,efficientnetb1,750,1.0,3
7593,densenet161,550,0.5735576563250782,5
7594,efficientnetb1,750,1.0,3
7595,efficientnetb1,550,1.0,3
7596,vgg16,750,0.9989474447948092,13
7597,densenet161,939,0.2831929044634787,5
7598,efficientnetb0,550,1.0,3
7599,densenet161,550,0.5735576563250782,5
7600,vgg19,939,1.0,15
7601,efficientnetb1,550,0.5223117533457641,5
7602,resnet50,350,1.0,6
7603,efficientnetb1,350,1.0,3
7604,efficientnetb0,350,1.0,3
7605,efficientnetb0,939,1.0,3
7606,vgg16,750,0.9989474447948092,13
7607,resnet34,550,0.6271701708292037,6
7608,vgg19,750,0.9936879963126718,15
7609,efficientnetb0,750,1.0,3
7610,densenet161,939,0.8028649279588222,7
7611,resnet50,750,0.8540914514899219,6
7612,resnet34,550,0.6271701708292037,6
7613,efficientnetb1,750,1.0,3
7614,densenet161,750,1.0,7
7615,vgg16,350,0.9150494503700808,13
7616,resnet34,350,0.6392378211717704,6
7617,resnet34,939,1.0,6
7618,vgg16,550,0.9461219284703368,13
7619,resnet34,939,0.8120702549228033,7
7620,resnet18,350,0.9463184463728672,2
7621,resnet50,350,1.0,6
7622,efficientnetb1,550,1.0,3
7623,resnet50,350,1.0,6
7624,efficientnetb0,350,1.0,3
7625,vgg16,750,0.9989474447948092,13
7626,vgg16,350,0.9150494503700808,13
7627,vgg16,750,0.9989474447948092,13
7628,efficientnetb1,350,1.0,3
7629,vgg19,939,1.0,15
7630,densenet161,350,0.472733213293796,5
7631,resnet50,750,0.8540914514899219,6
7632,densenet161,550,0.5735576563250782,5
7633,resnet34,350,0.6392378211717704,6
7634,resnet50,350,1.0,6
7635,vgg19,939,1.0,15
7636,resnet50,939,1.0,6
7637,vgg19,939,1.0,15
7638,resnet34,939,1.0,6
7639,densenet161,750,0.5067219862360387,5
7640,resnet50,939,1.0,6
7641,efficientnetb1,350,1.0,3
7642,densenet161,350,0.0213386295855335,3
7643,densenet161,939,0.0018556587877228,3
7644,efficientnetb1,939,1.0,3
7645,resnet34,550,0.6271701708292037,6
7646,vgg16,350,0.9150494503700808,13
7647,resnet18,350,0.9463184463728672,2
7648,resnet34,550,0.6271701708292037,6
7649,vgg16,350,0.9150494503700808,13
7650,densenet161,939,1.0,6
7651,resnet34,550,0.8215653788441881,7
7652,vgg19,550,1.0,15
7653,vgg19,350,0.9884623593775808,15
7654,efficientnetb0,750,1.0,3
7655,resnet34,350,0.6392378211717704,6
7656,efficientnetb1,550,1.0,3
7657,vgg19,750,0.9936879963126718,15
7658,resnet50,350,1.0,6
7659,resnet50,550,1.0,6
7660,densenet161,350,0.7705044620574577,6
7661,resnet50,550,1.0,6
7662,efficientnetb0,550,1.0,3
7663,efficientnetb1,550,1.0,3
7664,efficientnetb1,750,1.0,3
7665,vgg16,550,0.9461219284703368,13
7666,resnet50,750,0.8540914514899219,6
7667,vgg19,550,1.0,15
7668,resnet34,939,1.0,6
7669,efficientnetb1,350,1.0,3
7670,resnet34,750,0.6733833829902832,6
7671,resnet18,350,0.9463184463728672,2
7672,resnet34,550,0.6271701708292037,6
7673,efficientnetb0,939,1.0,3
7674,resnet34,350,0.6392378211717704,6
7675,resnet18,550,1.0,2
7676,resnet50,750,0.8540914514899219,6
7677,resnet34,750,0.6733833829902832,6
7678,resnet50,939,0.8017819857800019,7
7679,vgg19,750,0.9936879963126718,15
7680,efficientnetb0,939,1.0,3
7681,resnet50,750,0.692684175445151,7
7682,efficientnetb0,939,1.0,3
7683,resnet18,350,0.9463184463728672,2
7684,resnet34,939,0.8120702549228033,7
7685,resnet18,750,1.0,2
7686,efficientnetb0,939,1.0,3
7687,resnet18,350,0.9463184463728672,2
7688,vgg16,350,0.9150494503700808,13
7689,vgg19,550,0.93432282209291,16
7690,efficientnetb1,550,1.0,3
7691,efficientnetb1,750,1.0,3
7692,efficientnetb1,750,1.0,3
7693,vgg16,550,0.9461219284703368,13
7694,resnet34,939,1.0,6
7695,resnet50,350,0.8169515861153699,7
7696,efficientnetb0,939,1.0,3
7697,densenet161,550,0.8307012363387156,6
7698,densenet161,750,1.0,7
7699,densenet161,550,0.084152532251803,12
7700,efficientnetb0,939,0.0,1
7701,efficientnetb0,350,1.0,3
7702,vgg16,939,1.0,13
7703,efficientnetb1,750,1.0,3
7704,vgg16,350,0.9150494503700808,13
7705,efficientnetb1,550,1.0,3
7706,densenet161,750,0.5067219862360387,5
7707,efficientnetb0,939,1.0,3
7708,resnet50,750,0.8540914514899219,6
7709,efficientnetb1,550,1.0,3
7710,vgg19,750,0.9936879963126718,15
7711,resnet34,939,1.0,6
7712,vgg16,550,0.9461219284703368,13
7713,efficientnetb1,350,1.0,3
7714,resnet50,750,0.8540914514899219,6
7715,vgg16,550,0.9461219284703368,13
7716,resnet18,350,0.9463184463728672,2
7717,efficientnetb1,350,1.0,3
7718,resnet50,550,1.0,6
7719,resnet34,350,0.6392378211717704,6
7720,vgg19,939,1.0,15
7721,vgg19,550,1.0,15
7722,resnet34,750,0.6733833829902832,6
7723,efficientnetb0,550,1.0,3
7724,resnet50,750,0.8540914514899219,6
7725,efficientnetb1,550,1.0,3
7726,efficientnetb1,750,1.0,3
7727,resnet34,750,0.7880649919244954,7
7728,resnet50,550,1.0,6
7729,resnet34,350,0.6392378211717704,6
7730,efficientnetb0,939,1.0,3
7731,resnet50,350,1.0,6
7732,efficientnetb1,939,1.0,3
7733,efficientnetb1,750,1.0,3
7734,densenet161,939,0.8028649279588222,7
7735,densenet161,350,1.0,8
7736,efficientnetb1,750,1.0,3
7737,efficientnetb1,939,1.0,3
7738,resnet50,350,0.8169515861153699,7
7739,densenet161,939,0.0018556587877228,3
7740,resnet34,550,0.8215653788441881,7
7741,resnet18,939,1.0,2
7742,vgg19,939,1.0,15
7743,densenet161,939,0.2831929044634787,5
7744,resnet18,550,1.0,2
7745,efficientnetb0,750,1.0,3
7746,resnet50,550,1.0,6
7747,resnet34,939,1.0,6
7748,vgg19,350,0.9884623593775808,15
7749,resnet18,750,1.0,2
7750,resnet18,750,1.0,2
7751,resnet18,750,1.0,2
7752,resnet34,550,0.8215653788441881,7
7753,vgg16,750,0.9989474447948092,13
7754,efficientnetb1,750,1.0,3
7755,vgg16,350,0.9150494503700808,13
7756,vgg19,350,0.9884623593775808,15
7757,densenet161,750,0.0408796516625536,12
7758,resnet34,350,0.6392378211717704,6
7759,resnet34,750,0.6733833829902832,6
7760,efficientnetb1,939,1.0,3
7761,resnet18,750,1.0,2
7762,efficientnetb1,350,1.0,3
7763,densenet161,350,0.0213386295855335,3
7764,vgg19,550,0.1248786103205342,4
7765,vgg19,750,0.9936879963126718,15
7766,resnet34,750,0.6733833829902832,6
7767,resnet50,350,1.0,6
7768,resnet50,350,1.0,6
7769,efficientnetb1,350,1.0,3
7770,resnet34,550,0.6271701708292037,6
7771,resnet50,350,1.0,6
7772,efficientnetb1,939,1.0,3
7773,resnet18,939,1.0,2
7774,vgg16,750,0.9989474447948092,13
7775,resnet18,350,0.9463184463728672,2
7776,resnet18,750,1.0,2
7777,densenet161,350,0.7705044620574577,6
7778,efficientnetb1,939,1.0,3
7779,resnet34,350,0.6392378211717704,6
7780,vgg19,350,0.9884623593775808,15
7781,resnet50,350,1.0,6
7782,efficientnetb1,350,1.0,3
7783,resnet34,350,0.6392378211717704,6
7784,efficientnetb0,550,1.0,3
7785,densenet161,939,0.2831929044634787,5
7786,efficientnetb0,350,1.0,3
7787,vgg19,750,0.9936879963126718,15
7788,resnet34,939,1.0,6
7789,resnet34,350,0.5163674653124631,5
7790,resnet34,750,0.6733833829902832,6
7791,efficientnetb1,550,1.0,3
7792,resnet50,350,1.0,6
7793,efficientnetb0,939,1.0,3
7794,vgg19,750,0.9936879963126718,15
7795,resnet18,939,1.0,2
7796,efficientnetb1,550,1.0,3
7797,efficientnetb0,939,1.0,3
7798,vgg16,939,1.0,13
7799,vgg19,939,1.0,15
7800,densenet161,939,0.2831929044634787,5
7801,efficientnetb1,350,1.0,3
7802,resnet34,350,0.6392378211717704,6
7803,densenet161,939,0.2831929044634787,5
7804,resnet50,750,0.8540914514899219,6
7805,resnet34,350,0.6392378211717704,6
7806,efficientnetb1,350,1.0,3
7807,vgg19,750,0.9936879963126718,15
7808,resnet50,350,0.8830285561177872,5
7809,efficientnetb1,350,1.0,3
7810,vgg19,550,0.7412152580816892,11
7811,vgg19,550,1.0,15
7812,vgg16,550,0.9461219284703368,13
7813,resnet34,750,0.6733833829902832,6
7814,resnet18,939,1.0,2
7815,resnet18,750,1.0,2
7816,vgg16,939,1.0,13
7817,vgg19,350,0.9884623593775808,15
7818,vgg19,939,1.0,15
7819,resnet50,350,1.0,6
7820,efficientnetb0,350,1.0,3
7821,resnet34,550,0.5238774014052308,5
7822,densenet161,350,0.472733213293796,5
7823,densenet161,750,0.0355493113357071,3
7824,resnet34,939,0.8527581774225047,5
7825,vgg16,750,0.9989474447948092,13
7826,vgg16,750,1.0,14
7827,efficientnetb1,750,1.0,3
7828,efficientnetb1,350,1.0,3
7829,resnet34,939,0.8527581774225047,5
7830,resnet50,939,1.0,6
7831,resnet34,750,0.4742055237385399,5
7832,resnet18,550,1.0,2
7833,densenet161,550,0.5735576563250782,5
7834,vgg19,350,0.9884623593775808,15
7835,resnet18,939,1.0,2
7836,efficientnetb0,350,1.0,3
7837,efficientnetb1,939,1.0,3
7838,densenet161,939,1.0,6
7839,resnet18,939,1.0,2
7840,resnet18,939,1.0,2
7841,efficientnetb1,350,1.0,3
7842,efficientnetb0,750,1.0,3
7843,densenet161,750,0.5067219862360387,5
7844,resnet50,350,0.8169515861153699,7
7845,vgg19,350,0.9884623593775808,15
7846,resnet50,550,1.0,6
7847,densenet161,939,0.0018556587877228,3
7848,vgg19,939,1.0,15
7849,resnet18,750,0.9425112246169725,3
7850,efficientnetb0,550,1.0,3
7851,densenet161,350,0.472733213293796,5
7852,resnet18,750,1.0,2
7853,efficientnetb1,750,1.0,3
7854,resnet50,350,1.0,6
7855,resnet34,750,0.6733833829902832,6
7856,resnet34,750,0.6733833829902832,6
7857,efficientnetb0,350,1.0,3
7858,efficientnetb1,939,0.7039994792384792,4
7859,vgg19,939,1.0,15
7860,densenet161,939,0.2831929044634787,5
7861,resnet18,750,1.0,2
7862,densenet161,350,0.7705044620574577,6
7863,efficientnetb1,939,1.0,3
7864,resnet50,750,0.8540914514899219,6
7865,resnet34,939,1.0,6
7866,efficientnetb1,939,1.0,3
7867,efficientnetb0,750,1.0,3
7868,efficientnetb0,939,1.0,3
7869,resnet18,939,1.0,2
7870,densenet161,350,0.7705044620574577,6
7871,vgg19,939,1.0,15
7872,resnet34,550,0.6271701708292037,6
7873,efficientnetb0,350,1.0,3
7874,vgg16,350,0.9150494503700808,13
7875,efficientnetb1,750,1.0,3
7876,resnet18,350,0.9463184463728672,2
7877,densenet161,550,0.8307012363387156,6
7878,resnet34,750,0.6733833829902832,6
7879,efficientnetb0,939,1.0,3
7880,vgg16,350,0.9150494503700808,13
7881,resnet50,750,0.8540914514899219,6
7882,vgg19,750,0.9936879963126718,15
7883,efficientnetb1,550,1.0,3
7884,vgg16,350,0.9150494503700808,13
7885,resnet34,939,1.0,6
7886,vgg19,750,0.9936879963126718,15
7887,resnet50,939,1.0,6
7888,resnet18,550,1.0,2
7889,resnet50,350,0.8169515861153699,7
7890,resnet50,550,1.0,6
7891,vgg19,550,1.0,15
7892,resnet50,750,0.8540914514899219,6
7893,efficientnetb1,939,1.0,3
7894,vgg16,350,0.9150494503700808,13
7895,resnet18,350,0.9463184463728672,2
7896,resnet18,550,1.0,2
7897,resnet34,750,0.7880649919244954,7
7898,resnet50,550,1.0,6
7899,resnet34,750,0.6733833829902832,6
7900,resnet18,550,1.0,2
7901,vgg19,750,0.9636492577949504,13
7902,efficientnetb0,939,1.0,3
7903,vgg19,750,0.9936879963126718,15
7904,efficientnetb0,750,1.0,3
7905,vgg16,939,1.0,13
7906,vgg16,939,1.0,13
7907,resnet50,750,0.8540914514899219,6
7908,efficientnetb0,750,1.0,3
7909,efficientnetb1,750,1.0,3
7910,vgg16,939,1.0,13
7911,densenet161,939,0.2831929044634787,5
7912,efficientnetb0,939,1.0,3
7913,densenet161,750,0.5067219862360387,5
7914,efficientnetb0,550,1.0,3
7915,densenet161,350,0.7705044620574577,6
7916,efficientnetb0,350,1.0,3
7917,densenet161,350,0.7705044620574577,6
7918,densenet161,350,0.7705044620574577,6
7919,densenet161,550,0.9908784030365078,8
7920,vgg19,350,0.9884623593775808,15
7921,densenet161,750,0.5067219862360387,5
7922,efficientnetb0,550,1.0,3
7923,resnet18,939,1.0,2
7924,vgg19,350,0.9884623593775808,15
7925,resnet18,550,1.0,2
7926,densenet161,550,0.5735576563250782,5
7927,resnet34,939,0.8120702549228033,7
7928,vgg16,550,0.9461219284703368,13
7929,efficientnetb1,939,1.0,3
7930,vgg16,350,0.9150494503700808,13
7931,vgg16,750,0.9989474447948092,13
7932,efficientnetb1,550,1.0,3
7933,densenet161,939,0.2831929044634787,5
7934,resnet50,550,1.0,6
7935,vgg19,750,0.9936879963126718,15
7936,vgg19,939,1.0,15
7937,efficientnetb1,939,1.0,3
7938,efficientnetb1,550,1.0,3
7939,resnet34,550,0.6271701708292037,6
7940,vgg16,750,0.9989474447948092,13
7941,efficientnetb0,939,1.0,3
7942,resnet50,939,1.0,6
7943,efficientnetb1,550,1.0,3
7944,efficientnetb1,750,1.0,3
7945,resnet18,939,1.0,2
7946,resnet50,939,1.0,6
7947,resnet50,550,1.0,6
7948,vgg19,550,1.0,15
7949,vgg19,750,0.9936879963126718,15
7950,vgg16,750,0.9989474447948092,13
7951,efficientnetb0,350,1.0,3
7952,efficientnetb0,939,1.0,3
7953,densenet161,939,0.2831929044634787,5
7954,efficientnetb1,750,1.0,3
7955,efficientnetb0,350,1.0,3
7956,vgg16,350,0.9150494503700808,13
7957,efficientnetb1,939,1.0,3
7958,densenet161,750,0.5067219862360387,5
7959,efficientnetb1,750,0.7228690296773087,4
7960,efficientnetb0,750,1.0,3
7961,efficientnetb1,350,0.7181138626700144,4
7962,densenet161,939,1.0,6
7963,densenet161,350,0.472733213293796,5
7964,densenet161,750,0.5067219862360387,5
7965,resnet50,939,1.0,6
7966,resnet18,350,0.9463184463728672,2
7967,efficientnetb0,350,1.0,3
7968,vgg16,750,0.9989474447948092,13
7969,densenet161,939,0.8028649279588222,7
7970,efficientnetb1,350,0.7181138626700144,4
7971,resnet50,350,0.8169515861153699,7
7972,densenet161,750,1.0,7
7973,resnet50,550,1.0,6
7974,densenet161,550,0.5735576563250782,5
7975,resnet18,750,1.0,2
7976,efficientnetb1,750,1.0,3
7977,efficientnetb1,939,1.0,3
7978,efficientnetb0,550,0.290069122860228,2
7979,densenet161,750,0.5067219862360387,5
7980,vgg16,750,0.9989474447948092,13
7981,vgg16,750,0.9989474447948092,13
7982,resnet34,350,0.6392378211717704,6
7983,resnet18,550,1.0,2
7984,densenet161,750,1.0,7
7985,densenet161,350,0.472733213293796,5
7986,vgg16,750,0.9989474447948092,13
7987,densenet161,939,0.2831929044634787,5
7988,densenet161,750,0.5067219862360387,5
7989,vgg16,350,0.9150494503700808,13
7990,efficientnetb1,350,0.7181138626700144,4
7991,efficientnetb0,550,1.0,3
7992,vgg19,350,0.9884623593775808,15
7993,resnet34,550,0.6271701708292037,6
7994,vgg16,750,0.9989474447948092,13
7995,vgg19,350,0.9884623593775808,15
7996,resnet18,350,0.9463184463728672,2
7997,efficientnetb0,939,1.0,3
7998,resnet34,939,0.8120702549228033,7
7999,efficientnetb1,350,1.0,3
8000,efficientnetb0,550,1.0,3
8001,densenet161,550,0.5735576563250782,5
8002,vgg19,350,0.9884623593775808,15
8003,efficientnetb0,939,1.0,3
8004,resnet34,939,0.8527581774225047,5
8005,resnet50,350,1.0,6
8006,resnet34,939,1.0,6
8007,resnet18,550,1.0,2
8008,resnet18,939,1.0,2
8009,vgg19,550,1.0,15
8010,resnet18,750,1.0,2
8011,efficientnetb0,939,1.0,3
8012,resnet50,350,1.0,6
8013,vgg19,550,1.0,15
8014,efficientnetb0,350,1.0,3
8015,efficientnetb1,350,1.0,3
8016,efficientnetb0,939,1.0,3
8017,vgg16,550,0.9461219284703368,13
8018,densenet161,350,0.472733213293796,5
8019,efficientnetb1,350,1.0,3
8020,efficientnetb1,750,1.0,3
8021,efficientnetb0,350,1.0,3
8022,efficientnetb0,750,1.0,3
8023,resnet34,750,0.4742055237385399,5
8024,efficientnetb1,350,0.7181138626700144,4
8025,resnet50,939,1.0,6
8026,resnet34,350,0.6392378211717704,6
8027,vgg19,750,1.0,16
8028,efficientnetb1,350,1.0,3
8029,efficientnetb0,350,1.0,3
8030,densenet161,939,0.9380901386244868,8
8031,resnet34,350,0.6392378211717704,6
8032,vgg19,939,1.0,15
8033,resnet50,750,0.692684175445151,7
8034,efficientnetb1,350,1.0,3
8035,resnet34,939,1.0,6
8036,resnet18,939,1.0,2
8037,vgg19,939,1.0,15
8038,efficientnetb1,350,1.0,3
8039,efficientnetb0,750,1.0,3
8040,resnet34,350,0.6392378211717704,6
8041,resnet50,550,0.8215124558966982,7
8042,resnet50,350,1.0,6
8043,resnet34,550,0.6271701708292037,6
8044,resnet18,939,1.0,2
8045,vgg19,350,0.9884623593775808,15
8046,resnet50,750,0.8540914514899219,6
8047,efficientnetb1,750,1.0,3
8048,resnet50,350,1.0,6
8049,vgg16,550,0.9461219284703368,13
8050,resnet34,550,0.6271701708292037,6
8051,vgg19,350,0.9884623593775808,15
8052,efficientnetb1,350,1.0,3
8053,vgg16,939,1.0,13
8054,resnet34,550,0.6271701708292037,6
8055,vgg19,750,0.9936879963126718,15
8056,resnet18,750,1.0,2
8057,resnet18,750,1.0,2
8058,vgg19,939,1.0,15
8059,densenet161,350,0.472733213293796,5
8060,resnet18,350,0.9463184463728672,2
8061,resnet34,939,1.0,6
8062,resnet34,939,1.0,6
8063,vgg19,750,0.9936879963126718,15
8064,resnet18,939,1.0,2
8065,efficientnetb0,550,1.0,3
8066,densenet161,350,0.472733213293796,5
8067,resnet34,939,0.8120702549228033,7
8068,resnet50,350,1.0,6
8069,resnet18,550,1.0,2
8070,densenet161,550,1.0,7
8071,efficientnetb1,350,1.0,3
8072,vgg16,939,1.0,13
8073,vgg16,550,0.9461219284703368,13
8074,efficientnetb0,750,1.0,3
8075,efficientnetb1,550,1.0,3
8076,resnet18,750,1.0,2
8077,resnet50,750,0.8540914514899219,6
8078,efficientnetb1,550,1.0,3
8079,resnet34,750,0.6733833829902832,6
8080,resnet50,750,0.8540914514899219,6
8081,vgg16,350,0.4955592672941035,5
8082,densenet161,939,0.0018556587877228,3
8083,vgg19,750,0.9936879963126718,15
8084,vgg19,550,1.0,15
8085,efficientnetb0,750,1.0,3
8086,efficientnetb0,939,1.0,3
8087,vgg16,939,1.0,13
8088,densenet161,750,0.7754817419817108,6
8089,densenet161,750,0.5067219862360387,5
8090,densenet161,939,1.0,6
8091,densenet161,350,0.472733213293796,5
8092,resnet50,750,0.8540914514899219,6
8093,efficientnetb1,750,1.0,3
8094,resnet50,350,1.0,6
8095,resnet34,550,0.6271701708292037,6
8096,vgg19,350,0.9884623593775808,15
8097,resnet18,750,1.0,2
8098,vgg19,550,1.0,15
8099,efficientnetb1,350,1.0,3
8100,efficientnetb0,750,1.0,3
8101,vgg16,550,0.9461219284703368,13
8102,resnet50,550,1.0,6
8103,vgg19,350,0.9884623593775808,15
8104,vgg19,939,1.0,15
8105,resnet34,350,0.1157963719048598,1
8106,densenet161,939,1.0,6
8107,resnet34,350,0.6392378211717704,6
8108,resnet34,939,1.0,6
8109,resnet34,750,0.7880649919244954,7
8110,resnet34,750,0.6733833829902832,6
8111,efficientnetb1,750,1.0,3
8112,vgg19,939,1.0,15
8113,efficientnetb1,350,1.0,3
8114,resnet34,550,0.6271701708292037,6
8115,vgg16,550,0.9461219284703368,13
8116,resnet50,939,1.0,6
8117,vgg19,550,1.0,15
8118,resnet34,939,0.8120702549228033,7
8119,vgg16,939,1.0,13
8120,vgg19,750,0.9936879963126718,15
8121,vgg19,750,0.7555996769548718,17
8122,resnet34,750,0.6733833829902832,6
8123,efficientnetb0,350,1.0,3
8124,resnet34,350,0.6392378211717704,6
8125,resnet18,939,1.0,2
8126,vgg16,750,0.9989474447948092,13
8127,vgg16,750,0.9989474447948092,13
8128,resnet50,550,1.0,6
8129,vgg19,550,1.0,15
8130,efficientnetb1,750,1.0,3
8131,efficientnetb0,550,1.0,3
8132,vgg19,350,0.9884623593775808,15
8133,densenet161,750,0.0355493113357071,3
8134,vgg16,939,0.8568556422949929,11
8135,resnet18,550,1.0,2
8136,densenet161,350,0.472733213293796,5
8137,efficientnetb0,750,1.0,3
8138,efficientnetb1,350,1.0,3
8139,densenet161,939,0.2831929044634787,5
8140,efficientnetb1,550,1.0,3
8141,efficientnetb1,550,1.0,3
8142,densenet161,750,0.7754817419817108,6
8143,resnet50,750,0.8540914514899219,6
8144,vgg19,550,1.0,15
8145,efficientnetb0,750,1.0,3
8146,vgg16,939,1.0,13
8147,resnet50,550,1.0,6
8148,efficientnetb1,550,1.0,3
8149,efficientnetb1,939,1.0,3
8150,efficientnetb1,550,1.0,3
8151,vgg19,939,1.0,15
8152,resnet34,939,0.8527581774225047,5
8153,efficientnetb0,939,1.0,3
8154,resnet34,939,1.0,6
8155,efficientnetb0,550,1.0,3
8156,vgg16,750,0.9989474447948092,13
8157,vgg16,350,0.6122688308267832,9
8158,vgg19,939,1.0,15
8159,vgg16,939,1.0,13
8160,densenet161,939,0.0018556587877228,3
8161,efficientnetb1,750,1.0,3
8162,vgg16,750,0.8760175184574507,11
8163,resnet18,750,1.0,2
8164,resnet34,350,0.6392378211717704,6
8165,efficientnetb0,939,1.0,3
8166,resnet34,350,0.6392378211717704,6
8167,resnet34,750,0.6733833829902832,6
8168,resnet34,350,0.6392378211717704,6
8169,resnet34,939,1.0,6
8170,resnet18,350,0.9463184463728672,2
8171,resnet34,939,0.8527581774225047,5
8172,resnet50,350,1.0,6
8173,densenet161,939,0.9380901386244868,8
8174,vgg16,350,0.9150494503700808,13
8175,resnet18,939,1.0,2
8176,resnet50,750,0.8540914514899219,6
8177,resnet34,939,0.8527581774225047,5
8178,resnet50,550,1.0,6
8179,densenet161,939,0.2831929044634787,5
8180,vgg19,939,1.0,15
8181,vgg16,939,1.0,13
8182,vgg19,750,0.9936879963126718,15
8183,resnet18,939,1.0,2
8184,efficientnetb1,550,1.0,3
8185,resnet34,939,1.0,6
8186,efficientnetb0,750,1.0,3
8187,vgg19,350,0.9884623593775808,15
8188,resnet18,750,1.0,2
8189,vgg19,350,1.0,16
8190,efficientnetb0,750,1.0,3
8191,resnet18,939,1.0,2
8192,efficientnetb0,939,1.0,3
8193,vgg16,550,0.9461219284703368,13
8194,vgg16,750,0.9989474447948092,13
8195,resnet50,939,1.0,6
8196,efficientnetb1,939,0.7039994792384792,4
8197,efficientnetb0,939,1.0,3
8198,efficientnetb0,350,1.0,3
8199,resnet50,750,0.8540914514899219,6
8200,vgg19,550,0.93432282209291,16
8201,densenet161,750,0.0355493113357071,3
8202,resnet50,939,0.8017819857800019,7
8203,resnet18,350,0.9463184463728672,2
8204,resnet50,550,1.0,6
8205,vgg19,350,1.0,16
8206,efficientnetb0,939,0.6801221238861833,4
8207,resnet34,939,1.0,6
8208,vgg19,939,0.9938700985656802,16
8209,efficientnetb1,550,1.0,3
8210,efficientnetb0,350,1.0,3
8211,resnet18,939,1.0,2
8212,efficientnetb0,750,1.0,3
8213,efficientnetb0,750,1.0,3
8214,efficientnetb1,750,1.0,3
8215,resnet50,939,1.0,6
8216,resnet18,550,1.0,2
8217,vgg16,939,0.8548072768189431,12
8218,efficientnetb0,750,1.0,3
8219,resnet34,550,0.6271701708292037,6
8220,efficientnetb0,939,1.0,3
8221,resnet34,939,1.0,6
8222,resnet18,750,1.0,2
8223,resnet34,750,0.6733833829902832,6
8224,densenet161,939,0.8028649279588222,7
8225,vgg19,350,0.9884623593775808,15
8226,vgg16,939,1.0,13
8227,vgg19,550,1.0,15
8228,resnet34,550,0.6271701708292037,6
8229,vgg19,939,1.0,15
8230,densenet161,939,0.0018556587877228,3
8231,efficientnetb1,350,1.0,3
8232,resnet34,939,1.0,6
8233,resnet34,350,0.5163674653124631,5
8234,resnet18,550,1.0,2
8235,densenet161,350,0.0213386295855335,3
8236,vgg16,550,0.9461219284703368,13
8237,efficientnetb1,939,1.0,3
8238,resnet50,939,1.0,6
8239,efficientnetb1,550,1.0,3
8240,resnet18,550,1.0,2
8241,densenet161,550,0.9908784030365078,8
8242,resnet18,939,1.0,2
8243,efficientnetb0,550,1.0,3
8244,resnet34,350,0.6392378211717704,6
8245,vgg16,750,0.9989474447948092,13
8246,resnet50,750,0.8540914514899219,6
8247,vgg16,550,0.9461219284703368,13
8248,densenet161,750,0.7754817419817108,6
8249,efficientnetb1,750,0.7228690296773087,4
8250,resnet18,550,1.0,2
8251,vgg19,750,0.9936879963126718,15
8252,vgg16,550,0.9461219284703368,13
8253,vgg16,550,0.9461219284703368,13
8254,vgg19,939,1.0,15
8255,vgg16,750,0.9989474447948092,13
8256,vgg19,939,1.0,15
8257,efficientnetb1,939,1.0,3
8258,efficientnetb1,350,1.0,3
8259,vgg16,750,0.9989474447948092,13
8260,efficientnetb1,550,1.0,3
8261,vgg16,750,1.0,14
8262,efficientnetb0,750,1.0,3
8263,resnet50,350,1.0,6
8264,efficientnetb0,350,1.0,3
8265,resnet18,750,1.0,2
8266,vgg16,939,1.0,13
8267,efficientnetb0,550,1.0,3
8268,resnet34,550,0.4132006712758983,4
8269,efficientnetb1,350,1.0,3
8270,vgg16,939,1.0,13
8271,resnet18,750,1.0,2
8272,resnet34,750,0.6733833829902832,6
8273,vgg19,750,0.9936879963126718,15
8274,vgg16,350,0.9150494503700808,13
8275,resnet34,939,1.0,6
8276,resnet34,750,0.4742055237385399,5
8277,efficientnetb1,939,1.0,3
8278,resnet18,939,1.0,2
8279,densenet161,939,0.2831929044634787,5
8280,vgg19,750,0.9936879963126718,15
8281,efficientnetb1,939,1.0,3
8282,resnet18,939,1.0,2
8283,resnet50,750,0.8540914514899219,6
8284,resnet34,550,0.4132006712758983,4
8285,efficientnetb1,350,0.0,1
8286,resnet34,939,1.0,6
8287,resnet18,750,1.0,2
8288,vgg19,750,0.9936879963126718,15
8289,efficientnetb1,939,1.0,3
8290,resnet18,350,0.9463184463728672,2
8291,efficientnetb0,939,1.0,3
8292,vgg16,550,0.9461219284703368,13
8293,vgg16,550,0.9461219284703368,13
8294,vgg19,550,1.0,15
8295,resnet34,939,0.8527581774225047,5
8296,resnet18,550,1.0,2
8297,resnet18,550,1.0,2
8298,vgg19,939,1.0,15
8299,resnet34,550,0.5238774014052308,5
8300,resnet34,350,0.7118597986318302,7
8301,resnet50,939,1.0,6
8302,vgg16,750,0.9989474447948092,13
8303,resnet18,550,1.0,2
8304,resnet34,939,1.0,6
8305,densenet161,350,0.9422217589427628,7
8306,efficientnetb0,939,1.0,3
8307,resnet18,350,0.9463184463728672,2
8308,resnet18,350,0.9463184463728672,2
8309,resnet18,750,1.0,2
8310,vgg16,550,0.9461219284703368,13
8311,densenet161,350,0.472733213293796,5
8312,vgg16,550,0.9461219284703368,13
8313,vgg16,750,0.9989474447948092,13
8314,efficientnetb1,939,1.0,3
8315,resnet34,550,0.6271701708292037,6
8316,resnet34,550,0.5238774014052308,5
8317,resnet50,750,0.8540914514899219,6
8318,efficientnetb0,750,1.0,3
8319,resnet34,750,0.6733833829902832,6
8320,resnet50,350,1.0,6
8321,resnet18,350,0.9463184463728672,2
8322,vgg19,550,1.0,15
8323,resnet34,939,1.0,6
8324,resnet34,550,0.6271701708292037,6
8325,resnet34,550,0.5238774014052308,5
8326,resnet34,350,0.6392378211717704,6
8327,resnet34,550,0.6271701708292037,6
8328,efficientnetb1,550,1.0,3
8329,densenet161,939,0.0018556587877228,3
8330,vgg19,550,0.93432282209291,16
8331,resnet34,550,0.6271701708292037,6
8332,vgg19,350,1.0,16
8333,resnet50,350,1.0,6
8334,resnet18,550,1.0,2
8335,densenet161,939,0.0018556587877228,3
8336,resnet50,350,1.0,6
8337,resnet34,750,0.7880649919244954,7
8338,densenet161,750,0.5067219862360387,5
8339,vgg19,350,0.9884623593775808,15
8340,efficientnetb1,550,1.0,3
8341,vgg19,750,1.0,16
8342,resnet18,550,1.0,2
8343,efficientnetb1,350,1.0,3
8344,efficientnetb0,350,1.0,3
8345,resnet18,939,1.0,2
8346,efficientnetb1,350,1.0,3
8347,efficientnetb1,350,1.0,3
8348,resnet18,939,1.0,2
8349,resnet50,750,0.8540914514899219,6
8350,densenet161,350,0.9422217589427628,7
8351,densenet161,750,0.5067219862360387,5
8352,efficientnetb1,939,1.0,3
8353,resnet18,750,1.0,2
8354,resnet18,939,0.9772814215247084,3
8355,resnet34,750,0.6733833829902832,6
8356,densenet161,939,0.2831929044634787,5
8357,resnet50,350,0.8169515861153699,7
8358,resnet34,350,0.7118597986318302,7
8359,resnet50,350,1.0,6
8360,resnet18,350,0.9463184463728672,2
8361,resnet34,350,0.7118597986318302,7
8362,resnet18,939,1.0,2
8363,resnet50,550,1.0,6
8364,resnet18,350,0.9463184463728672,2
8365,densenet161,750,0.7754817419817108,6
8366,resnet50,350,0.8169515861153699,7
8367,vgg16,939,1.0,13
8368,efficientnetb1,750,1.0,3
8369,resnet34,550,0.6271701708292037,6
8370,resnet34,350,0.7118597986318302,7
8371,densenet161,350,0.7705044620574577,6
8372,vgg16,350,0.9150494503700808,13
8373,efficientnetb1,750,1.0,3
8374,efficientnetb0,350,0.7221681243288518,4
8375,efficientnetb0,550,1.0,3
8376,resnet34,939,1.0,6
8377,resnet50,939,0.8017819857800019,7
8378,efficientnetb0,350,1.0,3
8379,efficientnetb1,350,1.0,3
8380,resnet18,550,1.0,2
8381,resnet50,750,0.8540914514899219,6
8382,vgg19,550,1.0,15
8383,resnet50,350,1.0,6
8384,densenet161,550,0.5735576563250782,5
8385,resnet18,550,1.0,2
8386,efficientnetb0,550,1.0,3
8387,resnet34,350,0.6392378211717704,6
8388,resnet18,939,0.9772814215247084,3
8389,vgg19,350,0.9884623593775808,15
8390,efficientnetb1,750,1.0,3
8391,efficientnetb0,939,1.0,3
8392,vgg16,939,1.0,13
8393,resnet34,750,0.6733833829902832,6
8394,resnet34,939,0.8120702549228033,7
8395,vgg16,939,1.0,13
8396,vgg19,350,0.9884623593775808,15
8397,resnet50,550,1.0,6
8398,efficientnetb0,350,1.0,3
8399,resnet18,750,1.0,2
8400,vgg16,939,1.0,13
8401,vgg16,350,0.9150494503700808,13
8402,efficientnetb1,350,1.0,3
8403,resnet34,350,0.6392378211717704,6
8404,efficientnetb0,750,1.0,3
8405,resnet34,550,0.6271701708292037,6
8406,densenet161,750,0.5067219862360387,5
8407,vgg16,939,1.0,13
8408,efficientnetb0,939,1.0,3
8409,resnet50,350,1.0,6
8410,efficientnetb0,350,1.0,3
8411,resnet18,939,1.0,2
8412,vgg19,939,0.7512707723562208,18
8413,resnet34,939,0.8120702549228033,7
8414,densenet161,350,1.0,8
8415,resnet50,350,1.0,6
8416,efficientnetb0,939,1.0,3
8417,efficientnetb0,550,1.0,3
8418,resnet18,350,0.9463184463728672,2
8419,densenet161,350,0.9422217589427628,7
8420,densenet161,750,0.5067219862360387,5
8421,resnet18,750,1.0,2
8422,resnet18,750,1.0,2
8423,vgg19,939,1.0,15
8424,efficientnetb1,939,1.0,3
8425,resnet18,750,1.0,2
8426,resnet50,550,1.0,6
8427,vgg16,939,1.0,13
8428,vgg16,939,1.0,13
8429,vgg16,550,0.941205716630206,14
8430,efficientnetb1,550,1.0,3
8431,efficientnetb0,750,1.0,3
8432,resnet18,750,1.0,2
8433,efficientnetb1,550,1.0,3
8434,vgg16,350,0.6122688308267832,9
8435,resnet34,550,0.6271701708292037,6
8436,resnet50,350,1.0,6
8437,resnet50,939,1.0,6
8438,resnet34,350,0.6392378211717704,6
8439,vgg19,939,1.0,15
8440,efficientnetb0,750,1.0,3
8441,efficientnetb1,350,1.0,3
8442,efficientnetb0,550,1.0,3
8443,vgg16,550,0.9461219284703368,13
8444,resnet50,350,1.0,6
8445,efficientnetb0,750,1.0,3
8446,vgg19,750,0.9936879963126718,15
8447,resnet50,350,1.0,6
8448,vgg19,939,1.0,15
8449,efficientnetb0,939,1.0,3
8450,resnet50,350,1.0,6
8451,resnet18,750,1.0,2
8452,densenet161,750,0.7754817419817108,6
8453,resnet34,350,0.6392378211717704,6
8454,resnet50,939,1.0,6
8455,densenet161,350,1.0,8
8456,efficientnetb0,350,1.0,3
8457,densenet161,350,0.0213386295855335,3
8458,efficientnetb0,350,1.0,3
8459,resnet34,550,0.6271701708292037,6
8460,resnet18,750,1.0,2
8461,resnet50,550,1.0,6
8462,efficientnetb0,350,1.0,3
8463,densenet161,939,0.2831929044634787,5
8464,densenet161,750,1.0,7
8465,resnet18,939,1.0,2
8466,efficientnetb1,939,1.0,3
8467,efficientnetb1,350,1.0,3
8468,resnet18,750,1.0,2
8469,vgg16,350,0.9150494503700808,13
8470,resnet50,939,1.0,6
8471,efficientnetb1,750,1.0,3
8472,resnet18,350,0.9463184463728672,2
8473,vgg16,750,0.9989474447948092,13
8474,efficientnetb1,550,1.0,3
8475,vgg16,550,0.9461219284703368,13
8476,vgg19,350,0.9884623593775808,15
8477,efficientnetb0,550,1.0,3
8478,resnet18,350,0.9463184463728672,2
8479,resnet18,550,1.0,2
8480,resnet18,750,1.0,2
8481,vgg16,939,1.0,13
8482,resnet18,550,1.0,2
8483,densenet161,750,0.5067219862360387,5
8484,resnet18,550,1.0,2
8485,efficientnetb1,350,1.0,3
8486,resnet18,750,1.0,2
8487,efficientnetb0,350,1.0,3
8488,resnet34,550,0.6271701708292037,6
8489,vgg16,939,1.0,13
8490,resnet50,939,1.0,6
8491,resnet34,350,0.6392378211717704,6
8492,resnet50,750,0.098265786808133,1
8493,resnet18,350,0.9463184463728672,2
8494,vgg19,550,1.0,15
8495,efficientnetb0,350,1.0,3
8496,efficientnetb1,750,1.0,3
8497,densenet161,939,0.2831929044634787,5
8498,efficientnetb1,939,1.0,3
8499,resnet34,350,0.6392378211717704,6
8500,resnet34,350,0.6392378211717704,6
8501,resnet50,550,1.0,6
8502,efficientnetb1,750,1.0,3
8503,densenet161,939,0.0018556587877228,3
8504,vgg16,550,0.9461219284703368,13
8505,densenet161,750,0.5067219862360387,5
8506,vgg19,750,0.9936879963126718,15
8507,efficientnetb1,750,1.0,3
8508,vgg16,750,0.9989474447948092,13
8509,resnet18,550,1.0,2
8510,densenet161,350,0.9422217589427628,7
8511,resnet34,939,1.0,6
8512,resnet18,750,1.0,2
8513,efficientnetb1,750,1.0,3
8514,vgg19,750,0.9936879963126718,15
8515,resnet50,750,0.8540914514899219,6
8516,efficientnetb0,550,1.0,3
8517,resnet50,350,1.0,6
8518,efficientnetb0,750,1.0,3
8519,resnet50,750,0.8540914514899219,6
8520,efficientnetb1,350,1.0,3
8521,resnet50,939,1.0,6
8522,densenet161,750,0.0355493113357071,3
8523,vgg16,550,0.941205716630206,14
8524,resnet18,939,1.0,2
8525,resnet18,750,1.0,2
8526,resnet18,750,1.0,2
8527,vgg16,939,1.0,13
8528,vgg19,550,1.0,15
8529,vgg19,750,0.9936879963126718,15
8530,efficientnetb0,550,1.0,3
8531,resnet50,750,0.8540914514899219,6
8532,efficientnetb0,350,1.0,3
8533,vgg19,550,1.0,15
8534,vgg16,350,0.9150494503700808,13
8535,densenet161,939,1.0,6
8536,vgg16,939,1.0,13
8537,vgg16,750,0.9989474447948092,13
8538,vgg19,750,0.9936879963126718,15
8539,densenet161,750,0.0355493113357071,3
8540,resnet34,350,0.6392378211717704,6
8541,resnet50,350,0.6807257591827157,8
8542,resnet34,550,0.6271701708292037,6
8543,efficientnetb0,939,1.0,3
8544,resnet34,939,1.0,6
8545,efficientnetb1,939,1.0,3
8546,densenet161,750,0.0355493113357071,3
8547,resnet34,350,0.6392378211717704,6
8548,densenet161,550,0.2084375640861151,9
8549,resnet18,939,1.0,2
8550,resnet18,750,1.0,2
8551,vgg19,939,1.0,15
8552,densenet161,350,0.472733213293796,5
8553,resnet18,550,1.0,2
8554,resnet34,550,0.6271701708292037,6
8555,resnet34,750,0.6733833829902832,6
8556,vgg19,550,1.0,15
8557,densenet161,750,0.0355493113357071,3
8558,efficientnetb0,750,1.0,3
8559,resnet50,939,1.0,6
8560,efficientnetb1,939,1.0,3
8561,densenet161,939,1.0,6
8562,efficientnetb0,350,1.0,3
8563,resnet34,750,0.6733833829902832,6
8564,resnet34,750,0.6733833829902832,6
8565,efficientnetb1,939,1.0,3
8566,resnet50,350,1.0,6
8567,densenet161,350,0.472733213293796,5
8568,densenet161,350,0.472733213293796,5
8569,resnet34,939,1.0,6
8570,efficientnetb0,750,1.0,3
8571,vgg16,750,0.9989474447948092,13
8572,resnet34,350,0.6392378211717704,6
8573,resnet34,550,0.6271701708292037,6
8574,efficientnetb0,550,1.0,3
8575,resnet34,350,0.6392378211717704,6
8576,resnet50,550,1.0,6
8577,resnet18,350,0.9463184463728672,2
8578,efficientnetb0,939,1.0,3
8579,resnet50,750,0.8540914514899219,6
8580,vgg16,750,0.9989474447948092,13
8581,densenet161,750,0.5067219862360387,5
8582,efficientnetb0,750,1.0,3
8583,efficientnetb0,939,1.0,3
8584,efficientnetb0,750,0.6483214388113725,4
8585,resnet18,939,1.0,2
8586,resnet34,550,0.6271701708292037,6
8587,vgg16,350,0.9150494503700808,13
8588,densenet161,939,0.9380901386244868,8
8589,resnet34,350,0.6392378211717704,6
8590,vgg19,550,1.0,15
8591,efficientnetb0,750,1.0,3
8592,efficientnetb1,550,1.0,3
8593,vgg16,939,1.0,13
8594,densenet161,350,0.472733213293796,5
8595,resnet34,939,1.0,6
8596,vgg16,550,0.9461219284703368,13
8597,resnet50,350,1.0,6
8598,resnet18,939,1.0,2
8599,densenet161,939,0.9380901386244868,8
8600,resnet34,550,0.6271701708292037,6
8601,resnet50,939,1.0,6
8602,vgg16,939,1.0,13
8603,efficientnetb1,750,1.0,3
8604,densenet161,550,0.8307012363387156,6
8605,resnet18,750,1.0,2
8606,resnet34,939,0.8120702549228033,7
8607,vgg16,939,1.0,13
8608,efficientnetb1,750,1.0,3
8609,efficientnetb1,350,1.0,3
8610,densenet161,939,0.8028649279588222,7
8611,efficientnetb0,750,1.0,3
8612,resnet18,750,1.0,2
8613,vgg19,550,1.0,15
8614,efficientnetb1,350,1.0,3
8615,resnet50,750,0.8540914514899219,6
8616,resnet50,350,1.0,6
8617,efficientnetb1,750,1.0,3
8618,resnet34,350,0.7118597986318302,7
8619,efficientnetb1,750,1.0,3
8620,densenet161,350,0.7705044620574577,6
8621,vgg19,550,1.0,15
8622,vgg16,550,0.9461219284703368,13
8623,densenet161,350,0.2110700120789124,9
8624,resnet34,350,0.6392378211717704,6
8625,vgg16,939,1.0,13
8626,vgg16,750,0.9989474447948092,13
8627,vgg16,350,0.9150494503700808,13
8628,resnet34,750,0.6733833829902832,6
8629,resnet18,750,1.0,2
8630,resnet18,350,0.9463184463728672,2
8631,resnet34,550,0.6271701708292037,6
8632,efficientnetb0,750,1.0,3
8633,resnet50,939,1.0,6
8634,vgg16,550,0.9461219284703368,13
8635,resnet50,350,1.0,6
8636,densenet161,939,0.2831929044634787,5
8637,efficientnetb0,550,1.0,3
8638,densenet161,350,0.7705044620574577,6
8639,resnet34,550,0.8215653788441881,7
8640,vgg16,939,1.0,13
8641,efficientnetb0,939,1.0,3
8642,resnet18,939,1.0,2
8643,resnet50,750,0.8540914514899219,6
8644,resnet18,750,1.0,2
8645,resnet34,939,1.0,6
8646,efficientnetb0,939,1.0,3
8647,densenet161,750,0.5067219862360387,5
8648,vgg19,550,1.0,15
8649,vgg16,550,0.9461219284703368,13
8650,resnet34,939,1.0,6
8651,resnet18,350,0.9463184463728672,2
8652,vgg16,750,1.0,14
8653,vgg16,550,0.9461219284703368,13
8654,resnet34,750,0.6733833829902832,6
8655,resnet18,939,1.0,2
8656,efficientnetb1,939,1.0,3
8657,resnet34,939,0.8120702549228033,7
8658,resnet34,350,0.6392378211717704,6
8659,efficientnetb0,939,1.0,3
8660,efficientnetb0,350,1.0,3
8661,vgg19,939,1.0,15
8662,efficientnetb1,939,1.0,3
8663,efficientnetb1,750,1.0,3
8664,resnet34,550,0.6271701708292037,6
8665,resnet34,350,0.7118597986318302,7
8666,resnet34,350,0.6392378211717704,6
8667,vgg16,750,0.9989474447948092,13
8668,efficientnetb0,350,1.0,3
8669,resnet18,750,1.0,2
8670,densenet161,939,0.2831929044634787,5
8671,densenet161,939,1.0,6
8672,resnet34,750,0.7880649919244954,7
8673,vgg19,750,1.0,16
8674,efficientnetb1,550,1.0,3
8675,efficientnetb0,550,1.0,3
8676,resnet18,550,1.0,2
8677,densenet161,939,0.2831929044634787,5
8678,resnet50,750,0.8540914514899219,6
8679,densenet161,939,0.0018556587877228,3
8680,resnet34,939,1.0,6
8681,vgg19,350,0.9884623593775808,15
8682,densenet161,350,0.0213386295855335,3
8683,resnet50,550,1.0,6
8684,efficientnetb0,939,1.0,3
8685,efficientnetb1,350,1.0,3
8686,efficientnetb1,750,1.0,3
8687,resnet50,550,1.0,6
8688,resnet18,350,0.9463184463728672,2
8689,efficientnetb1,750,1.0,3
8690,densenet161,550,0.5735576563250782,5
8691,efficientnetb1,939,1.0,3
8692,resnet18,939,1.0,2
8693,resnet50,350,1.0,6
8694,efficientnetb0,939,1.0,3
8695,vgg19,750,0.9936879963126718,15
8696,vgg16,550,0.9461219284703368,13
8697,resnet50,550,1.0,6
8698,vgg19,750,0.9936879963126718,15
8699,densenet161,750,0.5067219862360387,5
8700,efficientnetb0,550,1.0,3
8701,efficientnetb0,750,1.0,3
8702,resnet18,550,1.0,2
8703,vgg16,939,1.0,13
8704,densenet161,550,0.5735576563250782,5
8705,densenet161,550,0.9908784030365078,8
8706,vgg16,350,0.9150494503700808,13
8707,vgg19,350,0.9884623593775808,15
8708,vgg16,939,1.0,13
8709,resnet34,750,0.6733833829902832,6
8710,resnet50,350,0.8169515861153699,7
8711,densenet161,750,1.0,7
8712,resnet18,750,1.0,2
8713,resnet50,750,0.8540914514899219,6
8714,resnet18,350,0.9463184463728672,2
8715,efficientnetb0,550,1.0,3
8716,resnet34,939,1.0,6
8717,densenet161,350,0.2110700120789124,9
8718,resnet18,550,1.0,2
8719,resnet18,550,1.0,2
8720,resnet34,350,0.7118597986318302,7
8721,vgg19,550,1.0,15
8722,vgg16,550,0.9461219284703368,13
8723,vgg16,350,0.9150494503700808,13
8724,resnet50,550,0.8215124558966982,7
8725,vgg16,550,0.9461219284703368,13
8726,resnet50,350,1.0,6
8727,vgg19,939,1.0,15
8728,resnet18,939,1.0,2
8729,densenet161,939,0.9380901386244868,8
8730,resnet34,550,0.8215653788441881,7
8731,resnet50,550,1.0,6
8732,efficientnetb1,350,1.0,3
8733,resnet34,350,0.6392378211717704,6
8734,resnet34,550,0.8215653788441881,7
8735,vgg16,939,1.0,13
8736,resnet34,350,0.6392378211717704,6
8737,resnet18,350,0.9463184463728672,2
8738,efficientnetb0,750,1.0,3
8739,resnet50,550,1.0,6
8740,resnet50,750,0.8540914514899219,6
8741,vgg16,750,0.9989474447948092,13
8742,vgg19,750,0.9936879963126718,15
8743,densenet161,550,0.5735576563250782,5
8744,resnet34,550,0.6271701708292037,6
8745,vgg19,750,0.9936879963126718,15
8746,resnet18,550,1.0,2
8747,efficientnetb1,350,1.0,3
8748,vgg16,550,0.9461219284703368,13
8749,densenet161,550,0.5735576563250782,5
8750,resnet18,350,0.9463184463728672,2
8751,resnet18,350,0.9463184463728672,2
8752,efficientnetb0,750,1.0,3
8753,resnet18,750,1.0,2
8754,vgg19,939,1.0,15
8755,vgg16,939,1.0,13
8756,vgg16,550,0.4337023661646058,6
8757,efficientnetb0,350,1.0,3
8758,efficientnetb0,350,1.0,3
8759,resnet50,750,0.8540914514899219,6
8760,resnet50,350,1.0,6
8761,efficientnetb1,939,1.0,3
8762,vgg16,550,0.9461219284703368,13
8763,densenet161,750,1.0,7
8764,vgg19,550,1.0,15
8765,resnet50,939,0.8017819857800019,7
8766,resnet50,939,1.0,6
8767,vgg19,350,0.9884623593775808,15
8768,resnet50,350,1.0,6
8769,resnet50,550,1.0,6
8770,resnet50,750,0.8540914514899219,6
8771,resnet34,939,0.8120702549228033,7
8772,vgg16,750,0.9989474447948092,13
8773,resnet34,350,0.7118597986318302,7
8774,efficientnetb0,939,1.0,3
8775,efficientnetb1,550,1.0,3
8776,resnet50,750,0.8540914514899219,6
8777,resnet18,939,1.0,2
8778,efficientnetb1,550,1.0,3
8779,efficientnetb0,550,0.7484594574197447,4
8780,efficientnetb0,550,1.0,3
8781,efficientnetb0,750,1.0,3
8782,densenet161,750,0.5067219862360387,5
8783,resnet18,939,1.0,2
8784,efficientnetb0,350,1.0,3
8785,resnet50,939,1.0,6
8786,vgg19,550,1.0,15
8787,efficientnetb1,350,0.2323535341648464,2
8788,vgg19,750,0.9936879963126718,15
8789,densenet161,750,0.1955210426922513,9
8790,resnet50,350,1.0,6
8791,resnet34,750,0.4742055237385399,5
8792,densenet161,550,0.2084375640861151,9
8793,resnet50,939,1.0,6
8794,efficientnetb0,750,1.0,3
8795,resnet50,350,1.0,6
8796,resnet34,550,0.6271701708292037,6
8797,resnet50,550,1.0,6
8798,resnet50,350,1.0,6
8799,resnet34,350,1.0,8
8800,vgg16,750,0.9989474447948092,13
8801,efficientnetb1,350,1.0,3
8802,densenet161,550,0.8307012363387156,6
8803,densenet161,550,0.0210735879951949,3
8804,resnet34,750,0.6733833829902832,6
8805,vgg16,939,1.0,13
8806,vgg19,350,0.9884623593775808,15
8807,efficientnetb1,939,1.0,3
8808,efficientnetb1,939,1.0,3
8809,vgg16,750,0.9989474447948092,13
8810,resnet34,750,0.6733833829902832,6
8811,vgg16,550,0.9461219284703368,13
8812,vgg16,750,0.9989474447948092,13
8813,resnet34,550,0.8215653788441881,7
8814,vgg16,350,0.9150494503700808,13
8815,efficientnetb0,750,1.0,3
8816,vgg19,550,1.0,15
8817,resnet34,550,0.6271701708292037,6
8818,efficientnetb1,939,1.0,3
8819,densenet161,350,0.7705044620574577,6
8820,vgg16,350,0.9150494503700808,13
8821,vgg16,550,0.9461219284703368,13
8822,densenet161,550,0.5735576563250782,5
8823,densenet161,550,0.8307012363387156,6
8824,resnet18,350,0.9463184463728672,2
8825,efficientnetb1,550,1.0,3
8826,resnet50,350,1.0,6
8827,densenet161,939,0.3296837125189169,9
8828,vgg16,550,0.9461219284703368,13
8829,resnet34,350,0.6392378211717704,6
8830,resnet18,750,1.0,2
8831,vgg16,550,0.9461219284703368,13
8832,efficientnetb0,350,1.0,3
8833,resnet50,550,1.0,6
8834,efficientnetb1,750,1.0,3
8835,resnet34,939,1.0,6
8836,resnet34,939,1.0,6
8837,efficientnetb1,750,0.7228690296773087,4
8838,efficientnetb1,939,1.0,3
8839,vgg16,939,1.0,13
8840,resnet18,550,1.0,2
8841,efficientnetb1,750,1.0,3
8842,resnet50,350,1.0,6
8843,efficientnetb0,750,1.0,3
8844,vgg16,350,0.9150494503700808,13
8845,vgg19,939,1.0,15
8846,resnet34,350,0.1157963719048598,1
8847,efficientnetb0,550,1.0,3
8848,efficientnetb1,939,1.0,3
8849,efficientnetb0,939,1.0,3
8850,resnet18,350,0.9463184463728672,2
8851,resnet50,350,0.8169515861153699,7
8852,efficientnetb0,750,1.0,3
8853,vgg19,550,1.0,15
8854,resnet18,550,1.0,2
8855,vgg19,939,1.0,15
8856,efficientnetb0,939,1.0,3
8857,vgg16,550,0.9461219284703368,13
8858,densenet161,750,1.0,7
8859,efficientnetb1,939,1.0,3
8860,resnet18,750,1.0,2
8861,resnet34,939,1.0,6
8862,vgg19,350,1.0,16
8863,vgg19,750,0.9936879963126718,15
8864,vgg19,550,1.0,15
8865,resnet18,550,1.0,2
8866,efficientnetb0,350,1.0,3
8867,vgg19,939,0.9938700985656802,16
8868,vgg16,550,0.9461219284703368,13
8869,efficientnetb0,750,1.0,3
8870,densenet161,939,1.0,6
8871,densenet161,550,0.9908784030365078,8
8872,efficientnetb1,350,1.0,3
8873,vgg16,750,0.9989474447948092,13
8874,resnet34,350,0.5163674653124631,5
8875,resnet34,550,0.8215653788441881,7
8876,vgg16,550,0.9461219284703368,13
8877,resnet18,750,1.0,2
8878,efficientnetb0,350,1.0,3
8879,efficientnetb1,550,1.0,3
8880,resnet34,350,0.6392378211717704,6
8881,resnet18,750,1.0,2
8882,vgg16,350,0.9150494503700808,13
8883,resnet34,550,0.6271701708292037,6
8884,resnet50,550,1.0,6
8885,resnet50,350,1.0,6
8886,efficientnetb0,939,1.0,3
8887,resnet34,350,0.7118597986318302,7
8888,densenet161,750,0.7754817419817108,6
8889,resnet18,750,1.0,2
8890,resnet18,939,1.0,2
8891,vgg16,350,0.9150494503700808,13
8892,densenet161,939,0.2831929044634787,5
8893,resnet50,750,0.692684175445151,7
8894,resnet34,550,0.8215653788441881,7
8895,densenet161,939,1.0,6
8896,densenet161,350,0.472733213293796,5
8897,efficientnetb0,750,1.0,3
8898,vgg16,350,0.9150494503700808,13
8899,vgg19,550,1.0,15
8900,resnet18,550,0.5341577662577371,1
8901,resnet18,550,1.0,2
8902,vgg16,939,1.0,13
8903,vgg16,350,0.9277415950475124,14
8904,resnet50,939,1.0,6
8905,resnet18,939,1.0,2
8906,efficientnetb1,939,1.0,3
8907,vgg19,750,0.9936879963126718,15
8908,vgg19,550,1.0,15
8909,efficientnetb1,750,1.0,3
8910,vgg16,750,0.9989474447948092,13
8911,densenet161,550,0.8307012363387156,6
8912,resnet34,939,0.8120702549228033,7
8913,densenet161,550,0.8307012363387156,6
8914,efficientnetb1,550,1.0,3
8915,resnet34,350,0.6392378211717704,6
8916,efficientnetb0,550,1.0,3
8917,efficientnetb1,939,1.0,3
8918,densenet161,750,0.7754817419817108,6
8919,resnet34,750,0.7880649919244954,7
8920,vgg16,750,0.9989474447948092,13
8921,vgg19,550,1.0,15
8922,densenet161,350,0.2110700120789124,9
8923,vgg19,750,0.9936879963126718,15
8924,resnet50,750,0.8540914514899219,6
8925,efficientnetb0,550,1.0,3
8926,densenet161,550,0.8307012363387156,6
8927,resnet34,750,0.7880649919244954,7
8928,vgg19,750,0.9936879963126718,15
8929,resnet18,350,0.9463184463728672,2
8930,efficientnetb1,350,1.0,3
8931,vgg16,550,0.9461219284703368,13
8932,resnet50,939,1.0,6
8933,vgg16,350,0.9150494503700808,13
8934,efficientnetb1,550,1.0,3
8935,resnet50,750,0.8540914514899219,6
8936,resnet50,350,1.0,6
8937,resnet50,750,0.8540914514899219,6
8938,vgg19,550,1.0,15
8939,resnet50,550,1.0,6
8940,vgg16,550,0.9461219284703368,13
8941,densenet161,939,0.2831929044634787,5
8942,vgg19,939,1.0,15
8943,vgg19,550,1.0,15
8944,resnet34,550,0.8215653788441881,7
8945,resnet50,939,1.0,6
8946,vgg19,350,0.9884623593775808,15
8947,densenet161,550,0.5735576563250782,5
8948,efficientnetb1,939,1.0,3
8949,efficientnetb0,939,1.0,3
8950,vgg19,550,1.0,15
8951,resnet34,550,0.8215653788441881,7
8952,vgg19,750,0.9936879963126718,15
8953,resnet18,750,1.0,2
8954,resnet34,750,0.7880649919244954,7
8955,efficientnetb0,750,1.0,3
8956,efficientnetb1,750,1.0,3
8957,vgg19,550,1.0,15
8958,resnet18,350,0.9463184463728672,2
8959,resnet34,750,0.7880649919244954,7
8960,vgg19,350,0.9884623593775808,15
8961,vgg16,939,1.0,13
8962,resnet50,350,1.0,6
8963,densenet161,350,0.472733213293796,5
8964,densenet161,939,0.2831929044634787,5
8965,resnet50,939,1.0,6
8966,resnet50,350,1.0,6
8967,resnet50,750,0.8540914514899219,6
8968,densenet161,350,0.2110700120789124,9
8969,efficientnetb0,750,0.6483214388113725,4
8970,vgg19,939,1.0,15
8971,densenet161,350,1.0,8
8972,resnet34,939,0.7020867334437453,8
8973,efficientnetb1,750,1.0,3
8974,vgg16,750,0.9989474447948092,13
8975,efficientnetb1,550,1.0,3
8976,efficientnetb0,750,1.0,3
8977,efficientnetb0,750,0.6483214388113725,4
8978,vgg19,750,0.9936879963126718,15
8979,densenet161,939,0.2611850784190904,12
8980,resnet50,750,0.8540914514899219,6
8981,vgg19,939,1.0,15
8982,densenet161,550,1.0,7
8983,resnet34,750,0.7880649919244954,7
8984,efficientnetb0,939,1.0,3
8985,resnet18,350,0.9463184463728672,2
8986,vgg19,350,0.9884623593775808,15
8987,resnet18,750,1.0,2
8988,vgg16,550,0.9461219284703368,13
8989,resnet34,750,0.6733833829902832,6
8990,resnet50,350,1.0,6
8991,resnet18,350,0.9463184463728672,2
8992,efficientnetb1,939,1.0,3
8993,resnet34,550,0.8215653788441881,7
8994,efficientnetb1,750,1.0,3
8995,vgg16,550,0.9461219284703368,13
8996,resnet18,350,0.9463184463728672,2
8997,efficientnetb0,750,1.0,3
8998,efficientnetb0,550,1.0,3
8999,efficientnetb0,750,1.0,3
9000,resnet34,939,0.8120702549228033,7
9001,vgg19,750,0.9936879963126718,15
9002,vgg16,750,0.9989474447948092,13
9003,resnet18,750,1.0,2
9004,efficientnetb0,750,1.0,3
9005,resnet34,939,0.8120702549228033,7
9006,resnet34,550,0.8215653788441881,7
9007,resnet18,750,1.0,2
9008,densenet161,550,0.8307012363387156,6
9009,efficientnetb1,550,1.0,3
9010,vgg16,750,0.9989474447948092,13
9011,resnet50,550,1.0,6
9012,resnet50,550,1.0,6
9013,resnet50,550,1.0,6
9014,vgg16,750,0.9989474447948092,13
9015,resnet34,350,0.6392378211717704,6
9016,efficientnetb1,939,1.0,3
9017,resnet34,350,0.6392378211717704,6
9018,resnet18,939,1.0,2
9019,vgg16,350,0.9150494503700808,13
9020,resnet18,750,1.0,2
9021,resnet50,350,1.0,6
9022,efficientnetb1,939,1.0,3
9023,efficientnetb1,550,1.0,3
9024,resnet50,939,1.0,6
9025,vgg16,550,0.9461219284703368,13
9026,resnet50,550,1.0,6
9027,vgg19,939,0.9938700985656802,16
9028,vgg16,350,0.9150494503700808,13
9029,efficientnetb1,750,0.7228690296773087,4
9030,resnet50,350,1.0,6
9031,resnet34,750,0.4742055237385399,5
9032,vgg19,939,0.4817677379651593,9
9033,resnet50,750,0.8540914514899219,6
9034,resnet50,939,1.0,6
9035,resnet18,939,1.0,2
9036,efficientnetb0,350,1.0,3
9037,vgg19,939,1.0,15
9038,resnet50,550,1.0,6
9039,vgg19,750,0.9936879963126718,15
9040,efficientnetb0,350,1.0,3
9041,vgg19,939,1.0,15
9042,efficientnetb0,550,1.0,3
9043,efficientnetb1,750,1.0,3
9044,resnet34,750,0.6733833829902832,6
9045,vgg16,550,0.9461219284703368,13
9046,vgg19,750,0.9936879963126718,15
9047,vgg16,939,1.0,13
9048,efficientnetb1,750,1.0,3
9049,efficientnetb0,939,1.0,3
9050,resnet18,939,1.0,2
9051,efficientnetb0,550,1.0,3
9052,vgg16,750,0.9989474447948092,13
9053,vgg16,750,0.9989474447948092,13
9054,vgg19,939,1.0,15
9055,vgg19,350,0.9884623593775808,15
9056,efficientnetb1,350,1.0,3
9057,resnet50,750,0.8540914514899219,6
9058,densenet161,350,0.472733213293796,5
9059,resnet50,550,1.0,6
9060,efficientnetb1,350,1.0,3
9061,efficientnetb1,550,1.0,3
9062,efficientnetb0,350,1.0,3
9063,resnet50,550,1.0,6
9064,resnet50,939,1.0,6
9065,resnet34,550,0.6271701708292037,6
9066,vgg16,550,0.9461219284703368,13
9067,vgg16,350,0.9150494503700808,13
9068,efficientnetb1,550,1.0,3
9069,vgg16,350,0.9150494503700808,13
9070,vgg16,939,1.0,13
9071,resnet18,750,1.0,2
9072,vgg19,350,0.9884623593775808,15
9073,efficientnetb1,350,1.0,3
9074,vgg19,550,1.0,15
9075,resnet50,550,1.0,6
9076,efficientnetb0,350,1.0,3
9077,efficientnetb1,939,1.0,3
9078,vgg16,350,0.968053827189964,11
9079,vgg16,550,0.941205716630206,14
9080,resnet34,350,0.6392378211717704,6
9081,resnet50,939,1.0,6
9082,resnet34,350,0.6392378211717704,6
9083,efficientnetb1,350,1.0,3
9084,efficientnetb0,350,1.0,3
9085,resnet50,550,1.0,6
9086,vgg19,350,0.9884623593775808,15
9087,efficientnetb0,939,1.0,3
9088,vgg16,550,0.9461219284703368,13
9089,efficientnetb0,939,1.0,3
9090,resnet34,350,0.7118597986318302,7
9091,resnet50,750,0.8540914514899219,6
9092,resnet50,939,1.0,6
9093,vgg16,939,1.0,13
9094,vgg16,939,1.0,13
9095,densenet161,550,0.5735576563250782,5
9096,efficientnetb1,350,1.0,3
9097,efficientnetb1,350,1.0,3
9098,resnet50,550,1.0,6
9099,resnet34,939,0.8120702549228033,7
9100,efficientnetb1,550,1.0,3
9101,resnet50,350,1.0,6
9102,resnet50,939,1.0,6
9103,resnet50,350,1.0,6
9104,resnet50,750,0.8540914514899219,6
9105,resnet18,550,1.0,2
9106,efficientnetb0,350,1.0,3
9107,efficientnetb0,350,1.0,3
9108,vgg19,939,1.0,15
9109,vgg16,750,0.9989474447948092,13
9110,resnet34,750,0.7880649919244954,7
9111,vgg16,350,0.9150494503700808,13
9112,efficientnetb1,350,1.0,3
9113,resnet18,939,1.0,2
9114,resnet18,750,1.0,2
9115,resnet18,939,1.0,2
9116,efficientnetb0,939,1.0,3
9117,densenet161,550,0.8307012363387156,6
9118,densenet161,550,0.5735576563250782,5
9119,resnet34,550,0.6271701708292037,6
9120,efficientnetb1,939,1.0,3
9121,vgg19,939,1.0,15
9122,densenet161,550,0.084152532251803,12
9123,efficientnetb0,750,1.0,3
9124,resnet50,939,1.0,6
9125,efficientnetb0,939,1.0,3
9126,resnet50,750,0.8540914514899219,6
9127,densenet161,550,0.5735576563250782,5
9128,efficientnetb1,350,1.0,3
9129,vgg16,939,0.4187967673445678,7
9130,vgg16,939,1.0,13
9131,resnet50,350,1.0,6
9132,densenet161,350,0.9422217589427628,7
9133,vgg19,550,1.0,15
9134,resnet34,939,1.0,6
9135,resnet34,939,0.8120702549228033,7
9136,resnet34,750,0.7880649919244954,7
9137,densenet161,550,0.8307012363387156,6
9138,resnet50,939,0.8017819857800019,7
9139,resnet18,939,1.0,2
9140,vgg19,939,1.0,15
9141,efficientnetb1,550,1.0,3
9142,vgg19,939,1.0,15
9143,efficientnetb0,350,1.0,3
9144,resnet50,939,1.0,6
9145,resnet50,750,0.8540914514899219,6
9146,densenet161,939,1.0,6
9147,vgg16,939,1.0,13
9148,resnet18,550,1.0,2
9149,resnet18,550,1.0,2
9150,resnet18,350,0.9463184463728672,2
9151,efficientnetb1,350,1.0,3
9152,efficientnetb1,550,1.0,3
9153,efficientnetb1,750,1.0,3
9154,vgg16,550,0.9461219284703368,13
9155,vgg19,350,0.9884623593775808,15
9156,resnet50,350,1.0,6
9157,densenet161,550,0.5735576563250782,5
9158,vgg19,939,1.0,15
9159,efficientnetb1,350,1.0,3
9160,efficientnetb1,550,1.0,3
9161,vgg16,550,0.9461219284703368,13
9162,resnet50,939,1.0,6
9163,resnet50,939,1.0,6
9164,resnet34,550,0.8215653788441881,7
9165,vgg19,939,1.0,15
9166,resnet34,939,0.8120702549228033,7
9167,densenet161,939,0.8028649279588222,7
9168,resnet18,550,1.0,2
9169,vgg19,750,0.9936879963126718,15
9170,efficientnetb0,350,1.0,3
9171,resnet50,750,0.8540914514899219,6
9172,vgg19,550,1.0,15
9173,efficientnetb0,939,1.0,3
9174,vgg19,550,1.0,15
9175,vgg16,939,1.0,13
9176,resnet18,750,1.0,2
9177,vgg19,350,0.9884623593775808,15
9178,densenet161,939,1.0,6
9179,densenet161,350,1.0,8
9180,resnet18,750,1.0,2
9181,efficientnetb1,550,1.0,3
9182,resnet34,750,0.6733833829902832,6
9183,vgg19,350,0.9884623593775808,15
9184,efficientnetb0,550,1.0,3
9185,efficientnetb0,550,1.0,3
9186,efficientnetb1,350,1.0,3
9187,vgg16,939,1.0,13
9188,resnet34,939,1.0,6
9189,efficientnetb1,550,1.0,3
9190,resnet34,750,0.6733833829902832,6
9191,resnet34,750,0.7880649919244954,7
9192,densenet161,350,0.7705044620574577,6
9193,efficientnetb0,550,1.0,3
9194,vgg16,350,0.9150494503700808,13
9195,resnet34,350,0.7118597986318302,7
9196,efficientnetb1,750,1.0,3
9197,efficientnetb1,550,1.0,3
9198,resnet50,350,1.0,6
9199,efficientnetb1,550,1.0,3
9200,vgg16,750,0.9989474447948092,13
9201,efficientnetb0,750,1.0,3
9202,resnet34,350,0.6392378211717704,6
9203,vgg16,750,0.9989474447948092,13
9204,resnet50,550,1.0,6
9205,resnet34,750,0.7880649919244954,7
9206,resnet34,939,0.8120702549228033,7
9207,resnet18,939,1.0,2
9208,resnet50,939,1.0,6
9209,densenet161,750,0.1955210426922513,9
9210,resnet50,350,1.0,6
9211,resnet34,350,0.6392378211717704,6
9212,efficientnetb1,550,0.6878389778024664,4
9213,resnet34,350,0.7118597986318302,7
9214,vgg19,939,1.0,15
9215,densenet161,350,0.472733213293796,5
9216,resnet18,350,0.9463184463728672,2
9217,efficientnetb1,550,1.0,3
9218,efficientnetb1,750,1.0,3
9219,efficientnetb0,550,1.0,3
9220,efficientnetb0,350,1.0,3
9221,vgg19,750,0.9936879963126718,15
9222,vgg19,939,1.0,15
9223,resnet18,350,0.9463184463728672,2
9224,vgg19,350,0.9884623593775808,15
9225,vgg16,350,0.9150494503700808,13
9226,efficientnetb1,750,1.0,3
9227,efficientnetb0,350,1.0,3
9228,resnet18,550,1.0,2
9229,efficientnetb0,750,1.0,3
9230,resnet18,750,1.0,2
9231,vgg19,750,0.9936879963126718,15
9232,resnet50,550,1.0,6
9233,densenet161,939,0.2831929044634787,5
9234,resnet18,750,1.0,2
9235,densenet161,350,0.2110700120789124,9
9236,efficientnetb0,350,1.0,3
9237,efficientnetb1,939,1.0,3
9238,efficientnetb0,350,1.0,3
9239,resnet18,939,1.0,2
9240,efficientnetb0,750,0.221102352041803,2
9241,efficientnetb0,350,1.0,3
9242,resnet50,939,1.0,6
9243,densenet161,350,0.7705044620574577,6
9244,densenet161,750,0.7754817419817108,6
9245,vgg19,350,0.9884623593775808,15
9246,resnet34,939,0.8120702549228033,7
9247,resnet18,350,0.9463184463728672,2
9248,resnet18,350,0.9463184463728672,2
9249,resnet34,750,0.7880649919244954,7
9250,vgg16,350,0.9150494503700808,13
9251,densenet161,550,0.5735576563250782,5
9252,resnet18,750,1.0,2
9253,resnet34,939,1.0,6
9254,efficientnetb0,350,1.0,3
9255,efficientnetb0,939,1.0,3
9256,efficientnetb1,550,1.0,3
9257,resnet18,750,1.0,2
9258,resnet34,939,0.8120702549228033,7
9259,vgg19,350,0.9884623593775808,15
9260,resnet50,550,1.0,6
9261,efficientnetb1,550,1.0,3
9262,efficientnetb0,550,1.0,3
9263,efficientnetb1,550,1.0,3
9264,resnet50,350,1.0,6
9265,efficientnetb1,550,1.0,3
9266,densenet161,550,0.2084375640861151,9
9267,vgg19,350,0.9884623593775808,15
9268,efficientnetb0,750,1.0,3
9269,densenet161,350,1.0,8
9270,densenet161,350,1.0,8
9271,resnet34,750,0.7880649919244954,7
9272,resnet50,750,0.8540914514899219,6
9273,resnet34,939,0.8120702549228033,7
9274,efficientnetb0,939,1.0,3
9275,vgg16,350,0.9150494503700808,13
9276,densenet161,550,0.9908784030365078,8
9277,densenet161,550,0.0210735879951949,3
9278,resnet34,550,0.8215653788441881,7
9279,efficientnetb1,350,1.0,3
9280,resnet34,550,0.8215653788441881,7
9281,vgg16,939,1.0,13
9282,resnet18,750,1.0,2
9283,efficientnetb0,350,1.0,3
9284,resnet50,939,1.0,6
9285,resnet18,939,1.0,2
9286,resnet18,550,1.0,2
9287,efficientnetb1,750,1.0,3
9288,resnet50,750,0.8540914514899219,6
9289,resnet18,550,1.0,2
9290,resnet34,550,0.8215653788441881,7
9291,vgg19,939,1.0,15
9292,resnet18,350,0.9463184463728672,2
9293,efficientnetb1,550,1.0,3
9294,resnet18,550,1.0,2
9295,resnet34,350,0.6392378211717704,6
9296,resnet18,550,1.0,2
9297,vgg19,350,0.9884623593775808,15
9298,vgg16,550,0.9461219284703368,13
9299,densenet161,350,0.472733213293796,5
9300,efficientnetb1,939,1.0,3
9301,densenet161,350,0.472733213293796,5
9302,resnet18,750,1.0,2
9303,vgg19,550,1.0,15
9304,efficientnetb0,939,1.0,3
9305,resnet50,550,1.0,6
9306,vgg16,939,1.0,13
9307,vgg19,750,0.9936879963126718,15
9308,resnet50,939,1.0,6
9309,vgg16,750,0.9989474447948092,13
9310,resnet18,550,1.0,2
9311,efficientnetb0,350,1.0,3
9312,vgg16,939,1.0,13
9313,resnet34,550,0.6271701708292037,6
9314,vgg16,550,0.9461219284703368,13
9315,efficientnetb0,750,1.0,3
9316,resnet18,750,1.0,2
9317,resnet34,350,1.0,8
9318,efficientnetb1,350,1.0,3
9319,resnet18,750,1.0,2
9320,densenet161,750,0.5067219862360387,5
9321,vgg16,550,0.9461219284703368,13
9322,efficientnetb1,750,1.0,3
9323,vgg19,939,1.0,15
9324,efficientnetb0,750,1.0,3
9325,resnet34,939,0.8120702549228033,7
9326,resnet34,350,0.7118597986318302,7
9327,densenet161,350,0.472733213293796,5
9328,densenet161,550,0.9908784030365078,8
9329,vgg16,939,1.0,13
9330,efficientnetb0,350,1.0,3
9331,densenet161,939,0.2831929044634787,5
9332,vgg16,750,0.9989474447948092,13
9333,efficientnetb0,550,1.0,3
9334,resnet34,550,0.6271701708292037,6
9335,efficientnetb0,939,1.0,3
9336,densenet161,750,0.7754817419817108,6
9337,efficientnetb0,939,1.0,3
9338,efficientnetb0,939,1.0,3
9339,resnet34,750,0.7880649919244954,7
9340,resnet34,750,0.7880649919244954,7
9341,vgg19,350,0.9884623593775808,15
9342,resnet34,350,0.6392378211717704,6
9343,densenet161,550,0.5735576563250782,5
9344,densenet161,550,1.0,7
9345,efficientnetb1,350,1.0,3
9346,vgg19,750,0.9936879963126718,15
9347,densenet161,350,0.472733213293796,5
9348,efficientnetb0,550,1.0,3
9349,vgg16,750,0.9989474447948092,13
9350,efficientnetb1,750,1.0,3
9351,resnet34,350,0.7118597986318302,7
9352,resnet34,750,0.6733833829902832,6
9353,efficientnetb1,939,1.0,3
9354,efficientnetb0,550,1.0,3
9355,vgg19,939,0.6821322371858641,10
9356,resnet50,350,1.0,6
9357,efficientnetb0,350,1.0,3
9358,resnet18,750,1.0,2
9359,densenet161,750,0.0408796516625536,11
9360,vgg19,750,0.9936879963126718,15
9361,efficientnetb0,350,1.0,3
9362,resnet50,350,1.0,6
9363,efficientnetb1,550,0.6878389778024664,4
9364,resnet34,939,0.8120702549228033,7
9365,resnet34,350,0.7118597986318302,7
9366,resnet18,939,1.0,2
9367,resnet34,750,0.7880649919244954,7
9368,resnet50,750,0.8540914514899219,6
9369,vgg19,350,0.9884623593775808,15
9370,vgg19,750,0.9936879963126718,15
9371,densenet161,750,0.5067219862360387,5
9372,vgg19,350,0.9884623593775808,15
9373,resnet18,350,0.9463184463728672,2
9374,resnet18,750,1.0,2
9375,vgg19,750,0.9936879963126718,15
9376,vgg19,550,1.0,15
9377,resnet18,350,0.9463184463728672,2
9378,vgg19,939,1.0,15
9379,efficientnetb0,939,1.0,3
9380,efficientnetb1,939,1.0,3
9381,vgg16,750,0.9989474447948092,13
9382,efficientnetb1,939,1.0,3
9383,efficientnetb0,750,1.0,3
9384,densenet161,939,0.9380901386244868,8
9385,resnet34,350,0.6392378211717704,6
9386,efficientnetb0,750,1.0,3
9387,resnet18,750,1.0,2
9388,resnet50,550,1.0,6
9389,efficientnetb1,939,1.0,3
9390,resnet18,750,1.0,2
9391,efficientnetb1,939,1.0,3
9392,resnet18,750,1.0,2
9393,vgg19,550,1.0,15
9394,resnet50,550,0.8215124558966982,7
9395,resnet18,550,1.0,2
9396,vgg19,350,0.9884623593775808,15
9397,vgg16,750,1.0,14
9398,vgg19,550,1.0,15
9399,vgg16,939,1.0,13
9400,resnet50,939,1.0,6
9401,resnet50,550,1.0,6
9402,efficientnetb0,550,1.0,3
9403,densenet161,550,0.5735576563250782,5
9404,resnet50,350,0.8169515861153699,7
9405,resnet34,550,0.6271701708292037,6
9406,resnet50,750,0.8540914514899219,6
9407,efficientnetb1,550,1.0,3
9408,resnet50,939,1.0,6
9409,vgg19,939,1.0,15
9410,resnet34,939,0.8120702549228033,7
9411,efficientnetb1,350,1.0,3
9412,efficientnetb1,939,1.0,3
9413,densenet161,750,0.5067219862360387,5
9414,vgg19,550,1.0,15
9415,vgg19,750,0.9936879963126718,15
9416,resnet34,750,1.0,8
9417,efficientnetb0,550,1.0,3
9418,resnet18,550,1.0,2
9419,efficientnetb0,350,1.0,3
9420,efficientnetb1,350,1.0,3
9421,efficientnetb1,939,1.0,3
9422,efficientnetb0,939,1.0,3
9423,resnet18,350,0.9463184463728672,2
9424,resnet18,939,0.9772814215247084,3
9425,resnet18,550,1.0,2
9426,vgg16,350,0.9150494503700808,13
9427,resnet34,750,1.0,8
9428,resnet34,939,0.7020867334437453,8
9429,vgg16,939,1.0,13
9430,efficientnetb0,550,1.0,3
9431,vgg16,550,0.9461219284703368,13
9432,efficientnetb0,550,1.0,3
9433,vgg16,550,0.9461219284703368,13
9434,efficientnetb1,550,1.0,3
9435,vgg19,350,0.9884623593775808,15
9436,resnet50,350,0.8169515861153699,7
9437,vgg19,550,1.0,15
9438,efficientnetb1,750,1.0,3
9439,efficientnetb1,350,1.0,3
9440,densenet161,750,0.1955210426922513,9
9441,efficientnetb1,350,1.0,3
9442,resnet18,350,1.0,3
9443,resnet34,550,0.8215653788441881,7
9444,densenet161,350,1.0,8
9445,densenet161,939,0.3296837125189169,9
9446,efficientnetb0,750,1.0,3
9447,vgg16,350,0.9150494503700808,13
9448,densenet161,350,0.472733213293796,5
9449,resnet18,939,1.0,2
9450,efficientnetb1,350,1.0,3
9451,resnet18,550,1.0,2
9452,densenet161,550,0.5735576563250782,5
9453,efficientnetb0,750,1.0,3
9454,efficientnetb0,550,1.0,3
9455,efficientnetb1,750,1.0,3
9456,resnet18,550,1.0,2
9457,resnet50,550,0.8215124558966982,7
9458,efficientnetb0,939,1.0,3
9459,efficientnetb0,350,1.0,3
9460,vgg16,750,0.9989474447948092,13
9461,vgg16,939,1.0,13
9462,resnet18,550,1.0,2
9463,resnet34,750,0.7880649919244954,7
9464,efficientnetb0,350,1.0,3
9465,resnet18,550,1.0,2
9466,efficientnetb1,939,1.0,3
9467,densenet161,939,0.9380901386244868,8
9468,vgg16,350,0.9150494503700808,13
9469,densenet161,750,0.5067219862360387,5
9470,resnet34,350,0.7118597986318302,7
9471,densenet161,939,0.9380901386244868,8
9472,resnet18,750,1.0,2
9473,densenet161,939,0.9380901386244868,8
9474,vgg16,350,0.9150494503700808,13
9475,efficientnetb1,350,1.0,3
9476,densenet161,750,0.5067219862360387,5
9477,resnet50,939,0.8017819857800019,7
9478,vgg19,939,1.0,15
9479,efficientnetb0,350,1.0,3
9480,resnet50,939,1.0,6
9481,resnet34,939,0.8120702549228033,7
9482,densenet161,939,0.8028649279588222,7
9483,resnet34,350,0.7118597986318302,7
9484,vgg16,350,0.9150494503700808,13
9485,vgg16,550,0.9461219284703368,13
9486,densenet161,550,0.9908784030365078,8
9487,resnet18,939,1.0,2
9488,resnet34,750,0.7880649919244954,7
9489,efficientnetb1,350,1.0,3
9490,resnet18,350,1.0,3
9491,vgg19,750,0.9936879963126718,15
9492,vgg19,350,0.9884623593775808,15
9493,efficientnetb0,939,1.0,3
9494,densenet161,550,0.9908784030365078,8
9495,resnet50,350,0.8169515861153699,7
9496,efficientnetb1,939,1.0,3
9497,resnet34,550,1.0,8
9498,vgg19,350,0.9884623593775808,15
9499,resnet50,550,0.8215124558966982,7
9500,densenet161,750,0.0355493113357071,3
9501,resnet18,750,1.0,2
9502,resnet34,350,0.7118597986318302,7
9503,efficientnetb1,750,1.0,3
9504,resnet18,350,0.9463184463728672,2
9505,vgg16,350,0.9150494503700808,13
9506,resnet18,939,1.0,2
9507,vgg16,750,0.9989474447948092,13
9508,densenet161,350,0.0606109279047736,12
9509,resnet34,750,0.7880649919244954,7
9510,vgg16,750,0.9989474447948092,13
9511,resnet18,750,1.0,2
9512,vgg16,939,1.0,13
9513,efficientnetb0,939,1.0,3
9514,efficientnetb1,350,1.0,3
9515,efficientnetb1,550,1.0,3
9516,resnet18,750,1.0,2
9517,densenet161,550,0.5735576563250782,5
9518,resnet18,350,0.9463184463728672,2
9519,resnet50,939,1.0,6
9520,densenet161,350,0.9422217589427628,7
9521,densenet161,550,0.8307012363387156,6
9522,vgg16,939,1.0,13
9523,vgg19,750,0.9936879963126718,15
9524,resnet50,350,0.8169515861153699,7
9525,vgg16,939,1.0,13
9526,densenet161,750,0.0408796516625536,12
9527,densenet161,939,0.2831929044634787,5
9528,efficientnetb1,350,1.0,3
9529,densenet161,350,0.9422217589427628,7
9530,vgg19,939,1.0,15
9531,efficientnetb1,350,1.0,3
9532,densenet161,939,0.2831929044634787,5
9533,efficientnetb0,750,1.0,3
9534,resnet34,550,0.8215653788441881,7
9535,resnet18,750,1.0,2
9536,resnet18,550,1.0,2
9537,vgg19,750,0.9936879963126718,15
9538,vgg16,750,0.9989474447948092,13
9539,resnet18,750,1.0,2
9540,densenet161,939,1.0,6
9541,vgg16,550,0.9461219284703368,13
9542,vgg16,350,0.9150494503700808,13
9543,efficientnetb1,750,1.0,3
9544,densenet161,750,0.0408796516625536,12
9545,resnet34,350,0.7118597986318302,7
9546,resnet18,350,0.9463184463728672,2
9547,efficientnetb0,939,1.0,3
9548,resnet34,750,0.7880649919244954,7
9549,vgg16,939,1.0,13
9550,resnet50,750,0.8540914514899219,6
9551,densenet161,750,0.7754817419817108,6
9552,densenet161,939,0.9380901386244868,8
9553,resnet34,550,0.8215653788441881,7
9554,densenet161,550,0.8307012363387156,6
9555,efficientnetb0,550,1.0,3
9556,efficientnetb0,939,1.0,3
9557,efficientnetb0,550,1.0,3
9558,resnet34,750,0.7880649919244954,7
9559,resnet34,939,0.8120702549228033,7
9560,resnet34,939,0.8120702549228033,7
9561,resnet50,550,1.0,6
9562,resnet18,550,0.9649971314956884,3
9563,vgg19,750,0.9936879963126718,15
9564,densenet161,550,0.9908784030365078,8
9565,efficientnetb1,350,1.0,3
9566,resnet50,750,0.8540914514899219,6
9567,vgg16,350,0.9150494503700808,13
9568,efficientnetb0,550,1.0,3
9569,vgg19,350,0.9884623593775808,15
9570,resnet34,939,0.7020867334437453,8
9571,resnet18,550,1.0,2
9572,resnet50,750,0.692684175445151,7
9573,efficientnetb0,939,1.0,3
9574,resnet34,939,0.8120702549228033,7
9575,efficientnetb0,750,1.0,3
9576,resnet50,939,1.0,6
9577,efficientnetb1,350,1.0,3
9578,vgg16,750,0.9989474447948092,13
9579,resnet50,939,0.8017819857800019,7
9580,resnet18,550,0.9649971314956884,3
9581,resnet34,550,0.8215653788441881,7
9582,resnet34,350,0.7118597986318302,7
9583,resnet34,939,0.8120702549228033,7
9584,resnet34,939,0.8120702549228033,7
9585,vgg19,750,0.9936879963126718,15
9586,resnet18,350,0.9463184463728672,2
9587,efficientnetb1,939,1.0,3
9588,efficientnetb0,750,1.0,3
9589,densenet161,550,0.084152532251803,12
9590,vgg16,939,1.0,13
9591,densenet161,750,0.1955210426922513,9
9592,vgg19,750,0.9936879963126718,15
9593,vgg16,939,1.0,13
9594,densenet161,550,0.5735576563250782,5
9595,densenet161,350,0.472733213293796,5
9596,resnet34,550,0.6271701708292037,6
9597,efficientnetb0,350,1.0,3
9598,vgg16,550,0.9461219284703368,13
9599,resnet18,350,0.9463184463728672,2
9600,resnet34,939,0.8120702549228033,7
9601,resnet34,750,0.6733833829902832,6
9602,resnet50,550,1.0,6
9603,densenet161,350,0.0606109279047736,11
9604,resnet50,550,0.8215124558966982,7
9605,efficientnetb1,939,1.0,3
9606,efficientnetb0,550,1.0,3
9607,vgg16,350,0.9150494503700808,13
9608,resnet18,550,0.9649971314956884,3
9609,resnet50,350,1.0,6
9610,resnet18,550,1.0,2
9611,densenet161,750,0.5067219862360387,5
9612,efficientnetb0,350,1.0,3
9613,vgg16,550,0.9461219284703368,13
9614,efficientnetb1,939,1.0,3
9615,efficientnetb0,750,1.0,3
9616,efficientnetb0,939,1.0,3
9617,efficientnetb1,550,1.0,3
9618,resnet34,939,0.8120702549228033,7
9619,resnet34,750,0.7880649919244954,7
9620,vgg19,350,0.9884623593775808,15
9621,resnet34,550,0.6271701708292037,6
9622,resnet18,750,1.0,2
9623,efficientnetb0,350,1.0,3
9624,densenet161,550,0.9908784030365078,8
9625,vgg16,750,0.9989474447948092,13
9626,resnet18,939,1.0,2
9627,efficientnetb0,350,1.0,3
9628,vgg19,750,0.9936879963126718,15
9629,efficientnetb1,750,1.0,3
9630,efficientnetb1,350,1.0,3
9631,densenet161,350,0.9422217589427628,7
9632,densenet161,750,0.5067219862360387,5
9633,resnet18,750,1.0,2
9634,vgg16,939,1.0,13
9635,vgg16,550,0.9461219284703368,13
9636,efficientnetb1,550,1.0,3
9637,resnet34,750,1.0,8
9638,efficientnetb0,550,1.0,3
9639,efficientnetb1,350,1.0,3
9640,vgg19,550,1.0,15
9641,resnet34,750,0.7880649919244954,7
9642,resnet18,350,0.9463184463728672,2
9643,resnet18,750,1.0,2
9644,vgg19,350,1.0,16
9645,efficientnetb0,939,1.0,3
9646,resnet34,350,1.0,8
9647,efficientnetb0,939,1.0,3
9648,resnet18,750,0.9425112246169725,3
9649,resnet34,750,1.0,8
9650,resnet34,350,1.0,8
9651,densenet161,939,0.2831929044634787,5
9652,vgg16,550,0.9461219284703368,13
9653,densenet161,350,1.0,8
9654,resnet18,550,1.0,2
9655,densenet161,939,0.2831929044634787,5
9656,densenet161,350,0.472733213293796,5
9657,efficientnetb0,939,1.0,3
9658,efficientnetb0,350,1.0,3
9659,vgg16,350,0.9150494503700808,13
9660,resnet34,350,0.7118597986318302,7
9661,vgg19,550,1.0,15
9662,resnet50,350,1.0,6
9663,vgg16,750,0.9989474447948092,13
9664,vgg19,939,1.0,15
9665,vgg16,750,0.9989474447948092,13
9666,resnet34,750,1.0,8
9667,resnet18,350,0.9463184463728672,2
9668,efficientnetb1,550,1.0,3
9669,efficientnetb1,939,0.7039994792384792,4
9670,vgg16,750,0.9989474447948092,13
9671,densenet161,939,0.9380901386244868,8
9672,densenet161,350,0.7705044620574577,6
9673,resnet50,550,1.0,6
9674,vgg16,939,1.0,13
9675,vgg19,550,1.0,15
9676,resnet18,350,0.9463184463728672,2
9677,vgg19,550,1.0,15
9678,efficientnetb1,939,1.0,3
9679,vgg16,750,1.0,14
9680,resnet34,939,0.7020867334437453,8
9681,vgg16,939,1.0,13
9682,efficientnetb1,550,1.0,3
9683,vgg16,939,1.0,13
9684,vgg16,750,0.7930687335281449,10
9685,densenet161,350,0.472733213293796,5
9686,resnet34,550,0.8215653788441881,7
9687,efficientnetb1,350,1.0,3
9688,vgg19,939,1.0,15
9689,vgg19,939,1.0,15
9690,efficientnetb0,939,1.0,3
9691,efficientnetb1,750,1.0,3
9692,resnet18,550,1.0,2
9693,resnet50,550,1.0,6
9694,resnet50,550,0.8215124558966982,7
9695,resnet34,750,1.0,8
9696,efficientnetb0,939,1.0,3
9697,efficientnetb0,350,1.0,3
9698,densenet161,750,0.5067219862360387,5
9699,efficientnetb1,939,1.0,3
9700,densenet161,550,0.084152532251803,12
9701,densenet161,550,0.8307012363387156,6
9702,densenet161,750,0.0408796516625536,11
9703,efficientnetb0,750,1.0,3
9704,vgg19,550,1.0,15
9705,vgg19,550,0.93432282209291,16
9706,resnet50,939,1.0,6
9707,efficientnetb0,350,1.0,3
9708,densenet161,939,0.2611850784190904,12
9709,resnet50,939,1.0,6
9710,efficientnetb1,350,1.0,3
9711,efficientnetb1,350,1.0,3
9712,resnet18,750,1.0,2
9713,resnet50,350,1.0,6
9714,efficientnetb1,350,1.0,3
9715,densenet161,750,0.7754817419817108,6
9716,vgg19,550,1.0,15
9717,resnet18,750,0.9425112246169725,3
9718,resnet18,350,1.0,3
9719,resnet50,350,1.0,6
9720,efficientnetb1,550,1.0,3
9721,vgg16,939,1.0,13
9722,resnet34,550,1.0,8
9723,vgg16,750,0.9989474447948092,13
9724,vgg16,350,0.9150494503700808,13
9725,densenet161,550,0.8307012363387156,6
9726,efficientnetb1,939,1.0,3
9727,efficientnetb0,550,1.0,3
9728,vgg19,350,0.9884623593775808,15
9729,densenet161,750,0.7754817419817108,6
9730,vgg19,750,0.9936879963126718,15
9731,vgg19,350,0.9884623593775808,15
9732,efficientnetb0,750,1.0,3
9733,efficientnetb0,939,1.0,3
9734,densenet161,550,0.8307012363387156,6
9735,efficientnetb1,939,1.0,3
9736,vgg19,550,1.0,15
9737,resnet34,350,0.7118597986318302,7
9738,resnet50,350,1.0,6
9739,vgg16,350,0.9150494503700808,13
9740,resnet50,750,0.8540914514899219,6
9741,efficientnetb1,750,1.0,3
9742,efficientnetb1,939,1.0,3
9743,resnet50,550,1.0,6
9744,densenet161,750,0.5067219862360387,5
9745,efficientnetb0,939,1.0,3
9746,densenet161,550,0.5735576563250782,5
9747,vgg19,550,1.0,15
9748,resnet50,939,1.0,6
9749,resnet50,350,1.0,6
9750,resnet18,939,0.9772814215247084,3
9751,vgg19,350,0.9884623593775808,15
9752,densenet161,939,0.9380901386244868,8
9753,resnet18,939,1.0,2
9754,efficientnetb0,550,1.0,3
9755,densenet161,350,1.0,8
9756,resnet34,750,0.8389123599870303,9
9757,efficientnetb0,550,1.0,3
9758,resnet18,750,1.0,2
9759,efficientnetb1,350,1.0,3
9760,vgg19,550,1.0,15
9761,efficientnetb0,550,1.0,3
9762,vgg16,750,0.9989474447948092,13
9763,efficientnetb1,550,1.0,3
9764,resnet50,750,0.8540914514899219,6
9765,resnet50,350,0.2365622217411404,3
9766,efficientnetb1,939,1.0,3
9767,vgg19,550,1.0,15
9768,resnet18,550,1.0,2
9769,densenet161,550,0.5735576563250782,5
9770,efficientnetb1,750,1.0,3
9771,efficientnetb0,350,0.7221681243288518,4
9772,resnet50,939,1.0,6
9773,resnet50,939,1.0,6
9774,efficientnetb1,939,1.0,3
9775,densenet161,939,0.8028649279588222,7
9776,resnet18,550,1.0,2
9777,efficientnetb1,750,1.0,3
9778,vgg19,750,0.9936879963126718,15
9779,resnet50,750,0.8540914514899219,6
9780,densenet161,350,0.472733213293796,5
9781,densenet161,550,0.5735576563250782,5
9782,densenet161,750,0.1955210426922513,9
9783,efficientnetb1,350,1.0,3
9784,efficientnetb1,350,1.0,3
9785,resnet50,550,1.0,6
9786,resnet34,750,0.7880649919244954,7
9787,resnet50,939,0.8017819857800019,7
9788,vgg16,939,1.0,13
9789,vgg16,750,0.9989474447948092,13
9790,resnet34,350,1.0,8
9791,vgg19,939,1.0,15
9792,efficientnetb1,550,1.0,3
9793,vgg19,939,1.0,15
9794,resnet50,939,1.0,6
9795,resnet18,750,0.9425112246169725,3
9796,resnet34,350,0.7118597986318302,7
9797,vgg16,550,0.9461219284703368,13
9798,densenet161,550,0.5735576563250782,5
9799,efficientnetb0,939,1.0,3
9800,vgg19,550,1.0,15
9801,vgg19,939,1.0,15
9802,resnet18,750,1.0,2
9803,densenet161,939,0.2831929044634787,5
9804,resnet50,550,1.0,6
9805,efficientnetb1,550,1.0,3
9806,vgg16,750,0.9989474447948092,13
9807,resnet18,939,1.0,2
9808,vgg16,939,1.0,13
9809,resnet34,750,0.8389123599870303,9
9810,resnet34,750,1.0,8
9811,vgg19,939,1.0,15
9812,vgg16,550,0.9461219284703368,13
9813,vgg16,550,0.9461219284703368,13
9814,efficientnetb0,939,1.0,3
9815,resnet34,750,1.0,8
9816,densenet161,939,0.9380901386244868,8
9817,efficientnetb1,939,1.0,3
9818,resnet50,350,1.0,6
9819,resnet18,550,1.0,2
9820,efficientnetb0,939,1.0,3
9821,vgg16,350,0.9277415950475124,14
9822,efficientnetb0,750,1.0,3
9823,efficientnetb1,550,1.0,3
9824,resnet18,550,1.0,2
9825,resnet34,750,1.0,8
9826,efficientnetb1,939,1.0,3
9827,resnet18,750,1.0,2
9828,resnet34,939,0.7020867334437453,8
9829,vgg16,350,0.9150494503700808,13
9830,efficientnetb0,550,1.0,3
9831,efficientnetb1,939,1.0,3
9832,efficientnetb0,350,1.0,3
9833,resnet18,550,1.0,2
9834,densenet161,550,0.8307012363387156,6
9835,resnet50,939,1.0,6
9836,resnet18,350,0.9463184463728672,2
9837,densenet161,939,0.3296837125189169,9
9838,vgg19,350,0.9884623593775808,15
9839,vgg19,750,0.9936879963126718,15
9840,densenet161,750,1.0,7
9841,efficientnetb0,750,1.0,3
9842,densenet161,750,0.5067219862360387,5
9843,resnet50,939,1.0,6
9844,resnet18,550,0.9649971314956884,3
9845,vgg16,939,0.8568556422949929,11
9846,resnet18,750,1.0,2
9847,resnet18,939,1.0,2
9848,densenet161,550,0.5735576563250782,5
9849,vgg16,550,0.9461219284703368,13
9850,densenet161,550,0.084152532251803,12
9851,resnet34,350,0.7118597986318302,7
9852,efficientnetb0,550,1.0,3
9853,densenet161,550,0.9908784030365078,8
9854,resnet50,750,0.8540914514899219,6
9855,vgg19,750,0.9936879963126718,15
9856,resnet50,939,1.0,6
9857,resnet50,550,1.0,6
9858,resnet34,939,0.7020867334437453,8
9859,resnet50,939,1.0,6
9860,resnet50,939,1.0,6
9861,resnet50,350,1.0,6
9862,densenet161,550,0.9908784030365078,8
9863,efficientnetb0,750,1.0,3
9864,efficientnetb1,750,1.0,3
9865,resnet34,550,1.0,8
9866,efficientnetb0,550,1.0,3
9867,resnet50,750,0.8540914514899219,6
9868,resnet18,939,1.0,2
9869,vgg19,550,1.0,15
9870,vgg16,550,0.9461219284703368,13
9871,efficientnetb1,550,1.0,3
9872,resnet18,939,1.0,2
9873,densenet161,550,0.5735576563250782,5
9874,vgg16,550,0.9461219284703368,13
9875,densenet161,750,1.0,7
9876,efficientnetb0,750,1.0,3
9877,resnet34,939,0.7020867334437453,8
9878,densenet161,750,0.9225205659416632,8
9879,resnet50,750,0.8540914514899219,6
9880,resnet34,939,0.7020867334437453,8
9881,resnet50,750,0.8540914514899219,6
9882,efficientnetb0,939,0.6801221238861833,4
9883,resnet34,550,1.0,8
9884,resnet18,350,0.9463184463728672,2
9885,efficientnetb1,350,1.0,3
9886,resnet50,550,1.0,6
9887,densenet161,750,0.7754817419817108,6
9888,vgg16,350,0.9150494503700808,13
9889,resnet18,350,0.9463184463728672,2
9890,resnet34,550,1.0,8
9891,resnet50,350,1.0,6
9892,efficientnetb1,350,1.0,3
9893,resnet50,550,1.0,6
9894,resnet18,750,1.0,2
9895,resnet18,550,1.0,2
9896,efficientnetb0,750,1.0,3
9897,resnet50,750,0.8540914514899219,6
9898,efficientnetb0,350,1.0,3
9899,resnet34,550,0.8215653788441881,7
9900,resnet34,550,1.0,8
9901,vgg19,939,1.0,15
9902,resnet18,750,1.0,2
9903,vgg16,750,0.9989474447948092,13
9904,resnet18,350,0.9463184463728672,2
9905,vgg16,750,0.9989474447948092,13
9906,vgg19,939,1.0,15
9907,vgg19,550,1.0,15
9908,resnet34,550,0.8215653788441881,7
9909,resnet50,550,1.0,6
9910,vgg19,750,0.9936879963126718,15
9911,resnet50,939,1.0,6
9912,resnet50,350,1.0,6
9913,vgg19,550,1.0,15
9914,efficientnetb0,550,1.0,3
9915,resnet50,939,1.0,6
9916,resnet18,939,1.0,2
9917,vgg16,750,0.9989474447948092,13
9918,vgg16,550,0.9461219284703368,13
9919,efficientnetb0,939,1.0,3
9920,vgg19,939,1.0,15
9921,resnet34,750,0.7880649919244954,7
9922,vgg19,939,1.0,15
9923,efficientnetb0,750,1.0,3
9924,vgg16,750,0.9989474447948092,13
9925,resnet34,350,1.0,8
9926,vgg19,939,1.0,15
9927,efficientnetb1,350,1.0,3
9928,efficientnetb1,750,0.7228690296773087,4
9929,resnet34,939,0.7020867334437453,8
9930,resnet50,939,1.0,6
9931,efficientnetb0,350,1.0,3
9932,resnet50,550,1.0,6
9933,resnet34,550,1.0,8
9934,resnet18,939,0.9772814215247084,3
9935,resnet34,939,0.7020867334437453,8
9936,vgg19,939,1.0,15
9937,resnet34,550,1.0,8
9938,vgg16,750,1.0,14
9939,resnet18,939,1.0,2
9940,resnet50,750,0.8540914514899219,6
9941,densenet161,939,1.0,6
9942,vgg16,750,0.9989474447948092,13
9943,vgg16,939,1.0,13
9944,resnet18,550,1.0,2
9945,resnet50,350,1.0,6
9946,vgg19,939,1.0,15
9947,resnet18,939,1.0,2
9948,resnet34,939,0.7020867334437453,8
9949,vgg19,750,0.9936879963126718,15
9950,resnet18,750,1.0,2
9951,vgg16,939,1.0,13
9952,vgg16,750,0.9989474447948092,13
9953,efficientnetb1,350,1.0,3
9954,vgg19,550,1.0,15
9955,efficientnetb0,750,1.0,3
9956,resnet18,750,1.0,2
9957,efficientnetb1,550,1.0,3
9958,resnet34,550,0.8215653788441881,7
9959,densenet161,550,0.5735576563250782,5
9960,vgg16,550,0.9461219284703368,13
9961,efficientnetb0,750,1.0,3
9962,resnet50,750,0.8540914514899219,6
9963,efficientnetb1,939,1.0,3
9964,efficientnetb0,550,1.0,3
9965,resnet50,350,1.0,6
9966,resnet18,750,0.9425112246169725,3
9967,densenet161,939,0.2831929044634787,5
9968,resnet34,939,0.7020867334437453,8
9969,resnet18,939,1.0,2
9970,vgg16,550,0.9461219284703368,13
9971,efficientnetb1,350,1.0,3
9972,densenet161,939,0.9380901386244868,8
9973,vgg19,939,1.0,15
9974,densenet161,350,0.472733213293796,5
9975,vgg16,750,0.9989474447948092,13
9976,resnet34,350,0.7118597986318302,7
9977,densenet161,550,0.5735576563250782,5
9978,resnet50,939,1.0,6
9979,densenet161,350,0.472733213293796,5
9980,densenet161,350,0.7705044620574577,6
9981,efficientnetb1,550,1.0,3
9982,vgg19,750,0.9936879963126718,15
9983,resnet50,939,1.0,6
9984,efficientnetb1,350,1.0,3
9985,efficientnetb1,939,1.0,3
9986,densenet161,550,1.0,7
9987,densenet161,550,0.9908784030365078,8
9988,resnet34,939,0.7020867334437453,8
9989,efficientnetb0,750,1.0,3
9990,densenet161,350,1.0,8
9991,densenet161,750,0.7754817419817108,6
9992,efficientnetb0,350,1.0,3
9993,vgg19,750,0.9936879963126718,15
9994,efficientnetb1,350,1.0,3
9995,efficientnetb0,550,1.0,3
9996,vgg19,550,1.0,15
9997,vgg19,750,0.9936879963126718,15
9998,efficientnetb1,750,1.0,3
9999,efficientnetb1,350,1.0,3
10000,vgg19,750,0.9936879963126718,15
