episode,model,bandwidth,final_reward,split_point
1,efficientnetb2,939,0.0,1
2,densenet121,350,0.0321065308334073,2
3,efficientnetb2,350,0.0,1
4,densenet121,750,0.0,1
5,vgg19,550,0.0,2
6,densenet121,750,1.0,6
7,resnet50,939,0.0,1
8,resnet34,550,0.2165759106887793,2
9,densenet121,750,0.0,1
10,efficientnetb1,939,0.7039994792384792,4
11,efficientnetb2,550,0.0,1
12,efficientnetb0,750,0.0,1
13,efficientnetb0,939,0.0,1
14,efficientnetb1,750,0.258386396623143,2
15,resnet34,350,0.1157963719048598,1
16,efficientnetb0,750,0.0,1
17,densenet121,350,0.0,1
18,efficientnetb1,550,0.6878389778024664,4
19,efficientnetb1,750,0.0,1
20,efficientnetb1,350,0.2323535341648464,2
21,efficientnetb0,939,0.0,1
22,efficientnetb0,550,0.0,1
23,densenet121,550,0.1132152876154946,4
24,vgg16,939,0.0060710231598882,1
25,efficientnetb1,550,0.0,1
26,vgg19,350,0.0,1
27,efficientnetb1,550,0.2436659344100393,2
28,efficientnetb2,939,1.0,3
29,resnet50,939,0.0,1
30,vgg19,750,0.0061276421520036,2
31,efficientnetb0,350,0.0,1
32,efficientnetb1,550,0.2436659344100393,2
33,efficientnetb0,550,1.0,3
34,resnet34,550,0.4132006712758983,4
35,vgg19,939,0.1144285467096243,4
36,efficientnetb2,939,0.0,1
37,efficientnetb1,750,0.0,1
38,resnet50,939,0.0,1
39,efficientnetb0,350,0.2601845258832877,2
40,resnet50,939,0.1412757250508847,2
41,efficientnetb1,350,1.0,3
42,densenet121,750,0.0,1
43,resnet34,750,0.2101132021199169,2
44,resnet50,750,0.8540914514899219,6
45,efficientnetb2,750,0.0,1
46,resnet50,939,0.0,1
47,efficientnetb0,350,1.0,3
48,vgg19,550,0.1248786103205342,4
49,efficientnetb0,939,0.0,1
50,efficientnetb2,939,0.0,1
51,resnet34,550,0.2165759106887793,2
52,resnet50,939,0.1412757250508847,2
53,vgg16,550,0.0199271539720846,1
54,resnet34,350,1.0,8
55,densenet121,350,0.0,1
56,vgg16,550,0.0199271539720846,1
57,vgg19,550,0.0,2
58,vgg19,750,0.0863442753339673,3
59,resnet50,350,0.2365622217411404,3
60,resnet34,550,0.4132006712758983,4
61,efficientnetb2,350,0.0,1
62,efficientnetb1,550,0.0,1
63,densenet121,939,0.0,1
64,resnet50,550,0.0097267662088094,1
65,resnet34,350,0.19930012289416,2
66,efficientnetb1,350,0.0,1
67,densenet121,939,0.0,1
68,efficientnetb0,939,0.245393377540531,2
69,efficientnetb0,350,0.0,1
70,efficientnetb1,750,0.258386396623143,2
71,efficientnetb2,550,0.0,1
72,vgg16,550,0.0,2
73,vgg16,550,0.0199271539720846,1
74,resnet34,550,0.4132006712758983,4
75,efficientnetb0,750,0.6483214388113725,4
76,vgg16,350,0.0,1
77,vgg19,550,0.0,2
78,vgg16,939,0.0060710231598882,1
79,efficientnetb1,939,0.0,1
80,efficientnetb2,750,0.1857252749278613,2
81,vgg19,750,0.3954673323042385,5
82,resnet50,350,0.0174859151390518,1
83,resnet34,550,0.1426819901860775,1
84,densenet121,550,0.0266970250369456,2
85,vgg19,750,0.0061276421520036,2
86,efficientnetb2,750,0.1857252749278613,2
87,vgg19,939,0.0183675354070255,1
88,efficientnetb1,550,0.0,1
89,densenet121,350,0.0,1
90,resnet50,939,0.0,1
91,densenet121,550,0.0,1
92,vgg16,550,0.0,2
93,vgg16,550,0.0,2
94,resnet34,750,0.2101132021199169,2
95,efficientnetb0,750,0.6483214388113725,4
96,resnet34,750,0.1441687792856025,1
97,resnet34,550,0.4132006712758983,4
98,densenet121,550,0.0,1
99,vgg19,939,0.0,2
100,vgg16,550,0.0768889395683232,3
101,vgg16,350,0.0713714441743471,3
102,efficientnetb1,550,0.6878389778024664,4
103,densenet121,350,0.0321065308334073,2
104,efficientnetb0,550,0.0,1
105,densenet121,550,0.0,1
106,efficientnetb2,939,0.0,1
107,vgg19,750,0.0,1
108,densenet121,750,0.0,1
109,vgg19,350,0.1104026426586838,3
110,resnet50,550,0.2772450699669692,3
111,densenet121,550,0.0267032533330688,3
112,resnet50,750,0.5242927837491854,3
113,efficientnetb0,350,0.2601845258832877,2
114,vgg16,550,0.0983706975456484,4
115,resnet50,350,0.0948151869136176,2
116,vgg19,550,0.0,2
117,resnet34,939,0.2104748857315504,1
118,efficientnetb1,550,0.0,1
119,densenet121,750,0.0357436179754728,3
120,vgg19,939,0.0183675354070255,1
121,efficientnetb2,750,0.0,1
122,efficientnetb2,750,0.0,1
123,efficientnetb1,550,1.0,3
124,resnet50,550,0.106889737057666,2
125,resnet34,750,0.2101132021199169,2
126,vgg16,550,0.0768889395683232,3
127,vgg19,350,0.0,1
128,vgg19,550,0.0192737323606945,1
129,resnet34,750,0.6733833829902832,6
130,resnet34,550,0.1426819901860775,1
131,densenet121,550,0.0,1
132,efficientnetb2,550,0.0,1
133,vgg19,550,0.1248786103205342,4
134,resnet50,550,0.106889737057666,2
135,resnet34,939,0.5254802820550293,3
136,vgg19,550,0.0,2
137,efficientnetb0,350,1.0,3
138,efficientnetb1,550,0.2436659344100393,2
139,efficientnetb1,350,0.7181138626700144,4
140,vgg16,350,0.0238402416290037,2
141,resnet34,939,0.3385797164144236,2
142,densenet121,939,0.0,1
143,vgg19,550,0.0192737323606945,1
144,resnet34,750,0.1441687792856025,1
145,resnet34,350,0.19930012289416,2
146,resnet50,750,0.098265786808133,1
147,densenet121,550,0.0267032533330688,3
148,efficientnetb0,550,1.0,3
149,resnet50,350,0.0174859151390518,1
150,densenet121,350,0.0321065308334073,2
151,resnet50,939,0.481243768988981,4
152,resnet34,939,0.7089537968694798,4
153,efficientnetb2,350,0.0,1
154,vgg19,750,0.0,1
155,vgg19,939,0.053642035656265,3
156,resnet34,939,0.2104748857315504,1
157,efficientnetb1,750,0.0,1
158,resnet50,939,0.8248723661787692,5
159,efficientnetb2,939,0.4515770715118704,5
160,efficientnetb0,750,0.6483214388113725,4
161,vgg19,750,0.1063831635744575,4
162,vgg19,939,0.0183675354070255,1
163,resnet50,750,0.098265786808133,1
164,efficientnetb2,550,0.7219694682129152,4
165,efficientnetb1,939,0.0,1
166,efficientnetb1,939,0.2284047954549483,2
167,vgg19,750,0.1063831635744575,4
168,vgg19,939,0.0183675354070255,1
169,efficientnetb2,750,1.0,3
170,efficientnetb1,939,0.2284047954549483,2
171,densenet121,939,0.0166311998595305,3
172,efficientnetb1,350,0.2323535341648464,2
173,densenet121,550,0.0266970250369456,2
174,efficientnetb2,750,0.1857252749278613,2
175,resnet50,939,0.0,1
176,resnet50,750,1.0,5
177,efficientnetb0,550,0.0,1
178,resnet50,350,0.0948151869136176,2
179,efficientnetb0,350,0.2601845258832877,2
180,resnet34,939,0.5254802820550293,3
181,resnet50,750,0.692684175445151,7
182,resnet34,550,0.2165759106887793,2
183,resnet34,750,0.2101132021199169,2
184,efficientnetb1,750,0.258386396623143,2
185,densenet121,350,0.0321065308334073,2
186,vgg16,550,0.0768889395683232,3
187,resnet34,939,0.8527581774225047,5
188,densenet121,939,0.0166311998595305,3
189,densenet121,939,0.0166311998595305,3
190,efficientnetb2,939,1.0,3
191,resnet34,750,0.1441687792856025,1
192,resnet34,550,0.6271701708292037,6
193,resnet50,350,0.0948151869136176,2
194,resnet50,550,1.0,6
195,vgg19,750,0.0,1
196,resnet50,750,0.3344894405367239,2
197,vgg19,939,0.1144285467096243,4
198,vgg16,939,0.0060710231598882,1
199,efficientnetb2,750,0.1857252749278613,2
200,efficientnetb1,939,0.0,1
201,resnet34,750,0.1441687792856025,1
202,efficientnetb2,350,0.0,1
203,efficientnetb0,750,0.221102352041803,2
204,resnet50,750,0.098265786808133,1
205,efficientnetb1,350,0.0,1
206,densenet121,750,0.0357436179754728,3
207,efficientnetb2,939,0.0,1
208,resnet34,750,0.1441687792856025,1
209,vgg16,750,0.0058887013115276,1
210,efficientnetb2,750,0.0,1
211,densenet121,750,0.0357436179754728,3
212,vgg16,550,0.4909442737237837,5
213,vgg16,350,0.0713714441743471,3
214,vgg19,939,0.0,2
215,resnet34,350,0.1157963719048598,1
216,efficientnetb2,939,0.0,1
217,densenet121,350,0.1341157974542594,4
218,efficientnetb0,550,1.0,3
219,resnet34,939,0.2104748857315504,1
220,vgg16,350,0.0713714441743471,3
221,efficientnetb2,350,0.0,1
222,densenet121,939,0.0230700539672484,2
223,vgg16,939,0.4187967673445678,7
224,vgg19,550,0.0192737323606945,1
225,efficientnetb2,750,0.0,1
226,densenet121,550,0.0267032533330688,3
227,efficientnetb2,350,0.0,1
228,resnet34,750,0.2101132021199169,2
229,resnet34,750,0.1441687792856025,1
230,efficientnetb1,750,0.0,1
231,vgg19,939,0.3786480345124817,5
232,efficientnetb2,750,0.6313792880026403,4
233,vgg19,750,0.1063831635744575,4
234,vgg19,550,0.3630539177738009,6
235,efficientnetb2,550,0.0,1
236,efficientnetb2,939,0.0,1
237,vgg19,750,0.0,1
238,vgg16,750,0.0058887013115276,1
239,resnet34,350,0.2851988166522616,3
240,resnet34,550,0.3605928556450244,3
241,resnet34,939,0.3385797164144236,2
242,vgg19,550,0.0,2
243,efficientnetb2,550,0.0,1
244,efficientnetb1,939,0.0,1
245,efficientnetb2,750,0.1857252749278613,2
246,efficientnetb0,550,0.0,1
247,efficientnetb1,550,0.2436659344100393,2
248,efficientnetb2,550,0.1997439170806723,2
249,vgg19,550,0.4939105417814899,8
250,vgg16,750,0.4544437830679675,5
251,resnet34,350,0.3864954674184693,4
252,efficientnetb1,550,0.2436659344100393,2
253,vgg19,350,0.0,1
254,resnet50,550,0.0097267662088094,1
255,resnet34,939,0.8120702549228033,7
256,vgg19,550,0.0192737323606945,1
257,efficientnetb1,550,0.2436659344100393,2
258,densenet121,939,0.0,1
259,efficientnetb2,939,0.0,1
260,vgg19,939,0.0,2
261,efficientnetb0,939,1.0,3
262,efficientnetb0,750,0.6483214388113725,4
263,resnet50,550,0.0097267662088094,1
264,resnet50,939,0.0,1
265,vgg19,750,0.0,1
266,densenet121,350,0.0523859604428457,3
267,resnet50,939,0.481243768988981,4
268,vgg16,939,0.0,2
269,resnet34,350,0.1157963719048598,1
270,efficientnetb0,350,0.7221681243288518,4
271,efficientnetb2,750,0.1857252749278613,2
272,resnet34,350,0.1157963719048598,1
273,densenet121,939,1.0,6
274,efficientnetb2,550,0.0,1
275,efficientnetb0,750,1.0,3
276,efficientnetb1,350,0.0,1
277,vgg19,750,0.1063831635744575,4
278,efficientnetb1,550,0.2436659344100393,2
279,vgg19,350,0.0,1
280,vgg16,939,0.0060710231598882,1
281,vgg19,350,0.0,1
282,efficientnetb0,350,0.2601845258832877,2
283,vgg16,350,0.1139662905811487,4
284,vgg19,550,0.0,2
285,vgg16,350,0.0,1
286,vgg16,750,0.4544437830679675,5
287,vgg16,750,0.0058887013115276,1
288,vgg19,550,0.0,2
289,vgg19,939,0.0,2
290,vgg16,550,0.0199271539720846,1
291,efficientnetb2,939,0.0,1
292,efficientnetb1,350,0.0,1
293,vgg19,550,0.0,2
294,efficientnetb2,550,1.0,3
295,resnet50,550,0.645703014729161,8
296,efficientnetb0,350,0.0,1
297,efficientnetb1,550,0.0,1
298,vgg19,939,0.0,2
299,efficientnetb1,350,0.2323535341648464,2
300,vgg19,750,0.5392519021115965,9
301,densenet121,550,0.1132152876154946,4
302,efficientnetb0,939,0.0,1
303,vgg16,939,0.4031740758458291,6
304,efficientnetb1,939,0.2680647929070547,6
305,vgg19,350,0.0,1
306,efficientnetb1,550,0.0,1
307,efficientnetb2,939,1.0,3
308,efficientnetb1,550,1.0,3
309,efficientnetb2,550,0.7219694682129152,4
310,resnet34,939,0.3385797164144236,2
311,efficientnetb2,750,0.0,1
312,efficientnetb2,750,0.0,1
313,resnet34,939,0.7089537968694798,4
314,densenet121,939,0.1007807070881022,9
315,efficientnetb0,939,0.0,1
316,efficientnetb1,350,0.0,1
317,densenet121,550,0.0267032533330688,3
318,efficientnetb2,939,0.0,1
319,vgg19,939,0.3786480345124817,5
320,resnet34,350,0.1157963719048598,1
321,vgg19,750,0.1063831635744575,4
322,vgg19,750,0.0061276421520036,2
323,efficientnetb1,939,0.2284047954549483,2
324,efficientnetb2,550,0.0,1
325,densenet121,350,0.0,1
326,efficientnetb1,350,0.7181138626700144,4
327,vgg16,350,0.0238402416290037,2
328,efficientnetb2,550,0.0,1
329,resnet34,939,0.3385797164144236,2
330,resnet34,750,0.1441687792856025,1
331,vgg19,350,0.3463718988145903,7
332,efficientnetb0,550,0.290069122860228,2
333,efficientnetb0,550,0.290069122860228,2
334,densenet121,550,0.0267032533330688,3
335,resnet34,350,0.6392378211717704,6
336,efficientnetb1,550,0.2436659344100393,2
337,vgg16,939,0.4187967673445678,7
338,vgg16,939,0.0548212617333455,3
339,resnet50,350,0.0174859151390518,1
340,vgg19,750,0.482051380981956,8
341,densenet121,350,0.0523859604428457,3
342,resnet50,550,0.106889737057666,2
343,densenet121,939,0.0230700539672484,2
344,densenet121,350,1.0,6
345,resnet50,550,0.2772450699669692,3
346,efficientnetb1,550,0.6878389778024664,4
347,efficientnetb0,939,0.245393377540531,2
348,efficientnetb0,939,0.245393377540531,2
349,efficientnetb1,939,0.7039994792384792,4
350,efficientnetb1,350,0.2323535341648464,2
351,vgg16,550,0.0199271539720846,1
352,efficientnetb0,350,1.0,3
353,resnet34,550,0.1426819901860775,1
354,densenet121,350,0.0523859604428457,3
355,resnet50,750,0.3344894405367239,2
356,resnet50,939,0.1412757250508847,2
357,efficientnetb2,550,1.0,3
358,vgg19,939,0.3144631067328258,6
359,efficientnetb2,939,0.4515770715118704,5
360,efficientnetb2,750,1.0,3
361,efficientnetb1,550,0.5223117533457641,5
362,resnet34,350,0.5163674653124631,5
363,resnet50,550,0.0097267662088094,1
364,densenet121,350,0.0,1
365,resnet34,750,0.3301584795875527,3
366,efficientnetb0,750,0.6483214388113725,4
367,resnet50,350,0.6807257591827157,8
368,efficientnetb2,939,0.2064582521296088,2
369,densenet121,750,0.0,1
370,densenet121,350,0.0523859604428457,3
371,efficientnetb2,350,1.0,3
372,efficientnetb0,750,0.0,1
373,efficientnetb2,939,1.0,3
374,efficientnetb1,939,0.7039994792384792,4
375,vgg19,939,0.0,2
376,efficientnetb1,750,1.0,3
377,efficientnetb1,350,0.0,1
378,resnet34,939,0.2104748857315504,1
379,vgg19,750,0.0061276421520036,2
380,vgg19,750,0.482051380981956,8
381,resnet34,550,0.1426819901860775,1
382,resnet50,350,0.4097205423764233,4
383,vgg19,939,0.053642035656265,3
384,vgg16,350,0.1139662905811487,4
385,efficientnetb0,550,1.0,3
386,efficientnetb0,550,0.2755689518747824,6
387,efficientnetb2,750,0.0,1
388,resnet34,350,0.2851988166522616,3
389,efficientnetb0,550,0.5319033905566624,5
390,resnet50,350,0.0174859151390518,1
391,densenet121,750,0.0,1
392,vgg19,550,0.0192737323606945,1
393,densenet121,939,0.4858756243316292,5
394,resnet50,350,0.0174859151390518,1
395,efficientnetb0,750,0.4450311925360435,5
396,efficientnetb1,750,0.0,1
397,resnet34,939,0.8527581774225047,5
398,efficientnetb0,550,1.0,3
399,efficientnetb1,939,0.0,1
400,efficientnetb2,750,0.6313792880026403,4
401,densenet121,939,0.0166311998595305,3
402,efficientnetb2,939,0.2064582521296088,2
403,efficientnetb1,350,0.3137835430767212,6
404,efficientnetb1,350,0.2323535341648464,2
405,densenet121,939,0.0166311998595305,3
406,vgg19,750,0.1063831635744575,4
407,densenet121,750,0.0279532973407523,2
408,resnet50,939,0.8017819857800019,7
409,densenet121,550,0.0,1
410,efficientnetb0,550,0.5319033905566624,5
411,densenet121,350,0.0321065308334073,2
412,densenet121,750,1.0,6
413,densenet121,939,0.133680659859905,4
414,efficientnetb2,939,1.0,3
415,resnet34,750,0.6733833829902832,6
416,efficientnetb0,550,0.290069122860228,2
417,vgg19,550,0.3608150480635607,7
418,resnet50,939,0.3012988939538109,3
419,efficientnetb2,350,0.0,1
420,efficientnetb1,750,0.0,1
421,densenet121,550,0.0266970250369456,2
422,vgg19,350,0.0047515404264518,2
423,resnet50,350,0.8169515861153699,7
424,resnet50,939,0.6400205520491736,8
425,densenet121,550,0.0267032533330688,3
426,resnet34,350,0.2851988166522616,3
427,resnet34,550,0.2165759106887793,2
428,efficientnetb2,550,0.4196653103687508,5
429,efficientnetb1,350,0.0,1
430,vgg19,750,0.349757663747874,6
431,resnet50,550,0.2772450699669692,3
432,efficientnetb2,939,0.0,1
433,efficientnetb1,550,0.2436659344100393,2
434,vgg19,939,0.053642035656265,3
435,efficientnetb2,350,0.1727158782926704,2
436,efficientnetb2,550,1.0,3
437,vgg16,939,0.0548212617333455,3
438,resnet50,939,1.0,6
439,densenet121,750,0.0279532973407523,2
440,densenet121,750,0.0279532973407523,2
441,efficientnetb0,750,0.221102352041803,2
442,vgg16,750,0.3719773828090447,7
443,efficientnetb0,939,0.245393377540531,2
444,vgg19,750,0.0061276421520036,2
445,densenet121,550,0.0267032533330688,3
446,efficientnetb2,550,0.1997439170806723,2
447,efficientnetb2,550,0.0,1
448,efficientnetb2,939,0.6509085704414946,4
449,efficientnetb2,939,0.2064582521296088,2
450,vgg16,939,0.0,2
451,vgg16,550,0.0199271539720846,1
452,efficientnetb2,550,0.1997439170806723,2
453,resnet34,350,0.19930012289416,2
454,resnet50,350,0.2365622217411404,3
455,vgg16,939,0.0,2
456,vgg19,939,0.0183675354070255,1
457,densenet121,350,0.6263678162488967,5
458,efficientnetb0,550,1.0,3
459,vgg16,550,0.0,2
460,vgg19,939,0.3698836387150448,7
461,densenet121,550,0.0,1
462,vgg16,939,0.0,2
463,vgg19,350,0.6857714069171352,20
464,vgg16,939,0.0381294915227273,4
465,resnet50,750,0.3344894405367239,2
466,efficientnetb2,750,0.1065082490569524,7
467,resnet34,939,0.7020867334437453,8
468,densenet121,550,0.0266970250369456,2
469,vgg16,550,0.0199271539720846,1
470,vgg16,350,0.0238402416290037,2
471,efficientnetb0,750,0.0665010548114934,7
472,vgg19,550,0.93432282209291,16
473,vgg16,750,0.0,2
474,resnet50,750,0.098265786808133,1
475,resnet34,939,0.8120702549228033,7
476,resnet34,750,0.4742055237385399,5
477,resnet34,939,0.7089537968694798,4
478,resnet50,350,0.4097205423764233,4
479,efficientnetb2,550,0.4196653103687508,5
480,resnet34,750,0.2101132021199169,2
481,vgg16,750,0.0058887013115276,1
482,densenet121,750,0.0983602208090902,4
483,efficientnetb2,750,0.0,1
484,resnet34,939,0.8527581774225047,5
485,resnet34,350,0.0985681061187866,15
486,efficientnetb2,550,0.1997439170806723,2
487,efficientnetb1,550,0.0,1
488,efficientnetb1,350,0.2323535341648464,2
489,resnet50,750,0.9081489241651808,4
490,resnet50,750,0.5242927837491854,3
491,efficientnetb2,350,0.0,1
492,efficientnetb2,550,0.1997439170806723,2
493,densenet121,939,0.0166311998595305,3
494,resnet50,350,0.4097205423764233,4
495,vgg16,350,0.0,1
496,resnet34,750,0.1441687792856025,1
497,efficientnetb2,350,0.0,1
498,vgg19,350,0.3463718988145903,7
499,vgg19,750,0.0,1
500,densenet121,939,0.0166311998595305,3
501,efficientnetb1,350,1.0,3
502,efficientnetb1,350,1.0,3
503,vgg16,939,1.0,13
504,densenet121,350,0.529578650458239,8
505,resnet50,550,1.0,6
506,efficientnetb1,550,0.0,1
507,vgg16,350,0.1139662905811487,4
508,densenet121,350,0.6263678162488967,5
509,efficientnetb2,939,1.0,3
510,resnet34,750,0.1441687792856025,1
511,efficientnetb1,350,0.2323535341648464,2
512,vgg16,350,0.1139662905811487,4
513,resnet50,350,0.0174859151390518,1
514,resnet50,550,0.2772450699669692,3
515,efficientnetb1,750,0.7228690296773087,4
516,efficientnetb2,750,1.0,3
517,vgg19,350,0.063159932094785,4
518,efficientnetb0,939,1.0,3
519,vgg16,350,0.0713714441743471,3
520,efficientnetb0,750,0.221102352041803,2
521,resnet50,550,0.8501913432605966,5
522,efficientnetb0,750,0.0,1
523,resnet34,750,0.2101132021199169,2
524,efficientnetb1,550,1.0,3
525,vgg16,939,0.5638100259338691,8
526,efficientnetb1,939,0.7039994792384792,4
527,vgg19,939,0.0183675354070255,1
528,vgg16,350,0.4552780768214839,7
529,vgg16,350,0.0238402416290037,2
530,efficientnetb0,939,0.245393377540531,2
531,efficientnetb1,550,0.6878389778024664,4
532,efficientnetb0,939,0.245393377540531,2
533,efficientnetb0,939,0.0,1
534,densenet121,550,0.0267032533330688,3
535,efficientnetb1,750,0.3094983907889674,6
536,efficientnetb2,350,0.0,1
537,vgg16,750,0.3927521762586766,6
538,resnet34,550,0.2165759106887793,2
539,vgg16,939,0.0060710231598882,1
540,efficientnetb0,350,0.0,1
541,efficientnetb2,939,0.2064582521296088,2
542,densenet121,750,0.0,1
543,resnet34,550,0.6271701708292037,6
544,efficientnetb1,939,0.2284047954549483,2
545,vgg19,550,0.93699417819052,14
546,resnet50,939,0.8248723661787692,5
547,vgg19,550,0.0,2
548,vgg16,750,0.4544437830679675,5
549,efficientnetb0,550,0.7484594574197447,4
550,resnet50,750,1.0,5
551,efficientnetb2,750,0.1857252749278613,2
552,vgg19,550,0.1248786103205342,4
553,resnet50,750,0.098265786808133,1
554,efficientnetb1,750,0.0,1
555,vgg19,350,0.0047515404264518,2
556,efficientnetb2,550,0.0,1
557,efficientnetb1,550,0.0,1
558,efficientnetb0,350,0.0,1
559,resnet50,550,0.2772450699669692,3
560,resnet50,750,0.5242927837491854,3
561,efficientnetb1,939,0.7039994792384792,4
562,densenet121,350,0.0523859604428457,3
563,efficientnetb0,939,1.0,3
564,resnet50,550,0.106889737057666,2
565,resnet34,350,0.4048286739573794,12
566,efficientnetb1,750,0.258386396623143,2
567,vgg19,550,0.7603022178684953,17
568,vgg16,350,0.4955592672941035,5
569,vgg16,750,0.0058887013115276,1
570,resnet50,750,0.9081489241651808,4
571,efficientnetb1,550,0.2436659344100393,2
572,resnet50,939,0.3012988939538109,3
573,vgg19,750,0.0,1
574,resnet50,939,0.8248723661787692,5
575,efficientnetb0,350,0.2601845258832877,2
576,densenet121,550,0.5185925451749753,8
577,resnet50,350,0.0948151869136176,2
578,efficientnetb0,350,0.3057373745716766,6
579,efficientnetb0,550,0.2755689518747824,6
580,resnet34,939,0.2104748857315504,1
581,resnet34,350,0.1157963719048598,1
582,vgg19,939,0.4817677379651593,9
583,efficientnetb2,750,0.1857252749278613,2
584,densenet121,550,1.0,6
585,vgg16,350,0.1139662905811487,4
586,vgg19,939,0.1144285467096243,4
587,efficientnetb2,550,0.0,1
588,resnet50,939,1.0,6
589,efficientnetb0,750,0.0,1
590,efficientnetb2,750,0.0,1
591,efficientnetb0,750,0.0665010548114934,7
592,vgg19,750,0.1063831635744575,4
593,efficientnetb0,350,0.7221681243288518,4
594,efficientnetb0,350,1.0,3
595,vgg19,750,0.0061276421520036,2
596,efficientnetb2,750,0.6313792880026403,4
597,resnet50,350,0.8169515861153699,7
598,efficientnetb1,350,0.2323535341648464,2
599,efficientnetb1,939,0.023223098071313,8
600,vgg19,939,0.1144285467096243,4
601,vgg19,939,0.0183675354070255,1
602,efficientnetb1,550,0.6878389778024664,4
603,resnet34,550,0.3605928556450244,3
604,efficientnetb0,750,0.0,1
605,vgg19,350,0.3463718988145903,7
606,vgg19,750,0.0,1
607,efficientnetb1,350,1.0,3
608,resnet34,350,0.6392378211717704,6
609,efficientnetb0,750,1.0,3
610,densenet121,550,1.0,6
611,efficientnetb1,939,0.2284047954549483,2
612,resnet50,350,0.3548656355696806,11
613,efficientnetb2,550,0.1997439170806723,2
614,resnet50,939,0.1412757250508847,2
615,densenet121,550,0.0266970250369456,2
616,vgg19,939,0.0,2
617,resnet50,750,0.3024732800391974,11
618,resnet34,939,0.8120702549228033,7
619,efficientnetb0,750,0.6483214388113725,4
620,resnet34,939,0.8120702549228033,7
621,resnet50,550,0.4611472962789475,4
622,efficientnetb1,550,1.0,3
623,efficientnetb2,350,0.237407337197427,6
624,efficientnetb0,939,0.5462134982716761,5
625,efficientnetb1,350,1.0,3
626,efficientnetb0,350,0.2601845258832877,2
627,vgg16,750,0.0058887013115276,1
628,efficientnetb0,550,0.0,1
629,efficientnetb0,750,0.221102352041803,2
630,densenet121,350,0.6263678162488967,5
631,densenet121,350,0.0,1
632,resnet50,939,0.1412757250508847,2
633,resnet50,750,0.098265786808133,1
634,efficientnetb0,550,0.290069122860228,2
635,efficientnetb1,750,0.258386396623143,2
636,efficientnetb1,750,0.0,1
637,vgg16,350,0.0,1
638,efficientnetb1,750,0.0,1
639,efficientnetb1,750,0.7228690296773087,4
640,vgg16,350,0.4552780768214839,7
641,vgg16,550,0.0199271539720846,1
642,resnet34,550,0.1426819901860775,1
643,vgg19,550,0.0192737323606945,1
644,densenet121,350,0.5134540759121593,7
645,efficientnetb2,939,0.0,1
646,resnet34,550,0.2165759106887793,2
647,resnet34,939,0.2104748857315504,1
648,resnet50,750,0.098265786808133,1
649,vgg19,750,0.5392519021115965,9
650,resnet34,550,0.4132006712758983,4
651,resnet50,939,0.8248723661787692,5
652,efficientnetb1,350,0.5010852886204035,5
653,resnet50,350,0.0174859151390518,1
654,efficientnetb0,350,0.0,1
655,efficientnetb2,939,0.0,1
656,vgg19,750,0.0,1
657,resnet50,350,0.0174859151390518,1
658,efficientnetb2,550,0.1997439170806723,2
659,efficientnetb1,350,0.0,1
660,resnet34,750,1.0,8
661,resnet50,550,0.0097267662088094,1
662,vgg16,550,0.0768889395683232,3
663,efficientnetb0,939,1.0,3
664,vgg16,750,0.0,2
665,efficientnetb1,350,0.0,1
666,efficientnetb0,550,0.0977278646092725,7
667,resnet50,550,0.0097267662088094,1
668,densenet121,350,0.1559092218783189,10
669,efficientnetb0,939,0.0,1
670,resnet34,750,0.6702494870914867,10
671,densenet121,750,0.0279532973407523,2
672,efficientnetb1,939,0.4873612700075253,5
673,densenet121,350,0.5134540759121593,7
674,resnet50,350,0.0948151869136176,2
675,resnet50,939,0.481243768988981,4
676,efficientnetb2,550,1.0,3
677,efficientnetb0,939,0.245393377540531,2
678,resnet34,350,0.7118597986318302,7
679,resnet34,550,0.2165759106887793,2
680,densenet121,750,0.0279532973407523,2
681,vgg19,939,0.6821322371858641,10
682,vgg16,750,0.0,2
683,efficientnetb2,550,0.0,1
684,resnet34,750,0.1441687792856025,1
685,vgg16,550,0.0983706975456484,4
686,efficientnetb0,750,0.2823668742486632,6
687,densenet121,939,0.0166311998595305,3
688,efficientnetb2,550,0.1997439170806723,2
689,resnet34,939,0.1948128353717363,13
690,vgg19,939,0.3786480345124817,5
691,densenet121,550,0.5224277109043235,7
692,resnet34,550,0.8215653788441881,7
693,resnet34,350,0.19930012289416,2
694,vgg16,939,0.0381294915227273,4
695,vgg16,350,0.0,1
696,efficientnetb0,750,0.0,1
697,resnet50,350,0.4185699515342624,10
698,efficientnetb1,750,0.5409660759543289,5
699,efficientnetb0,750,0.0,1
700,resnet34,750,0.1441687792856025,1
701,resnet50,350,0.2365622217411404,3
702,resnet34,750,0.3301584795875527,3
703,resnet50,939,0.4611727687596107,9
704,efficientnetb1,550,0.0,1
705,vgg19,750,0.482051380981956,8
706,efficientnetb0,550,0.5319033905566624,5
707,resnet50,750,0.0818889247479734,14
708,efficientnetb0,350,1.0,3
709,densenet121,350,1.0,6
710,vgg16,550,0.9461219284703368,13
711,efficientnetb0,550,0.7484594574197447,4
712,resnet34,750,1.0,8
713,vgg19,750,0.7336613700677788,18
714,efficientnetb1,750,0.5409660759543289,5
715,efficientnetb0,350,0.2601845258832877,2
716,efficientnetb1,550,0.2436659344100393,2
717,vgg19,750,0.3776216428097246,7
718,resnet50,939,1.0,6
719,vgg16,750,0.0,2
720,resnet50,750,0.9081489241651808,4
721,efficientnetb1,750,0.0,1
722,vgg16,550,0.0,2
723,vgg16,350,0.4955592672941035,5
724,vgg19,939,0.1144285467096243,4
725,vgg16,939,0.0,2
726,densenet121,939,0.0,1
727,vgg16,350,0.6856932128300365,16
728,vgg19,550,0.0192737323606945,1
729,resnet50,550,0.0097267662088094,1
730,densenet121,550,0.5185925451749753,8
731,efficientnetb1,750,0.258386396623143,2
732,vgg16,750,0.888612802013523,12
733,vgg19,350,0.1104026426586838,3
734,resnet34,350,0.19930012289416,2
735,resnet50,550,0.645703014729161,8
736,vgg19,750,0.0863442753339673,3
737,resnet50,550,0.2772450699669692,3
738,efficientnetb0,750,1.0,3
739,resnet34,939,0.7089537968694798,4
740,vgg16,550,1.0,12
741,vgg16,939,0.0548212617333455,3
742,efficientnetb0,550,1.0,3
743,efficientnetb0,350,0.2301319400884027,7
744,resnet50,550,0.1340152397076321,14
745,resnet50,750,0.098265786808133,1
746,resnet34,939,0.5254802820550293,3
747,densenet121,750,0.0357436179754728,3
748,resnet50,550,0.8215124558966982,7
749,efficientnetb0,550,1.0,3
750,densenet121,939,1.0,6
751,efficientnetb2,350,1.0,3
752,vgg16,350,0.1139662905811487,4
753,resnet50,350,0.0948151869136176,2
754,resnet34,939,0.8527581774225047,5
755,efficientnetb0,550,0.5319033905566624,5
756,resnet34,350,0.1157963719048598,1
757,densenet121,939,1.0,6
758,efficientnetb1,350,0.2323535341648464,2
759,efficientnetb0,550,0.2755689518747824,6
760,efficientnetb2,350,0.4600422057004524,5
761,vgg16,550,0.0,2
762,vgg16,350,0.0238402416290037,2
763,vgg16,750,0.7930687335281449,10
764,densenet121,550,0.0266970250369456,2
765,efficientnetb0,750,0.6483214388113725,4
766,efficientnetb1,550,0.5223117533457641,5
767,efficientnetb2,350,0.0,1
768,resnet50,750,0.5189759550817877,8
769,resnet50,939,0.0,1
770,vgg19,939,0.0183675354070255,1
771,resnet50,350,0.0174859151390518,1
772,efficientnetb0,350,0.7221681243288518,4
773,densenet121,750,0.1284609034111726,9
774,resnet34,939,0.3385797164144236,2
775,resnet50,939,0.3012988939538109,3
776,efficientnetb0,939,1.0,3
777,resnet50,939,0.4611727687596107,9
778,resnet34,350,0.19930012289416,2
779,vgg16,750,0.3927521762586766,6
780,vgg16,939,0.0,2
781,resnet50,350,0.0948151869136176,2
782,resnet34,750,0.3301584795875527,3
783,resnet50,550,0.0097267662088094,1
784,resnet50,939,0.8017819857800019,7
785,densenet121,939,0.3516434776147618,8
786,resnet50,939,0.481243768988981,4
787,densenet121,939,0.390359012366206,7
788,vgg19,350,0.3670248005033085,6
789,efficientnetb2,550,0.4196653103687508,5
790,efficientnetb2,350,1.0,3
791,vgg16,350,0.0713714441743471,3
792,efficientnetb2,350,0.0,1
793,efficientnetb2,550,0.7219694682129152,4
794,efficientnetb0,350,1.0,3
795,efficientnetb2,939,0.2064582521296088,2
796,resnet34,939,0.7020867334437453,8
797,vgg16,939,0.0548212617333455,3
798,resnet50,939,0.481243768988981,4
799,efficientnetb2,750,0.496642919782067,5
800,efficientnetb1,350,1.0,3
801,efficientnetb1,939,0.0,1
802,vgg19,350,0.0047515404264518,2
803,efficientnetb2,350,1.0,3
804,efficientnetb2,350,0.1231000944167908,7
805,vgg16,350,0.6122688308267832,9
806,vgg19,939,0.053642035656265,3
807,efficientnetb2,750,0.496642919782067,5
808,efficientnetb0,550,0.5319033905566624,5
809,efficientnetb0,350,0.2601845258832877,2
810,densenet121,939,0.133680659859905,4
811,resnet50,550,0.645703014729161,8
812,densenet121,350,0.0523859604428457,3
813,efficientnetb1,750,1.0,3
814,efficientnetb2,350,0.0,1
815,resnet50,550,0.645703014729161,8
816,efficientnetb0,750,0.6483214388113725,4
817,resnet50,939,0.481243768988981,4
818,vgg19,550,0.3608150480635607,7
819,densenet121,550,0.0267032533330688,3
820,efficientnetb0,350,0.7221681243288518,4
821,vgg16,939,0.7391812735874347,15
822,efficientnetb1,750,0.5409660759543289,5
823,efficientnetb1,550,0.6878389778024664,4
824,vgg19,350,0.4842986650150916,9
825,resnet34,350,0.7134974009725887,10
826,resnet50,550,0.8215124558966982,7
827,resnet50,550,0.8501913432605966,5
828,efficientnetb1,750,1.0,3
829,efficientnetb0,550,0.0,1
830,densenet121,350,0.1559092218783189,10
831,resnet50,350,0.1443540017914252,14
832,resnet34,550,0.3605928556450244,3
833,efficientnetb0,750,0.6483214388113725,4
834,vgg19,350,0.0,1
835,resnet50,939,1.0,6
836,vgg16,350,0.0,1
837,efficientnetb2,750,1.0,3
838,resnet50,550,0.4611472962789475,4
839,efficientnetb0,350,0.7221681243288518,4
840,resnet50,939,0.0,1
841,vgg16,550,0.0199271539720846,1
842,vgg16,939,0.0548212617333455,3
843,efficientnetb1,350,0.0,1
844,vgg16,350,0.6117716042882734,8
845,resnet50,939,0.3012988939538109,3
846,resnet34,350,0.3864954674184693,4
847,vgg19,939,0.0,2
848,resnet50,939,0.4611727687596107,9
849,resnet50,550,0.8501913432605966,5
850,vgg16,550,0.0,2
851,efficientnetb2,939,1.0,3
852,efficientnetb0,939,0.2344467476320147,6
853,efficientnetb0,350,0.0,1
854,vgg16,550,0.0768889395683232,3
855,vgg19,939,0.0183675354070255,1
856,resnet50,750,0.41601881255758,9
857,vgg16,750,0.3719773828090447,7
858,resnet34,750,0.3170708984259823,12
859,resnet50,750,0.9081489241651808,4
860,densenet121,750,0.5014039257956258,7
861,vgg19,750,0.0061276421520036,2
862,efficientnetb0,550,0.0,1
863,efficientnetb0,350,0.0,1
864,vgg19,550,0.1248786103205342,4
865,efficientnetb0,750,0.4450311925360435,5
866,resnet34,550,1.0,8
867,efficientnetb2,750,0.1857252749278613,2
868,resnet50,550,0.0097267662088094,1
869,resnet50,750,0.5242927837491854,3
870,densenet121,550,0.0267032533330688,3
871,efficientnetb1,750,1.0,3
872,efficientnetb1,550,0.2436659344100393,2
873,efficientnetb2,550,0.1997439170806723,2
874,vgg19,750,0.0,1
875,vgg19,750,0.9936879963126718,15
876,efficientnetb1,750,0.258386396623143,2
877,resnet50,750,0.098265786808133,1
878,efficientnetb0,350,0.0,1
879,vgg16,939,0.5638100259338691,8
880,efficientnetb0,750,0.6483214388113725,4
881,resnet34,939,0.3385797164144236,2
882,efficientnetb0,350,0.7221681243288518,4
883,densenet121,350,0.1527256039349891,9
884,vgg16,939,0.0,2
885,densenet121,550,0.1132152876154946,4
886,efficientnetb1,350,0.0,1
887,efficientnetb0,750,1.0,3
888,efficientnetb1,350,1.0,3
889,efficientnetb0,750,1.0,3
890,efficientnetb0,750,1.0,3
891,resnet34,939,0.2104748857315504,1
892,efficientnetb1,350,1.0,3
893,efficientnetb0,939,1.0,3
894,efficientnetb2,750,0.1857252749278613,2
895,vgg16,939,0.4187967673445678,7
896,resnet34,750,0.4742055237385399,5
897,efficientnetb0,350,0.0,1
898,densenet121,350,0.6263678162488967,5
899,efficientnetb2,550,0.0,1
900,resnet34,550,0.5238774014052308,5
901,efficientnetb0,350,0.0,1
902,efficientnetb2,550,0.0,1
903,densenet121,750,0.4798884872288328,8
904,efficientnetb2,550,0.7219694682129152,4
905,vgg19,750,0.5392519021115965,9
906,resnet34,350,0.1157963719048598,1
907,efficientnetb0,350,0.0,1
908,efficientnetb2,550,0.1997439170806723,2
909,efficientnetb0,550,0.5319033905566624,5
910,densenet121,550,0.0266970250369456,2
911,efficientnetb0,939,1.0,3
912,resnet34,939,1.0,6
913,densenet121,750,0.0357436179754728,3
914,resnet50,350,0.0948151869136176,2
915,resnet34,939,0.3385797164144236,2
916,efficientnetb1,350,0.2325508521386866,7
917,resnet50,350,0.2737525021671528,12
918,efficientnetb2,550,0.7219694682129152,4
919,efficientnetb0,939,0.5462134982716761,5
920,densenet121,939,0.0,1
921,efficientnetb0,350,1.0,3
922,efficientnetb0,350,0.7221681243288518,4
923,resnet34,939,0.7020867334437453,8
924,resnet34,939,0.3678455557746687,11
925,resnet34,750,0.8389123599870303,9
926,efficientnetb2,750,1.0,3
927,efficientnetb2,350,0.4600422057004524,5
928,vgg16,750,0.0058887013115276,1
929,efficientnetb2,350,0.65175093664593,4
930,efficientnetb1,350,0.2323535341648464,2
931,densenet121,750,0.0,1
932,efficientnetb1,350,0.2323535341648464,2
933,vgg19,939,0.6821322371858641,10
934,efficientnetb1,750,0.7228690296773087,4
935,efficientnetb2,750,0.496642919782067,5
936,resnet50,550,0.2772450699669692,3
937,vgg16,750,0.0240042451732625,4
938,densenet121,550,0.6262433485833546,5
939,efficientnetb0,939,0.245393377540531,2
940,densenet121,939,0.4858756243316292,5
941,resnet50,550,1.0,6
942,resnet50,350,0.2365622217411404,3
943,vgg16,550,0.0,2
944,efficientnetb1,350,0.3137835430767212,6
945,efficientnetb1,939,0.2284047954549483,2
946,efficientnetb0,550,0.2755689518747824,6
947,vgg16,350,0.0238402416290037,2
948,efficientnetb0,939,1.0,3
949,vgg19,750,0.5392519021115965,9
950,vgg16,939,0.5638100259338691,8
951,efficientnetb1,750,0.258386396623143,2
952,densenet121,750,0.5014039257956258,7
953,vgg16,550,0.6336692532833877,9
954,vgg16,750,0.5870702344568659,8
955,efficientnetb2,750,1.0,3
956,resnet50,550,0.2772450699669692,3
957,vgg19,550,0.3992057636441661,5
958,vgg16,350,0.6122688308267832,9
959,efficientnetb0,550,0.0,1
960,efficientnetb1,750,0.258386396623143,2
961,resnet34,550,0.5238774014052308,5
962,resnet50,350,0.8830285561177872,5
963,vgg19,939,0.1144285467096243,4
964,efficientnetb1,939,0.7039994792384792,4
965,resnet50,939,0.1412757250508847,2
966,densenet121,550,0.6262433485833546,5
967,resnet50,750,0.41601881255758,9
968,resnet50,550,0.0097267662088094,1
969,resnet34,350,0.3864954674184693,4
970,resnet34,939,0.8120702549228033,7
971,vgg16,350,0.1139662905811487,4
972,efficientnetb1,939,0.0,1
973,vgg16,350,0.451298059329941,6
974,efficientnetb0,750,0.6483214388113725,4
975,densenet121,350,0.5134540759121593,7
976,vgg19,939,0.7512707723562208,18
977,densenet121,939,0.390359012366206,7
978,efficientnetb2,550,0.7219694682129152,4
979,resnet34,550,0.6271701708292037,6
980,efficientnetb0,550,0.0,1
981,vgg16,939,0.0060710231598882,1
982,efficientnetb1,550,0.6878389778024664,4
983,densenet121,750,0.0279532973407523,2
984,vgg16,550,0.0199271539720846,1
985,efficientnetb0,939,0.0,1
986,resnet34,750,0.1441687792856025,1
987,resnet34,550,0.0,16
988,efficientnetb2,550,1.0,3
989,densenet121,350,0.5134540759121593,7
990,resnet34,750,0.8389123599870303,9
991,efficientnetb0,550,0.7484594574197447,4
992,efficientnetb1,350,0.0,1
993,efficientnetb0,550,0.0843169863849983,8
994,efficientnetb2,750,0.0,1
995,resnet34,939,0.2104748857315504,1
996,vgg16,550,0.0,2
997,vgg16,750,0.0240042451732625,4
998,vgg16,939,0.4173293874259716,5
999,efficientnetb0,350,0.3057373745716766,6
1000,efficientnetb1,750,1.0,3
1001,densenet121,350,0.6263678162488967,5
1002,efficientnetb0,350,1.0,3
1003,resnet34,550,0.4132006712758983,4
1004,vgg16,939,0.5638100259338691,8
1005,resnet50,750,0.098265786808133,1
1006,efficientnetb2,939,1.0,3
1007,resnet34,750,0.0,16
1008,efficientnetb2,750,0.0,1
1009,densenet121,550,0.1410295003434332,9
1010,vgg16,350,0.6117716042882734,8
1011,efficientnetb2,350,1.0,3
1012,efficientnetb2,939,0.0,1
1013,densenet121,939,0.0166311998595305,3
1014,densenet121,750,1.0,6
1015,densenet121,550,0.0731558842200006,11
1016,vgg19,750,0.0061276421520036,2
1017,efficientnetb0,550,0.7484594574197447,4
1018,resnet34,939,0.7089537968694798,4
1019,efficientnetb0,550,1.0,3
1020,densenet121,939,0.0,1
1021,vgg19,550,0.3608150480635607,7
1022,densenet121,350,1.0,6
1023,efficientnetb1,939,1.0,3
1024,resnet50,939,0.481243768988981,4
1025,resnet34,939,0.3385797164144236,2
1026,resnet50,350,0.6807257591827157,8
1027,vgg19,550,0.1248786103205342,4
1028,vgg19,350,0.0047515404264518,2
1029,efficientnetb1,550,0.2436659344100393,2
1030,resnet34,939,0.7020867334437453,8
1031,densenet121,939,0.0,1
1032,resnet50,939,0.481243768988981,4
1033,resnet34,550,0.9073881434347082,9
1034,resnet34,550,0.5238774014052308,5
1035,vgg16,750,0.0835468528760409,3
1036,vgg19,350,0.4051376815444835,5
1037,resnet50,750,1.0,5
1038,efficientnetb1,939,0.0,1
1039,resnet34,939,0.8527581774225047,5
1040,densenet121,350,0.5134540759121593,7
1041,resnet34,939,0.7020867334437453,8
1042,densenet121,550,0.0267032533330688,3
1043,efficientnetb2,350,0.65175093664593,4
1044,vgg19,550,0.7144872600964158,10
1045,efficientnetb0,350,1.0,3
1046,efficientnetb1,550,0.0,1
1047,efficientnetb0,939,1.0,3
1048,efficientnetb0,350,1.0,3
1049,vgg16,550,0.6395986703296175,8
1050,efficientnetb0,939,0.0,1
1051,resnet34,750,0.1441687792856025,1
1052,vgg19,550,0.0192737323606945,1
1053,resnet50,939,0.0,1
1054,vgg19,350,0.4051376815444835,5
1055,resnet34,939,0.3385797164144236,2
1056,efficientnetb0,350,0.4626689598236604,5
1057,densenet121,750,1.0,6
1058,vgg16,350,0.7070851752612257,15
1059,resnet50,750,1.0,5
1060,vgg16,750,0.3719773828090447,7
1061,resnet50,750,1.0,5
1062,efficientnetb1,550,1.0,3
1063,vgg16,550,0.0983706975456484,4
1064,efficientnetb1,550,0.0,1
1065,efficientnetb1,750,0.0,1
1066,vgg16,939,0.0548212617333455,3
1067,vgg16,939,0.5638100259338691,8
1068,efficientnetb2,750,0.6313792880026403,4
1069,efficientnetb2,350,0.65175093664593,4
1070,efficientnetb1,939,1.0,3
1071,vgg16,350,0.0713714441743471,3
1072,efficientnetb2,750,1.0,3
1073,densenet121,939,0.3516434776147618,8
1074,vgg19,350,0.9884623593775808,15
1075,efficientnetb2,750,0.1857252749278613,2
1076,vgg16,939,0.5519575390300896,9
1077,vgg19,939,0.3698836387150448,7
1078,vgg19,939,0.0183675354070255,1
1079,vgg16,350,0.0713714441743471,3
1080,vgg19,550,0.0,2
1081,vgg19,550,0.1248786103205342,4
1082,efficientnetb0,750,1.0,3
1083,densenet121,350,0.1341157974542594,4
1084,vgg16,550,0.873525344145539,10
1085,efficientnetb2,550,1.0,3
1086,vgg19,550,0.4939105417814899,8
1087,vgg19,550,0.4939105417814899,8
1088,resnet34,350,0.2851988166522616,3
1089,densenet121,939,0.390359012366206,7
1090,vgg19,750,0.349757663747874,6
1091,vgg16,939,0.0381294915227273,4
1092,efficientnetb1,350,0.5010852886204035,5
1093,vgg16,939,0.4187967673445678,7
1094,vgg16,550,0.0768889395683232,3
1095,resnet50,550,0.2772450699669692,3
1096,efficientnetb0,939,1.0,3
1097,vgg16,550,0.0199271539720846,1
1098,densenet121,350,0.1527256039349891,9
1099,efficientnetb2,550,1.0,3
1100,vgg16,350,0.4955592672941035,5
1101,efficientnetb2,350,0.65175093664593,4
1102,densenet121,350,1.0,6
1103,vgg19,550,0.527063884872579,9
1104,efficientnetb0,750,1.0,3
1105,efficientnetb2,350,1.0,3
1106,vgg19,750,0.0,1
1107,efficientnetb1,550,1.0,3
1108,efficientnetb0,350,1.0,3
1109,efficientnetb1,939,0.4873612700075253,5
1110,resnet50,350,0.6807257591827157,8
1111,efficientnetb0,939,1.0,3
1112,densenet121,750,0.5014039257956258,7
1113,resnet50,550,0.4611472962789475,4
1114,densenet121,350,1.0,6
1115,vgg16,750,0.0058887013115276,1
1116,densenet121,750,0.6549577219091517,5
1117,resnet50,939,0.0,1
1118,resnet50,550,0.106889737057666,2
1119,efficientnetb2,750,0.6313792880026403,4
1120,efficientnetb1,550,1.0,3
1121,densenet121,550,0.5224277109043235,7
1122,efficientnetb1,550,1.0,3
1123,resnet50,550,0.4611472962789475,4
1124,vgg16,550,0.0199271539720846,1
1125,vgg16,350,0.0713714441743471,3
1126,efficientnetb0,350,0.4626689598236604,5
1127,densenet121,939,0.133680659859905,4
1128,resnet34,939,0.2104748857315504,1
1129,efficientnetb0,550,1.0,3
1130,resnet50,750,0.8540914514899219,6
1131,efficientnetb2,750,0.1857252749278613,2
1132,resnet34,750,0.2410892387851116,13
1133,densenet121,550,0.6262433485833546,5
1134,densenet121,939,1.0,6
1135,efficientnetb1,939,0.2284047954549483,2
1136,efficientnetb2,350,0.0,1
1137,vgg19,939,0.0183675354070255,1
1138,vgg19,750,0.9936879963126718,15
1139,efficientnetb1,750,1.0,3
1140,efficientnetb0,750,1.0,3
1141,resnet50,750,0.8540914514899219,6
1142,efficientnetb1,550,0.2436659344100393,2
1143,vgg19,550,1.0,15
1144,vgg16,939,0.4173293874259716,5
1145,resnet34,550,0.2165759106887793,2
1146,efficientnetb2,350,1.0,3
1147,efficientnetb1,939,0.2284047954549483,2
1148,efficientnetb0,939,0.2344467476320147,6
1149,resnet50,939,1.0,6
1150,resnet50,750,0.5242927837491854,3
1151,resnet34,750,0.1933703739951124,14
1152,efficientnetb0,350,1.0,3
1153,resnet34,750,0.2101132021199169,2
1154,vgg16,939,0.4031740758458291,6
1155,efficientnetb2,350,0.1727158782926704,2
1156,efficientnetb2,350,0.1727158782926704,2
1157,efficientnetb0,750,0.0665010548114934,7
1158,densenet121,939,0.4858756243316292,5
1159,efficientnetb1,939,1.0,3
1160,densenet121,939,0.0,1
1161,efficientnetb0,939,0.245393377540531,2
1162,vgg19,939,0.3698836387150448,7
1163,vgg19,750,0.7134880992516057,11
1164,resnet50,350,0.0948151869136176,2
1165,efficientnetb0,350,1.0,3
1166,resnet34,550,0.2165759106887793,2
1167,resnet34,750,0.1441687792856025,1
1168,vgg16,750,0.0,2
1169,vgg19,550,1.0,15
1170,densenet121,350,0.6263678162488967,5
1171,efficientnetb1,750,0.0,1
1172,resnet50,550,0.8215124558966982,7
1173,densenet121,750,0.0279532973407523,2
1174,resnet50,750,0.098265786808133,1
1175,efficientnetb1,939,1.0,3
1176,efficientnetb1,350,0.5010852886204035,5
1177,efficientnetb1,550,0.0,1
1178,vgg16,350,0.0,1
1179,vgg19,939,0.7038804657074393,11
1180,resnet50,750,0.8540914514899219,6
1181,vgg19,350,0.4051376815444835,5
1182,resnet34,550,0.6454523732312784,10
1183,resnet34,550,0.2220048411102312,12
1184,efficientnetb1,750,0.7228690296773087,4
1185,efficientnetb2,550,1.0,3
1186,vgg16,939,0.5519575390300896,9
1187,resnet50,550,0.1774641097234567,13
1188,vgg19,350,0.0047515404264518,2
1189,resnet34,350,1.0,8
1190,efficientnetb2,550,1.0,3
1191,resnet50,750,0.5242927837491854,3
1192,efficientnetb0,350,0.0,1
1193,efficientnetb0,939,0.5462134982716761,5
1194,densenet121,550,0.0266970250369456,2
1195,vgg16,350,1.0,12
1196,densenet121,750,0.0,1
1197,resnet50,939,0.4611727687596107,9
1198,efficientnetb2,350,1.0,3
1199,resnet34,350,0.4048286739573794,12
1200,efficientnetb0,750,0.4450311925360435,5
1201,efficientnetb0,550,1.0,3
1202,densenet121,550,1.0,6
1203,resnet50,939,0.1929263993625516,13
1204,efficientnetb0,750,0.221102352041803,2
1205,densenet121,550,0.0,1
1206,efficientnetb1,350,0.7181138626700144,4
1207,resnet50,550,0.8501913432605966,5
1208,vgg16,550,0.0199271539720846,1
1209,efficientnetb2,550,0.1997439170806723,2
1210,vgg19,350,0.0,1
1211,vgg19,550,0.1112152559945396,3
1212,efficientnetb0,750,1.0,3
1213,vgg16,750,0.5870702344568659,8
1214,vgg16,939,0.0381294915227273,4
1215,vgg19,750,0.3954673323042385,5
1216,efficientnetb2,750,1.0,3
1217,efficientnetb1,939,0.2284047954549483,2
1218,resnet50,350,0.0174859151390518,1
1219,densenet121,939,0.390359012366206,7
1220,resnet50,350,0.0174859151390518,1
1221,vgg16,350,0.0,1
1222,densenet121,939,0.0,1
1223,resnet50,939,0.1412757250508847,2
1224,resnet50,550,1.0,6
1225,efficientnetb2,550,1.0,3
1226,efficientnetb1,350,0.0,1
1227,efficientnetb1,350,0.0,1
1228,efficientnetb0,939,0.0,1
1229,resnet50,939,0.8248723661787692,5
1230,efficientnetb0,939,0.245393377540531,2
1231,efficientnetb1,550,1.0,3
1232,efficientnetb2,550,1.0,3
1233,efficientnetb1,939,1.0,3
1234,efficientnetb0,550,0.7484594574197447,4
1235,vgg16,550,0.0768889395683232,3
1236,efficientnetb1,350,0.7181138626700144,4
1237,densenet121,939,0.0230700539672484,2
1238,resnet34,750,0.416342836798379,4
1239,vgg16,750,0.0835468528760409,3
1240,efficientnetb1,350,0.7181138626700144,4
1241,efficientnetb2,939,0.2064582521296088,2
1242,vgg19,750,0.1063831635744575,4
1243,vgg19,350,0.0047515404264518,2
1244,vgg19,550,0.1112152559945396,3
1245,efficientnetb2,939,0.4515770715118704,5
1246,vgg16,939,0.0060710231598882,1
1247,vgg16,350,0.0,1
1248,vgg16,350,0.6117716042882734,8
1249,resnet34,750,0.4742055237385399,5
1250,vgg19,939,0.3144631067328258,6
1251,efficientnetb0,939,0.0,1
1252,efficientnetb1,550,1.0,3
1253,efficientnetb2,350,0.0,1
1254,efficientnetb0,350,0.0,1
1255,resnet34,350,0.6392378211717704,6
1256,vgg19,750,0.3776216428097246,7
1257,resnet34,550,0.1426819901860775,1
1258,efficientnetb0,350,1.0,3
1259,densenet121,939,0.3516434776147618,8
1260,densenet121,550,0.0,1
1261,efficientnetb1,939,1.0,3
1262,efficientnetb0,750,0.0,1
1263,efficientnetb2,550,1.0,3
1264,densenet121,350,0.0321065308334073,2
1265,vgg16,750,0.0058887013115276,1
1266,efficientnetb2,750,1.0,3
1267,efficientnetb1,350,0.2323535341648464,2
1268,efficientnetb0,550,0.290069122860228,2
1269,vgg19,350,0.0,1
1270,efficientnetb0,350,1.0,3
1271,efficientnetb0,750,1.0,3
1272,efficientnetb2,750,0.496642919782067,5
1273,resnet50,939,0.3012988939538109,3
1274,resnet34,550,0.2220048411102312,12
1275,efficientnetb2,550,1.0,3
1276,efficientnetb2,550,1.0,3
1277,resnet34,350,0.9419697554794192,9
1278,densenet121,550,0.6262433485833546,5
1279,vgg16,750,0.9989474447948092,13
1280,vgg16,750,0.3927521762586766,6
1281,efficientnetb0,350,0.7221681243288518,4
1282,efficientnetb1,550,1.0,3
1283,efficientnetb1,939,1.0,3
1284,vgg16,750,0.0240042451732625,4
1285,densenet121,939,0.4858756243316292,5
1286,densenet121,350,0.0523859604428457,3
1287,vgg16,750,0.9989474447948092,13
1288,vgg16,939,0.4031740758458291,6
1289,vgg16,939,0.0,2
1290,densenet121,550,0.0267032533330688,3
1291,densenet121,550,1.0,6
1292,efficientnetb1,550,1.0,3
1293,efficientnetb0,939,0.245393377540531,2
1294,densenet121,750,0.6549577219091517,5
1295,vgg16,550,0.4337023661646058,6
1296,densenet121,939,0.4858756243316292,5
1297,efficientnetb1,350,1.0,3
1298,resnet50,550,1.0,6
1299,resnet50,550,1.0,6
1300,efficientnetb2,550,0.7219694682129152,4
1301,vgg16,750,0.3719773828090447,7
1302,resnet34,350,0.1157963719048598,1
1303,resnet34,350,0.1157963719048598,1
1304,vgg16,550,0.6336692532833877,9
1305,vgg16,350,0.6122688308267832,9
1306,efficientnetb2,750,1.0,3
1307,densenet121,939,1.0,6
1308,vgg16,750,0.3719773828090447,7
1309,vgg16,550,0.6944058532919857,15
1310,resnet34,750,0.3301584795875527,3
1311,vgg16,550,0.0983706975456484,4
1312,efficientnetb2,939,1.0,3
1313,efficientnetb1,750,1.0,3
1314,densenet121,939,0.4858756243316292,5
1315,densenet121,550,0.0,1
1316,resnet34,939,1.0,6
1317,efficientnetb0,550,0.0,1
1318,resnet50,550,0.0097267662088094,1
1319,vgg16,750,0.5870702344568659,8
1320,resnet50,750,0.5242927837491854,3
1321,resnet50,550,0.4611472962789475,4
1322,efficientnetb2,350,1.0,3
1323,vgg16,750,0.3719773828090447,7
1324,efficientnetb1,939,0.2284047954549483,2
1325,vgg19,939,0.0183675354070255,1
1326,efficientnetb1,350,1.0,3
1327,efficientnetb0,750,1.0,3
1328,efficientnetb0,939,1.0,3
1329,resnet34,750,0.416342836798379,4
1330,resnet34,550,1.0,8
1331,vgg16,350,0.0713714441743471,3
1332,efficientnetb0,550,0.7484594574197447,4
1333,resnet50,939,0.1412757250508847,2
1334,densenet121,750,0.6549577219091517,5
1335,vgg19,750,0.9636492577949504,13
1336,efficientnetb2,939,1.0,3
1337,densenet121,939,0.4858756243316292,5
1338,efficientnetb1,550,0.2436659344100393,2
1339,densenet121,750,0.0357436179754728,3
1340,resnet34,750,0.7880649919244954,7
1341,densenet121,350,0.0321065308334073,2
1342,vgg19,939,0.6821322371858641,10
1343,resnet50,550,0.106889737057666,2
1344,efficientnetb1,550,1.0,3
1345,efficientnetb0,550,0.7484594574197447,4
1346,efficientnetb1,550,1.0,3
1347,densenet121,750,1.0,6
1348,efficientnetb1,939,1.0,3
1349,efficientnetb0,750,1.0,3
1350,efficientnetb0,750,1.0,3
1351,efficientnetb0,350,1.0,3
1352,vgg16,750,0.6199568106045172,9
1353,efficientnetb1,939,1.0,3
1354,efficientnetb0,550,1.0,3
1355,efficientnetb2,550,0.1997439170806723,2
1356,densenet121,750,0.6549577219091517,5
1357,vgg19,550,0.4939105417814899,8
1358,vgg16,750,0.9989474447948092,13
1359,efficientnetb2,939,1.0,3
1360,efficientnetb1,550,1.0,3
1361,efficientnetb1,939,1.0,3
1362,resnet34,939,0.5254802820550293,3
1363,resnet34,550,1.0,8
1364,resnet34,939,0.5254802820550293,3
1365,resnet34,350,0.1157963719048598,1
1366,vgg16,750,0.3719773828090447,7
1367,densenet121,350,1.0,6
1368,efficientnetb2,550,1.0,3
1369,resnet34,750,0.1441687792856025,1
1370,efficientnetb1,550,1.0,3
1371,efficientnetb1,350,0.2323535341648464,2
1372,efficientnetb2,750,1.0,3
1373,vgg16,750,0.0240042451732625,4
1374,efficientnetb0,939,0.6801221238861833,4
1375,resnet34,750,0.416342836798379,4
1376,efficientnetb2,350,1.0,3
1377,densenet121,350,0.6263678162488967,5
1378,efficientnetb1,939,0.7039994792384792,4
1379,resnet50,350,0.4097205423764233,4
1380,efficientnetb0,350,1.0,3
1381,resnet34,939,0.3678455557746687,11
1382,efficientnetb0,350,1.0,3
1383,efficientnetb0,550,0.7484594574197447,4
1384,vgg19,550,0.7603022178684953,17
1385,resnet34,350,0.0,16
1386,efficientnetb2,550,1.0,3
1387,efficientnetb0,350,1.0,3
1388,resnet34,939,0.7089537968694798,4
1389,densenet121,550,0.6262433485833546,5
1390,efficientnetb1,350,1.0,3
1391,efficientnetb0,350,0.7221681243288518,4
1392,efficientnetb0,350,0.2601845258832877,2
1393,efficientnetb1,939,1.0,3
1394,efficientnetb0,750,0.6483214388113725,4
1395,densenet121,750,0.6549577219091517,5
1396,efficientnetb2,550,1.0,3
1397,densenet121,550,0.6262433485833546,5
1398,efficientnetb1,750,1.0,3
1399,efficientnetb1,350,0.7181138626700144,4
1400,efficientnetb1,939,1.0,3
1401,resnet34,350,0.9419697554794192,9
1402,densenet121,750,0.0279532973407523,2
1403,vgg16,550,0.0,2
1404,vgg19,939,0.0,2
1405,efficientnetb0,550,0.0,1
1406,vgg19,550,0.3608150480635607,7
1407,resnet50,350,0.8830285561177872,5
1408,resnet50,750,0.692684175445151,7
1409,efficientnetb2,939,0.0,1
1410,densenet121,750,0.6549577219091517,5
1411,vgg19,350,0.0,1
1412,efficientnetb1,939,1.0,3
1413,efficientnetb2,939,1.0,3
1414,resnet50,350,0.6807257591827157,8
1415,efficientnetb1,350,1.0,3
1416,resnet50,550,0.106889737057666,2
1417,vgg16,939,0.8568556422949929,11
1418,resnet34,550,0.2165759106887793,2
1419,vgg16,350,0.0,1
1420,vgg16,939,0.0060710231598882,1
1421,resnet50,939,0.8248723661787692,5
1422,resnet50,550,0.106889737057666,2
1423,densenet121,350,0.6263678162488967,5
1424,efficientnetb2,750,1.0,3
1425,efficientnetb1,939,0.7039994792384792,4
1426,efficientnetb2,939,1.0,3
1427,resnet34,939,0.5254802820550293,3
1428,densenet121,939,0.4858756243316292,5
1429,resnet50,750,0.3344894405367239,2
1430,resnet50,550,0.4611472962789475,4
1431,resnet34,939,0.449819155975815,10
1432,resnet50,550,0.8215124558966982,7
1433,efficientnetb2,350,0.65175093664593,4
1434,vgg16,939,0.0381294915227273,4
1435,efficientnetb0,550,1.0,3
1436,efficientnetb2,750,1.0,3
1437,efficientnetb2,350,1.0,3
1438,resnet34,550,0.5238774014052308,5
1439,densenet121,750,0.6549577219091517,5
1440,resnet50,939,1.0,6
1441,resnet34,750,0.0,16
1442,vgg19,939,0.7537426666757167,12
1443,resnet50,939,0.1412757250508847,2
1444,efficientnetb1,550,0.0,1
1445,efficientnetb0,750,0.6483214388113725,4
1446,vgg19,939,0.3698836387150448,7
1447,vgg19,350,0.3463718988145903,7
1448,densenet121,350,0.6263678162488967,5
1449,vgg16,350,0.0713714441743471,3
1450,resnet50,750,0.5242927837491854,3
1451,efficientnetb1,750,1.0,3
1452,efficientnetb2,939,0.0,1
1453,vgg19,550,1.0,15
1454,efficientnetb0,939,1.0,3
1455,resnet50,750,0.692684175445151,7
1456,efficientnetb0,939,0.245393377540531,2
1457,efficientnetb1,750,1.0,3
1458,vgg19,750,0.0863442753339673,3
1459,efficientnetb0,350,1.0,3
1460,resnet34,939,0.5574747946963727,9
1461,vgg16,750,0.0835468528760409,3
1462,vgg19,750,0.0,1
1463,resnet34,750,0.6733833829902832,6
1464,densenet121,350,0.0321065308334073,2
1465,efficientnetb0,939,0.245393377540531,2
1466,vgg19,550,0.527063884872579,9
1467,efficientnetb1,550,1.0,3
1468,densenet121,750,0.6549577219091517,5
1469,resnet34,550,0.2165759106887793,2
1470,vgg19,939,0.0,2
1471,vgg19,350,0.7439023030951907,11
1472,resnet34,350,0.9419697554794192,9
1473,efficientnetb0,550,0.290069122860228,2
1474,vgg16,550,0.6336692532833877,9
1475,vgg19,550,0.7144872600964158,10
1476,vgg16,350,0.0713714441743471,3
1477,vgg19,750,0.1063831635744575,4
1478,efficientnetb0,350,0.7221681243288518,4
1479,efficientnetb0,350,0.2601845258832877,2
1480,vgg16,350,0.9150494503700808,13
1481,efficientnetb0,750,0.6483214388113725,4
1482,efficientnetb2,939,1.0,3
1483,resnet34,350,1.0,8
1484,efficientnetb2,550,1.0,3
1485,densenet121,750,0.6549577219091517,5
1486,vgg16,350,0.9277415950475124,14
1487,efficientnetb0,350,0.7221681243288518,4
1488,densenet121,350,0.6263678162488967,5
1489,efficientnetb1,350,1.0,3
1490,vgg19,750,0.3954673323042385,5
1491,resnet50,750,1.0,5
1492,resnet34,939,0.5254802820550293,3
1493,resnet34,550,0.5305250673887995,11
1494,efficientnetb2,550,1.0,3
1495,efficientnetb0,550,0.290069122860228,2
1496,resnet34,550,0.9073881434347082,9
1497,efficientnetb0,350,1.0,3
1498,resnet50,939,0.6400205520491736,8
1499,vgg16,939,0.0381294915227273,4
1500,efficientnetb2,350,1.0,3
1501,resnet50,350,0.4097205423764233,4
1502,vgg16,350,0.6122688308267832,9
1503,vgg16,350,0.451298059329941,6
1504,resnet50,939,0.3012988939538109,3
1505,densenet121,750,0.6549577219091517,5
1506,densenet121,550,1.0,6
1507,efficientnetb0,350,1.0,3
1508,efficientnetb0,939,1.0,3
1509,vgg19,350,0.0,1
1510,efficientnetb2,750,0.1857252749278613,2
1511,efficientnetb0,939,1.0,3
1512,densenet121,550,0.0,1
1513,vgg16,550,0.873525344145539,10
1514,efficientnetb0,550,1.0,3
1515,resnet34,939,0.7020867334437453,8
1516,efficientnetb2,350,0.65175093664593,4
1517,vgg19,750,0.7134880992516057,11
1518,densenet121,750,0.6549577219091517,5
1519,vgg16,750,0.3719773828090447,7
1520,efficientnetb2,750,1.0,3
1521,resnet50,350,0.6807257591827157,8
1522,efficientnetb1,550,1.0,3
1523,resnet50,550,0.4611472962789475,4
1524,efficientnetb2,750,1.0,3
1525,resnet34,939,1.0,6
1526,vgg19,550,0.527063884872579,9
1527,resnet50,350,0.4097205423764233,4
1528,resnet50,550,0.8215124558966982,7
1529,resnet50,550,0.4611472962789475,4
1530,resnet34,939,0.7020867334437453,8
1531,vgg19,350,0.063159932094785,4
1532,efficientnetb1,750,1.0,3
1533,efficientnetb1,350,0.0,1
1534,efficientnetb1,750,0.258386396623143,2
1535,resnet34,550,0.9073881434347082,9
1536,efficientnetb0,550,1.0,3
1537,densenet121,550,0.6262433485833546,5
1538,densenet121,350,0.6263678162488967,5
1539,densenet121,350,0.5134540759121593,7
1540,resnet34,939,0.7020867334437453,8
1541,resnet34,350,0.19930012289416,2
1542,resnet50,939,0.0,1
1543,efficientnetb2,750,0.6313792880026403,4
1544,efficientnetb1,350,1.0,3
1545,vgg16,750,0.9989474447948092,13
1546,vgg19,350,0.9884623593775808,15
1547,vgg19,550,0.1112152559945396,3
1548,efficientnetb1,550,1.0,3
1549,efficientnetb0,350,1.0,3
1550,resnet50,350,0.4097205423764233,4
1551,resnet34,939,0.7020867334437453,8
1552,resnet50,350,0.8169515861153699,7
1553,efficientnetb1,750,1.0,3
1554,efficientnetb1,750,1.0,3
1555,efficientnetb0,939,0.0,1
1556,efficientnetb0,550,1.0,3
1557,efficientnetb0,350,0.7221681243288518,4
1558,vgg16,939,1.0,13
1559,vgg16,350,0.0713714441743471,3
1560,efficientnetb0,750,1.0,3
1561,resnet34,939,0.5254802820550293,3
1562,efficientnetb1,939,0.7039994792384792,4
1563,resnet50,939,0.8248723661787692,5
1564,vgg16,750,0.9989474447948092,13
1565,efficientnetb2,750,0.6313792880026403,4
1566,efficientnetb1,939,1.0,3
1567,efficientnetb2,350,1.0,3
1568,vgg19,550,0.9153142027929496,13
1569,vgg19,350,0.0047515404264518,2
1570,efficientnetb2,550,0.1997439170806723,2
1571,densenet121,350,0.5134540759121593,7
1572,densenet121,939,1.0,6
1573,efficientnetb0,939,0.5462134982716761,5
1574,efficientnetb2,750,1.0,3
1575,vgg16,550,0.873525344145539,10
1576,resnet34,350,0.19930012289416,2
1577,vgg19,550,0.3630539177738009,6
1578,densenet121,750,0.6549577219091517,5
1579,efficientnetb0,750,0.0,1
1580,densenet121,550,0.6262433485833546,5
1581,efficientnetb0,350,0.7221681243288518,4
1582,vgg19,350,0.3463718988145903,7
1583,efficientnetb2,939,1.0,3
1584,efficientnetb2,350,1.0,3
1585,efficientnetb0,550,1.0,3
1586,efficientnetb0,350,1.0,3
1587,vgg16,550,0.6395986703296175,8
1588,resnet34,750,0.416342836798379,4
1589,resnet34,750,0.6702494870914867,10
1590,vgg19,750,0.349757663747874,6
1591,vgg16,939,0.5519575390300896,9
1592,resnet50,350,0.8830285561177872,5
1593,vgg19,550,0.1112152559945396,3
1594,efficientnetb2,750,1.0,3
1595,efficientnetb2,350,0.0,1
1596,resnet50,550,0.106889737057666,2
1597,vgg16,550,0.873525344145539,10
1598,vgg16,939,0.986973209346794,14
1599,efficientnetb0,350,1.0,3
1600,efficientnetb1,550,1.0,3
1601,efficientnetb1,350,1.0,3
1602,resnet50,550,0.106889737057666,2
1603,vgg19,550,0.93432282209291,16
1604,vgg16,750,0.0,2
1605,vgg19,939,0.0183675354070255,1
1606,efficientnetb0,939,1.0,3
1607,resnet50,550,1.0,6
1608,efficientnetb1,939,0.7039994792384792,4
1609,resnet34,550,0.8215653788441881,7
1610,vgg16,939,0.0060710231598882,1
1611,resnet34,750,0.2101132021199169,2
1612,efficientnetb2,350,1.0,3
1613,vgg19,939,0.3698836387150448,7
1614,vgg16,939,0.7391812735874347,15
1615,densenet121,750,0.6549577219091517,5
1616,vgg16,750,0.0058887013115276,1
1617,resnet34,939,0.5574747946963727,9
1618,resnet50,939,1.0,6
1619,efficientnetb2,350,1.0,3
1620,resnet34,939,0.1356092450434041,14
1621,efficientnetb2,550,1.0,3
1622,efficientnetb2,750,0.6313792880026403,4
1623,efficientnetb0,750,1.0,3
1624,resnet50,939,0.8017819857800019,7
1625,vgg16,750,0.0,2
1626,efficientnetb2,550,0.7219694682129152,4
1627,vgg19,750,0.3776216428097246,7
1628,vgg19,550,0.1112152559945396,3
1629,efficientnetb1,750,1.0,3
1630,efficientnetb2,750,1.0,3
1631,efficientnetb0,750,0.6483214388113725,4
1632,efficientnetb0,550,1.0,3
1633,efficientnetb2,350,0.65175093664593,4
1634,densenet121,350,1.0,6
1635,vgg16,939,0.8568556422949929,11
1636,vgg19,350,0.3463718988145903,7
1637,vgg16,350,0.451298059329941,6
1638,efficientnetb1,939,1.0,3
1639,efficientnetb1,550,0.0,1
1640,efficientnetb2,350,1.0,3
1641,resnet50,939,1.0,6
1642,densenet121,350,0.0523859604428457,3
1643,resnet34,350,0.7134974009725887,10
1644,efficientnetb2,939,1.0,3
1645,densenet121,939,0.4858756243316292,5
1646,densenet121,750,0.6549577219091517,5
1647,densenet121,550,1.0,6
1648,densenet121,550,0.5224277109043235,7
1649,vgg19,939,1.0,15
1650,densenet121,939,0.4858756243316292,5
1651,vgg19,350,0.1104026426586838,3
1652,vgg19,939,0.3786480345124817,5
1653,efficientnetb0,350,1.0,3
1654,densenet121,350,0.6263678162488967,5
1655,vgg16,550,1.0,12
1656,resnet50,750,1.0,5
1657,resnet34,350,0.1157963719048598,1
1658,densenet121,939,0.4858756243316292,5
1659,vgg19,750,0.9636492577949504,13
1660,resnet50,750,0.9081489241651808,4
1661,resnet34,939,0.3678455557746687,11
1662,vgg16,939,0.986973209346794,14
1663,efficientnetb0,750,0.221102352041803,2
1664,efficientnetb0,350,0.0,1
1665,efficientnetb1,939,0.7039994792384792,4
1666,vgg19,939,0.3786480345124817,5
1667,resnet34,939,0.5254802820550293,3
1668,vgg19,750,0.3954673323042385,5
1669,densenet121,750,0.6549577219091517,5
1670,resnet34,550,0.2165759106887793,2
1671,resnet34,350,0.1157963719048598,1
1672,densenet121,350,0.6263678162488967,5
1673,densenet121,939,0.4858756243316292,5
1674,resnet34,350,0.9419697554794192,9
1675,resnet34,350,0.3864954674184693,4
1676,efficientnetb0,939,1.0,3
1677,vgg19,350,0.7874284582909132,17
1678,efficientnetb2,550,1.0,3
1679,efficientnetb1,939,0.7039994792384792,4
1680,efficientnetb2,939,0.2064582521296088,2
1681,efficientnetb1,550,0.0,1
1682,vgg16,939,0.5519575390300896,9
1683,resnet50,750,0.3344894405367239,2
1684,efficientnetb2,939,1.0,3
1685,resnet34,350,0.6392378211717704,6
1686,efficientnetb0,550,0.290069122860228,2
1687,resnet50,350,0.0174859151390518,1
1688,resnet34,550,0.2165759106887793,2
1689,efficientnetb1,750,1.0,3
1690,efficientnetb2,550,1.0,3
1691,resnet50,939,0.6400205520491736,8
1692,efficientnetb2,939,1.0,3
1693,efficientnetb1,350,1.0,3
1694,resnet34,350,0.5163674653124631,5
1695,densenet121,550,0.6262433485833546,5
1696,vgg16,939,0.7391812735874347,15
1697,efficientnetb0,550,0.0,1
1698,efficientnetb1,550,1.0,3
1699,efficientnetb0,550,1.0,3
1700,vgg19,750,1.0,16
1701,resnet50,550,0.8501913432605966,5
1702,vgg19,550,0.0192737323606945,1
1703,resnet34,939,0.261368264849742,12
1704,efficientnetb1,350,0.7181138626700144,4
1705,vgg19,939,0.1144285467096243,4
1706,efficientnetb1,350,0.0,1
1707,densenet121,550,0.0,1
1708,efficientnetb2,350,1.0,3
1709,efficientnetb0,939,1.0,3
1710,resnet50,550,0.8501913432605966,5
1711,efficientnetb0,350,1.0,3
1712,vgg16,550,0.0,2
1713,densenet121,550,0.6262433485833546,5
1714,densenet121,750,0.6549577219091517,5
1715,resnet50,939,1.0,6
1716,vgg16,939,0.986973209346794,14
1717,resnet34,939,0.7020867334437453,8
1718,resnet50,750,0.692684175445151,7
1719,vgg19,550,0.9153142027929496,13
1720,resnet34,350,0.4048286739573794,12
1721,efficientnetb2,350,1.0,3
1722,efficientnetb0,350,1.0,3
1723,efficientnetb2,750,0.496642919782067,5
1724,vgg19,750,0.7555996769548718,17
1725,efficientnetb1,350,1.0,3
1726,efficientnetb2,750,1.0,3
1727,resnet34,750,0.3301584795875527,3
1728,vgg16,350,0.9208348165236296,10
1729,resnet50,939,0.8017819857800019,7
1730,resnet50,550,0.2772450699669692,3
1731,densenet121,350,0.6263678162488967,5
1732,resnet50,350,0.6807257591827157,8
1733,efficientnetb0,350,1.0,3
1734,densenet121,550,0.6262433485833546,5
1735,resnet50,939,0.6400205520491736,8
1736,efficientnetb1,750,1.0,3
1737,densenet121,550,0.5224277109043235,7
1738,resnet34,750,0.2101132021199169,2
1739,efficientnetb2,550,0.0,1
1740,resnet50,550,0.106889737057666,2
1741,efficientnetb2,550,1.0,3
1742,vgg16,750,1.0,14
1743,vgg19,750,0.3776216428097246,7
1744,densenet121,939,0.4858756243316292,5
1745,efficientnetb2,939,1.0,3
1746,efficientnetb1,939,0.7039994792384792,4
1747,vgg19,350,0.9884623593775808,15
1748,efficientnetb0,750,1.0,3
1749,resnet34,750,0.503125777232975,11
1750,vgg16,750,0.0835468528760409,3
1751,efficientnetb0,550,0.0,1
1752,efficientnetb1,350,1.0,3
1753,resnet34,750,0.1441687792856025,1
1754,efficientnetb2,550,1.0,3
1755,efficientnetb1,350,0.0,1
1756,efficientnetb2,550,1.0,3
1757,resnet50,939,0.1412757250508847,2
1758,efficientnetb2,550,1.0,3
1759,vgg16,550,1.0,12
1760,vgg16,750,0.7930687335281449,10
1761,efficientnetb0,550,0.7484594574197447,4
1762,resnet34,939,0.2104748857315504,1
1763,efficientnetb1,350,0.2323535341648464,2
1764,resnet50,350,0.8169515861153699,7
1765,efficientnetb2,750,1.0,3
1766,efficientnetb1,350,1.0,3
1767,efficientnetb2,939,1.0,3
1768,resnet50,939,0.8248723661787692,5
1769,vgg16,350,0.1139662905811487,4
1770,efficientnetb2,750,1.0,3
1771,densenet121,350,0.6263678162488967,5
1772,densenet121,350,1.0,6
1773,efficientnetb2,750,0.1857252749278613,2
1774,resnet34,550,0.4132006712758983,4
1775,efficientnetb1,350,0.2323535341648464,2
1776,densenet121,550,0.6262433485833546,5
1777,resnet50,550,0.4611472962789475,4
1778,efficientnetb2,750,1.0,3
1779,efficientnetb2,350,1.0,3
1780,efficientnetb0,550,1.0,3
1781,efficientnetb2,550,1.0,3
1782,efficientnetb0,350,0.0,1
1783,efficientnetb1,750,1.0,3
1784,densenet121,350,1.0,6
1785,vgg19,350,0.0,1
1786,resnet50,550,0.8501913432605966,5
1787,vgg19,750,0.3954673323042385,5
1788,vgg19,350,0.063159932094785,4
1789,efficientnetb2,939,0.2064582521296088,2
1790,efficientnetb2,750,1.0,3
1791,resnet50,550,0.2772450699669692,3
1792,efficientnetb1,350,1.0,3
1793,efficientnetb2,550,0.0,1
1794,efficientnetb1,750,1.0,3
1795,densenet121,750,0.6549577219091517,5
1796,efficientnetb1,550,1.0,3
1797,efficientnetb2,939,0.6509085704414946,4
1798,vgg16,350,0.9208348165236296,10
1799,vgg16,939,0.986973209346794,14
1800,efficientnetb2,939,0.6509085704414946,4
1801,densenet121,550,1.0,6
1802,resnet50,750,0.692684175445151,7
1803,resnet50,550,0.4611472962789475,4
1804,efficientnetb1,939,1.0,3
1805,densenet121,550,0.6262433485833546,5
1806,resnet34,939,0.2104748857315504,1
1807,efficientnetb0,350,0.7221681243288518,4
1808,vgg19,939,0.958551617010162,14
1809,resnet50,750,1.0,5
1810,vgg19,350,0.7647138013706365,12
1811,efficientnetb2,350,1.0,3
1812,resnet34,750,0.1441687792856025,1
1813,efficientnetb2,939,1.0,3
1814,efficientnetb1,550,1.0,3
1815,efficientnetb0,939,1.0,3
1816,resnet34,750,0.6702494870914867,10
1817,efficientnetb0,750,1.0,3
1818,efficientnetb2,939,1.0,3
1819,resnet34,550,0.5238774014052308,5
1820,efficientnetb1,350,0.7181138626700144,4
1821,efficientnetb0,350,1.0,3
1822,efficientnetb2,350,0.1727158782926704,2
1823,resnet50,550,0.8215124558966982,7
1824,efficientnetb2,939,1.0,3
1825,efficientnetb2,750,1.0,3
1826,vgg19,939,0.4817677379651593,9
1827,efficientnetb1,550,1.0,3
1828,densenet121,750,1.0,6
1829,densenet121,550,0.6262433485833546,5
1830,efficientnetb0,939,1.0,3
1831,resnet50,750,0.8540914514899219,6
1832,densenet121,750,1.0,6
1833,vgg19,939,0.7537426666757167,12
1834,resnet34,350,0.2851988166522616,3
1835,efficientnetb1,350,1.0,3
1836,resnet34,550,1.0,8
1837,efficientnetb0,939,1.0,3
1838,efficientnetb2,550,1.0,3
1839,densenet121,939,0.133680659859905,4
1840,resnet50,350,1.0,6
1841,resnet34,750,0.7880649919244954,7
1842,efficientnetb2,939,1.0,3
1843,efficientnetb1,350,0.7181138626700144,4
1844,vgg16,350,1.0,12
1845,efficientnetb1,350,0.2323535341648464,2
1846,efficientnetb1,939,1.0,3
1847,efficientnetb1,939,1.0,3
1848,efficientnetb1,750,1.0,3
1849,efficientnetb0,350,1.0,3
1850,efficientnetb1,550,1.0,3
1851,resnet50,550,0.8215124558966982,7
1852,efficientnetb2,550,1.0,3
1853,densenet121,350,0.6263678162488967,5
1854,efficientnetb0,939,0.6801221238861833,4
1855,resnet50,350,0.6807257591827157,8
1856,densenet121,350,0.0523859604428457,3
1857,vgg16,550,0.0199271539720846,1
1858,efficientnetb2,550,1.0,3
1859,vgg19,750,0.9636492577949504,13
1860,resnet50,939,0.481243768988981,4
1861,resnet34,939,0.449819155975815,10
1862,vgg19,350,1.0,16
1863,densenet121,350,0.6263678162488967,5
1864,densenet121,550,0.6262433485833546,5
1865,vgg16,550,1.0,12
1866,resnet50,750,0.9081489241651808,4
1867,vgg16,939,0.0060710231598882,1
1868,resnet34,939,0.7020867334437453,8
1869,efficientnetb2,750,1.0,3
1870,vgg19,750,0.1063831635744575,4
1871,efficientnetb0,550,1.0,3
1872,resnet34,750,1.0,8
1873,efficientnetb1,350,0.7181138626700144,4
1874,efficientnetb2,350,0.0,1
1875,efficientnetb0,939,1.0,3
1876,efficientnetb0,939,1.0,3
1877,resnet50,550,0.4611472962789475,4
1878,resnet50,939,0.8248723661787692,5
1879,vgg19,939,0.9322438807363724,13
1880,vgg16,350,0.6117716042882734,8
1881,resnet34,939,0.8120702549228033,7
1882,vgg19,750,0.349757663747874,6
1883,efficientnetb0,750,1.0,3
1884,efficientnetb2,350,0.65175093664593,4
1885,resnet34,939,0.8120702549228033,7
1886,efficientnetb2,939,1.0,3
1887,efficientnetb0,939,1.0,3
1888,resnet50,939,0.8248723661787692,5
1889,resnet50,350,0.8169515861153699,7
1890,densenet121,350,0.6263678162488967,5
1891,efficientnetb2,939,0.6509085704414946,4
1892,efficientnetb2,939,1.0,3
1893,resnet50,350,0.2365622217411404,3
1894,vgg16,350,0.968053827189964,11
1895,densenet121,550,0.6262433485833546,5
1896,efficientnetb2,750,0.6313792880026403,4
1897,efficientnetb1,750,1.0,3
1898,vgg19,750,0.1063831635744575,4
1899,vgg16,939,0.5638100259338691,8
1900,resnet50,550,1.0,6
1901,efficientnetb2,939,0.2064582521296088,2
1902,vgg16,550,0.9461219284703368,13
1903,vgg16,750,0.0,2
1904,vgg16,350,0.0238402416290037,2
1905,resnet34,550,0.5305250673887995,11
1906,efficientnetb0,750,1.0,3
1907,efficientnetb0,750,1.0,3
1908,efficientnetb2,350,1.0,3
1909,efficientnetb2,550,0.7219694682129152,4
1910,resnet50,550,0.8215124558966982,7
1911,vgg19,939,1.0,15
1912,resnet50,550,0.8215124558966982,7
1913,resnet50,750,1.0,5
1914,resnet34,550,0.8215653788441881,7
1915,resnet34,750,0.7880649919244954,7
1916,densenet121,939,0.0,1
1917,densenet121,550,0.0266970250369456,2
1918,efficientnetb0,550,1.0,3
1919,densenet121,550,0.6262433485833546,5
1920,efficientnetb2,350,1.0,3
1921,densenet121,350,0.0,1
1922,vgg19,550,1.0,15
1923,efficientnetb2,350,0.65175093664593,4
1924,vgg16,550,0.9461219284703368,13
1925,resnet34,550,0.8215653788441881,7
1926,resnet50,350,1.0,6
1927,resnet34,550,0.9073881434347082,9
1928,efficientnetb1,939,1.0,3
1929,efficientnetb2,939,0.0,1
1930,resnet34,750,0.6733833829902832,6
1931,resnet34,939,1.0,6
1932,vgg19,939,0.7537426666757167,12
1933,resnet34,750,0.0,16
1934,efficientnetb0,750,0.6483214388113725,4
1935,resnet50,350,0.4097205423764233,4
1936,densenet121,350,0.0,1
1937,densenet121,350,0.6263678162488967,5
1938,efficientnetb2,550,1.0,3
1939,densenet121,550,0.6262433485833546,5
1940,densenet121,750,0.6549577219091517,5
1941,vgg19,939,0.6821322371858641,10
1942,vgg16,350,0.4955592672941035,5
1943,densenet121,350,0.6263678162488967,5
1944,resnet34,550,0.6454523732312784,10
1945,efficientnetb0,750,1.0,3
1946,efficientnetb1,750,1.0,3
1947,resnet34,750,0.6702494870914867,10
1948,efficientnetb1,550,1.0,3
1949,resnet34,350,0.19930012289416,2
1950,efficientnetb1,750,1.0,3
1951,vgg19,350,0.3670248005033085,6
1952,efficientnetb2,939,0.0,1
1953,resnet34,750,0.416342836798379,4
1954,resnet50,750,0.9081489241651808,4
1955,vgg19,750,0.7134880992516057,11
1956,efficientnetb1,350,1.0,3
1957,densenet121,550,0.6262433485833546,5
1958,resnet34,939,0.5254802820550293,3
1959,efficientnetb1,939,1.0,3
1960,resnet34,750,1.0,8
1961,vgg19,550,0.7144872600964158,10
1962,efficientnetb0,750,1.0,3
1963,resnet34,550,0.5238774014052308,5
1964,vgg19,350,0.7647138013706365,12
1965,efficientnetb0,550,1.0,3
1966,efficientnetb0,550,1.0,3
1967,resnet50,350,0.0174859151390518,1
1968,vgg16,550,0.4909442737237837,5
1969,resnet34,550,0.1426819901860775,1
1970,resnet34,750,0.6702494870914867,10
1971,efficientnetb0,939,1.0,3
1972,resnet34,350,1.0,8
1973,efficientnetb1,750,1.0,3
1974,resnet50,939,1.0,6
1975,vgg16,550,0.9461219284703368,13
1976,resnet34,939,0.7020867334437453,8
1977,efficientnetb1,750,1.0,3
1978,efficientnetb0,350,1.0,3
1979,densenet121,939,0.4858756243316292,5
1980,densenet121,750,0.6549577219091517,5
1981,resnet50,550,0.8215124558966982,7
1982,vgg16,550,0.4337023661646058,6
1983,resnet34,550,0.5238774014052308,5
1984,vgg16,939,0.8568556422949929,11
1985,resnet34,550,0.5238774014052308,5
1986,resnet50,750,1.0,5
1987,vgg16,939,0.4173293874259716,5
1988,resnet34,550,0.8215653788441881,7
1989,efficientnetb1,939,1.0,3
1990,resnet34,939,0.8120702549228033,7
1991,efficientnetb0,350,0.2601845258832877,2
1992,vgg19,939,0.053642035656265,3
1993,efficientnetb0,939,1.0,3
1994,efficientnetb2,550,1.0,3
1995,vgg19,350,1.0,16
1996,efficientnetb0,939,1.0,3
1997,efficientnetb1,750,1.0,3
1998,densenet121,350,0.6263678162488967,5
1999,densenet121,550,0.0,1
2000,efficientnetb1,750,1.0,3
2001,vgg19,939,0.9322438807363724,13
2002,densenet121,750,0.6549577219091517,5
2003,densenet121,550,0.0,1
2004,resnet34,750,1.0,8
2005,efficientnetb1,939,1.0,3
2006,resnet34,939,0.8120702549228033,7
2007,efficientnetb1,750,1.0,3
2008,vgg16,939,0.5519575390300896,9
2009,vgg19,750,0.9936879963126718,15
2010,efficientnetb0,550,1.0,3
2011,vgg16,550,0.4554756020263791,7
2012,densenet121,750,0.6549577219091517,5
2013,vgg19,550,0.3630539177738009,6
2014,efficientnetb0,939,1.0,3
2015,resnet50,350,0.8169515861153699,7
2016,vgg16,939,1.0,13
2017,vgg16,550,0.4554756020263791,7
2018,efficientnetb0,550,1.0,3
2019,vgg19,750,0.7134880992516057,11
2020,efficientnetb1,750,1.0,3
2021,efficientnetb1,350,1.0,3
2022,efficientnetb2,939,1.0,3
2023,efficientnetb2,939,1.0,3
2024,efficientnetb2,939,0.4515770715118704,5
2025,efficientnetb2,550,1.0,3
2026,efficientnetb0,939,1.0,3
2027,efficientnetb0,350,1.0,3
2028,efficientnetb2,550,0.7219694682129152,4
2029,efficientnetb2,750,1.0,3
2030,resnet50,939,0.8017819857800019,7
2031,vgg16,939,0.5519575390300896,9
2032,efficientnetb2,550,1.0,3
2033,vgg16,939,0.0060710231598882,1
2034,resnet34,350,0.6392378211717704,6
2035,efficientnetb0,750,0.6483214388113725,4
2036,vgg16,550,0.0983706975456484,4
2037,resnet34,939,0.7020867334437453,8
2038,densenet121,350,0.6263678162488967,5
2039,vgg16,350,0.968053827189964,11
2040,densenet121,939,0.4858756243316292,5
2041,densenet121,550,0.6262433485833546,5
2042,densenet121,550,0.6262433485833546,5
2043,efficientnetb0,750,1.0,3
2044,efficientnetb1,750,1.0,3
2045,vgg16,550,0.9461219284703368,13
2046,efficientnetb1,350,1.0,3
2047,efficientnetb2,350,1.0,3
2048,efficientnetb1,550,1.0,3
2049,efficientnetb0,350,1.0,3
2050,vgg19,750,0.9936879963126718,15
2051,efficientnetb2,750,1.0,3
2052,efficientnetb1,550,1.0,3
2053,vgg16,750,0.9989474447948092,13
2054,vgg19,750,0.9783359431256168,14
2055,efficientnetb1,550,1.0,3
2056,efficientnetb2,750,0.6313792880026403,4
2057,vgg19,939,0.7038804657074393,11
2058,efficientnetb0,750,1.0,3
2059,vgg19,550,0.7412152580816892,11
2060,resnet50,750,0.9081489241651808,4
2061,resnet50,939,0.6400205520491736,8
2062,vgg16,750,0.3927521762586766,6
2063,efficientnetb1,550,0.6878389778024664,4
2064,resnet50,750,0.3344894405367239,2
2065,resnet50,750,0.692684175445151,7
2066,efficientnetb2,350,1.0,3
2067,densenet121,550,0.6262433485833546,5
2068,resnet50,750,0.5189759550817877,8
2069,densenet121,750,0.6549577219091517,5
2070,resnet50,750,0.8540914514899219,6
2071,efficientnetb2,750,1.0,3
2072,vgg16,550,0.9461219284703368,13
2073,resnet50,939,0.8248723661787692,5
2074,vgg19,550,0.1112152559945396,3
2075,efficientnetb1,939,0.2284047954549483,2
2076,efficientnetb2,550,1.0,3
2077,resnet34,550,1.0,8
2078,resnet34,550,0.6271701708292037,6
2079,efficientnetb1,350,1.0,3
2080,vgg16,350,0.1139662905811487,4
2081,efficientnetb1,939,1.0,3
2082,vgg19,550,1.0,15
2083,vgg19,750,0.9636492577949504,13
2084,vgg16,750,0.9989474447948092,13
2085,efficientnetb1,550,1.0,3
2086,resnet50,750,0.8540914514899219,6
2087,efficientnetb2,750,1.0,3
2088,vgg19,750,0.9936879963126718,15
2089,vgg19,750,0.9936879963126718,15
2090,densenet121,350,0.6263678162488967,5
2091,resnet34,750,0.1441687792856025,1
2092,resnet34,350,0.5163674653124631,5
2093,efficientnetb1,550,1.0,3
2094,vgg16,939,0.4187967673445678,7
2095,vgg16,750,0.4544437830679675,5
2096,efficientnetb2,939,0.2064582521296088,2
2097,efficientnetb1,939,1.0,3
2098,vgg16,750,0.0835468528760409,3
2099,efficientnetb2,750,1.0,3
2100,efficientnetb0,939,1.0,3
2101,efficientnetb0,550,1.0,3
2102,densenet121,750,0.6549577219091517,5
2103,resnet34,350,0.6392378211717704,6
2104,efficientnetb0,939,1.0,3
2105,vgg19,550,0.7587179131016882,12
2106,efficientnetb1,550,1.0,3
2107,vgg19,550,0.7209260725133116,18
2108,densenet121,750,0.6549577219091517,5
2109,vgg19,550,0.7144872600964158,10
2110,efficientnetb0,750,1.0,3
2111,vgg19,939,0.3786480345124817,5
2112,resnet34,750,1.0,8
2113,efficientnetb2,939,1.0,3
2114,vgg16,939,0.5638100259338691,8
2115,efficientnetb1,550,1.0,3
2116,resnet50,939,0.481243768988981,4
2117,densenet121,350,0.0,1
2118,efficientnetb1,750,1.0,3
2119,efficientnetb2,550,1.0,3
2120,resnet34,750,0.8389123599870303,9
2121,vgg16,350,0.4552780768214839,7
2122,densenet121,939,0.4858756243316292,5
2123,vgg19,750,0.9936879963126718,15
2124,resnet50,939,1.0,6
2125,resnet50,750,0.8540914514899219,6
2126,vgg19,750,0.3776216428097246,7
2127,densenet121,350,0.6263678162488967,5
2128,efficientnetb2,350,1.0,3
2129,vgg19,939,0.9938700985656802,16
2130,vgg19,350,0.3670248005033085,6
2131,densenet121,550,0.6262433485833546,5
2132,vgg19,350,0.9722792391750928,13
2133,resnet50,350,0.8169515861153699,7
2134,vgg19,750,0.6673220941960659,10
2135,resnet34,939,0.5574747946963727,9
2136,resnet34,350,0.6392378211717704,6
2137,efficientnetb1,350,1.0,3
2138,efficientnetb0,939,0.6801221238861833,4
2139,resnet34,939,0.3385797164144236,2
2140,efficientnetb1,750,1.0,3
2141,efficientnetb0,939,1.0,3
2142,vgg16,350,0.9208348165236296,10
2143,efficientnetb1,939,1.0,3
2144,densenet121,550,0.0,1
2145,vgg19,550,0.9153142027929496,13
2146,vgg16,750,0.6199568106045172,9
2147,densenet121,939,0.4858756243316292,5
2148,vgg19,550,0.7587179131016882,12
2149,resnet50,939,0.6400205520491736,8
2150,resnet34,550,0.4132006712758983,4
2151,efficientnetb0,550,1.0,3
2152,resnet34,939,1.0,6
2153,resnet50,350,0.8169515861153699,7
2154,efficientnetb2,939,1.0,3
2155,vgg16,350,0.7070851752612257,15
2156,resnet50,550,0.8215124558966982,7
2157,efficientnetb1,350,1.0,3
2158,efficientnetb2,350,1.0,3
2159,resnet50,939,0.8017819857800019,7
2160,vgg19,550,0.0,2
2161,resnet34,939,1.0,6
2162,efficientnetb1,939,1.0,3
2163,vgg16,550,0.9461219284703368,13
2164,efficientnetb1,550,1.0,3
2165,densenet121,939,0.4858756243316292,5
2166,efficientnetb1,750,1.0,3
2167,efficientnetb0,750,1.0,3
2168,densenet121,350,0.6263678162488967,5
2169,densenet121,750,0.5014039257956258,7
2170,densenet121,939,0.4858756243316292,5
2171,efficientnetb0,750,0.6483214388113725,4
2172,resnet50,550,0.8215124558966982,7
2173,resnet50,750,0.692684175445151,7
2174,vgg19,350,0.9884623593775808,15
2175,densenet121,550,0.6262433485833546,5
2176,efficientnetb0,350,0.7221681243288518,4
2177,resnet34,550,1.0,8
2178,efficientnetb0,939,1.0,3
2179,efficientnetb0,550,0.0,1
2180,efficientnetb2,350,1.0,3
2181,efficientnetb2,939,1.0,3
2182,efficientnetb1,939,1.0,3
2183,efficientnetb1,750,1.0,3
2184,resnet50,939,0.8017819857800019,7
2185,resnet34,550,0.5238774014052308,5
2186,resnet50,750,0.5189759550817877,8
2187,resnet50,550,1.0,6
2188,resnet50,750,0.8540914514899219,6
2189,vgg16,939,0.8548072768189431,12
2190,resnet50,550,0.8215124558966982,7
2191,efficientnetb0,750,1.0,3
2192,densenet121,939,0.4858756243316292,5
2193,resnet50,550,0.8215124558966982,7
2194,vgg16,550,0.9461219284703368,13
2195,efficientnetb1,550,0.2436659344100393,2
2196,densenet121,750,0.6549577219091517,5
2197,resnet34,939,0.0687118558737025,15
2198,vgg19,939,0.9938700985656802,16
2199,densenet121,750,1.0,6
2200,vgg19,750,0.9936879963126718,15
2201,resnet50,939,0.8017819857800019,7
2202,efficientnetb0,939,1.0,3
2203,efficientnetb0,750,1.0,3
2204,efficientnetb0,350,1.0,3
2205,vgg19,750,0.9936879963126718,15
2206,vgg19,550,0.93432282209291,16
2207,efficientnetb1,550,1.0,3
2208,vgg16,550,0.9461219284703368,13
2209,resnet50,550,0.8215124558966982,7
2210,vgg16,350,0.6122688308267832,9
2211,resnet50,939,0.8017819857800019,7
2212,efficientnetb2,939,0.6509085704414946,4
2213,vgg19,750,0.482051380981956,8
2214,efficientnetb2,939,0.2064582521296088,2
2215,efficientnetb2,939,1.0,3
2216,resnet50,350,0.8169515861153699,7
2217,vgg19,550,0.93432282209291,16
2218,vgg19,550,0.93432282209291,16
2219,densenet121,550,0.6262433485833546,5
2220,efficientnetb0,750,0.221102352041803,2
2221,vgg16,750,1.0,14
2222,resnet34,350,0.5163674653124631,5
2223,efficientnetb1,750,1.0,3
2224,efficientnetb1,550,1.0,3
2225,efficientnetb1,350,1.0,3
2226,efficientnetb2,939,1.0,3
2227,densenet121,750,0.6549577219091517,5
2228,resnet50,939,0.6400205520491736,8
2229,densenet121,550,0.6262433485833546,5
2230,efficientnetb1,939,1.0,3
2231,densenet121,550,0.6262433485833546,5
2232,densenet121,550,0.6262433485833546,5
2233,vgg19,750,0.9636492577949504,13
2234,efficientnetb2,550,1.0,3
2235,resnet50,550,0.8215124558966982,7
2236,resnet34,550,0.9073881434347082,9
2237,efficientnetb2,750,1.0,3
2238,efficientnetb2,750,1.0,3
2239,efficientnetb2,550,1.0,3
2240,resnet50,350,0.8169515861153699,7
2241,resnet50,750,0.692684175445151,7
2242,vgg16,939,0.8548072768189431,12
2243,resnet50,550,0.0097267662088094,1
2244,efficientnetb0,550,0.7484594574197447,4
2245,efficientnetb0,939,1.0,3
2246,efficientnetb2,750,1.0,3
2247,efficientnetb1,550,1.0,3
2248,resnet34,550,1.0,8
2249,resnet34,550,0.0,16
2250,resnet34,750,1.0,8
2251,resnet34,550,0.5238774014052308,5
2252,efficientnetb1,750,1.0,3
2253,efficientnetb0,550,1.0,3
2254,efficientnetb1,939,1.0,3
2255,densenet121,350,1.0,6
2256,efficientnetb1,939,1.0,3
2257,densenet121,550,0.6262433485833546,5
2258,resnet50,939,0.8248723661787692,5
2259,vgg19,350,0.9654136477619172,14
2260,vgg19,350,0.7874284582909132,17
2261,efficientnetb2,350,0.1727158782926704,2
2262,resnet34,939,0.8527581774225047,5
2263,resnet34,350,0.9419697554794192,9
2264,resnet50,350,0.6807257591827157,8
2265,efficientnetb2,350,1.0,3
2266,resnet34,550,0.9073881434347082,9
2267,efficientnetb1,350,1.0,3
2268,vgg19,550,1.0,15
2269,efficientnetb1,750,0.7228690296773087,4
2270,efficientnetb2,550,1.0,3
2271,resnet50,939,0.0,1
2272,vgg19,750,0.3954673323042385,5
2273,resnet34,550,0.8215653788441881,7
2274,vgg16,350,1.0,12
2275,resnet34,350,0.7118597986318302,7
2276,vgg16,750,0.8760175184574507,11
2277,efficientnetb1,350,0.2323535341648464,2
2278,densenet121,750,0.6549577219091517,5
2279,resnet50,350,0.8830285561177872,5
2280,resnet34,550,0.9073881434347082,9
2281,resnet34,750,0.1441687792856025,1
2282,vgg16,350,0.9150494503700808,13
2283,vgg16,550,0.0768889395683232,3
2284,resnet34,939,0.449819155975815,10
2285,densenet121,350,0.6263678162488967,5
2286,efficientnetb0,550,0.290069122860228,2
2287,efficientnetb2,350,1.0,3
2288,resnet50,939,0.8017819857800019,7
2289,resnet50,350,0.6807257591827157,8
2290,densenet121,550,0.6262433485833546,5
2291,resnet34,750,0.7880649919244954,7
2292,densenet121,350,0.6263678162488967,5
2293,resnet50,750,0.692684175445151,7
2294,vgg19,550,0.7144872600964158,10
2295,vgg16,550,0.6395986703296175,8
2296,densenet121,939,0.4858756243316292,5
2297,efficientnetb1,550,1.0,3
2298,resnet34,350,0.1903900249397615,14
2299,resnet34,550,1.0,8
2300,efficientnetb0,350,1.0,3
2301,resnet34,939,0.261368264849742,12
2302,densenet121,350,0.6263678162488967,5
2303,efficientnetb2,550,1.0,3
2304,efficientnetb2,550,0.0,1
2305,densenet121,750,0.6549577219091517,5
2306,resnet50,350,0.8169515861153699,7
2307,efficientnetb0,750,1.0,3
2308,efficientnetb1,550,1.0,3
2309,efficientnetb1,750,1.0,3
2310,vgg16,550,0.9461219284703368,13
2311,resnet34,550,0.8215653788441881,7
2312,efficientnetb2,750,1.0,3
2313,resnet50,550,1.0,6
2314,efficientnetb1,750,1.0,3
2315,efficientnetb1,550,1.0,3
2316,densenet121,939,1.0,6
2317,resnet34,550,0.8215653788441881,7
2318,resnet34,350,1.0,8
2319,resnet50,550,0.8215124558966982,7
2320,vgg19,939,0.0183675354070255,1
2321,resnet34,350,0.9419697554794192,9
2322,vgg16,350,0.9150494503700808,13
2323,efficientnetb0,750,1.0,3
2324,resnet50,550,0.8501913432605966,5
2325,densenet121,550,0.6262433485833546,5
2326,efficientnetb1,750,1.0,3
2327,efficientnetb1,750,1.0,3
2328,resnet50,939,0.8017819857800019,7
2329,vgg16,750,0.0240042451732625,4
2330,vgg19,750,0.482051380981956,8
2331,efficientnetb0,350,1.0,3
2332,efficientnetb1,350,1.0,3
2333,vgg16,550,0.9599292331742392,11
2334,efficientnetb2,350,1.0,3
2335,vgg16,350,0.1139662905811487,4
2336,efficientnetb2,750,1.0,3
2337,efficientnetb2,939,1.0,3
2338,resnet34,750,0.6733833829902832,6
2339,efficientnetb0,350,1.0,3
2340,resnet50,550,0.645703014729161,8
2341,vgg19,750,0.7134880992516057,11
2342,vgg16,550,0.941205716630206,14
2343,efficientnetb1,350,0.7181138626700144,4
2344,vgg19,750,1.0,16
2345,resnet34,550,0.6271701708292037,6
2346,resnet50,750,0.692684175445151,7
2347,vgg16,350,0.968053827189964,11
2348,resnet50,750,0.098265786808133,1
2349,resnet50,350,1.0,6
2350,vgg19,939,0.4910509157637427,8
2351,efficientnetb2,350,1.0,3
2352,efficientnetb1,550,1.0,3
2353,vgg16,750,0.9989474447948092,13
2354,vgg19,750,0.9936879963126718,15
2355,efficientnetb0,750,1.0,3
2356,vgg16,550,0.6944058532919857,15
2357,vgg16,939,1.0,13
2358,efficientnetb0,550,1.0,3
2359,densenet121,550,0.6262433485833546,5
2360,densenet121,350,0.6263678162488967,5
2361,efficientnetb1,550,1.0,3
2362,densenet121,750,0.6549577219091517,5
2363,vgg16,750,0.8760175184574507,11
2364,vgg19,350,0.9884623593775808,15
2365,resnet50,750,1.0,5
2366,densenet121,939,0.4858756243316292,5
2367,densenet121,550,0.6262433485833546,5
2368,efficientnetb1,750,1.0,3
2369,densenet121,350,0.6263678162488967,5
2370,resnet50,550,0.8215124558966982,7
2371,resnet50,750,0.5189759550817877,8
2372,densenet121,939,0.4858756243316292,5
2373,vgg16,550,1.0,12
2374,resnet34,350,0.7118597986318302,7
2375,efficientnetb0,939,1.0,3
2376,efficientnetb0,939,1.0,3
2377,efficientnetb1,350,0.7181138626700144,4
2378,efficientnetb2,350,1.0,3
2379,resnet50,939,0.6400205520491736,8
2380,vgg19,750,0.9636492577949504,13
2381,vgg19,750,0.6673220941960659,10
2382,vgg19,750,0.9936879963126718,15
2383,resnet34,550,0.6271701708292037,6
2384,densenet121,750,0.0357436179754728,3
2385,vgg16,550,0.9599292331742392,11
2386,resnet50,550,1.0,6
2387,vgg16,550,0.0768889395683232,3
2388,vgg19,939,0.7038804657074393,11
2389,efficientnetb1,550,1.0,3
2390,vgg19,350,0.3670248005033085,6
2391,resnet34,750,0.4742055237385399,5
2392,resnet34,939,0.7020867334437453,8
2393,efficientnetb0,750,1.0,3
2394,resnet34,939,0.8120702549228033,7
2395,resnet50,750,0.9081489241651808,4
2396,efficientnetb1,350,1.0,3
2397,resnet50,350,0.8830285561177872,5
2398,densenet121,750,0.6549577219091517,5
2399,densenet121,750,0.6549577219091517,5
2400,efficientnetb2,939,0.2064582521296088,2
2401,efficientnetb1,550,1.0,3
2402,efficientnetb0,550,1.0,3
2403,vgg16,939,1.0,13
2404,vgg16,550,0.9461219284703368,13
2405,vgg19,350,1.0,16
2406,efficientnetb2,750,1.0,3
2407,resnet34,350,0.9419697554794192,9
2408,vgg16,350,0.6122688308267832,9
2409,vgg19,550,0.9153142027929496,13
2410,vgg19,550,0.3992057636441661,5
2411,vgg19,939,0.9938700985656802,16
2412,resnet34,750,0.7880649919244954,7
2413,efficientnetb1,350,1.0,3
2414,densenet121,550,0.6262433485833546,5
2415,resnet50,750,0.692684175445151,7
2416,vgg16,939,0.8548072768189431,12
2417,resnet34,550,1.0,8
2418,densenet121,550,0.6262433485833546,5
2419,resnet34,750,1.0,8
2420,vgg19,350,0.9884623593775808,15
2421,efficientnetb0,750,1.0,3
2422,resnet50,750,0.8540914514899219,6
2423,vgg19,350,0.0,1
2424,efficientnetb1,550,0.0,1
2425,efficientnetb1,939,1.0,3
2426,resnet50,550,0.8501913432605966,5
2427,resnet34,350,1.0,8
2428,vgg19,550,0.93699417819052,14
2429,resnet34,350,0.7118597986318302,7
2430,efficientnetb0,350,1.0,3
2431,densenet121,350,0.6263678162488967,5
2432,densenet121,550,0.6262433485833546,5
2433,resnet34,350,1.0,8
2434,efficientnetb2,350,0.0,1
2435,vgg19,550,0.9153142027929496,13
2436,densenet121,550,0.6262433485833546,5
2437,vgg16,350,0.6122688308267832,9
2438,efficientnetb2,550,1.0,3
2439,resnet50,350,0.8830285561177872,5
2440,densenet121,750,0.6549577219091517,5
2441,resnet50,350,1.0,6
2442,resnet50,939,0.481243768988981,4
2443,densenet121,350,0.6263678162488967,5
2444,resnet50,350,0.8169515861153699,7
2445,vgg19,350,0.9884623593775808,15
2446,vgg19,750,0.9783359431256168,14
2447,resnet50,939,0.8017819857800019,7
2448,resnet34,550,0.6271701708292037,6
2449,vgg16,939,1.0,13
2450,vgg16,550,0.9599292331742392,11
2451,vgg16,550,0.0983706975456484,4
2452,resnet34,550,0.5238774014052308,5
2453,vgg19,350,0.9722792391750928,13
2454,densenet121,350,0.6263678162488967,5
2455,efficientnetb1,750,1.0,3
2456,efficientnetb2,550,1.0,3
2457,densenet121,550,0.6262433485833546,5
2458,vgg19,939,1.0,15
2459,efficientnetb2,750,1.0,3
2460,resnet50,350,0.8169515861153699,7
2461,resnet34,550,0.5305250673887995,11
2462,efficientnetb1,939,1.0,3
2463,vgg19,750,0.9936879963126718,15
2464,resnet50,550,1.0,6
2465,efficientnetb1,550,1.0,3
2466,vgg16,350,0.968053827189964,11
2467,vgg19,939,1.0,15
2468,efficientnetb1,350,1.0,3
2469,resnet50,550,0.8215124558966982,7
2470,vgg16,350,0.9150494503700808,13
2471,resnet34,350,0.9419697554794192,9
2472,densenet121,939,0.4858756243316292,5
2473,efficientnetb2,550,1.0,3
2474,efficientnetb2,550,1.0,3
2475,efficientnetb2,550,1.0,3
2476,resnet34,550,1.0,8
2477,efficientnetb2,550,1.0,3
2478,resnet34,350,0.9419697554794192,9
2479,efficientnetb0,550,1.0,3
2480,efficientnetb2,350,1.0,3
2481,densenet121,550,0.6262433485833546,5
2482,efficientnetb2,550,1.0,3
2483,efficientnetb0,939,1.0,3
2484,densenet121,350,0.0523859604428457,3
2485,efficientnetb2,750,0.6313792880026403,4
2486,resnet34,939,1.0,6
2487,resnet50,750,0.8540914514899219,6
2488,resnet50,939,1.0,6
2489,efficientnetb1,350,1.0,3
2490,vgg16,939,0.8568556422949929,11
2491,vgg19,939,0.0183675354070255,1
2492,resnet50,750,0.692684175445151,7
2493,vgg19,350,0.7874284582909132,17
2494,resnet50,550,1.0,6
2495,efficientnetb2,550,0.1997439170806723,2
2496,densenet121,750,0.6549577219091517,5
2497,resnet34,750,1.0,8
2498,vgg19,550,0.7412152580816892,11
2499,efficientnetb2,350,1.0,3
2500,densenet121,550,0.6262433485833546,5
2501,densenet121,350,0.6263678162488967,5
2502,vgg16,750,0.8760175184574507,11
2503,efficientnetb0,550,1.0,3
2504,vgg19,550,0.7412152580816892,11
2505,vgg16,550,0.6336692532833877,9
2506,efficientnetb2,750,1.0,3
2507,vgg19,750,0.482051380981956,8
2508,efficientnetb1,350,1.0,3
2509,densenet121,939,0.4858756243316292,5
2510,efficientnetb0,939,1.0,3
2511,efficientnetb0,750,1.0,3
2512,resnet34,750,0.7880649919244954,7
2513,vgg16,750,0.6199568106045172,9
2514,resnet34,350,1.0,8
2515,vgg16,939,1.0,13
2516,resnet50,750,0.692684175445151,7
2517,densenet121,750,0.6549577219091517,5
2518,densenet121,550,0.6262433485833546,5
2519,vgg16,939,0.986973209346794,14
2520,vgg16,350,1.0,12
2521,vgg16,350,0.6122688308267832,9
2522,efficientnetb0,350,1.0,3
2523,vgg16,350,0.6117716042882734,8
2524,resnet34,939,1.0,6
2525,vgg16,939,0.8568556422949929,11
2526,efficientnetb2,550,1.0,3
2527,efficientnetb0,350,1.0,3
2528,efficientnetb0,750,1.0,3
2529,vgg16,550,0.9461219284703368,13
2530,efficientnetb0,550,0.0,1
2531,resnet50,750,0.8540914514899219,6
2532,vgg16,550,0.9461219284703368,13
2533,vgg16,939,0.8568556422949929,11
2534,efficientnetb0,750,1.0,3
2535,efficientnetb1,750,1.0,3
2536,resnet34,939,0.449819155975815,10
2537,densenet121,350,0.6263678162488967,5
2538,vgg19,550,0.9153142027929496,13
2539,efficientnetb1,750,1.0,3
2540,resnet50,550,0.8215124558966982,7
2541,densenet121,350,0.6263678162488967,5
2542,vgg19,750,0.9636492577949504,13
2543,resnet34,750,0.7880649919244954,7
2544,efficientnetb1,750,1.0,3
2545,efficientnetb0,750,1.0,3
2546,resnet34,350,1.0,8
2547,efficientnetb0,939,1.0,3
2548,efficientnetb0,350,1.0,3
2549,vgg16,939,0.986973209346794,14
2550,resnet50,550,1.0,6
2551,vgg19,939,0.783629319224574,17
2552,efficientnetb1,550,1.0,3
2553,efficientnetb0,939,1.0,3
2554,resnet50,939,1.0,6
2555,resnet50,550,0.4611472962789475,4
2556,vgg19,550,0.93432282209291,16
2557,densenet121,550,0.6262433485833546,5
2558,efficientnetb1,939,1.0,3
2559,efficientnetb2,750,1.0,3
2560,densenet121,550,0.6262433485833546,5
2561,vgg16,750,1.0,14
2562,efficientnetb2,350,1.0,3
2563,vgg16,939,0.8568556422949929,11
2564,vgg19,750,0.9936879963126718,15
2565,resnet34,939,0.261368264849742,12
2566,efficientnetb1,550,1.0,3
2567,vgg19,550,0.7587179131016882,12
2568,resnet50,939,0.1412757250508847,2
2569,efficientnetb0,350,1.0,3
2570,efficientnetb1,750,1.0,3
2571,densenet121,350,0.6263678162488967,5
2572,vgg16,939,1.0,13
2573,efficientnetb1,550,0.6878389778024664,4
2574,efficientnetb2,750,1.0,3
2575,vgg16,550,0.9599292331742392,11
2576,densenet121,550,0.6262433485833546,5
2577,efficientnetb0,350,1.0,3
2578,densenet121,939,0.0,1
2579,resnet34,750,1.0,8
2580,vgg16,750,0.3719773828090447,7
2581,resnet34,939,0.8120702549228033,7
2582,vgg19,750,0.3776216428097246,7
2583,densenet121,939,0.133680659859905,4
2584,densenet121,750,0.6549577219091517,5
2585,vgg19,939,1.0,15
2586,resnet34,550,1.0,8
2587,resnet50,939,1.0,6
2588,vgg19,550,0.3630539177738009,6
2589,efficientnetb2,939,1.0,3
2590,efficientnetb0,550,1.0,3
2591,densenet121,750,0.6549577219091517,5
2592,efficientnetb2,550,1.0,3
2593,vgg19,350,0.9884623593775808,15
2594,efficientnetb2,939,1.0,3
2595,vgg16,939,0.5519575390300896,9
2596,efficientnetb1,350,1.0,3
2597,resnet34,750,1.0,8
2598,vgg16,550,0.9461219284703368,13
2599,resnet34,350,0.7118597986318302,7
2600,efficientnetb2,939,1.0,3
2601,efficientnetb0,939,1.0,3
2602,vgg16,750,0.0835468528760409,3
2603,efficientnetb2,939,0.0,1
2604,efficientnetb0,550,1.0,3
2605,efficientnetb2,550,1.0,3
2606,efficientnetb2,939,1.0,3
2607,efficientnetb0,550,0.290069122860228,2
2608,efficientnetb2,939,1.0,3
2609,vgg16,750,0.9989474447948092,13
2610,densenet121,750,0.6549577219091517,5
2611,resnet34,550,0.2165759106887793,2
2612,efficientnetb0,350,1.0,3
2613,resnet50,550,0.8215124558966982,7
2614,resnet50,939,0.481243768988981,4
2615,vgg16,750,0.5870702344568659,8
2616,efficientnetb2,550,1.0,3
2617,vgg19,750,0.1063831635744575,4
2618,resnet50,550,0.8215124558966982,7
2619,vgg19,939,1.0,15
2620,efficientnetb0,939,1.0,3
2621,resnet50,939,1.0,6
2622,efficientnetb1,750,0.258386396623143,2
2623,efficientnetb0,750,1.0,3
2624,efficientnetb1,550,1.0,3
2625,efficientnetb0,750,1.0,3
2626,efficientnetb0,550,1.0,3
2627,densenet121,939,0.4858756243316292,5
2628,efficientnetb0,350,1.0,3
2629,vgg16,550,0.9461219284703368,13
2630,resnet50,350,0.8169515861153699,7
2631,resnet50,939,0.8017819857800019,7
2632,efficientnetb0,350,1.0,3
2633,densenet121,939,0.4858756243316292,5
2634,efficientnetb1,550,1.0,3
2635,resnet34,550,0.8215653788441881,7
2636,resnet50,750,0.692684175445151,7
2637,densenet121,350,0.6263678162488967,5
2638,efficientnetb1,550,1.0,3
2639,resnet34,550,1.0,8
2640,efficientnetb0,350,1.0,3
2641,resnet50,750,0.692684175445151,7
2642,vgg19,350,0.9884623593775808,15
2643,resnet34,550,0.6271701708292037,6
2644,vgg16,350,0.9150494503700808,13
2645,vgg19,750,0.9936879963126718,15
2646,resnet34,750,1.0,8
2647,densenet121,350,0.6263678162488967,5
2648,efficientnetb0,550,1.0,3
2649,efficientnetb1,939,1.0,3
2650,densenet121,939,0.4858756243316292,5
2651,efficientnetb1,350,1.0,3
2652,efficientnetb2,939,1.0,3
2653,resnet34,939,0.7020867334437453,8
2654,vgg19,350,1.0,16
2655,efficientnetb2,750,1.0,3
2656,resnet50,550,1.0,6
2657,vgg19,939,0.6821322371858641,10
2658,efficientnetb1,350,1.0,3
2659,vgg16,750,1.0,14
2660,efficientnetb2,939,1.0,3
2661,vgg19,350,0.7047271852759325,10
2662,vgg19,350,0.7439023030951907,11
2663,resnet34,350,1.0,8
2664,vgg16,350,0.7070851752612257,15
2665,efficientnetb2,350,0.1727158782926704,2
2666,efficientnetb1,939,1.0,3
2667,efficientnetb2,550,1.0,3
2668,densenet121,750,0.6549577219091517,5
2669,resnet34,550,1.0,8
2670,efficientnetb2,350,1.0,3
2671,vgg16,550,0.6944058532919857,15
2672,efficientnetb0,550,1.0,3
2673,efficientnetb2,550,0.0,1
2674,efficientnetb1,939,1.0,3
2675,efficientnetb0,550,0.290069122860228,2
2676,densenet121,350,0.6263678162488967,5
2677,densenet121,939,0.0166311998595305,3
2678,vgg19,939,1.0,15
2679,efficientnetb2,550,1.0,3
2680,efficientnetb0,939,1.0,3
2681,resnet50,550,0.8215124558966982,7
2682,efficientnetb2,750,1.0,3
2683,efficientnetb1,350,0.2323535341648464,2
2684,efficientnetb1,550,1.0,3
2685,resnet50,939,0.8017819857800019,7
2686,resnet50,939,0.8017819857800019,7
2687,resnet50,550,0.106889737057666,2
2688,efficientnetb2,550,1.0,3
2689,vgg19,750,0.9936879963126718,15
2690,resnet34,550,0.2220048411102312,12
2691,efficientnetb0,750,0.0,1
2692,resnet34,550,0.5238774014052308,5
2693,resnet50,550,1.0,6
2694,efficientnetb0,750,1.0,3
2695,efficientnetb1,350,1.0,3
2696,resnet34,350,0.9419697554794192,9
2697,efficientnetb0,939,1.0,3
2698,densenet121,750,0.0,1
2699,efficientnetb2,550,1.0,3
2700,vgg19,350,0.9722792391750928,13
2701,resnet34,550,0.6454523732312784,10
2702,efficientnetb2,939,1.0,3
2703,efficientnetb0,750,1.0,3
2704,densenet121,550,1.0,6
2705,resnet50,939,0.8017819857800019,7
2706,vgg19,750,0.9936879963126718,15
2707,efficientnetb0,550,1.0,3
2708,densenet121,750,0.6549577219091517,5
2709,efficientnetb2,750,1.0,3
2710,efficientnetb0,939,1.0,3
2711,efficientnetb0,939,1.0,3
2712,efficientnetb0,939,1.0,3
2713,efficientnetb0,750,1.0,3
2714,vgg19,550,1.0,15
2715,vgg19,350,0.9722792391750928,13
2716,efficientnetb0,350,1.0,3
2717,vgg19,750,0.7134880992516057,11
2718,vgg19,750,0.9936879963126718,15
2719,efficientnetb1,350,1.0,3
2720,resnet50,939,0.6400205520491736,8
2721,resnet50,550,0.8215124558966982,7
2722,resnet34,939,0.8120702549228033,7
2723,vgg16,939,1.0,13
2724,efficientnetb2,750,1.0,3
2725,resnet34,750,0.503125777232975,11
2726,efficientnetb1,350,1.0,3
2727,resnet34,750,1.0,8
2728,densenet121,750,0.6549577219091517,5
2729,efficientnetb1,750,1.0,3
2730,resnet50,939,0.8017819857800019,7
2731,resnet34,550,1.0,8
2732,vgg19,750,1.0,16
2733,efficientnetb1,939,1.0,3
2734,resnet34,750,0.8389123599870303,9
2735,resnet50,939,0.8017819857800019,7
2736,resnet50,750,0.692684175445151,7
2737,resnet34,939,0.7020867334437453,8
2738,efficientnetb2,350,1.0,3
2739,resnet50,350,0.8169515861153699,7
2740,densenet121,939,0.4858756243316292,5
2741,resnet34,750,0.7880649919244954,7
2742,efficientnetb1,550,0.0,1
2743,efficientnetb2,550,1.0,3
2744,densenet121,350,0.6263678162488967,5
2745,efficientnetb2,550,1.0,3
2746,resnet34,350,0.7118597986318302,7
2747,vgg19,550,1.0,15
2748,resnet50,350,0.0948151869136176,2
2749,efficientnetb1,750,1.0,3
2750,vgg16,939,0.986973209346794,14
2751,efficientnetb0,750,1.0,3
2752,resnet50,550,1.0,6
2753,efficientnetb2,939,1.0,3
2754,vgg19,750,0.9936879963126718,15
2755,vgg19,350,0.3463718988145903,7
2756,vgg16,350,0.9150494503700808,13
2757,efficientnetb1,550,0.2436659344100393,2
2758,efficientnetb1,550,1.0,3
2759,efficientnetb1,350,1.0,3
2760,vgg16,350,0.9150494503700808,13
2761,efficientnetb0,350,1.0,3
2762,densenet121,939,0.4858756243316292,5
2763,densenet121,350,0.6263678162488967,5
2764,vgg19,350,0.9884623593775808,15
2765,vgg19,750,0.5392519021115965,9
2766,resnet34,750,1.0,8
2767,densenet121,550,0.6262433485833546,5
2768,vgg19,550,0.7144872600964158,10
2769,densenet121,350,0.6263678162488967,5
2770,vgg19,550,1.0,15
2771,resnet34,939,0.5574747946963727,9
2772,efficientnetb0,750,0.6483214388113725,4
2773,efficientnetb0,550,1.0,3
2774,resnet50,550,0.8501913432605966,5
2775,efficientnetb0,350,1.0,3
2776,resnet34,550,0.2709193542081117,13
2777,resnet50,350,0.8169515861153699,7
2778,efficientnetb0,750,1.0,3
2779,efficientnetb0,939,1.0,3
2780,efficientnetb0,350,1.0,3
2781,efficientnetb2,939,1.0,3
2782,efficientnetb0,550,1.0,3
2783,vgg19,350,0.4051376815444835,5
2784,resnet50,939,0.6400205520491736,8
2785,efficientnetb2,939,1.0,3
2786,efficientnetb2,550,1.0,3
2787,vgg16,350,0.4552780768214839,7
2788,efficientnetb0,550,1.0,3
2789,vgg16,350,0.9150494503700808,13
2790,resnet34,939,0.7089537968694798,4
2791,vgg19,750,1.0,16
2792,resnet50,350,0.8169515861153699,7
2793,resnet34,750,0.3170708984259823,12
2794,densenet121,550,0.6262433485833546,5
2795,vgg19,350,0.9654136477619172,14
2796,vgg19,350,0.9654136477619172,14
2797,efficientnetb0,550,1.0,3
2798,efficientnetb2,350,1.0,3
2799,densenet121,550,0.0,1
2800,vgg16,939,0.5519575390300896,9
2801,resnet50,350,0.8169515861153699,7
2802,densenet121,550,0.6262433485833546,5
2803,efficientnetb1,750,1.0,3
2804,efficientnetb2,750,1.0,3
2805,vgg16,939,0.8568556422949929,11
2806,vgg16,939,0.0,2
2807,efficientnetb1,350,1.0,3
2808,vgg19,550,1.0,15
2809,resnet50,350,0.8169515861153699,7
2810,resnet34,750,0.8389123599870303,9
2811,densenet121,350,0.0523859604428457,3
2812,vgg19,939,0.783629319224574,17
2813,efficientnetb2,350,1.0,3
2814,densenet121,939,0.4858756243316292,5
2815,efficientnetb0,550,1.0,3
2816,efficientnetb2,550,0.0,1
2817,efficientnetb0,350,1.0,3
2818,resnet50,550,0.8501913432605966,5
2819,efficientnetb2,750,0.6313792880026403,4
2820,resnet34,939,0.5574747946963727,9
2821,vgg19,750,0.5392519021115965,9
2822,densenet121,750,1.0,6
2823,resnet50,750,0.692684175445151,7
2824,efficientnetb2,350,1.0,3
2825,densenet121,550,0.6262433485833546,5
2826,efficientnetb1,750,1.0,3
2827,vgg16,750,0.9989474447948092,13
2828,efficientnetb0,350,0.7221681243288518,4
2829,vgg19,939,1.0,15
2830,resnet50,550,0.8501913432605966,5
2831,efficientnetb2,350,1.0,3
2832,resnet34,550,0.8215653788441881,7
2833,efficientnetb2,350,1.0,3
2834,efficientnetb1,939,1.0,3
2835,efficientnetb0,939,1.0,3
2836,resnet34,939,0.8120702549228033,7
2837,resnet50,939,0.8017819857800019,7
2838,efficientnetb0,550,1.0,3
2839,vgg19,750,0.7134880992516057,11
2840,efficientnetb1,550,1.0,3
2841,resnet50,350,1.0,6
2842,densenet121,939,0.4858756243316292,5
2843,resnet50,550,1.0,6
2844,efficientnetb2,350,1.0,3
2845,efficientnetb1,750,1.0,3
2846,vgg16,550,0.9599292331742392,11
2847,vgg19,550,0.1112152559945396,3
2848,resnet34,550,0.9073881434347082,9
2849,resnet34,939,0.8120702549228033,7
2850,resnet50,939,0.8017819857800019,7
2851,efficientnetb1,939,0.7039994792384792,4
2852,resnet50,350,0.8169515861153699,7
2853,efficientnetb0,350,1.0,3
2854,resnet50,939,1.0,6
2855,efficientnetb0,350,1.0,3
2856,efficientnetb2,750,1.0,3
2857,efficientnetb1,350,1.0,3
2858,efficientnetb2,350,1.0,3
2859,efficientnetb2,750,1.0,3
2860,efficientnetb0,750,1.0,3
2861,efficientnetb0,350,1.0,3
2862,densenet121,750,0.6549577219091517,5
2863,efficientnetb0,550,1.0,3
2864,resnet50,939,0.8248723661787692,5
2865,resnet50,550,0.8215124558966982,7
2866,efficientnetb0,550,1.0,3
2867,vgg16,350,0.9150494503700808,13
2868,efficientnetb1,939,1.0,3
2869,resnet50,550,0.4611472962789475,4
2870,efficientnetb1,350,1.0,3
2871,resnet34,550,0.8215653788441881,7
2872,vgg16,939,0.8548072768189431,12
2873,vgg19,350,0.9722792391750928,13
2874,densenet121,939,0.4858756243316292,5
2875,resnet50,750,0.8540914514899219,6
2876,resnet50,939,1.0,6
2877,vgg19,350,0.7439023030951907,11
2878,efficientnetb0,939,1.0,3
2879,resnet50,350,1.0,6
2880,vgg19,350,0.9884623593775808,15
2881,vgg19,750,0.9636492577949504,13
2882,resnet50,939,0.8017819857800019,7
2883,resnet34,550,0.8215653788441881,7
2884,efficientnetb2,550,1.0,3
2885,efficientnetb0,750,1.0,3
2886,vgg16,350,0.6122688308267832,9
2887,efficientnetb0,550,1.0,3
2888,vgg16,750,0.9989474447948092,13
2889,vgg19,939,0.9322438807363724,13
2890,densenet121,550,0.6262433485833546,5
2891,efficientnetb0,350,0.0,1
2892,efficientnetb1,750,1.0,3
2893,efficientnetb0,750,1.0,3
2894,vgg16,350,0.968053827189964,11
2895,efficientnetb1,550,1.0,3
2896,vgg19,939,0.9322438807363724,13
2897,vgg16,750,0.6199568106045172,9
2898,efficientnetb2,550,1.0,3
2899,efficientnetb1,350,1.0,3
2900,resnet50,550,0.8501913432605966,5
2901,resnet34,750,1.0,8
2902,resnet34,550,0.8215653788441881,7
2903,efficientnetb2,350,1.0,3
2904,resnet34,350,0.5163674653124631,5
2905,resnet34,550,0.8215653788441881,7
2906,resnet50,350,0.4097205423764233,4
2907,vgg16,350,0.968053827189964,11
2908,efficientnetb0,350,1.0,3
2909,vgg16,550,0.9599292331742392,11
2910,efficientnetb2,350,1.0,3
2911,vgg16,939,0.4031740758458291,6
2912,vgg16,350,0.968053827189964,11
2913,resnet50,939,1.0,6
2914,vgg19,550,1.0,15
2915,vgg16,550,0.9599292331742392,11
2916,vgg19,750,1.0,16
2917,vgg19,350,0.9654136477619172,14
2918,densenet121,939,0.4858756243316292,5
2919,resnet34,939,0.8527581774225047,5
2920,resnet34,550,0.6271701708292037,6
2921,efficientnetb1,350,0.2323535341648464,2
2922,efficientnetb2,939,1.0,3
2923,vgg16,350,0.6117716042882734,8
2924,resnet34,939,1.0,6
2925,densenet121,750,0.6549577219091517,5
2926,resnet34,939,0.3385797164144236,2
2927,efficientnetb1,939,1.0,3
2928,efficientnetb2,939,1.0,3
2929,densenet121,750,0.6549577219091517,5
2930,efficientnetb2,939,1.0,3
2931,efficientnetb2,939,1.0,3
2932,efficientnetb2,939,1.0,3
2933,densenet121,939,0.4858756243316292,5
2934,efficientnetb0,550,1.0,3
2935,resnet50,750,0.5189759550817877,8
2936,vgg19,939,1.0,15
2937,efficientnetb2,350,1.0,3
2938,vgg19,750,0.9936879963126718,15
2939,efficientnetb2,550,1.0,3
2940,efficientnetb0,550,1.0,3
2941,vgg19,939,1.0,15
2942,densenet121,350,0.6263678162488967,5
2943,efficientnetb0,939,1.0,3
2944,resnet50,939,0.8248723661787692,5
2945,resnet34,750,1.0,8
2946,efficientnetb0,350,1.0,3
2947,vgg19,350,0.7439023030951907,11
2948,vgg16,550,0.9461219284703368,13
2949,resnet34,750,0.6733833829902832,6
2950,resnet50,350,0.8169515861153699,7
2951,efficientnetb0,939,1.0,3
2952,efficientnetb2,939,1.0,3
2953,vgg19,350,0.9722792391750928,13
2954,densenet121,750,1.0,6
2955,efficientnetb0,350,0.2601845258832877,2
2956,efficientnetb1,750,1.0,3
2957,efficientnetb0,350,1.0,3
2958,densenet121,750,0.6549577219091517,5
2959,efficientnetb1,939,1.0,3
2960,vgg16,939,1.0,13
2961,resnet50,550,1.0,6
2962,resnet34,750,0.7880649919244954,7
2963,densenet121,350,0.6263678162488967,5
2964,efficientnetb0,750,1.0,3
2965,efficientnetb0,550,1.0,3
2966,efficientnetb2,550,1.0,3
2967,vgg16,550,0.9461219284703368,13
2968,efficientnetb0,550,0.7484594574197447,4
2969,efficientnetb1,939,1.0,3
2970,resnet34,939,0.8120702549228033,7
2971,densenet121,550,0.6262433485833546,5
2972,vgg16,550,0.0,2
2973,efficientnetb2,939,1.0,3
2974,vgg16,939,0.8568556422949929,11
2975,resnet50,750,0.8540914514899219,6
2976,resnet34,550,0.8215653788441881,7
2977,efficientnetb0,750,1.0,3
2978,vgg16,939,1.0,13
2979,efficientnetb0,350,1.0,3
2980,efficientnetb2,350,1.0,3
2981,resnet34,550,0.8215653788441881,7
2982,vgg16,550,0.9599292331742392,11
2983,vgg16,350,0.9150494503700808,13
2984,efficientnetb2,350,1.0,3
2985,vgg16,550,0.9461219284703368,13
2986,efficientnetb0,550,1.0,3
2987,resnet50,550,0.645703014729161,8
2988,efficientnetb0,750,1.0,3
2989,efficientnetb1,550,1.0,3
2990,efficientnetb0,750,1.0,3
2991,resnet50,939,1.0,6
2992,efficientnetb2,550,1.0,3
2993,efficientnetb0,750,1.0,3
2994,efficientnetb0,750,1.0,3
2995,resnet34,750,0.7880649919244954,7
2996,efficientnetb2,550,1.0,3
2997,vgg16,750,0.8760175184574507,11
2998,vgg19,750,0.9636492577949504,13
2999,vgg16,350,0.9150494503700808,13
3000,efficientnetb2,350,1.0,3
3001,efficientnetb2,939,1.0,3
3002,resnet34,750,0.6733833829902832,6
3003,efficientnetb2,939,1.0,3
3004,vgg16,350,0.9150494503700808,13
3005,resnet34,550,1.0,8
3006,efficientnetb0,750,1.0,3
3007,efficientnetb2,939,1.0,3
3008,efficientnetb2,939,0.6509085704414946,4
3009,efficientnetb1,939,1.0,3
3010,resnet34,939,0.8120702549228033,7
3011,vgg16,750,1.0,14
3012,vgg16,550,0.9461219284703368,13
3013,efficientnetb0,750,1.0,3
3014,vgg16,750,0.0058887013115276,1
3015,efficientnetb0,350,1.0,3
3016,densenet121,750,0.6549577219091517,5
3017,efficientnetb2,350,1.0,3
3018,vgg19,350,0.9884623593775808,15
3019,efficientnetb0,350,1.0,3
3020,resnet34,350,0.7118597986318302,7
3021,efficientnetb1,939,1.0,3
3022,vgg19,550,1.0,15
3023,efficientnetb2,750,1.0,3
3024,vgg16,350,0.9150494503700808,13
3025,vgg19,550,0.9153142027929496,13
3026,efficientnetb2,939,1.0,3
3027,vgg16,550,0.9461219284703368,13
3028,efficientnetb1,350,1.0,3
3029,efficientnetb2,750,1.0,3
3030,efficientnetb1,550,1.0,3
3031,efficientnetb2,350,1.0,3
3032,efficientnetb2,350,1.0,3
3033,vgg16,550,0.6336692532833877,9
3034,resnet34,750,0.6733833829902832,6
3035,vgg19,550,0.9153142027929496,13
3036,efficientnetb0,939,0.6801221238861833,4
3037,vgg16,750,0.8760175184574507,11
3038,resnet34,550,1.0,8
3039,efficientnetb1,550,1.0,3
3040,vgg19,939,1.0,15
3041,resnet50,939,0.8017819857800019,7
3042,efficientnetb1,939,1.0,3
3043,efficientnetb1,350,0.7181138626700144,4
3044,resnet34,939,0.7020867334437453,8
3045,resnet50,550,1.0,6
3046,efficientnetb0,350,1.0,3
3047,vgg19,750,0.9936879963126718,15
3048,vgg16,550,0.9599292331742392,11
3049,vgg19,350,0.4051376815444835,5
3050,densenet121,550,0.0267032533330688,3
3051,resnet34,350,1.0,8
3052,densenet121,750,0.6549577219091517,5
3053,resnet50,550,0.8215124558966982,7
3054,vgg16,550,0.4337023661646058,6
3055,efficientnetb2,350,1.0,3
3056,vgg16,939,1.0,13
3057,efficientnetb1,750,1.0,3
3058,efficientnetb1,350,1.0,3
3059,efficientnetb1,939,1.0,3
3060,vgg16,750,0.9989474447948092,13
3061,efficientnetb1,750,1.0,3
3062,efficientnetb1,550,1.0,3
3063,densenet121,750,0.0,1
3064,efficientnetb2,750,1.0,3
3065,efficientnetb1,750,1.0,3
3066,efficientnetb1,750,1.0,3
3067,efficientnetb1,350,0.7181138626700144,4
3068,efficientnetb1,550,1.0,3
3069,efficientnetb1,550,1.0,3
3070,vgg16,750,0.9989474447948092,13
3071,resnet50,939,0.6400205520491736,8
3072,vgg16,350,0.9150494503700808,13
3073,efficientnetb2,750,1.0,3
3074,efficientnetb1,939,1.0,3
3075,resnet50,550,0.645703014729161,8
3076,densenet121,550,0.6262433485833546,5
3077,efficientnetb1,939,1.0,3
3078,vgg16,939,0.0548212617333455,3
3079,vgg19,350,0.1104026426586838,3
3080,densenet121,350,0.6263678162488967,5
3081,vgg16,939,0.8568556422949929,11
3082,resnet50,750,0.9081489241651808,4
3083,efficientnetb1,350,1.0,3
3084,vgg19,750,0.9936879963126718,15
3085,densenet121,350,0.0523859604428457,3
3086,efficientnetb2,750,1.0,3
3087,vgg19,350,0.9884623593775808,15
3088,efficientnetb1,550,1.0,3
3089,vgg19,550,1.0,15
3090,vgg16,550,0.9461219284703368,13
3091,resnet34,350,1.0,8
3092,densenet121,939,0.4858756243316292,5
3093,resnet34,550,0.5238774014052308,5
3094,efficientnetb0,750,1.0,3
3095,efficientnetb2,550,1.0,3
3096,resnet50,550,0.8215124558966982,7
3097,efficientnetb2,550,1.0,3
3098,densenet121,939,0.4858756243316292,5
3099,vgg19,550,1.0,15
3100,vgg16,550,0.941205716630206,14
3101,efficientnetb0,750,1.0,3
3102,resnet50,350,1.0,6
3103,vgg16,350,0.9150494503700808,13
3104,vgg19,750,1.0,16
3105,resnet50,350,0.8169515861153699,7
3106,vgg16,939,1.0,13
3107,efficientnetb1,750,1.0,3
3108,efficientnetb0,550,1.0,3
3109,efficientnetb2,750,1.0,3
3110,efficientnetb0,750,0.6483214388113725,4
3111,efficientnetb0,350,1.0,3
3112,vgg16,939,1.0,13
3113,resnet34,350,0.19930012289416,2
3114,vgg16,939,1.0,13
3115,resnet50,750,0.692684175445151,7
3116,densenet121,750,0.6549577219091517,5
3117,resnet34,350,0.7118597986318302,7
3118,vgg16,350,0.968053827189964,11
3119,resnet34,350,0.7118597986318302,7
3120,resnet34,939,0.8120702549228033,7
3121,resnet50,939,0.6400205520491736,8
3122,densenet121,939,0.4858756243316292,5
3123,efficientnetb1,939,1.0,3
3124,efficientnetb1,350,1.0,3
3125,efficientnetb2,350,1.0,3
3126,vgg16,939,1.0,13
3127,efficientnetb1,550,1.0,3
3128,vgg16,350,0.9150494503700808,13
3129,efficientnetb2,550,1.0,3
3130,efficientnetb0,350,1.0,3
3131,resnet50,550,0.8215124558966982,7
3132,resnet34,350,0.7118597986318302,7
3133,efficientnetb2,750,1.0,3
3134,vgg16,750,0.4544437830679675,5
3135,vgg16,750,0.9989474447948092,13
3136,vgg16,550,0.0,2
3137,resnet34,350,0.7118597986318302,7
3138,efficientnetb2,750,1.0,3
3139,resnet50,750,0.692684175445151,7
3140,vgg16,550,0.9461219284703368,13
3141,vgg16,939,1.0,13
3142,resnet34,550,1.0,8
3143,efficientnetb1,939,1.0,3
3144,efficientnetb0,550,1.0,3
3145,vgg19,350,1.0,16
3146,resnet50,939,1.0,6
3147,densenet121,939,0.4858756243316292,5
3148,efficientnetb1,939,1.0,3
3149,efficientnetb0,939,1.0,3
3150,vgg16,350,0.9150494503700808,13
3151,densenet121,550,0.6262433485833546,5
3152,efficientnetb2,939,1.0,3
3153,efficientnetb2,350,1.0,3
3154,efficientnetb0,750,1.0,3
3155,densenet121,750,0.6549577219091517,5
3156,efficientnetb0,550,1.0,3
3157,vgg16,750,0.888612802013523,12
3158,efficientnetb0,750,1.0,3
3159,densenet121,550,0.6262433485833546,5
3160,densenet121,750,0.6549577219091517,5
3161,resnet34,939,0.8527581774225047,5
3162,vgg19,350,0.9884623593775808,15
3163,efficientnetb1,939,1.0,3
3164,efficientnetb2,350,0.0,1
3165,efficientnetb0,550,1.0,3
3166,vgg19,350,0.9884623593775808,15
3167,densenet121,550,0.6262433485833546,5
3168,vgg16,350,0.9150494503700808,13
3169,vgg19,750,0.9936879963126718,15
3170,resnet50,550,0.8215124558966982,7
3171,vgg16,550,0.9461219284703368,13
3172,resnet50,939,1.0,6
3173,efficientnetb2,750,1.0,3
3174,efficientnetb2,350,1.0,3
3175,efficientnetb1,350,1.0,3
3176,efficientnetb2,550,0.0,1
3177,vgg16,750,0.9989474447948092,13
3178,efficientnetb1,939,1.0,3
3179,densenet121,350,0.6263678162488967,5
3180,efficientnetb1,350,1.0,3
3181,densenet121,350,0.6263678162488967,5
3182,efficientnetb1,750,1.0,3
3183,resnet34,939,0.7020867334437453,8
3184,resnet50,350,1.0,6
3185,efficientnetb1,939,1.0,3
3186,resnet34,350,0.6392378211717704,6
3187,efficientnetb0,750,1.0,3
3188,efficientnetb1,550,1.0,3
3189,vgg16,939,0.0548212617333455,3
3190,efficientnetb2,750,1.0,3
3191,vgg16,750,0.9989474447948092,13
3192,efficientnetb2,750,1.0,3
3193,resnet34,550,0.9073881434347082,9
3194,resnet34,350,1.0,8
3195,resnet50,550,0.8215124558966982,7
3196,densenet121,350,0.6263678162488967,5
3197,vgg19,750,0.349757663747874,6
3198,densenet121,550,0.1132152876154946,4
3199,efficientnetb1,350,1.0,3
3200,densenet121,939,0.4858756243316292,5
3201,resnet50,939,0.8248723661787692,5
3202,efficientnetb0,939,1.0,3
3203,vgg19,550,0.0192737323606945,1
3204,resnet34,350,1.0,8
3205,resnet34,550,0.8215653788441881,7
3206,vgg16,350,0.9150494503700808,13
3207,efficientnetb1,350,1.0,3
3208,efficientnetb0,750,1.0,3
3209,efficientnetb1,550,0.6878389778024664,4
3210,resnet50,350,0.8169515861153699,7
3211,vgg16,550,0.6336692532833877,9
3212,vgg19,350,0.9884623593775808,15
3213,densenet121,750,1.0,6
3214,resnet50,350,0.8830285561177872,5
3215,efficientnetb2,750,1.0,3
3216,resnet34,550,0.8215653788441881,7
3217,vgg19,350,0.7439023030951907,11
3218,densenet121,550,0.6262433485833546,5
3219,resnet50,750,0.8540914514899219,6
3220,densenet121,350,0.6263678162488967,5
3221,densenet121,550,0.6262433485833546,5
3222,resnet50,350,0.8169515861153699,7
3223,densenet121,939,0.4858756243316292,5
3224,densenet121,550,0.6262433485833546,5
3225,vgg19,939,1.0,15
3226,resnet50,550,0.8215124558966982,7
3227,efficientnetb1,550,1.0,3
3228,efficientnetb1,939,1.0,3
3229,vgg16,350,0.968053827189964,11
3230,resnet50,350,1.0,6
3231,densenet121,550,0.6262433485833546,5
3232,efficientnetb0,939,1.0,3
3233,efficientnetb2,550,1.0,3
3234,densenet121,939,0.4858756243316292,5
3235,resnet50,350,1.0,6
3236,resnet50,550,0.645703014729161,8
3237,densenet121,350,0.6263678162488967,5
3238,vgg16,939,1.0,13
3239,resnet50,350,1.0,6
3240,vgg16,350,0.9150494503700808,13
3241,vgg16,550,0.9461219284703368,13
3242,efficientnetb2,350,0.65175093664593,4
3243,efficientnetb0,350,1.0,3
3244,resnet34,350,0.7118597986318302,7
3245,efficientnetb1,750,1.0,3
3246,densenet121,939,1.0,6
3247,efficientnetb1,939,1.0,3
3248,densenet121,550,0.6262433485833546,5
3249,efficientnetb0,750,1.0,3
3250,resnet50,550,1.0,6
3251,densenet121,550,0.6262433485833546,5
3252,efficientnetb0,550,1.0,3
3253,resnet34,939,0.7020867334437453,8
3254,efficientnetb1,939,1.0,3
3255,efficientnetb1,750,1.0,3
3256,efficientnetb1,550,1.0,3
3257,vgg16,350,0.9150494503700808,13
3258,densenet121,750,0.6549577219091517,5
3259,vgg16,350,0.968053827189964,11
3260,efficientnetb0,350,1.0,3
3261,vgg16,939,1.0,13
3262,vgg19,939,1.0,15
3263,efficientnetb2,550,1.0,3
3264,vgg16,550,0.9461219284703368,13
3265,efficientnetb2,350,1.0,3
3266,resnet50,939,0.8017819857800019,7
3267,resnet50,550,1.0,6
3268,efficientnetb2,550,1.0,3
3269,vgg19,550,1.0,15
3270,resnet50,939,0.8017819857800019,7
3271,resnet50,350,0.8169515861153699,7
3272,efficientnetb1,750,1.0,3
3273,vgg19,350,0.9722792391750928,13
3274,vgg16,750,0.9989474447948092,13
3275,efficientnetb2,350,1.0,3
3276,vgg19,550,1.0,15
3277,vgg16,350,0.7070851752612257,15
3278,vgg16,939,0.8568556422949929,11
3279,resnet50,939,1.0,6
3280,resnet50,550,0.8215124558966982,7
3281,efficientnetb0,750,1.0,3
3282,efficientnetb1,939,1.0,3
3283,efficientnetb1,939,1.0,3
3284,efficientnetb1,350,1.0,3
3285,resnet50,350,0.8169515861153699,7
3286,efficientnetb2,550,1.0,3
3287,efficientnetb1,550,0.6878389778024664,4
3288,efficientnetb2,939,1.0,3
3289,efficientnetb1,939,1.0,3
3290,efficientnetb2,350,1.0,3
3291,efficientnetb0,750,1.0,3
3292,densenet121,750,0.6549577219091517,5
3293,efficientnetb1,750,1.0,3
3294,efficientnetb2,550,1.0,3
3295,resnet50,939,0.8017819857800019,7
3296,efficientnetb0,350,0.0,1
3297,efficientnetb1,350,1.0,3
3298,efficientnetb1,750,1.0,3
3299,densenet121,939,0.4858756243316292,5
3300,efficientnetb2,550,1.0,3
3301,efficientnetb1,939,1.0,3
3302,resnet34,750,0.6733833829902832,6
3303,efficientnetb1,550,1.0,3
3304,densenet121,750,0.6549577219091517,5
3305,efficientnetb1,750,1.0,3
3306,efficientnetb0,939,1.0,3
3307,resnet50,350,0.8169515861153699,7
3308,vgg19,550,0.93699417819052,14
3309,vgg19,350,0.9884623593775808,15
3310,vgg19,550,1.0,15
3311,efficientnetb0,939,1.0,3
3312,efficientnetb0,350,1.0,3
3313,efficientnetb2,550,1.0,3
3314,efficientnetb0,939,1.0,3
3315,vgg19,550,0.9153142027929496,13
3316,efficientnetb0,750,1.0,3
3317,vgg16,750,0.8760175184574507,11
3318,densenet121,750,0.6549577219091517,5
3319,densenet121,350,1.0,6
3320,efficientnetb2,550,1.0,3
3321,efficientnetb0,550,1.0,3
3322,densenet121,750,0.6549577219091517,5
3323,efficientnetb0,939,1.0,3
3324,efficientnetb0,939,1.0,3
3325,resnet50,750,0.692684175445151,7
3326,vgg19,750,0.7134880992516057,11
3327,efficientnetb0,350,1.0,3
3328,resnet34,350,0.7118597986318302,7
3329,efficientnetb2,350,1.0,3
3330,efficientnetb0,750,1.0,3
3331,efficientnetb2,350,1.0,3
3332,densenet121,550,0.6262433485833546,5
3333,efficientnetb0,350,1.0,3
3334,efficientnetb0,350,1.0,3
3335,vgg19,350,0.3670248005033085,6
3336,efficientnetb2,939,1.0,3
3337,resnet34,939,0.8120702549228033,7
3338,resnet50,350,0.8830285561177872,5
3339,efficientnetb0,550,1.0,3
3340,vgg19,750,0.9936879963126718,15
3341,efficientnetb2,550,1.0,3
3342,efficientnetb2,550,0.7219694682129152,4
3343,vgg16,750,0.9989474447948092,13
3344,vgg16,750,0.9989474447948092,13
3345,resnet50,550,0.8215124558966982,7
3346,efficientnetb1,939,1.0,3
3347,efficientnetb0,750,1.0,3
3348,efficientnetb2,350,1.0,3
3349,resnet34,750,0.8389123599870303,9
3350,densenet121,939,0.4858756243316292,5
3351,efficientnetb0,750,1.0,3
3352,efficientnetb2,350,1.0,3
3353,vgg19,750,0.9936879963126718,15
3354,resnet50,939,1.0,6
3355,resnet34,939,0.7020867334437453,8
3356,densenet121,350,0.6263678162488967,5
3357,resnet34,939,0.8120702549228033,7
3358,resnet34,350,0.7118597986318302,7
3359,vgg19,350,0.9884623593775808,15
3360,resnet34,350,0.7118597986318302,7
3361,vgg16,550,0.9461219284703368,13
3362,efficientnetb2,939,1.0,3
3363,efficientnetb0,550,1.0,3
3364,resnet34,750,1.0,8
3365,resnet50,350,1.0,6
3366,resnet50,750,0.8540914514899219,6
3367,densenet121,939,0.4858756243316292,5
3368,resnet50,550,1.0,6
3369,vgg16,750,0.888612802013523,12
3370,resnet50,350,0.8830285561177872,5
3371,vgg16,750,0.9989474447948092,13
3372,densenet121,939,0.4858756243316292,5
3373,vgg16,350,0.0238402416290037,2
3374,vgg19,750,0.9636492577949504,13
3375,efficientnetb0,750,1.0,3
3376,efficientnetb1,939,0.7039994792384792,4
3377,vgg16,750,0.8760175184574507,11
3378,resnet50,350,0.8830285561177872,5
3379,densenet121,350,0.6263678162488967,5
3380,resnet34,350,0.7118597986318302,7
3381,resnet34,550,0.8215653788441881,7
3382,resnet50,939,1.0,6
3383,resnet50,750,0.692684175445151,7
3384,resnet50,939,1.0,6
3385,densenet121,750,0.6549577219091517,5
3386,efficientnetb0,350,1.0,3
3387,resnet50,350,1.0,6
3388,resnet34,350,0.9419697554794192,9
3389,efficientnetb0,750,1.0,3
3390,resnet34,550,0.8215653788441881,7
3391,densenet121,750,1.0,6
3392,densenet121,939,0.4858756243316292,5
3393,densenet121,939,0.4858756243316292,5
3394,efficientnetb0,750,1.0,3
3395,efficientnetb2,350,1.0,3
3396,efficientnetb1,550,1.0,3
3397,efficientnetb0,750,1.0,3
3398,resnet50,550,1.0,6
3399,densenet121,750,0.6549577219091517,5
3400,efficientnetb1,550,1.0,3
3401,efficientnetb1,750,1.0,3
3402,efficientnetb2,350,1.0,3
3403,efficientnetb0,550,1.0,3
3404,resnet50,550,1.0,6
3405,efficientnetb0,350,1.0,3
3406,vgg19,939,0.3786480345124817,5
3407,efficientnetb0,750,1.0,3
3408,resnet50,939,1.0,6
3409,densenet121,750,0.6549577219091517,5
3410,densenet121,939,0.4858756243316292,5
3411,efficientnetb1,750,1.0,3
3412,efficientnetb0,939,1.0,3
3413,densenet121,550,0.6262433485833546,5
3414,vgg16,939,1.0,13
3415,resnet34,350,0.7118597986318302,7
3416,resnet50,550,0.8501913432605966,5
3417,vgg16,939,1.0,13
3418,densenet121,939,0.4858756243316292,5
3419,resnet50,939,1.0,6
3420,resnet34,350,1.0,8
3421,vgg16,350,0.9208348165236296,10
3422,densenet121,750,0.6549577219091517,5
3423,resnet34,939,0.8120702549228033,7
3424,vgg16,550,0.9461219284703368,13
3425,resnet50,350,0.8830285561177872,5
3426,efficientnetb2,550,1.0,3
3427,efficientnetb0,750,1.0,3
3428,vgg16,939,0.8568556422949929,11
3429,vgg16,750,0.9989474447948092,13
3430,densenet121,550,0.6262433485833546,5
3431,vgg16,550,0.9599292331742392,11
3432,vgg19,939,0.9322438807363724,13
3433,efficientnetb1,939,1.0,3
3434,densenet121,350,0.6263678162488967,5
3435,efficientnetb2,350,1.0,3
3436,efficientnetb1,550,1.0,3
3437,efficientnetb0,750,1.0,3
3438,vgg19,550,0.9153142027929496,13
3439,vgg19,550,0.9153142027929496,13
3440,efficientnetb0,750,1.0,3
3441,resnet50,550,1.0,6
3442,resnet34,750,0.6733833829902832,6
3443,efficientnetb1,550,1.0,3
3444,resnet34,750,0.7880649919244954,7
3445,efficientnetb1,750,1.0,3
3446,densenet121,350,0.6263678162488967,5
3447,vgg19,939,1.0,15
3448,efficientnetb0,939,1.0,3
3449,efficientnetb2,939,0.6509085704414946,4
3450,efficientnetb0,750,1.0,3
3451,resnet50,350,1.0,6
3452,vgg19,939,1.0,15
3453,resnet34,939,0.7020867334437453,8
3454,vgg16,350,0.9150494503700808,13
3455,densenet121,939,0.4858756243316292,5
3456,resnet34,550,0.8215653788441881,7
3457,efficientnetb2,550,1.0,3
3458,resnet50,750,0.8540914514899219,6
3459,densenet121,550,0.6262433485833546,5
3460,resnet50,939,1.0,6
3461,efficientnetb2,939,1.0,3
3462,efficientnetb2,750,1.0,3
3463,efficientnetb1,350,1.0,3
3464,vgg19,550,0.9153142027929496,13
3465,vgg19,939,1.0,15
3466,efficientnetb1,350,1.0,3
3467,resnet34,550,0.8215653788441881,7
3468,vgg19,350,0.9884623593775808,15
3469,efficientnetb0,550,1.0,3
3470,vgg16,550,0.9599292331742392,11
3471,vgg19,350,0.9884623593775808,15
3472,efficientnetb0,350,1.0,3
3473,vgg19,550,0.4939105417814899,8
3474,efficientnetb2,939,1.0,3
3475,vgg16,939,0.5519575390300896,9
3476,vgg19,550,0.9153142027929496,13
3477,efficientnetb0,350,1.0,3
3478,efficientnetb0,350,1.0,3
3479,resnet34,750,1.0,8
3480,resnet34,350,1.0,8
3481,efficientnetb2,350,1.0,3
3482,densenet121,939,1.0,6
3483,resnet50,939,1.0,6
3484,resnet50,750,0.8540914514899219,6
3485,resnet34,939,0.7020867334437453,8
3486,efficientnetb0,550,1.0,3
3487,resnet50,350,0.8169515861153699,7
3488,vgg19,550,1.0,15
3489,densenet121,350,0.6263678162488967,5
3490,vgg16,350,0.9150494503700808,13
3491,resnet50,350,0.8169515861153699,7
3492,resnet50,350,1.0,6
3493,efficientnetb1,350,0.7181138626700144,4
3494,efficientnetb1,939,1.0,3
3495,resnet34,350,1.0,8
3496,efficientnetb0,550,0.7484594574197447,4
3497,resnet34,750,1.0,8
3498,efficientnetb2,550,1.0,3
3499,efficientnetb2,939,1.0,3
3500,vgg16,750,0.8760175184574507,11
3501,vgg19,550,0.0,2
3502,vgg19,939,1.0,15
3503,efficientnetb0,550,1.0,3
3504,efficientnetb0,939,1.0,3
3505,efficientnetb2,750,1.0,3
3506,vgg16,550,1.0,12
3507,resnet50,750,0.8540914514899219,6
3508,efficientnetb0,939,1.0,3
3509,efficientnetb0,550,1.0,3
3510,efficientnetb2,550,0.7219694682129152,4
3511,efficientnetb0,750,1.0,3
3512,resnet50,939,0.8017819857800019,7
3513,vgg16,350,0.9150494503700808,13
3514,resnet50,350,0.8169515861153699,7
3515,efficientnetb2,350,1.0,3
3516,vgg16,550,0.0199271539720846,1
3517,resnet50,350,0.8169515861153699,7
3518,efficientnetb2,550,1.0,3
3519,densenet121,550,0.6262433485833546,5
3520,vgg19,550,0.1112152559945396,3
3521,resnet34,350,1.0,8
3522,densenet121,939,0.4858756243316292,5
3523,vgg16,939,0.8568556422949929,11
3524,efficientnetb2,550,1.0,3
3525,densenet121,550,0.6262433485833546,5
3526,efficientnetb1,550,1.0,3
3527,efficientnetb0,550,1.0,3
3528,efficientnetb0,550,1.0,3
3529,resnet50,350,1.0,6
3530,densenet121,939,0.4858756243316292,5
3531,resnet34,550,0.8215653788441881,7
3532,efficientnetb2,550,1.0,3
3533,efficientnetb0,750,1.0,3
3534,densenet121,750,0.6549577219091517,5
3535,vgg16,750,0.9989474447948092,13
3536,efficientnetb1,550,1.0,3
3537,efficientnetb2,750,1.0,3
3538,efficientnetb2,350,1.0,3
3539,efficientnetb2,550,1.0,3
3540,efficientnetb2,550,1.0,3
3541,resnet34,750,0.7880649919244954,7
3542,resnet34,939,0.8120702549228033,7
3543,vgg16,750,0.5870702344568659,8
3544,vgg19,550,1.0,15
3545,vgg16,750,0.9989474447948092,13
3546,resnet50,750,0.8540914514899219,6
3547,efficientnetb2,350,1.0,3
3548,densenet121,350,0.6263678162488967,5
3549,vgg19,939,0.4817677379651593,9
3550,efficientnetb0,550,1.0,3
3551,efficientnetb2,350,1.0,3
3552,resnet34,939,0.8120702549228033,7
3553,vgg19,750,0.9936879963126718,15
3554,resnet34,350,0.7118597986318302,7
3555,efficientnetb0,939,1.0,3
3556,vgg16,350,0.968053827189964,11
3557,resnet50,350,0.8169515861153699,7
3558,resnet34,939,0.5574747946963727,9
3559,efficientnetb2,939,1.0,3
3560,resnet50,750,0.8540914514899219,6
3561,efficientnetb1,350,1.0,3
3562,efficientnetb1,350,1.0,3
3563,densenet121,750,0.6549577219091517,5
3564,vgg19,550,0.9153142027929496,13
3565,vgg16,939,1.0,13
3566,densenet121,550,0.6262433485833546,5
3567,vgg16,550,0.9461219284703368,13
3568,efficientnetb1,350,1.0,3
3569,resnet50,550,1.0,6
3570,efficientnetb1,939,1.0,3
3571,efficientnetb0,550,1.0,3
3572,resnet50,550,1.0,6
3573,vgg19,750,0.9936879963126718,15
3574,densenet121,939,0.4858756243316292,5
3575,resnet34,550,0.8215653788441881,7
3576,resnet50,750,0.8540914514899219,6
3577,vgg16,939,1.0,13
3578,efficientnetb2,939,1.0,3
3579,efficientnetb1,939,1.0,3
3580,efficientnetb0,939,1.0,3
3581,vgg19,939,1.0,15
3582,vgg16,350,0.9150494503700808,13
3583,resnet34,550,0.6454523732312784,10
3584,efficientnetb0,939,0.0,1
3585,resnet34,550,0.8215653788441881,7
3586,vgg16,939,1.0,13
3587,vgg19,550,1.0,15
3588,densenet121,550,0.6262433485833546,5
3589,efficientnetb0,350,1.0,3
3590,vgg19,550,1.0,15
3591,vgg19,550,1.0,15
3592,resnet34,750,0.416342836798379,4
3593,resnet50,750,0.8540914514899219,6
3594,densenet121,350,0.6263678162488967,5
3595,efficientnetb0,550,1.0,3
3596,densenet121,550,0.6262433485833546,5
3597,resnet50,939,1.0,6
3598,vgg19,939,0.9938700985656802,16
3599,resnet50,750,1.0,5
3600,efficientnetb2,550,0.7219694682129152,4
3601,efficientnetb2,350,1.0,3
3602,efficientnetb1,939,1.0,3
3603,resnet50,939,1.0,6
3604,efficientnetb2,750,1.0,3
3605,resnet50,750,0.8540914514899219,6
3606,vgg19,750,1.0,16
3607,vgg19,939,0.4817677379651593,9
3608,vgg19,550,1.0,15
3609,resnet34,939,0.8120702549228033,7
3610,vgg19,550,0.3630539177738009,6
3611,efficientnetb1,750,1.0,3
3612,efficientnetb1,350,1.0,3
3613,efficientnetb2,350,0.65175093664593,4
3614,vgg16,350,0.9277415950475124,14
3615,resnet50,550,1.0,6
3616,resnet34,550,1.0,8
3617,resnet34,750,0.7880649919244954,7
3618,resnet34,939,0.8120702549228033,7
3619,resnet34,750,0.8389123599870303,9
3620,efficientnetb0,550,1.0,3
3621,resnet50,550,0.8215124558966982,7
3622,resnet34,550,0.5238774014052308,5
3623,efficientnetb2,550,1.0,3
3624,vgg16,750,1.0,14
3625,efficientnetb1,750,1.0,3
3626,resnet34,939,0.8120702549228033,7
3627,vgg16,550,0.9461219284703368,13
3628,efficientnetb1,939,1.0,3
3629,vgg16,750,0.7930687335281449,10
3630,vgg16,550,0.9461219284703368,13
3631,resnet34,550,0.1426819901860775,1
3632,resnet34,550,1.0,8
3633,efficientnetb1,939,1.0,3
3634,densenet121,550,0.6262433485833546,5
3635,efficientnetb2,750,1.0,3
3636,efficientnetb0,350,1.0,3
3637,efficientnetb2,350,1.0,3
3638,densenet121,350,0.6263678162488967,5
3639,vgg19,350,0.9884623593775808,15
3640,efficientnetb1,550,1.0,3
3641,efficientnetb0,550,1.0,3
3642,efficientnetb1,350,1.0,3
3643,efficientnetb0,939,1.0,3
3644,vgg19,350,0.9884623593775808,15
3645,resnet50,550,1.0,6
3646,efficientnetb1,939,1.0,3
3647,efficientnetb0,350,1.0,3
3648,resnet50,939,1.0,6
3649,vgg19,350,0.9884623593775808,15
3650,vgg19,350,0.9884623593775808,15
3651,efficientnetb2,350,1.0,3
3652,efficientnetb0,939,1.0,3
3653,efficientnetb1,350,1.0,3
3654,densenet121,750,0.6549577219091517,5
3655,efficientnetb2,939,1.0,3
3656,efficientnetb2,550,1.0,3
3657,efficientnetb0,939,1.0,3
3658,efficientnetb2,939,1.0,3
3659,densenet121,550,0.6262433485833546,5
3660,efficientnetb2,939,1.0,3
3661,densenet121,550,0.6262433485833546,5
3662,efficientnetb2,750,1.0,3
3663,efficientnetb0,750,0.6483214388113725,4
3664,vgg19,750,0.9636492577949504,13
3665,vgg16,350,0.0,1
3666,efficientnetb1,939,1.0,3
3667,efficientnetb1,750,1.0,3
3668,vgg16,939,0.8568556422949929,11
3669,efficientnetb2,939,1.0,3
3670,efficientnetb1,550,1.0,3
3671,resnet50,350,0.8169515861153699,7
3672,efficientnetb1,939,1.0,3
3673,vgg19,939,1.0,15
3674,efficientnetb2,939,1.0,3
3675,densenet121,750,0.6549577219091517,5
3676,efficientnetb1,350,1.0,3
3677,resnet50,750,0.8540914514899219,6
3678,vgg19,939,0.9938700985656802,16
3679,resnet50,350,1.0,6
3680,densenet121,939,0.4858756243316292,5
3681,vgg19,750,0.9936879963126718,15
3682,vgg16,750,1.0,14
3683,densenet121,550,0.6262433485833546,5
3684,resnet34,939,0.7020867334437453,8
3685,densenet121,350,0.6263678162488967,5
3686,efficientnetb2,750,1.0,3
3687,resnet34,350,0.7118597986318302,7
3688,resnet50,350,1.0,6
3689,efficientnetb2,939,1.0,3
3690,efficientnetb2,750,1.0,3
3691,vgg19,750,0.9936879963126718,15
3692,efficientnetb0,350,1.0,3
3693,vgg16,750,0.9989474447948092,13
3694,vgg16,750,0.4544437830679675,5
3695,vgg19,939,0.9322438807363724,13
3696,densenet121,350,0.6263678162488967,5
3697,efficientnetb0,350,1.0,3
3698,efficientnetb0,939,0.6801221238861833,4
3699,efficientnetb1,550,1.0,3
3700,vgg16,350,0.9208348165236296,10
3701,densenet121,550,0.6262433485833546,5
3702,resnet34,750,1.0,8
3703,efficientnetb2,550,1.0,3
3704,efficientnetb1,750,1.0,3
3705,efficientnetb0,350,1.0,3
3706,densenet121,750,0.6549577219091517,5
3707,efficientnetb0,350,1.0,3
3708,efficientnetb2,550,1.0,3
3709,efficientnetb1,350,1.0,3
3710,vgg19,550,0.9153142027929496,13
3711,vgg19,350,0.9884623593775808,15
3712,densenet121,939,0.4858756243316292,5
3713,efficientnetb1,550,1.0,3
3714,efficientnetb0,550,1.0,3
3715,resnet50,350,1.0,6
3716,resnet34,750,0.8389123599870303,9
3717,efficientnetb2,350,0.65175093664593,4
3718,densenet121,939,0.4858756243316292,5
3719,densenet121,550,0.6262433485833546,5
3720,efficientnetb0,350,1.0,3
3721,resnet34,350,0.1157963719048598,1
3722,efficientnetb0,939,1.0,3
3723,resnet34,550,1.0,8
3724,resnet34,750,0.7880649919244954,7
3725,resnet50,350,1.0,6
3726,efficientnetb2,939,1.0,3
3727,resnet50,550,0.8215124558966982,7
3728,efficientnetb0,939,1.0,3
3729,vgg16,550,0.9599292331742392,11
3730,densenet121,939,0.4858756243316292,5
3731,resnet50,939,1.0,6
3732,efficientnetb2,939,1.0,3
3733,resnet50,350,1.0,6
3734,resnet34,550,0.1426819901860775,1
3735,resnet34,750,0.8389123599870303,9
3736,efficientnetb0,750,1.0,3
3737,resnet50,350,1.0,6
3738,vgg19,350,0.063159932094785,4
3739,efficientnetb2,750,1.0,3
3740,efficientnetb1,350,1.0,3
3741,resnet50,350,0.4097205423764233,4
3742,efficientnetb0,939,1.0,3
3743,efficientnetb2,550,1.0,3
3744,efficientnetb1,750,1.0,3
3745,resnet34,939,0.5574747946963727,9
3746,vgg16,939,0.8568556422949929,11
3747,resnet50,550,0.8215124558966982,7
3748,densenet121,550,0.6262433485833546,5
3749,vgg19,350,0.9884623593775808,15
3750,resnet34,939,0.5574747946963727,9
3751,vgg19,750,0.9936879963126718,15
3752,densenet121,350,0.6263678162488967,5
3753,vgg19,750,0.9936879963126718,15
3754,resnet34,350,0.7118597986318302,7
3755,efficientnetb1,750,0.258386396623143,2
3756,resnet50,939,0.8017819857800019,7
3757,vgg16,350,0.968053827189964,11
3758,densenet121,939,0.4858756243316292,5
3759,resnet34,350,1.0,8
3760,efficientnetb0,939,0.6801221238861833,4
3761,resnet50,550,0.8215124558966982,7
3762,efficientnetb2,750,1.0,3
3763,densenet121,350,0.6263678162488967,5
3764,densenet121,550,0.6262433485833546,5
3765,densenet121,350,0.6263678162488967,5
3766,vgg19,350,0.9884623593775808,15
3767,vgg16,350,0.968053827189964,11
3768,vgg19,550,0.9153142027929496,13
3769,vgg16,550,0.9461219284703368,13
3770,vgg19,550,1.0,15
3771,vgg16,939,0.7455450313368192,10
3772,resnet50,939,1.0,6
3773,densenet121,350,0.6263678162488967,5
3774,efficientnetb2,750,1.0,3
3775,resnet50,750,0.8540914514899219,6
3776,resnet50,350,0.8830285561177872,5
3777,densenet121,750,0.6549577219091517,5
3778,efficientnetb0,939,1.0,3
3779,vgg19,350,0.9722792391750928,13
3780,efficientnetb2,550,0.7219694682129152,4
3781,vgg16,550,0.9461219284703368,13
3782,resnet34,550,1.0,8
3783,vgg16,939,1.0,13
3784,vgg19,939,0.9938700985656802,16
3785,densenet121,750,0.6549577219091517,5
3786,efficientnetb2,550,1.0,3
3787,resnet50,350,1.0,6
3788,densenet121,750,0.6549577219091517,5
3789,densenet121,939,0.4858756243316292,5
3790,efficientnetb0,750,1.0,3
3791,resnet34,939,0.7020867334437453,8
3792,vgg19,550,0.4939105417814899,8
3793,efficientnetb0,550,1.0,3
3794,densenet121,939,0.4858756243316292,5
3795,efficientnetb2,939,1.0,3
3796,efficientnetb0,939,1.0,3
3797,densenet121,350,0.6263678162488967,5
3798,efficientnetb2,350,1.0,3
3799,vgg16,750,0.9989474447948092,13
3800,resnet50,350,1.0,6
3801,densenet121,939,0.4858756243316292,5
3802,vgg19,939,1.0,15
3803,efficientnetb0,350,1.0,3
3804,densenet121,350,0.6263678162488967,5
3805,efficientnetb2,750,1.0,3
3806,resnet50,939,0.8248723661787692,5
3807,vgg19,550,1.0,15
3808,resnet34,350,0.3864954674184693,4
3809,efficientnetb2,350,1.0,3
3810,efficientnetb2,939,1.0,3
3811,efficientnetb0,939,1.0,3
3812,vgg16,939,1.0,13
3813,densenet121,550,0.6262433485833546,5
3814,vgg16,350,0.968053827189964,11
3815,efficientnetb2,350,1.0,3
3816,efficientnetb1,350,1.0,3
3817,efficientnetb2,350,1.0,3
3818,efficientnetb2,939,1.0,3
3819,resnet50,350,1.0,6
3820,vgg16,350,0.968053827189964,11
3821,resnet34,750,0.2101132021199169,2
3822,vgg16,350,0.968053827189964,11
3823,efficientnetb1,939,1.0,3
3824,efficientnetb1,550,1.0,3
3825,densenet121,939,0.4858756243316292,5
3826,efficientnetb2,939,1.0,3
3827,resnet50,350,0.8830285561177872,5
3828,vgg16,939,0.8568556422949929,11
3829,vgg19,550,0.93699417819052,14
3830,efficientnetb1,939,1.0,3
3831,efficientnetb2,750,1.0,3
3832,resnet34,750,0.7880649919244954,7
3833,resnet50,350,1.0,6
3834,resnet50,350,0.8169515861153699,7
3835,vgg16,939,0.8548072768189431,12
3836,densenet121,350,0.6263678162488967,5
3837,efficientnetb2,750,1.0,3
3838,densenet121,750,0.6549577219091517,5
3839,vgg19,550,0.9153142027929496,13
3840,vgg16,350,0.968053827189964,11
3841,efficientnetb0,350,1.0,3
3842,efficientnetb1,939,1.0,3
3843,resnet50,750,0.8540914514899219,6
3844,resnet34,350,0.6392378211717704,6
3845,vgg16,350,0.0238402416290037,2
3846,efficientnetb0,350,1.0,3
3847,vgg16,550,0.9599292331742392,11
3848,resnet50,939,1.0,6
3849,vgg19,350,0.063159932094785,4
3850,densenet121,939,0.4858756243316292,5
3851,efficientnetb2,939,0.6509085704414946,4
3852,efficientnetb0,350,1.0,3
3853,densenet121,350,0.6263678162488967,5
3854,efficientnetb0,939,1.0,3
3855,resnet50,939,1.0,6
3856,densenet121,750,0.6549577219091517,5
3857,efficientnetb2,750,1.0,3
3858,vgg16,939,0.8548072768189431,12
3859,efficientnetb2,350,1.0,3
3860,vgg19,750,0.9936879963126718,15
3861,resnet34,750,1.0,8
3862,efficientnetb1,350,1.0,3
3863,vgg16,939,0.8568556422949929,11
3864,vgg16,939,0.8568556422949929,11
3865,densenet121,750,0.6549577219091517,5
3866,vgg16,550,0.6336692532833877,9
3867,densenet121,750,0.0357436179754728,3
3868,efficientnetb1,939,1.0,3
3869,resnet34,350,1.0,8
3870,efficientnetb1,350,1.0,3
3871,resnet34,550,1.0,8
3872,vgg19,350,0.9722792391750928,13
3873,resnet50,350,0.8830285561177872,5
3874,efficientnetb1,350,1.0,3
3875,vgg16,350,0.451298059329941,6
3876,efficientnetb0,939,1.0,3
3877,densenet121,750,1.0,6
3878,efficientnetb2,939,1.0,3
3879,vgg16,939,1.0,13
3880,vgg19,550,0.9153142027929496,13
3881,efficientnetb2,550,1.0,3
3882,vgg19,550,0.9153142027929496,13
3883,efficientnetb0,550,1.0,3
3884,efficientnetb0,550,1.0,3
3885,efficientnetb1,350,1.0,3
3886,efficientnetb2,750,1.0,3
3887,efficientnetb1,550,1.0,3
3888,efficientnetb2,939,1.0,3
3889,vgg19,350,0.9884623593775808,15
3890,resnet34,550,0.5238774014052308,5
3891,efficientnetb1,939,1.0,3
3892,vgg16,350,0.968053827189964,11
3893,efficientnetb2,750,0.0,1
3894,efficientnetb2,750,1.0,3
3895,efficientnetb0,550,1.0,3
3896,densenet121,550,0.6262433485833546,5
3897,vgg19,750,0.1063831635744575,4
3898,resnet50,939,1.0,6
3899,efficientnetb2,550,1.0,3
3900,vgg16,350,0.6122688308267832,9
3901,densenet121,939,0.4858756243316292,5
3902,efficientnetb1,939,1.0,3
3903,vgg19,939,0.9322438807363724,13
3904,efficientnetb2,550,1.0,3
3905,densenet121,550,0.6262433485833546,5
3906,efficientnetb1,350,1.0,3
3907,resnet50,939,1.0,6
3908,efficientnetb1,350,1.0,3
3909,resnet34,939,0.8120702549228033,7
3910,resnet34,550,0.8215653788441881,7
3911,resnet50,350,1.0,6
3912,vgg19,350,0.9722792391750928,13
3913,efficientnetb1,750,1.0,3
3914,efficientnetb0,750,1.0,3
3915,efficientnetb1,939,1.0,3
3916,densenet121,750,0.0983602208090902,4
3917,vgg19,350,0.9722792391750928,13
3918,densenet121,750,0.6549577219091517,5
3919,resnet34,750,0.7880649919244954,7
3920,efficientnetb0,939,1.0,3
3921,efficientnetb1,350,1.0,3
3922,vgg16,750,0.8760175184574507,11
3923,efficientnetb0,939,1.0,3
3924,efficientnetb2,550,1.0,3
3925,resnet34,750,1.0,8
3926,efficientnetb1,750,1.0,3
3927,resnet50,550,1.0,6
3928,efficientnetb2,350,1.0,3
3929,vgg19,350,0.9884623593775808,15
3930,resnet34,550,0.6271701708292037,6
3931,efficientnetb0,939,1.0,3
3932,vgg19,939,1.0,15
3933,efficientnetb1,350,0.0,1
3934,vgg16,550,0.6336692532833877,9
3935,resnet50,350,0.8169515861153699,7
3936,vgg16,350,0.451298059329941,6
3937,efficientnetb1,550,1.0,3
3938,efficientnetb2,939,1.0,3
3939,vgg19,550,1.0,15
3940,vgg19,750,0.9936879963126718,15
3941,resnet50,350,1.0,6
3942,resnet50,750,0.8540914514899219,6
3943,densenet121,939,0.4858756243316292,5
3944,efficientnetb0,750,1.0,3
3945,resnet34,750,0.7880649919244954,7
3946,vgg19,550,1.0,15
3947,resnet34,750,0.7880649919244954,7
3948,efficientnetb0,350,1.0,3
3949,resnet50,939,1.0,6
3950,efficientnetb0,939,1.0,3
3951,vgg19,550,0.1248786103205342,4
3952,vgg19,939,1.0,15
3953,densenet121,550,0.6262433485833546,5
3954,efficientnetb0,350,1.0,3
3955,efficientnetb1,939,1.0,3
3956,efficientnetb1,939,1.0,3
3957,efficientnetb1,939,0.0,1
3958,densenet121,550,0.6262433485833546,5
3959,efficientnetb2,550,1.0,3
3960,vgg19,750,1.0,16
3961,efficientnetb1,550,1.0,3
3962,resnet34,350,1.0,8
3963,resnet34,350,0.6392378211717704,6
3964,resnet50,550,0.8215124558966982,7
3965,densenet121,939,0.4858756243316292,5
3966,efficientnetb0,350,1.0,3
3967,densenet121,350,0.6263678162488967,5
3968,densenet121,550,0.6262433485833546,5
3969,vgg16,350,0.968053827189964,11
3970,efficientnetb2,550,1.0,3
3971,efficientnetb2,550,1.0,3
3972,efficientnetb2,939,1.0,3
3973,vgg16,350,0.9150494503700808,13
3974,efficientnetb0,550,1.0,3
3975,resnet50,750,0.692684175445151,7
3976,densenet121,939,0.4858756243316292,5
3977,vgg19,750,0.9636492577949504,13
3978,resnet50,750,0.8540914514899219,6
3979,densenet121,350,0.6263678162488967,5
3980,resnet34,550,0.8215653788441881,7
3981,efficientnetb1,750,1.0,3
3982,resnet50,550,0.8215124558966982,7
3983,efficientnetb2,350,1.0,3
3984,efficientnetb0,350,1.0,3
3985,densenet121,750,0.6549577219091517,5
3986,resnet50,550,1.0,6
3987,efficientnetb2,550,1.0,3
3988,efficientnetb2,550,1.0,3
3989,vgg19,550,1.0,15
3990,densenet121,939,0.133680659859905,4
3991,efficientnetb0,550,0.7484594574197447,4
3992,efficientnetb1,939,1.0,3
3993,densenet121,550,0.6262433485833546,5
3994,efficientnetb0,750,1.0,3
3995,resnet50,350,0.8830285561177872,5
3996,efficientnetb1,550,1.0,3
3997,resnet50,350,1.0,6
3998,resnet50,750,0.692684175445151,7
3999,densenet121,550,0.6262433485833546,5
4000,vgg16,939,0.8568556422949929,11
4001,vgg19,750,0.9636492577949504,13
4002,vgg19,350,0.9722792391750928,13
4003,resnet34,939,0.8120702549228033,7
4004,resnet34,939,0.7020867334437453,8
4005,resnet34,939,0.8120702549228033,7
4006,efficientnetb0,939,1.0,3
4007,efficientnetb0,350,1.0,3
4008,efficientnetb2,939,1.0,3
4009,vgg16,550,0.9461219284703368,13
4010,efficientnetb1,939,1.0,3
4011,efficientnetb1,750,1.0,3
4012,vgg16,939,0.5519575390300896,9
4013,vgg16,550,0.9461219284703368,13
4014,vgg19,939,1.0,15
4015,vgg16,750,0.9989474447948092,13
4016,vgg16,750,0.9989474447948092,13
4017,efficientnetb0,750,1.0,3
4018,vgg19,550,1.0,15
4019,efficientnetb0,350,1.0,3
4020,efficientnetb0,750,1.0,3
4021,efficientnetb1,939,1.0,3
4022,densenet121,939,0.4858756243316292,5
4023,resnet34,350,0.7118597986318302,7
4024,vgg16,550,0.9461219284703368,13
4025,densenet121,750,0.6549577219091517,5
4026,densenet121,550,0.6262433485833546,5
4027,resnet34,939,0.7020867334437453,8
4028,efficientnetb2,750,1.0,3
4029,efficientnetb2,350,1.0,3
4030,resnet34,550,1.0,8
4031,vgg19,939,0.9322438807363724,13
4032,resnet34,939,0.8120702549228033,7
4033,vgg16,550,0.9461219284703368,13
4034,efficientnetb1,750,1.0,3
4035,efficientnetb2,550,1.0,3
4036,vgg16,550,0.9599292331742392,11
4037,vgg16,350,0.9150494503700808,13
4038,resnet50,550,1.0,6
4039,vgg16,939,1.0,13
4040,vgg19,939,0.9938700985656802,16
4041,efficientnetb2,750,1.0,3
4042,resnet50,939,1.0,6
4043,vgg19,550,1.0,15
4044,densenet121,939,0.4858756243316292,5
4045,efficientnetb2,939,1.0,3
4046,vgg19,750,0.9936879963126718,15
4047,resnet50,350,1.0,6
4048,resnet50,939,1.0,6
4049,resnet34,750,0.7880649919244954,7
4050,efficientnetb2,750,1.0,3
4051,vgg16,939,1.0,13
4052,efficientnetb0,550,1.0,3
4053,densenet121,550,0.6262433485833546,5
4054,efficientnetb1,350,1.0,3
4055,resnet34,350,0.7118597986318302,7
4056,efficientnetb1,350,0.7181138626700144,4
4057,densenet121,939,0.4858756243316292,5
4058,efficientnetb0,550,1.0,3
4059,efficientnetb2,939,1.0,3
4060,resnet50,939,0.8017819857800019,7
4061,densenet121,939,0.4858756243316292,5
4062,resnet34,350,0.9419697554794192,9
4063,vgg16,550,0.9461219284703368,13
4064,efficientnetb0,350,1.0,3
4065,vgg16,550,0.9599292331742392,11
4066,efficientnetb1,750,1.0,3
4067,efficientnetb2,750,1.0,3
4068,resnet34,939,0.7020867334437453,8
4069,vgg19,750,0.9936879963126718,15
4070,efficientnetb2,939,1.0,3
4071,vgg19,550,1.0,15
4072,resnet34,939,0.5574747946963727,9
4073,vgg16,350,0.9150494503700808,13
4074,densenet121,750,0.6549577219091517,5
4075,vgg19,939,1.0,15
4076,densenet121,750,0.6549577219091517,5
4077,efficientnetb0,750,1.0,3
4078,efficientnetb0,350,1.0,3
4079,efficientnetb0,939,1.0,3
4080,densenet121,750,0.6549577219091517,5
4081,efficientnetb1,350,1.0,3
4082,vgg19,939,1.0,15
4083,efficientnetb1,750,1.0,3
4084,efficientnetb1,550,1.0,3
4085,efficientnetb2,750,1.0,3
4086,efficientnetb2,939,1.0,3
4087,vgg16,939,1.0,13
4088,densenet121,550,0.6262433485833546,5
4089,resnet34,550,1.0,8
4090,vgg19,939,0.1144285467096243,4
4091,resnet50,550,0.8215124558966982,7
4092,efficientnetb1,550,1.0,3
4093,resnet34,939,0.8120702549228033,7
4094,efficientnetb2,550,1.0,3
4095,vgg19,550,0.93432282209291,16
4096,resnet34,939,0.5574747946963727,9
4097,efficientnetb0,939,1.0,3
4098,densenet121,939,0.133680659859905,4
4099,resnet50,350,0.8169515861153699,7
4100,vgg19,550,1.0,15
4101,efficientnetb1,350,1.0,3
4102,vgg19,550,1.0,15
4103,resnet34,750,1.0,8
4104,densenet121,750,0.6549577219091517,5
4105,resnet50,550,1.0,6
4106,resnet50,550,1.0,6
4107,vgg19,939,0.9322438807363724,13
4108,vgg19,550,1.0,15
4109,densenet121,750,0.6549577219091517,5
4110,vgg19,550,1.0,15
4111,efficientnetb2,939,1.0,3
4112,vgg19,750,0.9936879963126718,15
4113,efficientnetb0,939,1.0,3
4114,resnet34,750,1.0,8
4115,resnet34,350,0.7118597986318302,7
4116,vgg19,750,1.0,16
4117,resnet34,750,0.6702494870914867,10
4118,efficientnetb0,350,1.0,3
4119,efficientnetb2,750,1.0,3
4120,densenet121,550,0.6262433485833546,5
4121,densenet121,750,0.6549577219091517,5
4122,vgg19,939,1.0,15
4123,vgg16,350,0.9150494503700808,13
4124,efficientnetb1,350,1.0,3
4125,vgg16,750,0.8760175184574507,11
4126,efficientnetb1,550,1.0,3
4127,efficientnetb1,550,1.0,3
4128,efficientnetb0,350,1.0,3
4129,efficientnetb1,350,1.0,3
4130,efficientnetb0,939,1.0,3
4131,efficientnetb2,550,1.0,3
4132,efficientnetb1,750,1.0,3
4133,efficientnetb2,939,1.0,3
4134,vgg19,939,1.0,15
4135,densenet121,750,0.6549577219091517,5
4136,resnet34,939,0.5574747946963727,9
4137,vgg19,750,0.9636492577949504,13
4138,efficientnetb1,939,1.0,3
4139,densenet121,750,0.6549577219091517,5
4140,efficientnetb0,750,1.0,3
4141,vgg16,939,1.0,13
4142,resnet34,550,1.0,8
4143,efficientnetb2,550,1.0,3
4144,efficientnetb1,939,1.0,3
4145,densenet121,750,0.6549577219091517,5
4146,resnet50,350,0.8169515861153699,7
4147,efficientnetb1,350,1.0,3
4148,resnet34,550,1.0,8
4149,efficientnetb2,350,1.0,3
4150,efficientnetb1,350,1.0,3
4151,efficientnetb0,550,1.0,3
4152,efficientnetb2,939,1.0,3
4153,densenet121,750,0.6549577219091517,5
4154,efficientnetb1,750,0.7228690296773087,4
4155,efficientnetb0,350,0.7221681243288518,4
4156,efficientnetb1,350,1.0,3
4157,resnet34,939,0.7020867334437453,8
4158,densenet121,550,0.6262433485833546,5
4159,resnet34,939,0.8120702549228033,7
4160,densenet121,939,0.4858756243316292,5
4161,vgg16,750,0.9989474447948092,13
4162,efficientnetb2,550,1.0,3
4163,efficientnetb1,939,1.0,3
4164,resnet34,350,1.0,8
4165,densenet121,750,0.6549577219091517,5
4166,vgg16,350,0.9150494503700808,13
4167,efficientnetb1,939,1.0,3
4168,resnet34,550,1.0,8
4169,vgg19,350,0.9884623593775808,15
4170,resnet50,350,0.4097205423764233,4
4171,vgg16,550,0.9461219284703368,13
4172,efficientnetb0,939,1.0,3
4173,densenet121,350,0.6263678162488967,5
4174,densenet121,550,0.6262433485833546,5
4175,efficientnetb1,350,1.0,3
4176,vgg19,350,0.9884623593775808,15
4177,resnet34,939,0.7020867334437453,8
4178,efficientnetb2,939,1.0,3
4179,resnet34,750,1.0,8
4180,vgg16,939,1.0,13
4181,resnet50,750,0.692684175445151,7
4182,efficientnetb2,750,1.0,3
4183,vgg16,350,0.9150494503700808,13
4184,efficientnetb2,939,1.0,3
4185,vgg19,939,1.0,15
4186,vgg16,350,0.968053827189964,11
4187,efficientnetb0,550,1.0,3
4188,vgg19,939,1.0,15
4189,efficientnetb2,350,1.0,3
4190,densenet121,750,0.6549577219091517,5
4191,resnet50,750,0.5189759550817877,8
4192,vgg19,350,0.9884623593775808,15
4193,densenet121,939,0.4858756243316292,5
4194,efficientnetb2,550,1.0,3
4195,vgg19,550,0.7603022178684953,17
4196,vgg16,550,0.9461219284703368,13
4197,vgg16,750,0.9989474447948092,13
4198,resnet50,750,0.692684175445151,7
4199,resnet34,750,1.0,8
4200,vgg16,350,0.9277415950475124,14
4201,efficientnetb0,550,1.0,3
4202,vgg19,550,1.0,15
4203,efficientnetb2,939,1.0,3
4204,efficientnetb2,939,1.0,3
4205,resnet50,550,1.0,6
4206,efficientnetb0,350,1.0,3
4207,resnet50,939,1.0,6
4208,vgg16,350,0.9277415950475124,14
4209,vgg16,350,0.9150494503700808,13
4210,vgg19,939,1.0,15
4211,resnet34,939,0.7020867334437453,8
4212,vgg16,939,1.0,13
4213,densenet121,750,0.6549577219091517,5
4214,resnet34,550,0.9073881434347082,9
4215,resnet50,750,0.098265786808133,1
4216,vgg16,939,0.4173293874259716,5
4217,efficientnetb2,350,1.0,3
4218,densenet121,350,0.6263678162488967,5
4219,densenet121,939,0.4858756243316292,5
4220,efficientnetb0,350,1.0,3
4221,efficientnetb1,350,1.0,3
4222,resnet50,550,0.8215124558966982,7
4223,densenet121,550,0.0,1
4224,efficientnetb2,350,1.0,3
4225,densenet121,750,0.6549577219091517,5
4226,efficientnetb1,550,0.6878389778024664,4
4227,resnet50,750,0.692684175445151,7
4228,efficientnetb1,939,1.0,3
4229,resnet50,550,1.0,6
4230,densenet121,939,0.4858756243316292,5
4231,vgg19,750,0.9636492577949504,13
4232,vgg19,350,0.9722792391750928,13
4233,vgg19,750,0.9936879963126718,15
4234,efficientnetb0,550,1.0,3
4235,resnet34,550,1.0,8
4236,resnet34,350,1.0,8
4237,vgg19,550,0.9153142027929496,13
4238,resnet34,939,0.5574747946963727,9
4239,resnet34,550,0.9073881434347082,9
4240,resnet50,939,0.8017819857800019,7
4241,resnet34,750,1.0,8
4242,efficientnetb2,550,1.0,3
4243,resnet50,750,0.8540914514899219,6
4244,efficientnetb0,350,1.0,3
4245,densenet121,939,0.4858756243316292,5
4246,efficientnetb0,939,1.0,3
4247,vgg19,750,0.9636492577949504,13
4248,efficientnetb0,350,1.0,3
4249,vgg16,350,0.9150494503700808,13
4250,resnet34,550,0.6454523732312784,10
4251,densenet121,939,1.0,6
4252,densenet121,550,0.6262433485833546,5
4253,efficientnetb2,939,1.0,3
4254,efficientnetb0,750,1.0,3
4255,densenet121,350,0.6263678162488967,5
4256,efficientnetb2,550,1.0,3
4257,resnet34,550,0.8215653788441881,7
4258,vgg19,350,0.3670248005033085,6
4259,efficientnetb2,750,1.0,3
4260,efficientnetb1,550,1.0,3
4261,vgg16,750,0.9989474447948092,13
4262,efficientnetb0,350,1.0,3
4263,vgg19,550,0.3608150480635607,7
4264,resnet50,350,0.8169515861153699,7
4265,efficientnetb0,939,1.0,3
4266,densenet121,939,0.4858756243316292,5
4267,vgg16,750,0.9989474447948092,13
4268,vgg16,939,1.0,13
4269,resnet50,939,0.8017819857800019,7
4270,resnet34,750,0.416342836798379,4
4271,vgg16,939,1.0,13
4272,efficientnetb1,750,1.0,3
4273,efficientnetb1,939,1.0,3
4274,vgg19,750,0.9636492577949504,13
4275,resnet34,350,0.7118597986318302,7
4276,vgg19,550,1.0,15
4277,efficientnetb0,550,1.0,3
4278,densenet121,939,0.4858756243316292,5
4279,densenet121,550,0.6262433485833546,5
4280,resnet34,939,0.7020867334437453,8
4281,densenet121,939,0.4858756243316292,5
4282,densenet121,750,0.6549577219091517,5
4283,resnet34,350,0.7118597986318302,7
4284,efficientnetb1,350,1.0,3
4285,resnet50,550,1.0,6
4286,vgg16,550,0.9461219284703368,13
4287,densenet121,939,0.4858756243316292,5
4288,resnet50,350,1.0,6
4289,efficientnetb0,939,1.0,3
4290,resnet34,750,0.7880649919244954,7
4291,efficientnetb0,939,0.6801221238861833,4
4292,resnet50,939,1.0,6
4293,vgg19,939,0.053642035656265,3
4294,resnet34,550,0.8215653788441881,7
4295,vgg16,939,1.0,13
4296,vgg16,939,1.0,13
4297,resnet34,750,0.7880649919244954,7
4298,vgg19,939,1.0,15
4299,resnet34,750,0.503125777232975,11
4300,efficientnetb0,350,1.0,3
4301,efficientnetb0,550,1.0,3
4302,efficientnetb1,350,1.0,3
4303,vgg16,350,0.9150494503700808,13
4304,efficientnetb2,939,1.0,3
4305,vgg19,750,0.9936879963126718,15
4306,vgg16,939,0.8568556422949929,11
4307,efficientnetb2,750,1.0,3
4308,efficientnetb2,350,1.0,3
4309,vgg16,550,0.9461219284703368,13
4310,vgg16,550,0.9461219284703368,13
4311,vgg16,750,0.8760175184574507,11
4312,efficientnetb1,350,1.0,3
4313,efficientnetb2,939,1.0,3
4314,efficientnetb1,350,1.0,3
4315,densenet121,750,0.6549577219091517,5
4316,efficientnetb0,550,1.0,3
4317,efficientnetb1,350,1.0,3
4318,efficientnetb0,350,1.0,3
4319,efficientnetb2,939,1.0,3
4320,efficientnetb0,750,1.0,3
4321,resnet50,939,1.0,6
4322,efficientnetb0,550,1.0,3
4323,resnet50,350,1.0,6
4324,resnet34,750,0.8389123599870303,9
4325,vgg19,350,0.9722792391750928,13
4326,efficientnetb1,750,1.0,3
4327,efficientnetb1,350,1.0,3
4328,resnet34,550,0.8215653788441881,7
4329,resnet50,939,1.0,6
4330,vgg16,939,0.8568556422949929,11
4331,vgg19,939,0.9322438807363724,13
4332,vgg19,550,1.0,15
4333,vgg16,750,0.8760175184574507,11
4334,resnet50,350,1.0,6
4335,densenet121,750,0.6549577219091517,5
4336,efficientnetb0,550,1.0,3
4337,efficientnetb1,939,1.0,3
4338,efficientnetb1,939,1.0,3
4339,vgg16,550,0.9461219284703368,13
4340,efficientnetb1,550,1.0,3
4341,resnet34,550,1.0,8
4342,efficientnetb2,750,1.0,3
4343,vgg19,750,0.9936879963126718,15
4344,efficientnetb1,750,1.0,3
4345,efficientnetb2,350,1.0,3
4346,vgg19,550,1.0,15
4347,efficientnetb2,939,1.0,3
4348,efficientnetb0,550,1.0,3
4349,densenet121,750,1.0,6
4350,efficientnetb2,750,1.0,3
4351,efficientnetb0,350,1.0,3
4352,vgg19,939,0.9938700985656802,16
4353,efficientnetb0,750,1.0,3
4354,vgg19,750,0.9936879963126718,15
4355,efficientnetb2,939,1.0,3
4356,efficientnetb1,550,1.0,3
4357,efficientnetb0,939,1.0,3
4358,efficientnetb0,939,1.0,3
4359,vgg19,550,1.0,15
4360,densenet121,750,0.6549577219091517,5
4361,densenet121,550,0.6262433485833546,5
4362,efficientnetb0,550,1.0,3
4363,resnet50,750,0.692684175445151,7
4364,resnet50,550,0.8501913432605966,5
4365,vgg16,350,0.9150494503700808,13
4366,efficientnetb0,750,1.0,3
4367,efficientnetb2,550,0.7219694682129152,4
4368,efficientnetb2,350,1.0,3
4369,efficientnetb0,550,1.0,3
4370,vgg16,550,0.9599292331742392,11
4371,resnet34,750,1.0,8
4372,vgg19,939,0.9322438807363724,13
4373,efficientnetb2,750,0.0,1
4374,vgg16,750,0.9989474447948092,13
4375,resnet34,750,1.0,8
4376,vgg19,750,0.9636492577949504,13
4377,vgg19,350,0.7047271852759325,10
4378,resnet34,939,0.8120702549228033,7
4379,resnet50,550,1.0,6
4380,densenet121,939,0.4858756243316292,5
4381,resnet50,550,0.8215124558966982,7
4382,densenet121,939,0.4858756243316292,5
4383,densenet121,350,0.6263678162488967,5
4384,resnet34,939,0.7020867334437453,8
4385,vgg19,550,1.0,15
4386,vgg16,550,0.9461219284703368,13
4387,vgg19,550,1.0,15
4388,vgg19,750,0.9936879963126718,15
4389,vgg16,350,0.968053827189964,11
4390,resnet50,750,0.8540914514899219,6
4391,densenet121,750,0.6549577219091517,5
4392,efficientnetb1,750,1.0,3
4393,efficientnetb2,550,1.0,3
4394,efficientnetb2,939,1.0,3
4395,efficientnetb2,550,1.0,3
4396,efficientnetb1,750,1.0,3
4397,efficientnetb1,939,1.0,3
4398,densenet121,550,0.6262433485833546,5
4399,resnet50,750,0.8540914514899219,6
4400,resnet34,550,0.8215653788441881,7
4401,resnet50,750,0.8540914514899219,6
4402,resnet34,750,1.0,8
4403,resnet34,550,1.0,8
4404,resnet50,750,0.8540914514899219,6
4405,vgg16,550,0.4554756020263791,7
4406,efficientnetb2,350,1.0,3
4407,efficientnetb2,750,1.0,3
4408,efficientnetb0,939,1.0,3
4409,densenet121,750,0.6549577219091517,5
4410,vgg19,350,0.9884623593775808,15
4411,densenet121,550,0.6262433485833546,5
4412,resnet50,550,1.0,6
4413,resnet50,350,1.0,6
4414,densenet121,750,0.6549577219091517,5
4415,efficientnetb1,350,1.0,3
4416,efficientnetb2,939,1.0,3
4417,resnet34,750,1.0,8
4418,efficientnetb1,939,1.0,3
4419,efficientnetb0,750,1.0,3
4420,efficientnetb0,939,1.0,3
4421,vgg16,550,0.9461219284703368,13
4422,resnet50,939,1.0,6
4423,efficientnetb0,939,1.0,3
4424,vgg19,550,0.9153142027929496,13
4425,vgg19,750,0.9936879963126718,15
4426,vgg16,750,0.9989474447948092,13
4427,efficientnetb0,750,1.0,3
4428,efficientnetb1,550,1.0,3
4429,efficientnetb1,750,1.0,3
4430,vgg19,750,0.3954673323042385,5
4431,resnet34,550,0.8215653788441881,7
4432,vgg16,939,1.0,13
4433,vgg19,350,0.9884623593775808,15
4434,efficientnetb2,550,1.0,3
4435,densenet121,350,0.6263678162488967,5
4436,efficientnetb0,350,1.0,3
4437,densenet121,550,0.6262433485833546,5
4438,efficientnetb0,350,1.0,3
4439,efficientnetb2,350,1.0,3
4440,resnet50,550,1.0,6
4441,vgg19,939,1.0,15
4442,vgg19,350,0.9884623593775808,15
4443,densenet121,550,0.6262433485833546,5
4444,vgg19,350,0.9884623593775808,15
4445,efficientnetb2,939,1.0,3
4446,densenet121,750,0.6549577219091517,5
4447,vgg19,750,0.9936879963126718,15
4448,efficientnetb0,550,1.0,3
4449,efficientnetb2,750,1.0,3
4450,efficientnetb0,939,1.0,3
4451,efficientnetb2,750,1.0,3
4452,efficientnetb2,750,1.0,3
4453,efficientnetb1,350,1.0,3
4454,densenet121,939,0.4858756243316292,5
4455,efficientnetb2,939,1.0,3
4456,densenet121,939,0.4858756243316292,5
4457,vgg19,750,0.9936879963126718,15
4458,densenet121,750,0.6549577219091517,5
4459,vgg16,350,0.9150494503700808,13
4460,efficientnetb2,750,1.0,3
4461,efficientnetb2,939,1.0,3
4462,efficientnetb0,550,1.0,3
4463,efficientnetb2,550,1.0,3
4464,resnet50,939,1.0,6
4465,efficientnetb0,939,0.6801221238861833,4
4466,efficientnetb2,939,1.0,3
4467,resnet34,350,0.7118597986318302,7
4468,resnet50,939,1.0,6
4469,resnet50,750,0.8540914514899219,6
4470,resnet34,750,1.0,8
4471,resnet50,350,0.8169515861153699,7
4472,vgg19,939,1.0,15
4473,resnet50,939,0.8017819857800019,7
4474,efficientnetb0,750,1.0,3
4475,densenet121,350,0.6263678162488967,5
4476,resnet34,750,1.0,8
4477,densenet121,350,0.6263678162488967,5
4478,resnet50,350,0.8169515861153699,7
4479,densenet121,350,0.6263678162488967,5
4480,efficientnetb0,350,1.0,3
4481,efficientnetb2,550,1.0,3
4482,resnet34,350,0.7118597986318302,7
4483,vgg16,350,0.9150494503700808,13
4484,vgg16,550,0.9599292331742392,11
4485,vgg16,939,1.0,13
4486,resnet34,550,0.8215653788441881,7
4487,resnet50,750,0.8540914514899219,6
4488,efficientnetb0,750,1.0,3
4489,efficientnetb1,750,1.0,3
4490,resnet50,550,1.0,6
4491,efficientnetb1,750,1.0,3
4492,efficientnetb2,750,1.0,3
4493,vgg19,750,0.9936879963126718,15
4494,efficientnetb0,550,1.0,3
4495,vgg19,750,0.9936879963126718,15
4496,resnet34,939,0.7020867334437453,8
4497,resnet34,550,1.0,8
4498,efficientnetb0,550,1.0,3
4499,efficientnetb0,350,1.0,3
4500,densenet121,350,0.6263678162488967,5
4501,efficientnetb1,550,1.0,3
4502,efficientnetb0,939,1.0,3
4503,resnet50,550,0.0097267662088094,1
4504,densenet121,939,0.4858756243316292,5
4505,efficientnetb2,939,1.0,3
4506,densenet121,350,0.6263678162488967,5
4507,resnet34,350,0.7118597986318302,7
4508,vgg19,350,0.9884623593775808,15
4509,resnet50,350,0.0948151869136176,2
4510,vgg16,550,0.9599292331742392,11
4511,resnet50,939,1.0,6
4512,efficientnetb0,939,1.0,3
4513,resnet34,350,0.9419697554794192,9
4514,efficientnetb2,750,1.0,3
4515,resnet34,939,0.8120702549228033,7
4516,densenet121,750,0.6549577219091517,5
4517,efficientnetb2,750,1.0,3
4518,efficientnetb2,350,1.0,3
4519,efficientnetb2,550,1.0,3
4520,efficientnetb0,350,1.0,3
4521,efficientnetb2,750,1.0,3
4522,vgg16,550,0.9461219284703368,13
4523,efficientnetb2,939,1.0,3
4524,efficientnetb2,550,1.0,3
4525,densenet121,750,0.6549577219091517,5
4526,vgg19,750,0.9936879963126718,15
4527,efficientnetb2,550,1.0,3
4528,efficientnetb1,939,1.0,3
4529,vgg16,939,0.8568556422949929,11
4530,efficientnetb0,550,1.0,3
4531,vgg19,939,1.0,15
4532,densenet121,350,0.6263678162488967,5
4533,resnet34,750,1.0,8
4534,densenet121,750,0.6549577219091517,5
4535,vgg16,750,0.9989474447948092,13
4536,resnet50,350,0.8169515861153699,7
4537,resnet34,939,0.7020867334437453,8
4538,densenet121,350,0.5134540759121593,7
4539,resnet34,350,0.7134974009725887,10
4540,efficientnetb1,939,1.0,3
4541,resnet34,939,0.5574747946963727,9
4542,densenet121,350,0.6263678162488967,5
4543,vgg19,550,1.0,15
4544,densenet121,939,0.4858756243316292,5
4545,resnet34,350,0.7118597986318302,7
4546,resnet50,350,1.0,6
4547,densenet121,939,0.4858756243316292,5
4548,efficientnetb0,350,1.0,3
4549,vgg19,350,0.9884623593775808,15
4550,efficientnetb2,939,1.0,3
4551,efficientnetb0,550,1.0,3
4552,densenet121,550,0.6262433485833546,5
4553,efficientnetb2,750,1.0,3
4554,efficientnetb2,350,1.0,3
4555,efficientnetb2,550,1.0,3
4556,efficientnetb1,550,1.0,3
4557,densenet121,939,0.4858756243316292,5
4558,resnet50,350,1.0,6
4559,resnet34,350,1.0,8
4560,efficientnetb1,939,1.0,3
4561,vgg19,550,1.0,15
4562,vgg19,550,0.3630539177738009,6
4563,resnet50,939,1.0,6
4564,vgg19,350,0.9884623593775808,15
4565,vgg19,550,1.0,15
4566,efficientnetb2,939,1.0,3
4567,efficientnetb0,550,1.0,3
4568,efficientnetb0,750,1.0,3
4569,vgg19,550,1.0,15
4570,efficientnetb2,939,1.0,3
4571,efficientnetb1,550,1.0,3
4572,resnet50,350,0.8169515861153699,7
4573,efficientnetb2,350,1.0,3
4574,vgg16,550,0.9599292331742392,11
4575,resnet34,550,0.9073881434347082,9
4576,vgg19,350,0.9884623593775808,15
4577,vgg16,750,0.9989474447948092,13
4578,resnet50,550,1.0,6
4579,efficientnetb2,550,1.0,3
4580,efficientnetb2,750,1.0,3
4581,efficientnetb0,350,1.0,3
4582,densenet121,350,0.6263678162488967,5
4583,vgg19,550,1.0,15
4584,resnet34,750,1.0,8
4585,resnet50,750,0.692684175445151,7
4586,efficientnetb0,750,1.0,3
4587,resnet50,350,1.0,6
4588,efficientnetb0,550,1.0,3
4589,densenet121,550,0.6262433485833546,5
4590,vgg16,550,0.9461219284703368,13
4591,resnet50,939,0.8017819857800019,7
4592,densenet121,750,0.6549577219091517,5
4593,resnet50,350,0.8169515861153699,7
4594,efficientnetb1,750,1.0,3
4595,vgg16,350,0.6122688308267832,9
4596,efficientnetb0,350,0.7221681243288518,4
4597,efficientnetb1,939,1.0,3
4598,efficientnetb1,750,1.0,3
4599,efficientnetb1,750,1.0,3
4600,resnet34,350,1.0,8
4601,vgg19,550,1.0,15
4602,efficientnetb0,939,1.0,3
4603,resnet50,750,0.692684175445151,7
4604,efficientnetb2,750,1.0,3
4605,densenet121,350,0.6263678162488967,5
4606,vgg19,550,1.0,15
4607,resnet50,550,0.8215124558966982,7
4608,vgg19,939,1.0,15
4609,densenet121,750,0.6549577219091517,5
4610,efficientnetb0,750,1.0,3
4611,resnet50,350,0.8169515861153699,7
4612,vgg16,550,0.9461219284703368,13
4613,resnet34,750,1.0,8
4614,resnet50,750,0.8540914514899219,6
4615,efficientnetb2,750,1.0,3
4616,densenet121,939,0.4858756243316292,5
4617,resnet34,550,1.0,8
4618,densenet121,350,0.6263678162488967,5
4619,resnet34,939,0.449819155975815,10
4620,densenet121,750,0.6549577219091517,5
4621,densenet121,550,0.6262433485833546,5
4622,vgg19,939,1.0,15
4623,vgg19,750,0.9936879963126718,15
4624,efficientnetb2,550,1.0,3
4625,vgg19,350,0.9884623593775808,15
4626,vgg16,350,0.9150494503700808,13
4627,efficientnetb1,550,1.0,3
4628,vgg16,350,0.968053827189964,11
4629,efficientnetb1,550,1.0,3
4630,vgg19,939,1.0,15
4631,efficientnetb1,939,1.0,3
4632,densenet121,939,0.4858756243316292,5
4633,efficientnetb1,550,1.0,3
4634,vgg16,550,0.6395986703296175,8
4635,vgg16,550,0.9461219284703368,13
4636,efficientnetb2,939,1.0,3
4637,resnet50,939,0.8017819857800019,7
4638,vgg16,350,0.9150494503700808,13
4639,efficientnetb0,550,1.0,3
4640,efficientnetb0,350,1.0,3
4641,vgg19,350,0.9884623593775808,15
4642,resnet34,350,0.7134974009725887,10
4643,resnet50,939,1.0,6
4644,efficientnetb0,750,1.0,3
4645,vgg16,750,0.9989474447948092,13
4646,resnet34,939,1.0,6
4647,resnet34,350,0.7118597986318302,7
4648,resnet50,550,1.0,6
4649,vgg19,939,1.0,15
4650,vgg16,350,0.9150494503700808,13
4651,efficientnetb2,550,1.0,3
4652,resnet50,939,1.0,6
4653,efficientnetb0,750,1.0,3
4654,vgg19,350,0.4051376815444835,5
4655,densenet121,750,0.6549577219091517,5
4656,resnet34,750,1.0,8
4657,efficientnetb1,350,1.0,3
4658,efficientnetb1,939,1.0,3
4659,resnet34,350,1.0,8
4660,resnet50,939,1.0,6
4661,densenet121,550,0.6262433485833546,5
4662,efficientnetb1,350,1.0,3
4663,resnet50,939,1.0,6
4664,efficientnetb0,939,1.0,3
4665,vgg16,550,0.9599292331742392,11
4666,resnet50,750,0.8540914514899219,6
4667,vgg19,550,0.9153142027929496,13
4668,resnet50,350,1.0,6
4669,vgg19,750,0.9636492577949504,13
4670,resnet50,550,1.0,6
4671,vgg16,350,1.0,12
4672,efficientnetb0,350,1.0,3
4673,efficientnetb0,350,1.0,3
4674,efficientnetb0,750,1.0,3
4675,densenet121,550,0.6262433485833546,5
4676,resnet34,550,1.0,8
4677,efficientnetb2,350,1.0,3
4678,efficientnetb0,750,1.0,3
4679,vgg19,550,0.93432282209291,16
4680,efficientnetb2,550,1.0,3
4681,resnet50,939,1.0,6
4682,resnet50,750,0.8540914514899219,6
4683,efficientnetb1,550,1.0,3
4684,densenet121,350,0.6263678162488967,5
4685,vgg19,550,1.0,15
4686,efficientnetb2,750,0.0,1
4687,efficientnetb0,350,0.0,1
4688,vgg19,350,0.9884623593775808,15
4689,efficientnetb1,750,1.0,3
4690,efficientnetb0,939,1.0,3
4691,resnet34,939,0.7020867334437453,8
4692,resnet50,550,0.8501913432605966,5
4693,resnet34,550,1.0,8
4694,resnet50,750,0.8540914514899219,6
4695,efficientnetb2,350,1.0,3
4696,vgg16,939,1.0,13
4697,vgg16,750,0.9989474447948092,13
4698,efficientnetb2,350,1.0,3
4699,efficientnetb2,750,1.0,3
4700,efficientnetb2,750,1.0,3
4701,densenet121,550,0.6262433485833546,5
4702,densenet121,350,0.6263678162488967,5
4703,efficientnetb0,939,1.0,3
4704,vgg19,550,1.0,15
4705,efficientnetb1,939,1.0,3
4706,efficientnetb1,750,1.0,3
4707,resnet50,750,0.8540914514899219,6
4708,efficientnetb2,350,1.0,3
4709,efficientnetb0,750,0.0,1
4710,densenet121,350,0.6263678162488967,5
4711,densenet121,750,0.6549577219091517,5
4712,efficientnetb0,550,1.0,3
4713,vgg19,550,1.0,15
4714,resnet50,350,0.2365622217411404,3
4715,vgg19,750,0.9936879963126718,15
4716,efficientnetb2,350,1.0,3
4717,efficientnetb0,939,1.0,3
4718,efficientnetb0,939,1.0,3
4719,efficientnetb0,550,1.0,3
4720,vgg16,939,1.0,13
4721,efficientnetb2,750,1.0,3
4722,densenet121,750,0.6549577219091517,5
4723,efficientnetb1,550,1.0,3
4724,efficientnetb1,350,1.0,3
4725,densenet121,350,0.6263678162488967,5
4726,resnet34,350,1.0,8
4727,efficientnetb2,350,1.0,3
4728,efficientnetb0,550,1.0,3
4729,efficientnetb1,750,0.7228690296773087,4
4730,vgg19,550,1.0,15
4731,vgg16,939,0.8568556422949929,11
4732,efficientnetb2,350,0.1727158782926704,2
4733,resnet50,350,0.8169515861153699,7
4734,efficientnetb1,550,1.0,3
4735,vgg16,939,1.0,13
4736,vgg19,750,0.9636492577949504,13
4737,resnet34,939,0.8120702549228033,7
4738,efficientnetb2,350,1.0,3
4739,efficientnetb1,350,1.0,3
4740,efficientnetb2,750,0.6313792880026403,4
4741,resnet50,750,0.8540914514899219,6
4742,resnet50,939,1.0,6
4743,vgg16,939,0.8568556422949929,11
4744,efficientnetb0,350,1.0,3
4745,resnet34,550,0.9073881434347082,9
4746,efficientnetb2,939,1.0,3
4747,vgg16,550,0.9599292331742392,11
4748,efficientnetb0,750,1.0,3
4749,efficientnetb1,939,0.7039994792384792,4
4750,vgg16,750,0.9989474447948092,13
4751,efficientnetb1,750,1.0,3
4752,vgg19,939,0.958551617010162,14
4753,densenet121,750,0.6549577219091517,5
4754,efficientnetb0,350,1.0,3
4755,efficientnetb1,550,1.0,3
4756,vgg16,550,0.9461219284703368,13
4757,efficientnetb1,939,1.0,3
4758,efficientnetb2,350,1.0,3
4759,densenet121,350,0.6263678162488967,5
4760,resnet50,350,1.0,6
4761,efficientnetb0,350,1.0,3
4762,efficientnetb2,750,1.0,3
4763,efficientnetb0,750,1.0,3
4764,efficientnetb2,939,1.0,3
4765,vgg16,939,0.8568556422949929,11
4766,densenet121,350,0.6263678162488967,5
4767,resnet50,939,1.0,6
4768,vgg19,550,0.9153142027929496,13
4769,vgg19,750,0.9936879963126718,15
4770,resnet50,550,1.0,6
4771,efficientnetb0,939,1.0,3
4772,efficientnetb1,550,0.6878389778024664,4
4773,vgg19,939,0.9322438807363724,13
4774,efficientnetb1,350,1.0,3
4775,resnet50,350,1.0,6
4776,densenet121,750,0.6549577219091517,5
4777,resnet50,939,1.0,6
4778,resnet50,939,0.0,1
4779,resnet50,550,1.0,6
4780,resnet34,350,0.9419697554794192,9
4781,efficientnetb2,750,1.0,3
4782,densenet121,550,0.6262433485833546,5
4783,resnet34,350,1.0,8
4784,vgg16,350,0.9150494503700808,13
4785,resnet34,939,0.7020867334437453,8
4786,densenet121,750,0.6549577219091517,5
4787,efficientnetb0,350,1.0,3
4788,efficientnetb0,939,1.0,3
4789,resnet34,750,1.0,8
4790,efficientnetb1,550,1.0,3
4791,efficientnetb1,550,1.0,3
4792,efficientnetb1,750,1.0,3
4793,vgg19,350,0.9722792391750928,13
4794,efficientnetb0,939,1.0,3
4795,vgg19,350,0.9884623593775808,15
4796,vgg19,550,1.0,15
4797,vgg16,750,0.9989474447948092,13
4798,efficientnetb0,550,1.0,3
4799,vgg19,550,1.0,15
4800,resnet34,939,0.7020867334437453,8
4801,efficientnetb0,939,1.0,3
4802,resnet34,350,0.9419697554794192,9
4803,densenet121,750,0.6549577219091517,5
4804,efficientnetb0,939,0.245393377540531,2
4805,resnet50,550,0.8215124558966982,7
4806,densenet121,939,0.4858756243316292,5
4807,efficientnetb2,350,1.0,3
4808,efficientnetb2,350,0.1727158782926704,2
4809,efficientnetb2,550,1.0,3
4810,efficientnetb2,550,1.0,3
4811,efficientnetb1,939,1.0,3
4812,densenet121,750,0.6549577219091517,5
4813,vgg16,550,0.9461219284703368,13
4814,resnet34,350,0.7118597986318302,7
4815,densenet121,350,0.6263678162488967,5
4816,vgg19,550,1.0,15
4817,densenet121,750,0.6549577219091517,5
4818,efficientnetb2,750,1.0,3
4819,vgg16,750,0.9989474447948092,13
4820,vgg16,550,0.9461219284703368,13
4821,resnet34,750,0.8389123599870303,9
4822,resnet50,550,1.0,6
4823,resnet50,550,1.0,6
4824,resnet34,350,0.9419697554794192,9
4825,densenet121,939,0.4858756243316292,5
4826,vgg19,350,1.0,16
4827,vgg19,939,1.0,15
4828,efficientnetb0,750,1.0,3
4829,resnet50,750,0.8540914514899219,6
4830,vgg16,939,1.0,13
4831,densenet121,550,0.6262433485833546,5
4832,efficientnetb1,350,1.0,3
4833,resnet50,550,1.0,6
4834,resnet34,939,0.5574747946963727,9
4835,efficientnetb1,750,1.0,3
4836,efficientnetb1,750,1.0,3
4837,densenet121,350,0.6263678162488967,5
4838,efficientnetb1,550,1.0,3
4839,efficientnetb2,550,1.0,3
4840,vgg16,550,0.9461219284703368,13
4841,vgg16,350,0.9150494503700808,13
4842,resnet34,350,1.0,8
4843,efficientnetb1,750,1.0,3
4844,vgg19,750,0.9936879963126718,15
4845,densenet121,550,0.6262433485833546,5
4846,efficientnetb1,350,1.0,3
4847,densenet121,350,0.6263678162488967,5
4848,vgg19,550,1.0,15
4849,vgg19,550,1.0,15
4850,resnet34,939,0.7020867334437453,8
4851,resnet34,939,0.0,16
4852,vgg16,750,0.9989474447948092,13
4853,vgg16,750,0.9989474447948092,13
4854,resnet50,550,1.0,6
4855,efficientnetb2,750,1.0,3
4856,efficientnetb0,939,1.0,3
4857,vgg16,550,0.9461219284703368,13
4858,resnet34,750,1.0,8
4859,efficientnetb1,939,1.0,3
4860,efficientnetb1,750,0.7228690296773087,4
4861,densenet121,350,0.6263678162488967,5
4862,efficientnetb1,550,1.0,3
4863,resnet34,350,0.0,16
4864,efficientnetb1,350,1.0,3
4865,efficientnetb1,939,1.0,3
4866,efficientnetb1,350,1.0,3
4867,vgg16,750,0.9989474447948092,13
4868,resnet34,350,1.0,8
4869,resnet34,750,0.8389123599870303,9
4870,vgg19,550,1.0,15
4871,densenet121,550,0.6262433485833546,5
4872,vgg16,550,0.9461219284703368,13
4873,vgg16,350,0.9150494503700808,13
4874,resnet34,939,0.5574747946963727,9
4875,efficientnetb0,750,1.0,3
4876,vgg16,939,1.0,13
4877,efficientnetb1,939,1.0,3
4878,efficientnetb0,750,1.0,3
4879,efficientnetb2,550,1.0,3
4880,efficientnetb2,350,1.0,3
4881,vgg16,939,1.0,13
4882,vgg19,750,0.9936879963126718,15
4883,resnet34,550,0.9073881434347082,9
4884,vgg19,750,0.9936879963126718,15
4885,vgg16,750,0.9989474447948092,13
4886,vgg19,550,1.0,15
4887,efficientnetb0,350,1.0,3
4888,efficientnetb1,550,1.0,3
4889,vgg16,939,1.0,13
4890,resnet34,750,0.6702494870914867,10
4891,efficientnetb2,550,1.0,3
4892,vgg16,939,1.0,13
4893,vgg16,550,0.9461219284703368,13
4894,efficientnetb0,550,1.0,3
4895,densenet121,939,0.4858756243316292,5
4896,efficientnetb2,939,1.0,3
4897,efficientnetb2,939,1.0,3
4898,efficientnetb0,350,1.0,3
4899,efficientnetb2,350,1.0,3
4900,densenet121,939,0.4858756243316292,5
4901,vgg19,939,0.3786480345124817,5
4902,efficientnetb0,350,1.0,3
4903,efficientnetb0,350,1.0,3
4904,resnet34,939,0.7020867334437453,8
4905,efficientnetb1,750,1.0,3
4906,efficientnetb1,750,1.0,3
4907,vgg16,939,0.986973209346794,14
4908,efficientnetb2,750,1.0,3
4909,efficientnetb1,350,1.0,3
4910,efficientnetb2,939,1.0,3
4911,vgg16,550,0.9461219284703368,13
4912,resnet34,350,0.9419697554794192,9
4913,resnet50,550,0.8215124558966982,7
4914,efficientnetb1,750,1.0,3
4915,vgg19,939,0.1144285467096243,4
4916,efficientnetb1,939,1.0,3
4917,efficientnetb1,750,1.0,3
4918,resnet50,750,0.692684175445151,7
4919,efficientnetb1,750,1.0,3
4920,resnet34,750,1.0,8
4921,efficientnetb1,750,1.0,3
4922,resnet50,350,0.8169515861153699,7
4923,resnet34,750,0.0,16
4924,densenet121,750,0.6549577219091517,5
4925,resnet50,550,0.8215124558966982,7
4926,resnet50,750,0.8540914514899219,6
4927,efficientnetb1,550,1.0,3
4928,resnet50,550,1.0,6
4929,vgg16,750,0.9989474447948092,13
4930,resnet34,550,1.0,8
4931,efficientnetb1,350,1.0,3
4932,vgg19,939,1.0,15
4933,vgg16,550,0.9461219284703368,13
4934,densenet121,750,0.6549577219091517,5
4935,densenet121,750,0.6549577219091517,5
4936,vgg16,550,0.9461219284703368,13
4937,efficientnetb0,939,1.0,3
4938,resnet50,350,1.0,6
4939,vgg16,550,0.9461219284703368,13
4940,efficientnetb0,939,1.0,3
4941,resnet50,939,1.0,6
4942,vgg16,350,0.9277415950475124,14
4943,efficientnetb2,750,1.0,3
4944,vgg16,750,0.8760175184574507,11
4945,efficientnetb1,750,1.0,3
4946,vgg19,750,0.9936879963126718,15
4947,efficientnetb2,750,1.0,3
4948,vgg19,350,0.9884623593775808,15
4949,efficientnetb2,350,1.0,3
4950,efficientnetb1,550,1.0,3
4951,densenet121,550,0.6262433485833546,5
4952,vgg16,550,0.9461219284703368,13
4953,vgg16,550,0.9461219284703368,13
4954,densenet121,350,0.6263678162488967,5
4955,densenet121,350,0.6263678162488967,5
4956,efficientnetb0,939,1.0,3
4957,vgg16,750,1.0,14
4958,densenet121,550,0.6262433485833546,5
4959,efficientnetb0,550,1.0,3
4960,resnet34,750,0.0,16
4961,vgg16,550,0.9461219284703368,13
4962,efficientnetb1,550,1.0,3
4963,efficientnetb2,350,1.0,3
4964,efficientnetb2,750,1.0,3
4965,resnet34,550,0.9073881434347082,9
4966,vgg19,939,1.0,15
4967,vgg16,550,0.9461219284703368,13
4968,resnet50,939,0.8017819857800019,7
4969,resnet34,939,0.5574747946963727,9
4970,efficientnetb1,350,1.0,3
4971,efficientnetb2,750,1.0,3
4972,efficientnetb0,350,1.0,3
4973,resnet50,550,0.8215124558966982,7
4974,efficientnetb1,550,1.0,3
4975,densenet121,939,0.4858756243316292,5
4976,vgg19,939,0.783629319224574,17
4977,vgg16,550,0.9461219284703368,13
4978,resnet50,750,0.8540914514899219,6
4979,densenet121,350,0.6263678162488967,5
4980,resnet34,350,0.9419697554794192,9
4981,vgg19,550,1.0,15
4982,resnet34,550,0.0,16
4983,vgg19,750,0.9936879963126718,15
4984,densenet121,550,0.6262433485833546,5
4985,vgg19,550,1.0,15
4986,efficientnetb2,750,1.0,3
4987,vgg19,350,0.9884623593775808,15
4988,resnet50,350,1.0,6
4989,resnet34,550,0.0,16
4990,densenet121,350,0.6263678162488967,5
4991,efficientnetb0,350,0.7221681243288518,4
4992,vgg19,550,1.0,15
4993,efficientnetb1,750,1.0,3
4994,efficientnetb2,939,1.0,3
4995,densenet121,350,0.6263678162488967,5
4996,resnet50,939,1.0,6
4997,vgg19,750,0.9936879963126718,15
4998,vgg19,550,1.0,15
4999,vgg16,350,0.4552780768214839,7
5000,vgg16,939,0.4173293874259716,5
5001,resnet34,939,0.5574747946963727,9
5002,densenet121,750,0.6549577219091517,5
5003,densenet121,550,0.6262433485833546,5
5004,resnet34,750,0.7880649919244954,7
5005,resnet50,939,1.0,6
5006,resnet34,550,1.0,8
5007,efficientnetb1,550,1.0,3
5008,resnet34,550,0.6271701708292037,6
5009,densenet121,939,0.4858756243316292,5
5010,vgg16,350,0.9150494503700808,13
5011,densenet121,350,0.6263678162488967,5
5012,resnet50,350,1.0,6
5013,vgg19,939,1.0,15
5014,densenet121,939,0.4858756243316292,5
5015,resnet34,550,1.0,8
5016,vgg19,939,1.0,15
5017,efficientnetb2,550,1.0,3
5018,efficientnetb0,350,1.0,3
5019,vgg16,939,1.0,13
5020,efficientnetb1,350,1.0,3
5021,vgg16,939,0.986973209346794,14
5022,efficientnetb1,350,1.0,3
5023,vgg16,550,0.9461219284703368,13
5024,efficientnetb2,750,1.0,3
5025,resnet50,939,0.8017819857800019,7
5026,efficientnetb2,550,1.0,3
5027,densenet121,939,0.4858756243316292,5
5028,vgg19,350,0.9884623593775808,15
5029,densenet121,939,0.4858756243316292,5
5030,resnet50,350,1.0,6
5031,densenet121,939,1.0,6
5032,efficientnetb1,939,1.0,3
5033,efficientnetb2,939,1.0,3
5034,efficientnetb0,939,1.0,3
5035,resnet50,350,0.8169515861153699,7
5036,densenet121,750,0.6549577219091517,5
5037,vgg19,750,0.9936879963126718,15
5038,efficientnetb1,750,1.0,3
5039,efficientnetb2,939,1.0,3
5040,efficientnetb0,939,1.0,3
5041,efficientnetb1,550,1.0,3
5042,resnet34,939,0.7020867334437453,8
5043,efficientnetb1,939,1.0,3
5044,vgg19,939,1.0,15
5045,efficientnetb0,939,1.0,3
5046,efficientnetb2,350,1.0,3
5047,efficientnetb1,939,1.0,3
5048,vgg19,550,1.0,15
5049,vgg16,939,1.0,13
5050,resnet50,750,0.8540914514899219,6
5051,efficientnetb1,750,1.0,3
5052,efficientnetb1,350,1.0,3
5053,resnet50,750,1.0,5
5054,efficientnetb2,939,1.0,3
5055,efficientnetb2,750,1.0,3
5056,vgg16,350,0.9150494503700808,13
5057,efficientnetb2,750,1.0,3
5058,vgg19,350,0.9884623593775808,15
5059,efficientnetb0,550,0.7484594574197447,4
5060,vgg16,350,0.9150494503700808,13
5061,resnet34,550,0.8215653788441881,7
5062,densenet121,350,0.6263678162488967,5
5063,densenet121,939,0.4858756243316292,5
5064,efficientnetb1,750,1.0,3
5065,efficientnetb1,939,1.0,3
5066,resnet34,550,0.5238774014052308,5
5067,vgg19,550,1.0,15
5068,efficientnetb2,939,1.0,3
5069,efficientnetb2,550,1.0,3
5070,resnet50,550,1.0,6
5071,efficientnetb0,939,1.0,3
5072,efficientnetb0,550,1.0,3
5073,vgg16,750,0.9989474447948092,13
5074,vgg16,350,0.968053827189964,11
5075,resnet34,350,1.0,8
5076,vgg19,939,1.0,15
5077,vgg19,350,0.9884623593775808,15
5078,vgg16,550,0.9461219284703368,13
5079,vgg19,750,0.5392519021115965,9
5080,efficientnetb0,939,1.0,3
5081,efficientnetb2,550,1.0,3
5082,resnet50,550,1.0,6
5083,vgg19,550,0.9153142027929496,13
5084,efficientnetb1,750,1.0,3
5085,efficientnetb1,939,0.7039994792384792,4
5086,efficientnetb2,750,1.0,3
5087,vgg16,350,0.968053827189964,11
5088,vgg16,939,0.8568556422949929,11
5089,resnet50,550,0.8501913432605966,5
5090,vgg16,550,0.9599292331742392,11
5091,vgg16,550,0.9461219284703368,13
5092,vgg19,750,0.9636492577949504,13
5093,vgg16,750,0.8760175184574507,11
5094,densenet121,550,0.6262433485833546,5
5095,vgg19,550,0.9153142027929496,13
5096,densenet121,939,0.4858756243316292,5
5097,vgg16,939,1.0,13
5098,resnet50,939,1.0,6
5099,vgg16,750,0.9989474447948092,13
5100,vgg19,939,0.9322438807363724,13
5101,densenet121,550,0.6262433485833546,5
5102,resnet50,550,1.0,6
5103,vgg19,750,0.9936879963126718,15
5104,efficientnetb0,350,1.0,3
5105,vgg16,550,0.9461219284703368,13
5106,efficientnetb2,750,1.0,3
5107,efficientnetb1,350,1.0,3
5108,vgg19,550,1.0,15
5109,efficientnetb0,939,1.0,3
5110,densenet121,350,0.6263678162488967,5
5111,vgg19,350,0.9884623593775808,15
5112,resnet34,350,1.0,8
5113,vgg19,550,1.0,15
5114,efficientnetb2,350,1.0,3
5115,resnet50,350,1.0,6
5116,efficientnetb0,550,1.0,3
5117,resnet50,350,1.0,6
5118,efficientnetb1,939,1.0,3
5119,resnet34,939,0.8120702549228033,7
5120,efficientnetb0,550,1.0,3
5121,efficientnetb0,550,0.7484594574197447,4
5122,vgg19,550,1.0,15
5123,efficientnetb1,750,1.0,3
5124,resnet34,550,0.6271701708292037,6
5125,efficientnetb2,350,1.0,3
5126,resnet34,550,0.8215653788441881,7
5127,densenet121,939,0.4858756243316292,5
5128,densenet121,550,0.6262433485833546,5
5129,resnet34,750,0.7880649919244954,7
5130,vgg16,939,1.0,13
5131,efficientnetb0,750,0.6483214388113725,4
5132,vgg19,750,0.1063831635744575,4
5133,efficientnetb0,939,1.0,3
5134,efficientnetb2,350,1.0,3
5135,resnet34,750,1.0,8
5136,vgg16,550,0.9461219284703368,13
5137,efficientnetb1,350,1.0,3
5138,efficientnetb2,750,1.0,3
5139,efficientnetb0,350,1.0,3
5140,vgg19,750,1.0,16
5141,resnet34,750,0.7880649919244954,7
5142,resnet50,939,1.0,6
5143,resnet50,550,0.8501913432605966,5
5144,efficientnetb2,750,1.0,3
5145,efficientnetb2,750,1.0,3
5146,densenet121,550,0.6262433485833546,5
5147,resnet34,939,0.0,16
5148,efficientnetb0,750,1.0,3
5149,efficientnetb1,750,1.0,3
5150,vgg16,750,0.4544437830679675,5
5151,efficientnetb1,350,1.0,3
5152,vgg16,750,0.8760175184574507,11
5153,vgg19,550,1.0,15
5154,efficientnetb1,750,1.0,3
5155,efficientnetb0,939,1.0,3
5156,efficientnetb2,350,0.65175093664593,4
5157,densenet121,939,0.4858756243316292,5
5158,efficientnetb2,550,1.0,3
5159,vgg19,350,0.9722792391750928,13
5160,resnet50,750,0.8540914514899219,6
5161,vgg16,550,0.9461219284703368,13
5162,resnet50,350,0.8830285561177872,5
5163,resnet50,939,1.0,6
5164,efficientnetb0,750,1.0,3
5165,resnet50,750,0.8540914514899219,6
5166,densenet121,750,0.6549577219091517,5
5167,densenet121,750,0.6549577219091517,5
5168,resnet50,750,0.8540914514899219,6
5169,resnet50,550,1.0,6
5170,resnet34,550,0.8215653788441881,7
5171,resnet34,350,0.7118597986318302,7
5172,resnet34,750,0.7880649919244954,7
5173,efficientnetb1,550,1.0,3
5174,densenet121,550,0.6262433485833546,5
5175,vgg19,939,0.3698836387150448,7
5176,efficientnetb1,350,1.0,3
5177,efficientnetb2,939,1.0,3
5178,resnet50,350,1.0,6
5179,vgg16,939,1.0,13
5180,efficientnetb1,350,1.0,3
5181,efficientnetb2,550,1.0,3
5182,densenet121,550,0.6262433485833546,5
5183,efficientnetb1,939,1.0,3
5184,efficientnetb2,750,1.0,3
5185,efficientnetb1,550,1.0,3
5186,densenet121,550,0.6262433485833546,5
5187,resnet50,350,0.0948151869136176,2
5188,efficientnetb2,550,1.0,3
5189,efficientnetb2,550,1.0,3
5190,resnet34,350,0.7118597986318302,7
5191,vgg16,939,0.8548072768189431,12
5192,resnet34,350,0.7118597986318302,7
5193,resnet34,350,0.7118597986318302,7
5194,efficientnetb1,350,1.0,3
5195,vgg19,550,1.0,15
5196,densenet121,939,0.4858756243316292,5
5197,resnet50,750,0.8540914514899219,6
5198,resnet50,939,0.8248723661787692,5
5199,resnet50,550,1.0,6
5200,densenet121,939,0.4858756243316292,5
5201,efficientnetb2,550,1.0,3
5202,vgg19,350,0.9884623593775808,15
5203,densenet121,550,0.6262433485833546,5
5204,resnet34,550,0.8215653788441881,7
5205,efficientnetb2,939,1.0,3
5206,efficientnetb2,750,1.0,3
5207,vgg19,750,0.9783359431256168,14
5208,densenet121,350,0.6263678162488967,5
5209,densenet121,939,0.4858756243316292,5
5210,efficientnetb0,550,0.290069122860228,2
5211,efficientnetb1,350,1.0,3
5212,vgg16,750,0.9989474447948092,13
5213,resnet34,939,0.5574747946963727,9
5214,efficientnetb0,550,1.0,3
5215,efficientnetb2,750,1.0,3
5216,efficientnetb1,550,1.0,3
5217,resnet34,939,0.8120702549228033,7
5218,efficientnetb2,550,1.0,3
5219,efficientnetb1,550,1.0,3
5220,resnet50,939,0.8017819857800019,7
5221,vgg16,750,0.9989474447948092,13
5222,densenet121,939,0.4858756243316292,5
5223,efficientnetb0,750,1.0,3
5224,efficientnetb1,939,1.0,3
5225,resnet34,550,1.0,8
5226,efficientnetb2,550,1.0,3
5227,resnet34,550,0.9073881434347082,9
5228,densenet121,550,0.6262433485833546,5
5229,vgg16,550,0.9461219284703368,13
5230,vgg16,550,0.9599292331742392,11
5231,densenet121,550,0.6262433485833546,5
5232,resnet50,750,0.8540914514899219,6
5233,efficientnetb0,350,1.0,3
5234,resnet50,939,1.0,6
5235,resnet50,550,1.0,6
5236,resnet34,939,0.5574747946963727,9
5237,densenet121,750,0.6549577219091517,5
5238,efficientnetb1,550,1.0,3
5239,resnet34,939,0.5254802820550293,3
5240,resnet50,550,1.0,6
5241,resnet34,939,0.8120702549228033,7
5242,resnet34,550,1.0,8
5243,vgg19,550,1.0,15
5244,efficientnetb1,550,1.0,3
5245,vgg19,350,0.9722792391750928,13
5246,efficientnetb1,939,1.0,3
5247,efficientnetb2,939,1.0,3
5248,efficientnetb2,939,1.0,3
5249,resnet34,750,1.0,8
5250,densenet121,350,0.6263678162488967,5
5251,efficientnetb2,550,1.0,3
5252,vgg16,550,0.9461219284703368,13
5253,vgg19,750,0.9936879963126718,15
5254,efficientnetb2,939,1.0,3
5255,vgg19,350,0.9884623593775808,15
5256,efficientnetb0,939,1.0,3
5257,resnet34,350,0.7118597986318302,7
5258,vgg16,750,0.8760175184574507,11
5259,efficientnetb0,550,1.0,3
5260,vgg16,550,0.9461219284703368,13
5261,resnet34,939,0.8120702549228033,7
5262,efficientnetb0,939,1.0,3
5263,densenet121,350,0.6263678162488967,5
5264,efficientnetb0,750,1.0,3
5265,efficientnetb0,939,1.0,3
5266,densenet121,750,0.6549577219091517,5
5267,vgg16,350,0.968053827189964,11
5268,efficientnetb0,939,1.0,3
5269,resnet34,550,0.2165759106887793,2
5270,resnet50,939,1.0,6
5271,densenet121,550,0.6262433485833546,5
5272,efficientnetb2,939,1.0,3
5273,efficientnetb2,550,1.0,3
5274,efficientnetb0,750,1.0,3
5275,resnet50,350,1.0,6
5276,resnet50,939,1.0,6
5277,resnet34,750,0.0,16
5278,densenet121,939,0.4858756243316292,5
5279,resnet50,939,1.0,6
5280,efficientnetb2,550,1.0,3
5281,efficientnetb0,550,1.0,3
5282,efficientnetb0,350,1.0,3
5283,vgg16,750,0.9989474447948092,13
5284,efficientnetb0,939,1.0,3
5285,densenet121,750,0.6549577219091517,5
5286,efficientnetb1,550,1.0,3
5287,vgg16,750,0.9989474447948092,13
5288,vgg16,939,1.0,13
5289,efficientnetb0,350,1.0,3
5290,efficientnetb2,750,1.0,3
5291,resnet34,550,1.0,8
5292,resnet50,350,1.0,6
5293,efficientnetb1,939,1.0,3
5294,efficientnetb2,750,1.0,3
5295,efficientnetb1,939,1.0,3
5296,vgg16,550,0.9461219284703368,13
5297,efficientnetb2,550,1.0,3
5298,efficientnetb2,550,1.0,3
5299,densenet121,939,0.4858756243316292,5
5300,vgg16,750,0.9989474447948092,13
5301,efficientnetb1,750,1.0,3
5302,densenet121,939,0.4858756243316292,5
5303,vgg16,750,0.9989474447948092,13
5304,resnet34,350,0.6392378211717704,6
5305,resnet50,550,1.0,6
5306,vgg16,350,0.9150494503700808,13
5307,resnet34,750,0.7880649919244954,7
5308,densenet121,750,0.6549577219091517,5
5309,efficientnetb1,939,1.0,3
5310,vgg19,939,1.0,15
5311,efficientnetb1,550,1.0,3
5312,vgg16,750,0.9989474447948092,13
5313,vgg19,939,1.0,15
5314,efficientnetb0,350,1.0,3
5315,efficientnetb0,750,1.0,3
5316,efficientnetb1,939,1.0,3
5317,efficientnetb1,350,1.0,3
5318,vgg16,350,0.9150494503700808,13
5319,densenet121,939,0.4858756243316292,5
5320,efficientnetb2,750,1.0,3
5321,efficientnetb0,750,1.0,3
5322,resnet50,550,1.0,6
5323,vgg16,350,0.0,1
5324,resnet50,750,0.8540914514899219,6
5325,efficientnetb0,939,1.0,3
5326,resnet50,750,0.8540914514899219,6
5327,efficientnetb0,750,1.0,3
5328,efficientnetb2,350,0.65175093664593,4
5329,vgg16,939,1.0,13
5330,efficientnetb0,750,1.0,3
5331,efficientnetb2,550,1.0,3
5332,efficientnetb0,939,1.0,3
5333,vgg16,939,0.0548212617333455,3
5334,vgg16,750,0.8760175184574507,11
5335,vgg16,550,0.9461219284703368,13
5336,efficientnetb0,350,1.0,3
5337,vgg19,350,0.9884623593775808,15
5338,resnet50,350,1.0,6
5339,vgg19,550,1.0,15
5340,efficientnetb1,939,1.0,3
5341,vgg19,550,1.0,15
5342,efficientnetb0,750,1.0,3
5343,resnet34,750,1.0,8
5344,resnet50,750,0.8540914514899219,6
5345,efficientnetb0,750,1.0,3
5346,vgg19,939,1.0,15
5347,efficientnetb1,939,1.0,3
5348,efficientnetb0,550,1.0,3
5349,densenet121,939,0.4858756243316292,5
5350,densenet121,750,0.6549577219091517,5
5351,efficientnetb1,550,1.0,3
5352,resnet50,939,0.8017819857800019,7
5353,vgg19,750,0.9936879963126718,15
5354,efficientnetb2,550,1.0,3
5355,densenet121,350,0.6263678162488967,5
5356,efficientnetb0,939,1.0,3
5357,vgg16,550,0.9461219284703368,13
5358,resnet34,550,0.6454523732312784,10
5359,resnet34,350,1.0,8
5360,resnet50,939,0.8017819857800019,7
5361,efficientnetb2,750,1.0,3
5362,efficientnetb2,350,1.0,3
5363,efficientnetb0,939,1.0,3
5364,resnet34,350,1.0,8
5365,efficientnetb1,750,1.0,3
5366,vgg16,939,1.0,13
5367,vgg16,750,0.9989474447948092,13
5368,vgg19,550,1.0,15
5369,efficientnetb0,550,1.0,3
5370,vgg19,350,0.9884623593775808,15
5371,vgg19,350,0.9884623593775808,15
5372,efficientnetb0,939,1.0,3
5373,vgg19,550,0.93699417819052,14
5374,resnet34,750,0.8389123599870303,9
5375,vgg16,550,0.9461219284703368,13
5376,efficientnetb0,550,1.0,3
5377,efficientnetb0,350,1.0,3
5378,vgg16,350,0.9150494503700808,13
5379,resnet34,350,0.0,16
5380,efficientnetb1,939,1.0,3
5381,vgg19,750,0.9936879963126718,15
5382,efficientnetb0,550,1.0,3
5383,resnet50,750,0.8540914514899219,6
5384,efficientnetb0,350,1.0,3
5385,efficientnetb0,750,1.0,3
5386,vgg19,550,1.0,15
5387,resnet34,750,1.0,8
5388,efficientnetb2,750,1.0,3
5389,densenet121,350,0.6263678162488967,5
5390,efficientnetb1,550,1.0,3
5391,efficientnetb2,550,1.0,3
5392,resnet34,550,1.0,8
5393,densenet121,750,0.6549577219091517,5
5394,efficientnetb0,550,1.0,3
5395,densenet121,939,0.4858756243316292,5
5396,vgg19,550,1.0,15
5397,vgg16,750,0.9989474447948092,13
5398,resnet50,939,1.0,6
5399,vgg19,939,1.0,15
5400,densenet121,550,0.6262433485833546,5
5401,resnet34,750,0.8389123599870303,9
5402,vgg19,939,1.0,15
5403,resnet50,750,0.8540914514899219,6
5404,resnet50,550,1.0,6
5405,efficientnetb1,550,1.0,3
5406,efficientnetb0,550,1.0,3
5407,efficientnetb2,750,1.0,3
5408,efficientnetb1,939,1.0,3
5409,efficientnetb0,750,1.0,3
5410,vgg16,350,0.9150494503700808,13
5411,efficientnetb1,550,1.0,3
5412,efficientnetb0,939,1.0,3
5413,vgg19,750,0.9936879963126718,15
5414,efficientnetb0,750,1.0,3
5415,vgg16,750,0.9989474447948092,13
5416,efficientnetb0,550,1.0,3
5417,efficientnetb2,750,1.0,3
5418,resnet50,750,0.5189759550817877,8
5419,efficientnetb2,550,1.0,3
5420,vgg16,750,0.9989474447948092,13
5421,efficientnetb2,350,1.0,3
5422,efficientnetb1,750,1.0,3
5423,efficientnetb2,750,1.0,3
5424,resnet34,750,1.0,8
5425,vgg16,750,0.9989474447948092,13
5426,vgg19,939,1.0,15
5427,densenet121,939,0.4858756243316292,5
5428,efficientnetb2,350,1.0,3
5429,efficientnetb1,550,1.0,3
5430,densenet121,550,0.6262433485833546,5
5431,vgg19,939,1.0,15
5432,resnet50,550,1.0,6
5433,resnet50,939,0.8017819857800019,7
5434,vgg16,550,0.941205716630206,14
5435,resnet34,550,0.8215653788441881,7
5436,densenet121,550,0.6262433485833546,5
5437,efficientnetb0,350,1.0,3
5438,densenet121,750,0.6549577219091517,5
5439,resnet34,550,1.0,8
5440,efficientnetb0,939,1.0,3
5441,efficientnetb1,939,1.0,3
5442,efficientnetb2,550,1.0,3
5443,resnet34,750,0.7880649919244954,7
5444,resnet34,350,1.0,8
5445,resnet34,750,1.0,8
5446,efficientnetb2,939,1.0,3
5447,vgg19,750,1.0,16
5448,resnet50,550,1.0,6
5449,efficientnetb2,550,1.0,3
5450,densenet121,939,0.4858756243316292,5
5451,densenet121,350,0.6263678162488967,5
5452,resnet34,750,1.0,8
5453,resnet50,939,1.0,6
5454,resnet50,750,0.8540914514899219,6
5455,resnet50,550,1.0,6
5456,vgg19,750,0.9936879963126718,15
5457,efficientnetb1,550,1.0,3
5458,resnet50,350,0.8169515861153699,7
5459,efficientnetb1,750,1.0,3
5460,efficientnetb1,550,1.0,3
5461,resnet34,550,1.0,8
5462,efficientnetb0,750,1.0,3
5463,resnet34,939,0.8120702549228033,7
5464,densenet121,350,0.0523859604428457,3
5465,efficientnetb1,750,1.0,3
5466,efficientnetb1,350,1.0,3
5467,vgg19,750,0.9936879963126718,15
5468,vgg16,350,0.9150494503700808,13
5469,vgg16,350,0.9150494503700808,13
5470,resnet50,550,1.0,6
5471,efficientnetb0,939,1.0,3
5472,vgg16,550,0.9461219284703368,13
5473,vgg16,939,1.0,13
5474,efficientnetb1,550,1.0,3
5475,resnet34,750,1.0,8
5476,vgg19,550,0.9153142027929496,13
5477,efficientnetb2,750,1.0,3
5478,vgg16,550,0.9461219284703368,13
5479,vgg16,350,0.9150494503700808,13
5480,resnet50,939,1.0,6
5481,efficientnetb1,750,1.0,3
5482,densenet121,350,0.6263678162488967,5
5483,efficientnetb0,939,1.0,3
5484,densenet121,550,0.6262433485833546,5
5485,densenet121,550,0.6262433485833546,5
5486,efficientnetb0,550,1.0,3
5487,resnet50,939,1.0,6
5488,vgg16,350,0.968053827189964,11
5489,resnet34,350,0.7118597986318302,7
5490,efficientnetb1,350,1.0,3
5491,efficientnetb1,350,1.0,3
5492,efficientnetb1,350,1.0,3
5493,resnet50,939,1.0,6
5494,densenet121,350,0.6263678162488967,5
5495,resnet34,939,0.8120702549228033,7
5496,efficientnetb1,550,1.0,3
5497,resnet50,750,0.8540914514899219,6
5498,efficientnetb0,939,1.0,3
5499,vgg19,550,1.0,15
5500,efficientnetb2,939,1.0,3
5501,efficientnetb1,750,1.0,3
5502,resnet34,750,0.8389123599870303,9
5503,efficientnetb1,939,1.0,3
5504,efficientnetb0,350,1.0,3
5505,resnet34,750,0.8389123599870303,9
5506,efficientnetb0,350,1.0,3
5507,efficientnetb2,750,1.0,3
5508,vgg16,750,0.9989474447948092,13
5509,vgg16,939,1.0,13
5510,efficientnetb0,750,1.0,3
5511,efficientnetb2,939,1.0,3
5512,efficientnetb2,750,1.0,3
5513,vgg16,750,0.9989474447948092,13
5514,vgg19,550,1.0,15
5515,efficientnetb2,350,1.0,3
5516,efficientnetb1,350,1.0,3
5517,vgg19,939,1.0,15
5518,efficientnetb1,550,1.0,3
5519,vgg19,750,0.9936879963126718,15
5520,resnet34,550,1.0,8
5521,densenet121,750,0.6549577219091517,5
5522,vgg16,939,1.0,13
5523,densenet121,750,0.6549577219091517,5
5524,efficientnetb1,350,0.7181138626700144,4
5525,densenet121,550,0.6262433485833546,5
5526,resnet34,939,0.5574747946963727,9
5527,vgg19,750,0.9936879963126718,15
5528,densenet121,350,0.6263678162488967,5
5529,densenet121,750,0.6549577219091517,5
5530,efficientnetb2,750,1.0,3
5531,resnet34,750,1.0,8
5532,vgg16,939,1.0,13
5533,efficientnetb2,939,1.0,3
5534,vgg19,550,1.0,15
5535,resnet34,350,0.7118597986318302,7
5536,vgg16,939,1.0,13
5537,resnet34,939,0.7020867334437453,8
5538,vgg19,550,1.0,15
5539,efficientnetb1,939,1.0,3
5540,efficientnetb2,350,1.0,3
5541,resnet50,939,1.0,6
5542,densenet121,350,0.6263678162488967,5
5543,resnet50,750,0.8540914514899219,6
5544,resnet50,350,1.0,6
5545,resnet50,550,1.0,6
5546,vgg16,750,0.8760175184574507,11
5547,vgg19,750,0.9936879963126718,15
5548,resnet34,750,1.0,8
5549,efficientnetb2,939,1.0,3
5550,efficientnetb1,550,1.0,3
5551,vgg19,939,1.0,15
5552,resnet50,939,0.8248723661787692,5
5553,efficientnetb0,939,1.0,3
5554,resnet50,750,0.8540914514899219,6
5555,densenet121,350,0.6263678162488967,5
5556,resnet50,939,1.0,6
5557,resnet34,939,0.5574747946963727,9
5558,vgg16,350,0.9150494503700808,13
5559,resnet34,350,1.0,8
5560,vgg16,550,0.9461219284703368,13
5561,vgg19,550,1.0,15
5562,resnet50,939,1.0,6
5563,resnet34,550,1.0,8
5564,densenet121,550,0.6262433485833546,5
5565,vgg19,939,1.0,15
5566,densenet121,350,0.6263678162488967,5
5567,efficientnetb1,939,1.0,3
5568,vgg19,939,1.0,15
5569,efficientnetb0,350,1.0,3
5570,vgg16,939,1.0,13
5571,efficientnetb0,550,1.0,3
5572,efficientnetb2,939,1.0,3
5573,efficientnetb0,750,1.0,3
5574,efficientnetb0,350,1.0,3
5575,vgg16,750,0.9989474447948092,13
5576,vgg16,550,0.9461219284703368,13
5577,densenet121,939,0.4858756243316292,5
5578,densenet121,550,0.6262433485833546,5
5579,efficientnetb1,939,1.0,3
5580,vgg16,750,0.9989474447948092,13
5581,resnet50,750,0.8540914514899219,6
5582,efficientnetb2,750,1.0,3
5583,densenet121,550,0.6262433485833546,5
5584,densenet121,550,0.6262433485833546,5
5585,vgg19,350,0.9884623593775808,15
5586,densenet121,750,0.6549577219091517,5
5587,resnet34,939,0.8120702549228033,7
5588,vgg19,750,0.9936879963126718,15
5589,resnet50,750,0.8540914514899219,6
5590,resnet34,350,1.0,8
5591,efficientnetb0,550,1.0,3
5592,efficientnetb2,750,1.0,3
5593,efficientnetb0,939,1.0,3
5594,densenet121,939,0.4858756243316292,5
5595,densenet121,550,0.6262433485833546,5
5596,efficientnetb2,750,1.0,3
5597,densenet121,550,0.6262433485833546,5
5598,vgg19,939,1.0,15
5599,vgg19,750,0.9936879963126718,15
5600,vgg19,550,1.0,15
5601,vgg16,939,1.0,13
5602,resnet50,350,1.0,6
5603,efficientnetb1,750,1.0,3
5604,resnet34,350,1.0,8
5605,vgg16,939,1.0,13
5606,resnet34,750,1.0,8
5607,vgg19,750,0.9936879963126718,15
5608,resnet50,939,1.0,6
5609,efficientnetb1,750,1.0,3
5610,efficientnetb2,750,1.0,3
5611,densenet121,550,0.6262433485833546,5
5612,vgg16,939,1.0,13
5613,efficientnetb2,550,1.0,3
5614,resnet34,939,0.7020867334437453,8
5615,vgg16,939,1.0,13
5616,efficientnetb0,550,1.0,3
5617,vgg19,939,1.0,15
5618,vgg19,750,0.9936879963126718,15
5619,efficientnetb0,939,0.0,1
5620,efficientnetb2,550,1.0,3
5621,resnet34,939,0.7020867334437453,8
5622,efficientnetb0,939,1.0,3
5623,resnet34,939,0.8120702549228033,7
5624,densenet121,750,0.6549577219091517,5
5625,vgg19,939,0.6821322371858641,10
5626,efficientnetb1,550,1.0,3
5627,vgg19,750,0.9936879963126718,15
5628,resnet34,350,1.0,8
5629,vgg16,550,0.9461219284703368,13
5630,efficientnetb0,939,1.0,3
5631,efficientnetb2,550,1.0,3
5632,vgg16,350,0.9277415950475124,14
5633,resnet50,939,1.0,6
5634,resnet50,350,0.8169515861153699,7
5635,densenet121,350,0.6263678162488967,5
5636,resnet34,939,0.7020867334437453,8
5637,vgg16,550,0.9461219284703368,13
5638,resnet50,350,1.0,6
5639,efficientnetb2,939,1.0,3
5640,vgg19,939,1.0,15
5641,efficientnetb0,550,1.0,3
5642,efficientnetb2,350,1.0,3
5643,efficientnetb1,350,1.0,3
5644,vgg16,939,1.0,13
5645,resnet34,350,0.0,16
5646,resnet34,350,1.0,8
5647,vgg19,750,0.9936879963126718,15
5648,vgg16,550,0.9461219284703368,13
5649,efficientnetb1,350,1.0,3
5650,resnet50,350,1.0,6
5651,densenet121,350,0.6263678162488967,5
5652,vgg16,350,0.9150494503700808,13
5653,densenet121,350,0.6263678162488967,5
5654,resnet50,350,1.0,6
5655,efficientnetb2,550,1.0,3
5656,vgg16,750,0.9989474447948092,13
5657,vgg19,939,1.0,15
5658,resnet50,550,0.8215124558966982,7
5659,vgg19,350,0.9884623593775808,15
5660,densenet121,350,0.6263678162488967,5
5661,efficientnetb1,939,1.0,3
5662,vgg16,550,0.9461219284703368,13
5663,efficientnetb1,350,1.0,3
5664,efficientnetb2,350,1.0,3
5665,densenet121,939,0.4858756243316292,5
5666,efficientnetb1,350,1.0,3
5667,resnet50,550,1.0,6
5668,densenet121,350,0.6263678162488967,5
5669,resnet34,550,1.0,8
5670,efficientnetb2,750,1.0,3
5671,resnet34,939,0.449819155975815,10
5672,densenet121,550,0.6262433485833546,5
5673,resnet34,350,1.0,8
5674,vgg16,350,0.9150494503700808,13
5675,densenet121,750,0.6549577219091517,5
5676,resnet50,750,0.098265786808133,1
5677,resnet50,550,0.4611472962789475,4
5678,efficientnetb0,939,1.0,3
5679,efficientnetb0,750,1.0,3
5680,densenet121,750,0.6549577219091517,5
5681,vgg16,750,0.9989474447948092,13
5682,efficientnetb2,350,1.0,3
5683,vgg19,939,1.0,15
5684,efficientnetb2,939,1.0,3
5685,efficientnetb2,750,1.0,3
5686,vgg19,750,0.9936879963126718,15
5687,vgg19,350,0.9884623593775808,15
5688,resnet50,550,1.0,6
5689,densenet121,350,0.6263678162488967,5
5690,resnet50,350,1.0,6
5691,vgg19,750,0.9936879963126718,15
5692,efficientnetb1,939,1.0,3
5693,efficientnetb0,750,1.0,3
5694,resnet34,550,0.3605928556450244,3
5695,resnet50,939,1.0,6
5696,resnet34,350,1.0,8
5697,efficientnetb2,750,1.0,3
5698,efficientnetb2,750,1.0,3
5699,efficientnetb2,350,1.0,3
5700,densenet121,939,0.4858756243316292,5
5701,vgg19,750,0.0863442753339673,3
5702,densenet121,550,0.6262433485833546,5
5703,efficientnetb2,550,1.0,3
5704,densenet121,750,0.6549577219091517,5
5705,efficientnetb2,550,1.0,3
5706,resnet34,750,0.7880649919244954,7
5707,resnet34,550,1.0,8
5708,densenet121,550,0.6262433485833546,5
5709,efficientnetb0,550,1.0,3
5710,vgg16,350,0.9150494503700808,13
5711,efficientnetb2,750,1.0,3
5712,densenet121,550,0.6262433485833546,5
5713,resnet50,939,0.8017819857800019,7
5714,vgg16,550,0.9461219284703368,13
5715,densenet121,550,0.6262433485833546,5
5716,resnet50,350,1.0,6
5717,efficientnetb0,550,1.0,3
5718,vgg19,750,0.9936879963126718,15
5719,resnet34,750,1.0,8
5720,vgg16,939,1.0,13
5721,efficientnetb1,939,1.0,3
5722,vgg16,750,0.9989474447948092,13
5723,efficientnetb0,350,1.0,3
5724,efficientnetb1,550,1.0,3
5725,densenet121,550,0.6262433485833546,5
5726,resnet50,750,0.8540914514899219,6
5727,efficientnetb1,750,1.0,3
5728,resnet50,750,0.8540914514899219,6
5729,efficientnetb2,550,1.0,3
5730,vgg19,550,1.0,15
5731,resnet34,750,1.0,8
5732,efficientnetb1,939,1.0,3
5733,efficientnetb1,350,1.0,3
5734,densenet121,750,0.6549577219091517,5
5735,vgg19,550,1.0,15
5736,densenet121,750,0.6549577219091517,5
5737,resnet34,939,0.7020867334437453,8
5738,efficientnetb1,350,1.0,3
5739,efficientnetb2,350,1.0,3
5740,vgg16,550,0.9461219284703368,13
5741,efficientnetb1,550,1.0,3
5742,efficientnetb0,750,1.0,3
5743,efficientnetb2,939,1.0,3
5744,densenet121,350,0.6263678162488967,5
5745,efficientnetb2,350,1.0,3
5746,resnet34,939,0.7020867334437453,8
5747,efficientnetb1,350,1.0,3
5748,efficientnetb0,550,1.0,3
5749,densenet121,939,0.4858756243316292,5
5750,densenet121,750,0.6549577219091517,5
5751,resnet34,550,1.0,8
5752,resnet34,350,1.0,8
5753,resnet50,939,1.0,6
5754,vgg16,750,0.9989474447948092,13
5755,efficientnetb2,550,1.0,3
5756,vgg19,939,1.0,15
5757,densenet121,939,0.4858756243316292,5
5758,efficientnetb1,350,1.0,3
5759,resnet50,550,0.8215124558966982,7
5760,resnet34,350,1.0,8
5761,resnet34,750,1.0,8
5762,densenet121,550,0.6262433485833546,5
5763,resnet50,750,0.8540914514899219,6
5764,efficientnetb1,750,1.0,3
5765,efficientnetb0,750,1.0,3
5766,vgg16,350,0.9150494503700808,13
5767,densenet121,350,0.6263678162488967,5
5768,efficientnetb2,550,1.0,3
5769,efficientnetb0,750,1.0,3
5770,efficientnetb1,350,1.0,3
5771,vgg19,550,1.0,15
5772,efficientnetb1,750,1.0,3
5773,efficientnetb1,550,1.0,3
5774,efficientnetb1,750,1.0,3
5775,vgg16,350,0.968053827189964,11
5776,efficientnetb0,750,1.0,3
5777,efficientnetb2,350,1.0,3
5778,efficientnetb2,550,1.0,3
5779,efficientnetb0,350,1.0,3
5780,efficientnetb0,550,0.7484594574197447,4
5781,efficientnetb2,750,1.0,3
5782,efficientnetb1,750,1.0,3
5783,densenet121,350,0.6263678162488967,5
5784,efficientnetb0,350,1.0,3
5785,efficientnetb0,550,1.0,3
5786,vgg19,350,0.9884623593775808,15
5787,vgg16,550,0.9461219284703368,13
5788,vgg16,939,1.0,13
5789,efficientnetb2,550,1.0,3
5790,resnet34,550,1.0,8
5791,resnet34,350,1.0,8
5792,efficientnetb1,350,1.0,3
5793,densenet121,550,0.6262433485833546,5
5794,densenet121,939,0.4858756243316292,5
5795,efficientnetb0,750,0.221102352041803,2
5796,efficientnetb2,350,1.0,3
5797,resnet50,939,1.0,6
5798,densenet121,550,0.6262433485833546,5
5799,resnet34,350,1.0,8
5800,efficientnetb1,350,1.0,3
5801,efficientnetb1,939,1.0,3
5802,efficientnetb2,750,1.0,3
5803,densenet121,550,0.6262433485833546,5
5804,efficientnetb2,939,1.0,3
5805,efficientnetb1,350,1.0,3
5806,vgg19,550,1.0,15
5807,densenet121,550,0.6262433485833546,5
5808,efficientnetb1,750,1.0,3
5809,efficientnetb2,550,1.0,3
5810,resnet50,550,1.0,6
5811,resnet50,350,1.0,6
5812,efficientnetb2,550,1.0,3
5813,efficientnetb0,750,1.0,3
5814,efficientnetb1,550,1.0,3
5815,resnet34,939,0.8120702549228033,7
5816,vgg19,750,0.9936879963126718,15
5817,densenet121,350,0.6263678162488967,5
5818,vgg19,550,1.0,15
5819,vgg16,350,0.0713714441743471,3
5820,densenet121,350,0.6263678162488967,5
5821,efficientnetb0,750,1.0,3
5822,vgg19,939,1.0,15
5823,resnet34,350,1.0,8
5824,resnet34,939,0.7020867334437453,8
5825,resnet50,350,1.0,6
5826,vgg19,550,1.0,15
5827,densenet121,939,0.4858756243316292,5
5828,efficientnetb0,939,1.0,3
5829,efficientnetb2,750,1.0,3
5830,vgg16,550,0.9461219284703368,13
5831,vgg19,350,0.9884623593775808,15
5832,efficientnetb0,939,1.0,3
5833,efficientnetb2,939,1.0,3
5834,efficientnetb0,350,1.0,3
5835,resnet34,350,1.0,8
5836,efficientnetb0,350,1.0,3
5837,efficientnetb0,350,1.0,3
5838,densenet121,750,0.6549577219091517,5
5839,vgg19,750,0.9936879963126718,15
5840,vgg16,350,0.9150494503700808,13
5841,efficientnetb1,550,1.0,3
5842,densenet121,750,0.6549577219091517,5
5843,densenet121,550,0.6262433485833546,5
5844,efficientnetb2,350,1.0,3
5845,resnet50,350,1.0,6
5846,vgg19,350,0.9884623593775808,15
5847,efficientnetb0,750,1.0,3
5848,efficientnetb1,750,1.0,3
5849,vgg16,750,0.9989474447948092,13
5850,vgg19,939,1.0,15
5851,efficientnetb0,939,1.0,3
5852,efficientnetb0,939,1.0,3
5853,efficientnetb1,350,1.0,3
5854,vgg19,550,1.0,15
5855,vgg16,939,1.0,13
5856,resnet50,550,1.0,6
5857,vgg19,350,0.9884623593775808,15
5858,vgg19,939,0.3144631067328258,6
5859,resnet50,550,1.0,6
5860,vgg19,750,0.9936879963126718,15
5861,efficientnetb0,550,1.0,3
5862,efficientnetb2,939,1.0,3
5863,resnet34,750,1.0,8
5864,densenet121,750,0.6549577219091517,5
5865,efficientnetb0,350,1.0,3
5866,densenet121,550,0.6262433485833546,5
5867,resnet50,939,1.0,6
5868,vgg19,350,0.9884623593775808,15
5869,vgg16,750,0.9989474447948092,13
5870,efficientnetb2,350,1.0,3
5871,efficientnetb1,350,1.0,3
5872,efficientnetb2,550,1.0,3
5873,efficientnetb2,550,0.7219694682129152,4
5874,resnet50,350,1.0,6
5875,vgg19,939,1.0,15
5876,densenet121,550,0.6262433485833546,5
5877,efficientnetb1,350,1.0,3
5878,vgg16,939,1.0,13
5879,resnet34,939,0.5574747946963727,9
5880,vgg19,550,1.0,15
5881,resnet34,550,1.0,8
5882,efficientnetb2,550,1.0,3
5883,vgg19,939,1.0,15
5884,densenet121,350,0.6263678162488967,5
5885,vgg19,939,1.0,15
5886,efficientnetb2,550,1.0,3
5887,efficientnetb1,750,1.0,3
5888,efficientnetb1,550,1.0,3
5889,resnet50,939,0.8017819857800019,7
5890,vgg16,550,0.941205716630206,14
5891,resnet34,550,1.0,8
5892,efficientnetb2,939,1.0,3
5893,resnet50,939,1.0,6
5894,vgg19,939,1.0,15
5895,resnet34,750,1.0,8
5896,efficientnetb0,350,1.0,3
5897,efficientnetb0,939,1.0,3
5898,resnet50,939,1.0,6
5899,efficientnetb1,350,1.0,3
5900,vgg16,550,0.9461219284703368,13
5901,densenet121,350,0.6263678162488967,5
5902,efficientnetb1,550,1.0,3
5903,resnet50,350,1.0,6
5904,efficientnetb1,750,1.0,3
5905,densenet121,550,0.6262433485833546,5
5906,densenet121,750,0.6549577219091517,5
5907,resnet34,550,1.0,8
5908,densenet121,939,0.4858756243316292,5
5909,densenet121,939,0.4858756243316292,5
5910,efficientnetb2,939,1.0,3
5911,resnet34,350,1.0,8
5912,resnet50,350,1.0,6
5913,vgg16,750,0.9989474447948092,13
5914,efficientnetb2,550,1.0,3
5915,efficientnetb1,939,1.0,3
5916,vgg19,750,0.9936879963126718,15
5917,densenet121,350,0.6263678162488967,5
5918,densenet121,550,0.6262433485833546,5
5919,resnet34,939,0.0,16
5920,densenet121,350,0.6263678162488967,5
5921,densenet121,550,0.6262433485833546,5
5922,vgg16,750,0.9989474447948092,13
5923,vgg19,750,0.9936879963126718,15
5924,vgg19,350,0.9884623593775808,15
5925,resnet50,350,1.0,6
5926,resnet50,550,1.0,6
5927,efficientnetb1,750,1.0,3
5928,vgg19,939,1.0,15
5929,densenet121,550,0.6262433485833546,5
5930,efficientnetb2,750,1.0,3
5931,efficientnetb0,350,1.0,3
5932,vgg16,750,0.9989474447948092,13
5933,resnet50,350,1.0,6
5934,efficientnetb0,939,1.0,3
5935,efficientnetb0,550,1.0,3
5936,efficientnetb1,550,1.0,3
5937,efficientnetb0,750,1.0,3
5938,efficientnetb2,350,1.0,3
5939,efficientnetb1,939,1.0,3
5940,resnet34,750,1.0,8
5941,efficientnetb1,550,1.0,3
5942,resnet50,550,1.0,6
5943,vgg19,939,1.0,15
5944,resnet34,750,0.8389123599870303,9
5945,vgg19,550,1.0,15
5946,vgg19,750,0.6673220941960659,10
5947,vgg19,550,1.0,15
5948,vgg19,750,0.9936879963126718,15
5949,efficientnetb1,750,1.0,3
5950,densenet121,939,0.4858756243316292,5
5951,vgg19,750,0.9936879963126718,15
5952,resnet50,750,0.8540914514899219,6
5953,efficientnetb0,350,1.0,3
5954,vgg16,550,0.9461219284703368,13
5955,densenet121,750,0.6549577219091517,5
5956,vgg16,550,0.941205716630206,14
5957,resnet34,750,0.7880649919244954,7
5958,resnet50,550,1.0,6
5959,resnet50,550,1.0,6
5960,vgg16,750,0.8760175184574507,11
5961,vgg16,350,0.9150494503700808,13
5962,resnet50,750,0.8540914514899219,6
5963,resnet34,750,1.0,8
5964,efficientnetb0,550,1.0,3
5965,resnet34,939,0.7020867334437453,8
5966,resnet34,550,1.0,8
5967,vgg19,550,0.9153142027929496,13
5968,efficientnetb0,350,1.0,3
5969,efficientnetb0,750,1.0,3
5970,efficientnetb1,750,1.0,3
5971,vgg19,350,0.9884623593775808,15
5972,resnet34,350,0.7118597986318302,7
5973,resnet34,550,1.0,8
5974,densenet121,750,0.6549577219091517,5
5975,efficientnetb0,939,1.0,3
5976,vgg19,750,0.9936879963126718,15
5977,resnet34,939,0.7020867334437453,8
5978,resnet34,550,1.0,8
5979,vgg16,750,0.9989474447948092,13
5980,efficientnetb1,550,1.0,3
5981,efficientnetb2,550,1.0,3
5982,vgg16,350,0.9150494503700808,13
5983,efficientnetb0,350,1.0,3
5984,vgg16,750,0.9989474447948092,13
5985,resnet50,750,0.8540914514899219,6
5986,efficientnetb1,550,1.0,3
5987,efficientnetb2,350,1.0,3
5988,efficientnetb0,939,1.0,3
5989,vgg19,750,0.9936879963126718,15
5990,resnet34,750,1.0,8
5991,vgg19,350,0.9884623593775808,15
5992,resnet50,550,1.0,6
5993,resnet50,350,1.0,6
5994,densenet121,750,0.6549577219091517,5
5995,efficientnetb2,939,1.0,3
5996,efficientnetb1,939,1.0,3
5997,vgg19,939,1.0,15
5998,resnet50,350,1.0,6
5999,efficientnetb1,939,1.0,3
6000,vgg19,750,0.9936879963126718,15
6001,efficientnetb0,550,1.0,3
6002,vgg16,939,1.0,13
6003,densenet121,350,0.6263678162488967,5
6004,efficientnetb1,750,1.0,3
6005,resnet50,939,1.0,6
6006,efficientnetb0,350,1.0,3
6007,efficientnetb1,939,1.0,3
6008,vgg19,550,0.0,2
6009,efficientnetb0,750,1.0,3
6010,efficientnetb2,939,1.0,3
6011,efficientnetb2,550,1.0,3
6012,resnet34,350,1.0,8
6013,resnet50,550,1.0,6
6014,efficientnetb0,750,1.0,3
6015,vgg16,939,0.8568556422949929,11
6016,densenet121,350,0.6263678162488967,5
6017,efficientnetb0,550,1.0,3
6018,vgg19,750,0.9936879963126718,15
6019,resnet50,350,1.0,6
6020,vgg19,550,1.0,15
6021,resnet34,939,0.7020867334437453,8
6022,efficientnetb1,550,1.0,3
6023,vgg19,750,0.9936879963126718,15
6024,vgg16,750,0.9989474447948092,13
6025,efficientnetb2,550,1.0,3
6026,vgg19,350,0.3670248005033085,6
6027,efficientnetb2,750,1.0,3
6028,efficientnetb1,550,1.0,3
6029,efficientnetb2,350,1.0,3
6030,resnet34,350,0.7118597986318302,7
6031,densenet121,350,0.1341157974542594,4
6032,efficientnetb2,350,1.0,3
6033,efficientnetb2,750,1.0,3
6034,vgg16,750,0.9989474447948092,13
6035,resnet34,939,0.7020867334437453,8
6036,resnet50,550,0.8215124558966982,7
6037,resnet34,750,1.0,8
6038,vgg19,939,1.0,15
6039,efficientnetb0,350,1.0,3
6040,resnet50,350,1.0,6
6041,efficientnetb0,939,1.0,3
6042,vgg16,350,0.9150494503700808,13
6043,densenet121,350,0.6263678162488967,5
6044,vgg16,750,0.9989474447948092,13
6045,efficientnetb2,939,1.0,3
6046,efficientnetb2,939,1.0,3
6047,resnet50,550,1.0,6
6048,efficientnetb0,750,1.0,3
6049,resnet34,939,0.7020867334437453,8
6050,resnet50,350,1.0,6
6051,resnet50,750,0.692684175445151,7
6052,vgg16,350,1.0,12
6053,resnet34,750,1.0,8
6054,vgg16,350,0.9150494503700808,13
6055,vgg16,550,0.9461219284703368,13
6056,efficientnetb2,350,0.65175093664593,4
6057,resnet34,750,1.0,8
6058,densenet121,939,0.4858756243316292,5
6059,efficientnetb2,750,1.0,3
6060,efficientnetb0,939,1.0,3
6061,densenet121,750,0.6549577219091517,5
6062,resnet34,939,0.5574747946963727,9
6063,efficientnetb1,939,1.0,3
6064,resnet50,350,1.0,6
6065,vgg19,350,0.9884623593775808,15
6066,efficientnetb1,939,1.0,3
6067,efficientnetb0,550,1.0,3
6068,efficientnetb0,350,1.0,3
6069,vgg19,550,1.0,15
6070,resnet50,939,1.0,6
6071,densenet121,750,0.6549577219091517,5
6072,resnet50,939,1.0,6
6073,densenet121,550,0.6262433485833546,5
6074,efficientnetb2,550,1.0,3
6075,resnet34,550,1.0,8
6076,densenet121,939,0.4858756243316292,5
6077,densenet121,350,0.6263678162488967,5
6078,efficientnetb1,939,1.0,3
6079,vgg19,939,1.0,15
6080,efficientnetb2,550,1.0,3
6081,efficientnetb1,550,1.0,3
6082,resnet50,550,1.0,6
6083,resnet34,350,1.0,8
6084,resnet50,939,0.8017819857800019,7
6085,vgg16,550,0.9461219284703368,13
6086,densenet121,350,0.6263678162488967,5
6087,densenet121,350,0.6263678162488967,5
6088,resnet50,939,0.6400205520491736,8
6089,efficientnetb0,939,1.0,3
6090,efficientnetb2,550,1.0,3
6091,densenet121,939,0.4858756243316292,5
6092,efficientnetb2,350,1.0,3
6093,densenet121,750,0.6549577219091517,5
6094,efficientnetb1,939,1.0,3
6095,densenet121,350,0.6263678162488967,5
6096,efficientnetb2,550,1.0,3
6097,densenet121,350,0.6263678162488967,5
6098,vgg16,350,0.9150494503700808,13
6099,efficientnetb0,750,1.0,3
6100,resnet50,939,1.0,6
6101,efficientnetb0,939,1.0,3
6102,densenet121,750,0.6549577219091517,5
6103,efficientnetb2,550,1.0,3
6104,efficientnetb0,350,1.0,3
6105,efficientnetb0,750,1.0,3
6106,efficientnetb0,550,1.0,3
6107,efficientnetb0,350,1.0,3
6108,vgg16,750,0.9989474447948092,13
6109,efficientnetb0,939,1.0,3
6110,densenet121,750,0.6549577219091517,5
6111,vgg19,550,0.93432282209291,16
6112,vgg19,939,1.0,15
6113,resnet50,939,1.0,6
6114,resnet34,939,0.7020867334437453,8
6115,densenet121,350,0.6263678162488967,5
6116,efficientnetb2,939,1.0,3
6117,vgg16,939,1.0,13
6118,vgg19,939,1.0,15
6119,efficientnetb2,550,1.0,3
6120,efficientnetb2,750,1.0,3
6121,efficientnetb0,939,1.0,3
6122,vgg19,939,0.0,2
6123,densenet121,939,0.4858756243316292,5
6124,resnet34,939,0.0,16
6125,densenet121,750,0.6549577219091517,5
6126,vgg19,350,0.9884623593775808,15
6127,efficientnetb0,750,1.0,3
6128,resnet34,350,1.0,8
6129,densenet121,939,0.4858756243316292,5
6130,efficientnetb1,550,1.0,3
6131,vgg16,350,0.9150494503700808,13
6132,resnet34,350,0.7118597986318302,7
6133,efficientnetb0,939,1.0,3
6134,efficientnetb2,350,1.0,3
6135,densenet121,550,0.6262433485833546,5
6136,vgg16,550,0.9461219284703368,13
6137,vgg16,939,1.0,13
6138,efficientnetb1,550,1.0,3
6139,resnet34,550,1.0,8
6140,resnet34,550,0.8215653788441881,7
6141,resnet50,939,1.0,6
6142,vgg19,750,0.9936879963126718,15
6143,vgg19,939,1.0,15
6144,densenet121,550,0.6262433485833546,5
6145,efficientnetb1,939,1.0,3
6146,resnet50,939,1.0,6
6147,efficientnetb1,550,1.0,3
6148,efficientnetb1,350,0.7181138626700144,4
6149,vgg19,350,0.9884623593775808,15
6150,resnet50,350,1.0,6
6151,resnet50,350,1.0,6
6152,efficientnetb2,350,1.0,3
6153,efficientnetb1,750,1.0,3
6154,efficientnetb1,939,1.0,3
6155,densenet121,550,0.6262433485833546,5
6156,vgg16,550,0.9461219284703368,13
6157,efficientnetb2,939,1.0,3
6158,vgg19,350,0.9884623593775808,15
6159,vgg19,750,0.9936879963126718,15
6160,efficientnetb0,750,1.0,3
6161,resnet50,350,1.0,6
6162,vgg16,550,0.9461219284703368,13
6163,vgg19,750,0.9936879963126718,15
6164,densenet121,550,0.6262433485833546,5
6165,resnet34,750,1.0,8
6166,resnet34,939,0.7020867334437453,8
6167,resnet34,750,0.3301584795875527,3
6168,efficientnetb0,350,1.0,3
6169,densenet121,550,0.6262433485833546,5
6170,efficientnetb1,750,1.0,3
6171,efficientnetb2,550,1.0,3
6172,vgg19,550,1.0,15
6173,resnet50,750,0.8540914514899219,6
6174,efficientnetb2,350,1.0,3
6175,resnet50,939,1.0,6
6176,efficientnetb1,750,1.0,3
6177,vgg16,939,1.0,13
6178,vgg16,750,0.9989474447948092,13
6179,resnet50,350,0.8830285561177872,5
6180,vgg19,350,0.9884623593775808,15
6181,efficientnetb1,550,1.0,3
6182,densenet121,939,0.4858756243316292,5
6183,efficientnetb1,350,1.0,3
6184,vgg19,350,0.7647138013706365,12
6185,resnet50,939,1.0,6
6186,efficientnetb1,350,1.0,3
6187,vgg19,939,1.0,15
6188,vgg16,550,0.9461219284703368,13
6189,efficientnetb0,550,1.0,3
6190,resnet34,350,1.0,8
6191,resnet50,350,1.0,6
6192,resnet50,550,1.0,6
6193,efficientnetb0,939,1.0,3
6194,efficientnetb1,939,1.0,3
6195,vgg16,750,0.9989474447948092,13
6196,efficientnetb0,550,1.0,3
6197,vgg16,550,0.941205716630206,14
6198,densenet121,939,0.4858756243316292,5
6199,efficientnetb0,939,0.6801221238861833,4
6200,resnet50,350,1.0,6
6201,vgg16,939,0.0381294915227273,4
6202,densenet121,550,0.6262433485833546,5
6203,resnet34,550,1.0,8
6204,resnet50,550,1.0,6
6205,vgg16,750,0.9989474447948092,13
6206,resnet34,750,1.0,8
6207,resnet50,550,1.0,6
6208,densenet121,939,0.4858756243316292,5
6209,vgg16,750,0.8760175184574507,11
6210,resnet34,350,0.7118597986318302,7
6211,vgg19,939,0.0183675354070255,1
6212,vgg16,750,0.9989474447948092,13
6213,resnet50,750,0.8540914514899219,6
6214,vgg16,939,1.0,13
6215,vgg19,939,0.0,2
6216,vgg19,350,0.9884623593775808,15
6217,efficientnetb2,750,1.0,3
6218,efficientnetb1,939,1.0,3
6219,efficientnetb0,350,1.0,3
6220,vgg16,939,1.0,13
6221,efficientnetb2,350,1.0,3
6222,efficientnetb0,750,1.0,3
6223,densenet121,750,0.6549577219091517,5
6224,efficientnetb1,550,1.0,3
6225,efficientnetb2,939,1.0,3
6226,vgg19,750,0.9936879963126718,15
6227,efficientnetb0,550,1.0,3
6228,densenet121,939,0.4858756243316292,5
6229,efficientnetb2,939,1.0,3
6230,efficientnetb2,550,1.0,3
6231,efficientnetb2,550,1.0,3
6232,resnet34,939,0.7020867334437453,8
6233,efficientnetb1,550,1.0,3
6234,densenet121,939,0.4858756243316292,5
6235,vgg16,350,0.9150494503700808,13
6236,resnet50,750,0.8540914514899219,6
6237,efficientnetb1,550,1.0,3
6238,vgg16,750,0.9989474447948092,13
6239,resnet34,750,1.0,8
6240,efficientnetb1,939,1.0,3
6241,vgg16,939,1.0,13
6242,resnet50,350,1.0,6
6243,efficientnetb0,350,1.0,3
6244,vgg16,550,0.9461219284703368,13
6245,efficientnetb2,939,1.0,3
6246,efficientnetb1,750,1.0,3
6247,resnet34,550,0.8215653788441881,7
6248,densenet121,350,0.6263678162488967,5
6249,vgg16,550,0.9461219284703368,13
6250,resnet50,550,0.8215124558966982,7
6251,vgg16,750,0.9989474447948092,13
6252,efficientnetb2,750,1.0,3
6253,resnet50,550,0.8215124558966982,7
6254,vgg19,939,1.0,15
6255,resnet50,550,1.0,6
6256,efficientnetb1,350,1.0,3
6257,efficientnetb0,939,1.0,3
6258,efficientnetb1,550,1.0,3
6259,vgg19,939,1.0,15
6260,efficientnetb0,350,1.0,3
6261,efficientnetb2,939,1.0,3
6262,efficientnetb2,939,1.0,3
6263,vgg16,939,1.0,13
6264,efficientnetb1,750,1.0,3
6265,efficientnetb1,350,1.0,3
6266,efficientnetb0,550,1.0,3
6267,resnet34,939,0.5574747946963727,9
6268,efficientnetb0,750,1.0,3
6269,resnet50,350,0.8169515861153699,7
6270,vgg19,550,1.0,15
6271,resnet34,350,0.9419697554794192,9
6272,resnet50,939,0.8017819857800019,7
6273,efficientnetb1,350,0.7181138626700144,4
6274,resnet34,350,1.0,8
6275,resnet50,350,1.0,6
6276,efficientnetb1,550,1.0,3
6277,resnet50,939,0.8017819857800019,7
6278,efficientnetb2,939,1.0,3
6279,efficientnetb2,350,1.0,3
6280,efficientnetb1,350,1.0,3
6281,resnet34,550,1.0,8
6282,efficientnetb0,350,1.0,3
6283,efficientnetb1,750,1.0,3
6284,efficientnetb0,550,1.0,3
6285,efficientnetb0,350,1.0,3
6286,vgg16,350,0.9150494503700808,13
6287,vgg16,750,0.9989474447948092,13
6288,efficientnetb1,350,1.0,3
6289,efficientnetb1,550,1.0,3
6290,vgg19,550,1.0,15
6291,densenet121,350,0.6263678162488967,5
6292,densenet121,750,0.6549577219091517,5
6293,resnet50,939,1.0,6
6294,efficientnetb2,550,1.0,3
6295,efficientnetb1,750,1.0,3
6296,resnet50,939,1.0,6
6297,vgg16,350,0.9150494503700808,13
6298,vgg16,750,0.9989474447948092,13
6299,vgg19,750,0.9936879963126718,15
6300,vgg19,350,0.9884623593775808,15
6301,efficientnetb0,939,1.0,3
6302,resnet50,750,0.8540914514899219,6
6303,efficientnetb1,350,1.0,3
6304,resnet50,750,0.8540914514899219,6
6305,densenet121,750,0.6549577219091517,5
6306,efficientnetb2,550,1.0,3
6307,vgg16,550,1.0,12
6308,vgg16,350,0.9150494503700808,13
6309,resnet34,350,0.0,16
6310,resnet50,939,1.0,6
6311,efficientnetb2,750,1.0,3
6312,vgg16,350,0.9150494503700808,13
6313,efficientnetb1,350,1.0,3
6314,resnet34,939,0.0,16
6315,densenet121,350,0.6263678162488967,5
6316,efficientnetb0,750,1.0,3
6317,resnet34,939,0.7020867334437453,8
6318,vgg19,750,0.9936879963126718,15
6319,resnet50,350,1.0,6
6320,efficientnetb2,550,1.0,3
6321,efficientnetb1,939,1.0,3
6322,efficientnetb0,939,1.0,3
6323,efficientnetb0,350,1.0,3
6324,vgg16,750,0.9989474447948092,13
6325,vgg16,939,1.0,13
6326,resnet50,750,0.8540914514899219,6
6327,densenet121,750,0.6549577219091517,5
6328,efficientnetb2,939,1.0,3
6329,vgg19,550,1.0,15
6330,vgg16,750,0.9989474447948092,13
6331,efficientnetb2,939,1.0,3
6332,vgg19,350,0.9884623593775808,15
6333,resnet50,350,0.8169515861153699,7
6334,efficientnetb2,939,1.0,3
6335,vgg16,750,0.9989474447948092,13
6336,resnet34,750,1.0,8
6337,resnet50,750,0.8540914514899219,6
6338,resnet34,939,0.0,16
6339,resnet50,350,1.0,6
6340,densenet121,550,0.6262433485833546,5
6341,resnet50,350,1.0,6
6342,efficientnetb1,750,1.0,3
6343,vgg19,550,1.0,15
6344,vgg19,939,1.0,15
6345,vgg19,939,1.0,15
6346,efficientnetb1,550,1.0,3
6347,resnet50,350,1.0,6
6348,vgg19,350,0.9884623593775808,15
6349,efficientnetb1,750,1.0,3
6350,vgg19,350,0.9884623593775808,15
6351,efficientnetb2,939,1.0,3
6352,densenet121,350,0.6263678162488967,5
6353,efficientnetb1,550,1.0,3
6354,efficientnetb1,350,1.0,3
6355,efficientnetb1,550,1.0,3
6356,resnet34,750,1.0,8
6357,efficientnetb2,350,1.0,3
6358,vgg16,550,0.9461219284703368,13
6359,vgg19,939,1.0,15
6360,resnet34,550,0.9073881434347082,9
6361,resnet34,350,1.0,8
6362,resnet34,550,1.0,8
6363,densenet121,939,0.4858756243316292,5
6364,efficientnetb0,350,1.0,3
6365,resnet34,350,1.0,8
6366,efficientnetb0,750,1.0,3
6367,efficientnetb0,350,1.0,3
6368,resnet50,350,1.0,6
6369,efficientnetb1,350,1.0,3
6370,vgg19,939,1.0,15
6371,resnet50,350,1.0,6
6372,vgg19,750,0.9936879963126718,15
6373,efficientnetb2,350,1.0,3
6374,efficientnetb0,939,1.0,3
6375,efficientnetb1,550,1.0,3
6376,efficientnetb0,750,1.0,3
6377,efficientnetb2,350,1.0,3
6378,resnet50,350,0.8830285561177872,5
6379,efficientnetb0,939,1.0,3
6380,densenet121,550,0.6262433485833546,5
6381,resnet34,550,1.0,8
6382,densenet121,750,0.6549577219091517,5
6383,vgg16,350,0.9150494503700808,13
6384,vgg16,550,0.9461219284703368,13
6385,vgg19,350,0.9884623593775808,15
6386,efficientnetb0,350,1.0,3
6387,vgg16,350,0.9150494503700808,13
6388,efficientnetb1,350,1.0,3
6389,efficientnetb2,550,1.0,3
6390,vgg19,939,1.0,15
6391,efficientnetb0,550,1.0,3
6392,densenet121,550,0.6262433485833546,5
6393,efficientnetb1,350,1.0,3
6394,vgg16,350,0.968053827189964,11
6395,efficientnetb0,939,1.0,3
6396,vgg16,939,1.0,13
6397,efficientnetb0,939,1.0,3
6398,efficientnetb0,550,1.0,3
6399,vgg19,939,1.0,15
6400,densenet121,939,0.4858756243316292,5
6401,densenet121,350,0.6263678162488967,5
6402,vgg19,550,1.0,15
6403,efficientnetb2,750,1.0,3
6404,resnet50,350,1.0,6
6405,efficientnetb1,750,1.0,3
6406,vgg16,750,0.9989474447948092,13
6407,vgg19,750,0.9936879963126718,15
6408,resnet50,550,1.0,6
6409,efficientnetb0,350,1.0,3
6410,efficientnetb2,350,1.0,3
6411,vgg16,939,0.8568556422949929,11
6412,resnet50,550,1.0,6
6413,densenet121,550,0.6262433485833546,5
6414,resnet34,750,1.0,8
6415,resnet34,750,0.8389123599870303,9
6416,efficientnetb0,750,1.0,3
6417,resnet50,350,1.0,6
6418,densenet121,550,0.6262433485833546,5
6419,efficientnetb0,550,1.0,3
6420,efficientnetb2,750,1.0,3
6421,resnet50,939,1.0,6
6422,efficientnetb2,350,1.0,3
6423,efficientnetb2,939,1.0,3
6424,efficientnetb1,750,1.0,3
6425,resnet50,939,1.0,6
6426,efficientnetb2,350,1.0,3
6427,efficientnetb0,350,1.0,3
6428,efficientnetb1,750,1.0,3
6429,vgg19,939,1.0,15
6430,vgg16,350,0.9150494503700808,13
6431,densenet121,550,0.0267032533330688,3
6432,densenet121,939,0.4858756243316292,5
6433,densenet121,939,0.4858756243316292,5
6434,efficientnetb1,939,1.0,3
6435,vgg19,750,0.9936879963126718,15
6436,densenet121,939,0.4858756243316292,5
6437,efficientnetb0,939,1.0,3
6438,vgg16,750,0.9989474447948092,13
6439,densenet121,750,0.6549577219091517,5
6440,vgg16,750,0.9989474447948092,13
6441,efficientnetb2,350,1.0,3
6442,vgg19,939,1.0,15
6443,resnet34,550,0.8215653788441881,7
6444,vgg16,550,0.9461219284703368,13
6445,efficientnetb1,939,1.0,3
6446,vgg16,939,1.0,13
6447,efficientnetb2,350,0.65175093664593,4
6448,densenet121,550,0.6262433485833546,5
6449,efficientnetb1,350,1.0,3
6450,efficientnetb1,939,1.0,3
6451,resnet34,750,0.7880649919244954,7
6452,resnet50,939,1.0,6
6453,efficientnetb1,750,1.0,3
6454,efficientnetb1,939,1.0,3
6455,vgg16,939,1.0,13
6456,vgg19,550,1.0,15
6457,vgg19,550,0.9153142027929496,13
6458,densenet121,350,0.6263678162488967,5
6459,vgg19,550,0.0,2
6460,efficientnetb2,350,1.0,3
6461,vgg19,750,0.9936879963126718,15
6462,efficientnetb0,350,1.0,3
6463,vgg19,350,0.9884623593775808,15
6464,efficientnetb2,750,1.0,3
6465,resnet34,939,0.7020867334437453,8
6466,densenet121,939,0.4858756243316292,5
6467,efficientnetb2,939,1.0,3
6468,vgg16,550,0.9461219284703368,13
6469,resnet34,939,0.7020867334437453,8
6470,efficientnetb0,750,1.0,3
6471,resnet50,350,1.0,6
6472,densenet121,750,0.6549577219091517,5
6473,vgg19,750,0.9936879963126718,15
6474,efficientnetb2,550,1.0,3
6475,resnet34,550,0.8215653788441881,7
6476,resnet50,939,1.0,6
6477,vgg19,550,1.0,15
6478,resnet50,939,1.0,6
6479,efficientnetb1,939,1.0,3
6480,densenet121,350,0.6263678162488967,5
6481,vgg16,750,0.9989474447948092,13
6482,efficientnetb2,550,1.0,3
6483,efficientnetb1,939,1.0,3
6484,efficientnetb1,750,1.0,3
6485,resnet50,350,1.0,6
6486,resnet50,939,1.0,6
6487,resnet34,939,0.7020867334437453,8
6488,vgg19,939,0.053642035656265,3
6489,vgg19,350,0.9884623593775808,15
6490,efficientnetb2,750,1.0,3
6491,efficientnetb2,939,1.0,3
6492,vgg19,350,0.9884623593775808,15
6493,efficientnetb0,939,1.0,3
6494,efficientnetb1,550,1.0,3
6495,efficientnetb2,939,1.0,3
6496,densenet121,939,0.4858756243316292,5
6497,densenet121,750,0.6549577219091517,5
6498,efficientnetb1,350,1.0,3
6499,efficientnetb2,350,1.0,3
6500,efficientnetb0,750,1.0,3
6501,efficientnetb0,350,1.0,3
6502,resnet50,939,1.0,6
6503,resnet34,350,0.7118597986318302,7
6504,resnet50,550,1.0,6
6505,efficientnetb1,550,1.0,3
6506,resnet34,750,1.0,8
6507,vgg16,750,0.9989474447948092,13
6508,densenet121,750,0.6549577219091517,5
6509,densenet121,350,0.6263678162488967,5
6510,resnet50,939,1.0,6
6511,vgg16,750,0.9989474447948092,13
6512,efficientnetb2,939,1.0,3
6513,densenet121,350,0.6263678162488967,5
6514,efficientnetb0,939,1.0,3
6515,densenet121,939,0.4858756243316292,5
6516,efficientnetb1,939,1.0,3
6517,vgg19,750,0.9936879963126718,15
6518,efficientnetb2,350,1.0,3
6519,vgg19,550,1.0,15
6520,resnet50,350,1.0,6
6521,efficientnetb2,350,1.0,3
6522,resnet34,550,1.0,8
6523,resnet34,750,1.0,8
6524,vgg16,750,0.9989474447948092,13
6525,resnet50,939,0.8017819857800019,7
6526,efficientnetb1,939,1.0,3
6527,efficientnetb1,350,1.0,3
6528,efficientnetb0,750,1.0,3
6529,efficientnetb1,350,1.0,3
6530,resnet50,750,0.8540914514899219,6
6531,efficientnetb1,550,1.0,3
6532,densenet121,350,0.6263678162488967,5
6533,vgg16,939,1.0,13
6534,efficientnetb2,750,1.0,3
6535,resnet50,550,1.0,6
6536,efficientnetb0,550,1.0,3
6537,vgg16,939,1.0,13
6538,vgg19,550,1.0,15
6539,resnet50,350,1.0,6
6540,densenet121,350,0.6263678162488967,5
6541,resnet34,550,1.0,8
6542,vgg19,550,1.0,15
6543,efficientnetb2,350,1.0,3
6544,vgg19,550,1.0,15
6545,resnet34,550,1.0,8
6546,efficientnetb1,750,1.0,3
6547,resnet34,939,0.7020867334437453,8
6548,efficientnetb1,750,1.0,3
6549,efficientnetb2,939,1.0,3
6550,resnet50,550,1.0,6
6551,vgg19,750,0.9936879963126718,15
6552,efficientnetb0,939,1.0,3
6553,efficientnetb1,939,1.0,3
6554,resnet34,550,0.8215653788441881,7
6555,vgg16,750,0.9989474447948092,13
6556,efficientnetb0,550,1.0,3
6557,vgg19,550,1.0,15
6558,efficientnetb0,939,1.0,3
6559,densenet121,350,0.6263678162488967,5
6560,vgg16,939,1.0,13
6561,resnet50,350,1.0,6
6562,vgg16,550,0.9461219284703368,13
6563,densenet121,550,0.6262433485833546,5
6564,resnet34,939,0.7020867334437453,8
6565,vgg19,750,0.9936879963126718,15
6566,vgg19,939,1.0,15
6567,resnet50,750,0.8540914514899219,6
6568,efficientnetb2,550,1.0,3
6569,vgg19,550,1.0,15
6570,efficientnetb0,550,1.0,3
6571,resnet50,750,0.8540914514899219,6
6572,vgg16,550,0.9461219284703368,13
6573,efficientnetb1,550,1.0,3
6574,densenet121,350,1.0,6
6575,densenet121,350,0.6263678162488967,5
6576,resnet34,750,1.0,8
6577,resnet34,550,0.9073881434347082,9
6578,efficientnetb2,750,1.0,3
6579,efficientnetb2,550,1.0,3
6580,vgg19,750,0.9936879963126718,15
6581,efficientnetb0,550,1.0,3
6582,efficientnetb2,350,1.0,3
6583,vgg19,750,0.1063831635744575,4
6584,efficientnetb2,750,1.0,3
6585,efficientnetb2,550,1.0,3
6586,efficientnetb2,550,1.0,3
6587,efficientnetb0,750,1.0,3
6588,vgg16,550,0.9461219284703368,13
6589,efficientnetb0,350,1.0,3
6590,efficientnetb0,350,1.0,3
6591,efficientnetb1,550,1.0,3
6592,resnet50,550,1.0,6
6593,densenet121,750,0.6549577219091517,5
6594,resnet34,550,0.8215653788441881,7
6595,densenet121,550,0.6262433485833546,5
6596,resnet34,939,0.7020867334437453,8
6597,vgg16,350,0.9150494503700808,13
6598,resnet50,350,1.0,6
6599,resnet50,350,1.0,6
6600,resnet34,550,1.0,8
6601,resnet34,750,0.0,16
6602,vgg19,350,1.0,16
6603,vgg19,350,0.9884623593775808,15
6604,resnet34,350,0.0,16
6605,densenet121,750,0.6549577219091517,5
6606,resnet50,939,1.0,6
6607,resnet34,939,0.261368264849742,12
6608,densenet121,939,0.4858756243316292,5
6609,efficientnetb0,550,1.0,3
6610,vgg19,750,0.9936879963126718,15
6611,vgg16,550,0.9461219284703368,13
6612,efficientnetb0,750,1.0,3
6613,efficientnetb1,550,1.0,3
6614,vgg19,939,1.0,15
6615,resnet50,550,1.0,6
6616,resnet50,550,1.0,6
6617,resnet34,550,1.0,8
6618,resnet34,939,0.7020867334437453,8
6619,efficientnetb2,750,1.0,3
6620,vgg19,350,0.9884623593775808,15
6621,efficientnetb2,750,1.0,3
6622,vgg19,750,0.9936879963126718,15
6623,vgg19,750,0.9936879963126718,15
6624,densenet121,550,0.6262433485833546,5
6625,resnet50,350,1.0,6
6626,vgg16,750,0.9989474447948092,13
6627,efficientnetb0,350,1.0,3
6628,resnet50,550,1.0,6
6629,efficientnetb1,550,1.0,3
6630,vgg16,750,0.9989474447948092,13
6631,vgg16,550,0.9461219284703368,13
6632,resnet50,350,1.0,6
6633,resnet50,550,1.0,6
6634,vgg19,939,1.0,15
6635,efficientnetb0,550,1.0,3
6636,efficientnetb2,939,1.0,3
6637,vgg19,350,0.9884623593775808,15
6638,efficientnetb1,750,1.0,3
6639,resnet34,750,0.6733833829902832,6
6640,efficientnetb2,350,1.0,3
6641,efficientnetb0,750,1.0,3
6642,efficientnetb0,939,1.0,3
6643,efficientnetb0,350,1.0,3
6644,efficientnetb1,350,1.0,3
6645,efficientnetb2,350,1.0,3
6646,densenet121,750,0.6549577219091517,5
6647,resnet50,939,1.0,6
6648,efficientnetb2,750,1.0,3
6649,efficientnetb2,939,1.0,3
6650,vgg16,350,0.9150494503700808,13
6651,vgg16,939,1.0,13
6652,resnet50,750,0.8540914514899219,6
6653,vgg19,750,0.9936879963126718,15
6654,densenet121,550,0.6262433485833546,5
6655,resnet34,350,1.0,8
6656,densenet121,550,0.6262433485833546,5
6657,efficientnetb1,939,1.0,3
6658,efficientnetb2,939,1.0,3
6659,efficientnetb1,939,1.0,3
6660,vgg16,750,0.9989474447948092,13
6661,resnet34,550,0.9073881434347082,9
6662,resnet34,939,0.5574747946963727,9
6663,efficientnetb0,350,1.0,3
6664,resnet50,939,1.0,6
6665,efficientnetb2,350,1.0,3
6666,efficientnetb2,939,0.6509085704414946,4
6667,resnet34,939,0.7020867334437453,8
6668,efficientnetb1,750,1.0,3
6669,efficientnetb1,939,1.0,3
6670,vgg16,350,0.9150494503700808,13
6671,densenet121,939,0.4858756243316292,5
6672,efficientnetb1,550,1.0,3
6673,vgg16,939,1.0,13
6674,vgg19,750,0.9936879963126718,15
6675,vgg16,350,0.9150494503700808,13
6676,resnet34,350,0.9419697554794192,9
6677,vgg19,750,0.9936879963126718,15
6678,vgg19,550,1.0,15
6679,efficientnetb1,939,1.0,3
6680,efficientnetb2,939,1.0,3
6681,efficientnetb1,350,1.0,3
6682,resnet50,750,0.692684175445151,7
6683,resnet50,939,1.0,6
6684,efficientnetb2,350,1.0,3
6685,vgg16,350,0.9150494503700808,13
6686,resnet34,939,0.5574747946963727,9
6687,densenet121,550,0.6262433485833546,5
6688,densenet121,750,0.6549577219091517,5
6689,vgg19,939,1.0,15
6690,resnet50,350,1.0,6
6691,vgg19,550,1.0,15
6692,densenet121,750,0.6549577219091517,5
6693,vgg19,750,0.9936879963126718,15
6694,resnet34,750,0.0,16
6695,vgg19,350,0.9884623593775808,15
6696,efficientnetb1,550,1.0,3
6697,densenet121,350,0.6263678162488967,5
6698,densenet121,550,0.6262433485833546,5
6699,efficientnetb1,750,1.0,3
6700,vgg16,750,0.8760175184574507,11
6701,vgg16,350,0.9150494503700808,13
6702,resnet50,550,1.0,6
6703,efficientnetb0,350,1.0,3
6704,resnet50,939,1.0,6
6705,vgg19,350,0.9884623593775808,15
6706,resnet50,939,1.0,6
6707,efficientnetb2,939,1.0,3
6708,efficientnetb2,350,1.0,3
6709,vgg16,939,1.0,13
6710,efficientnetb0,550,1.0,3
6711,vgg19,750,0.6673220941960659,10
6712,efficientnetb2,750,1.0,3
6713,efficientnetb1,550,1.0,3
6714,resnet34,750,0.6702494870914867,10
6715,densenet121,550,0.6262433485833546,5
6716,vgg19,350,0.9884623593775808,15
6717,vgg16,750,0.9989474447948092,13
6718,vgg16,939,1.0,13
6719,efficientnetb1,550,0.2436659344100393,2
6720,densenet121,939,0.4858756243316292,5
6721,vgg16,750,0.9989474447948092,13
6722,resnet34,750,1.0,8
6723,densenet121,939,0.4858756243316292,5
6724,vgg19,939,1.0,15
6725,resnet50,550,1.0,6
6726,densenet121,750,0.6549577219091517,5
6727,resnet50,550,1.0,6
6728,resnet50,750,0.8540914514899219,6
6729,resnet50,750,0.8540914514899219,6
6730,efficientnetb0,939,1.0,3
6731,resnet50,550,1.0,6
6732,resnet34,939,0.7020867334437453,8
6733,resnet34,750,0.7880649919244954,7
6734,vgg16,939,1.0,13
6735,resnet50,750,0.8540914514899219,6
6736,efficientnetb2,350,1.0,3
6737,vgg16,550,0.9461219284703368,13
6738,resnet50,939,1.0,6
6739,resnet50,350,1.0,6
6740,vgg16,939,1.0,13
6741,efficientnetb1,750,1.0,3
6742,vgg19,750,0.9936879963126718,15
6743,resnet50,939,1.0,6
6744,resnet34,550,1.0,8
6745,densenet121,750,0.6549577219091517,5
6746,efficientnetb1,350,1.0,3
6747,efficientnetb0,750,1.0,3
6748,resnet50,350,1.0,6
6749,efficientnetb0,550,1.0,3
6750,resnet50,350,1.0,6
6751,efficientnetb1,350,1.0,3
6752,efficientnetb1,939,1.0,3
6753,densenet121,939,0.4858756243316292,5
6754,vgg19,750,0.9936879963126718,15
6755,resnet34,350,1.0,8
6756,efficientnetb0,550,1.0,3
6757,efficientnetb1,939,1.0,3
6758,efficientnetb1,939,1.0,3
6759,resnet50,350,1.0,6
6760,resnet34,750,1.0,8
6761,efficientnetb1,550,1.0,3
6762,efficientnetb0,750,1.0,3
6763,resnet50,350,1.0,6
6764,vgg19,350,0.9884623593775808,15
6765,efficientnetb0,550,1.0,3
6766,efficientnetb2,939,1.0,3
6767,vgg19,939,1.0,15
6768,efficientnetb0,550,1.0,3
6769,efficientnetb0,350,1.0,3
6770,resnet50,350,1.0,6
6771,resnet34,939,0.7020867334437453,8
6772,resnet50,350,0.8830285561177872,5
6773,resnet34,550,0.8215653788441881,7
6774,resnet50,350,1.0,6
6775,efficientnetb0,939,1.0,3
6776,efficientnetb0,550,1.0,3
6777,resnet50,350,1.0,6
6778,vgg19,550,1.0,15
6779,efficientnetb2,550,1.0,3
6780,efficientnetb1,350,1.0,3
6781,resnet34,550,1.0,8
6782,vgg19,550,1.0,15
6783,efficientnetb0,550,1.0,3
6784,densenet121,350,0.6263678162488967,5
6785,efficientnetb1,350,1.0,3
6786,resnet50,350,0.8830285561177872,5
6787,efficientnetb1,939,1.0,3
6788,vgg19,350,0.9884623593775808,15
6789,vgg16,350,0.9150494503700808,13
6790,resnet34,550,1.0,8
6791,resnet50,350,1.0,6
6792,resnet34,350,1.0,8
6793,efficientnetb0,550,1.0,3
6794,efficientnetb0,350,1.0,3
6795,resnet34,550,1.0,8
6796,densenet121,350,0.6263678162488967,5
6797,efficientnetb1,350,1.0,3
6798,efficientnetb2,750,1.0,3
6799,resnet50,939,1.0,6
6800,resnet34,750,1.0,8
6801,efficientnetb1,750,1.0,3
6802,efficientnetb2,350,1.0,3
6803,resnet50,550,1.0,6
6804,resnet50,939,1.0,6
6805,efficientnetb2,939,1.0,3
6806,resnet50,350,1.0,6
6807,vgg16,939,1.0,13
6808,vgg19,350,0.9884623593775808,15
6809,efficientnetb0,750,1.0,3
6810,vgg19,939,1.0,15
6811,resnet50,550,1.0,6
6812,efficientnetb1,750,1.0,3
6813,vgg16,350,0.9150494503700808,13
6814,resnet34,350,1.0,8
6815,efficientnetb0,939,1.0,3
6816,efficientnetb1,750,1.0,3
6817,resnet50,350,1.0,6
6818,resnet50,550,1.0,6
6819,vgg16,550,0.9461219284703368,13
6820,vgg16,939,1.0,13
6821,vgg16,939,1.0,13
6822,efficientnetb2,750,1.0,3
6823,efficientnetb0,750,1.0,3
6824,efficientnetb0,939,1.0,3
6825,vgg16,350,0.9150494503700808,13
6826,efficientnetb1,550,1.0,3
6827,efficientnetb0,350,1.0,3
6828,vgg19,550,1.0,15
6829,resnet34,939,0.7020867334437453,8
6830,efficientnetb1,350,1.0,3
6831,vgg16,350,0.9150494503700808,13
6832,vgg19,750,0.9936879963126718,15
6833,vgg16,350,0.9150494503700808,13
6834,vgg19,939,1.0,15
6835,efficientnetb1,939,1.0,3
6836,vgg16,750,0.9989474447948092,13
6837,densenet121,350,0.6263678162488967,5
6838,efficientnetb2,550,1.0,3
6839,vgg16,350,0.9150494503700808,13
6840,vgg16,750,0.9989474447948092,13
6841,efficientnetb0,350,1.0,3
6842,resnet34,750,0.8389123599870303,9
6843,densenet121,750,0.6549577219091517,5
6844,resnet50,350,1.0,6
6845,resnet34,350,1.0,8
6846,resnet50,939,1.0,6
6847,efficientnetb2,750,1.0,3
6848,densenet121,350,0.6263678162488967,5
6849,resnet34,350,1.0,8
6850,densenet121,550,0.6262433485833546,5
6851,efficientnetb0,350,1.0,3
6852,resnet34,939,1.0,6
6853,vgg16,750,0.9989474447948092,13
6854,resnet50,939,1.0,6
6855,resnet34,550,1.0,8
6856,efficientnetb0,750,1.0,3
6857,vgg16,350,0.9150494503700808,13
6858,resnet50,750,0.8540914514899219,6
6859,vgg19,750,0.9936879963126718,15
6860,efficientnetb1,939,1.0,3
6861,efficientnetb2,550,1.0,3
6862,resnet34,350,1.0,8
6863,vgg16,550,0.9461219284703368,13
6864,vgg16,939,1.0,13
6865,vgg16,350,0.9150494503700808,13
6866,efficientnetb1,550,1.0,3
6867,vgg16,350,0.9150494503700808,13
6868,vgg19,750,0.9936879963126718,15
6869,vgg16,350,0.0238402416290037,2
6870,efficientnetb0,550,1.0,3
6871,efficientnetb1,939,1.0,3
6872,efficientnetb2,750,1.0,3
6873,efficientnetb2,550,1.0,3
6874,efficientnetb1,939,1.0,3
6875,resnet34,939,0.7020867334437453,8
6876,vgg19,550,1.0,15
6877,densenet121,350,0.6263678162488967,5
6878,vgg16,939,0.0381294915227273,4
6879,vgg16,750,0.9989474447948092,13
6880,vgg16,939,1.0,13
6881,resnet34,350,1.0,8
6882,resnet50,350,0.8169515861153699,7
6883,vgg19,939,1.0,15
6884,densenet121,750,0.6549577219091517,5
6885,resnet50,939,1.0,6
6886,vgg19,550,1.0,15
6887,resnet50,939,1.0,6
6888,efficientnetb2,939,1.0,3
6889,vgg19,350,0.9884623593775808,15
6890,efficientnetb2,939,1.0,3
6891,vgg19,350,0.9884623593775808,15
6892,resnet34,550,1.0,8
6893,resnet50,750,0.8540914514899219,6
6894,resnet50,750,0.8540914514899219,6
6895,efficientnetb2,750,1.0,3
6896,densenet121,750,0.6549577219091517,5
6897,efficientnetb1,550,1.0,3
6898,vgg19,750,0.9936879963126718,15
6899,efficientnetb0,350,1.0,3
6900,efficientnetb0,939,1.0,3
6901,resnet34,750,1.0,8
6902,efficientnetb1,750,1.0,3
6903,resnet34,939,0.7020867334437453,8
6904,efficientnetb0,350,1.0,3
6905,efficientnetb1,550,1.0,3
6906,efficientnetb1,550,1.0,3
6907,resnet34,350,1.0,8
6908,vgg16,550,0.9461219284703368,13
6909,densenet121,939,0.4858756243316292,5
6910,efficientnetb1,550,1.0,3
6911,vgg16,550,0.9461219284703368,13
6912,vgg16,750,0.9989474447948092,13
6913,vgg16,750,0.9989474447948092,13
6914,densenet121,550,0.6262433485833546,5
6915,efficientnetb1,939,1.0,3
6916,efficientnetb1,350,1.0,3
6917,efficientnetb0,550,1.0,3
6918,efficientnetb0,350,1.0,3
6919,vgg16,550,0.9461219284703368,13
6920,densenet121,939,0.4858756243316292,5
6921,resnet34,939,0.7020867334437453,8
6922,resnet34,350,1.0,8
6923,vgg19,750,1.0,16
6924,vgg19,550,1.0,15
6925,resnet50,939,1.0,6
6926,efficientnetb2,550,1.0,3
6927,resnet50,750,0.8540914514899219,6
6928,densenet121,750,0.6549577219091517,5
6929,efficientnetb2,750,1.0,3
6930,resnet50,550,1.0,6
6931,resnet34,350,0.9419697554794192,9
6932,densenet121,750,0.6549577219091517,5
6933,vgg16,550,0.9461219284703368,13
6934,densenet121,750,0.6549577219091517,5
6935,vgg19,550,1.0,15
6936,vgg16,939,1.0,13
6937,resnet50,939,1.0,6
6938,resnet34,350,1.0,8
6939,resnet50,350,1.0,6
6940,resnet50,750,0.8540914514899219,6
6941,resnet50,550,1.0,6
6942,densenet121,550,0.6262433485833546,5
6943,efficientnetb2,939,0.2064582521296088,2
6944,densenet121,550,0.6262433485833546,5
6945,efficientnetb0,550,1.0,3
6946,efficientnetb2,350,1.0,3
6947,efficientnetb0,550,1.0,3
6948,densenet121,750,0.6549577219091517,5
6949,densenet121,550,0.6262433485833546,5
6950,vgg16,939,1.0,13
6951,densenet121,550,0.6262433485833546,5
6952,vgg16,550,0.9461219284703368,13
6953,resnet50,550,1.0,6
6954,resnet50,550,0.8215124558966982,7
6955,vgg19,939,1.0,15
6956,efficientnetb1,939,1.0,3
6957,resnet34,750,1.0,8
6958,efficientnetb1,750,1.0,3
6959,resnet34,939,0.5574747946963727,9
6960,efficientnetb0,939,1.0,3
6961,efficientnetb0,750,1.0,3
6962,vgg19,350,0.9884623593775808,15
6963,resnet50,350,1.0,6
6964,efficientnetb2,939,1.0,3
6965,efficientnetb1,350,0.7181138626700144,4
6966,efficientnetb1,350,1.0,3
6967,vgg19,750,0.9936879963126718,15
6968,vgg16,350,0.9150494503700808,13
6969,densenet121,939,0.4858756243316292,5
6970,efficientnetb1,750,1.0,3
6971,resnet50,939,1.0,6
6972,vgg19,750,0.9936879963126718,15
6973,resnet50,939,0.8017819857800019,7
6974,resnet50,350,1.0,6
6975,vgg16,550,0.9461219284703368,13
6976,efficientnetb1,939,1.0,3
6977,resnet34,750,1.0,8
6978,efficientnetb2,750,1.0,3
6979,efficientnetb0,350,1.0,3
6980,densenet121,350,0.6263678162488967,5
6981,vgg16,939,1.0,13
6982,vgg19,939,1.0,15
6983,resnet34,750,1.0,8
6984,efficientnetb0,350,1.0,3
6985,densenet121,550,0.6262433485833546,5
6986,resnet34,350,0.0,16
6987,efficientnetb0,350,1.0,3
6988,densenet121,350,0.6263678162488967,5
6989,vgg19,750,1.0,16
6990,resnet34,750,1.0,8
6991,vgg19,550,1.0,15
6992,resnet34,550,1.0,8
6993,efficientnetb0,939,1.0,3
6994,vgg16,350,0.9150494503700808,13
6995,efficientnetb2,550,1.0,3
6996,densenet121,939,0.4858756243316292,5
6997,efficientnetb0,750,1.0,3
6998,efficientnetb1,550,1.0,3
6999,efficientnetb0,350,1.0,3
7000,efficientnetb0,550,1.0,3
7001,vgg19,750,0.9936879963126718,15
7002,densenet121,350,0.6263678162488967,5
7003,vgg16,350,0.9150494503700808,13
7004,vgg16,350,0.9150494503700808,13
7005,vgg19,939,1.0,15
7006,resnet34,350,1.0,8
7007,vgg19,350,0.9884623593775808,15
7008,densenet121,550,0.6262433485833546,5
7009,efficientnetb1,350,1.0,3
7010,efficientnetb0,550,1.0,3
7011,resnet50,350,1.0,6
7012,resnet34,350,1.0,8
7013,efficientnetb0,550,1.0,3
7014,resnet34,939,0.7020867334437453,8
7015,resnet34,350,0.7118597986318302,7
7016,vgg16,939,1.0,13
7017,efficientnetb2,550,1.0,3
7018,densenet121,750,0.6549577219091517,5
7019,vgg19,750,1.0,16
7020,densenet121,350,0.6263678162488967,5
7021,efficientnetb1,939,1.0,3
7022,efficientnetb2,750,1.0,3
7023,vgg19,750,0.9936879963126718,15
7024,efficientnetb1,750,1.0,3
7025,efficientnetb2,750,1.0,3
7026,vgg16,350,0.9150494503700808,13
7027,efficientnetb0,939,1.0,3
7028,vgg16,750,1.0,14
7029,vgg16,550,0.9461219284703368,13
7030,efficientnetb0,350,1.0,3
7031,densenet121,550,0.6262433485833546,5
7032,vgg16,939,1.0,13
7033,resnet50,939,1.0,6
7034,efficientnetb2,939,1.0,3
7035,vgg19,350,0.9884623593775808,15
7036,vgg16,550,0.9461219284703368,13
7037,vgg16,750,0.9989474447948092,13
7038,resnet34,939,0.7020867334437453,8
7039,vgg16,939,1.0,13
7040,densenet121,750,0.6549577219091517,5
7041,vgg19,750,0.9936879963126718,15
7042,resnet50,750,0.8540914514899219,6
7043,efficientnetb0,750,1.0,3
7044,densenet121,939,0.4858756243316292,5
7045,efficientnetb0,939,1.0,3
7046,efficientnetb1,350,1.0,3
7047,efficientnetb2,939,1.0,3
7048,efficientnetb0,939,1.0,3
7049,efficientnetb2,939,1.0,3
7050,densenet121,750,0.6549577219091517,5
7051,efficientnetb1,750,1.0,3
7052,vgg16,939,1.0,13
7053,densenet121,350,0.6263678162488967,5
7054,efficientnetb1,750,1.0,3
7055,densenet121,750,0.6549577219091517,5
7056,efficientnetb0,939,1.0,3
7057,resnet34,750,1.0,8
7058,vgg16,939,1.0,13
7059,efficientnetb0,750,1.0,3
7060,resnet34,750,1.0,8
7061,densenet121,750,0.6549577219091517,5
7062,vgg16,350,0.9150494503700808,13
7063,resnet50,350,1.0,6
7064,densenet121,750,0.6549577219091517,5
7065,densenet121,750,0.6549577219091517,5
7066,vgg16,750,0.9989474447948092,13
7067,resnet34,350,1.0,8
7068,vgg19,939,1.0,15
7069,efficientnetb0,750,1.0,3
7070,efficientnetb1,550,1.0,3
7071,resnet34,550,1.0,8
7072,densenet121,350,0.6263678162488967,5
7073,vgg19,550,1.0,15
7074,resnet50,750,0.8540914514899219,6
7075,efficientnetb2,939,1.0,3
7076,vgg16,750,0.9989474447948092,13
7077,resnet34,550,1.0,8
7078,vgg16,350,0.9150494503700808,13
7079,efficientnetb0,350,0.7221681243288518,4
7080,efficientnetb1,939,1.0,3
7081,efficientnetb0,750,1.0,3
7082,vgg16,939,1.0,13
7083,efficientnetb2,939,1.0,3
7084,resnet34,550,1.0,8
7085,efficientnetb1,939,1.0,3
7086,vgg16,939,1.0,13
7087,efficientnetb2,350,1.0,3
7088,densenet121,939,0.4858756243316292,5
7089,efficientnetb0,350,1.0,3
7090,efficientnetb1,750,1.0,3
7091,densenet121,550,0.6262433485833546,5
7092,vgg19,939,1.0,15
7093,resnet50,939,1.0,6
7094,vgg16,939,1.0,13
7095,densenet121,750,0.6549577219091517,5
7096,efficientnetb2,939,1.0,3
7097,resnet34,550,1.0,8
7098,efficientnetb1,350,1.0,3
7099,resnet34,350,1.0,8
7100,efficientnetb0,750,1.0,3
7101,efficientnetb0,939,1.0,3
7102,efficientnetb1,750,1.0,3
7103,vgg19,550,1.0,15
7104,efficientnetb2,939,1.0,3
7105,efficientnetb2,550,1.0,3
7106,efficientnetb2,550,1.0,3
7107,resnet50,350,1.0,6
7108,efficientnetb1,550,1.0,3
7109,efficientnetb2,350,1.0,3
7110,resnet34,939,0.7020867334437453,8
7111,efficientnetb1,550,1.0,3
7112,efficientnetb2,750,1.0,3
7113,vgg19,750,0.9936879963126718,15
7114,densenet121,550,0.6262433485833546,5
7115,vgg19,550,1.0,15
7116,efficientnetb1,550,1.0,3
7117,vgg16,550,0.9461219284703368,13
7118,efficientnetb1,939,1.0,3
7119,efficientnetb0,939,1.0,3
7120,densenet121,550,0.6262433485833546,5
7121,efficientnetb0,550,1.0,3
7122,resnet50,750,0.5189759550817877,8
7123,efficientnetb0,750,1.0,3
7124,densenet121,750,0.6549577219091517,5
7125,vgg16,350,0.9150494503700808,13
7126,efficientnetb0,750,1.0,3
7127,efficientnetb2,939,1.0,3
7128,efficientnetb0,550,1.0,3
7129,vgg19,550,1.0,15
7130,resnet34,350,1.0,8
7131,resnet50,939,1.0,6
7132,efficientnetb0,939,1.0,3
7133,efficientnetb2,939,1.0,3
7134,vgg19,350,0.9884623593775808,15
7135,vgg19,750,0.9936879963126718,15
7136,vgg16,939,1.0,13
7137,efficientnetb0,350,1.0,3
7138,efficientnetb1,750,1.0,3
7139,efficientnetb1,350,1.0,3
7140,vgg16,350,0.9150494503700808,13
7141,efficientnetb2,350,1.0,3
7142,efficientnetb2,550,1.0,3
7143,densenet121,750,1.0,6
7144,efficientnetb0,750,1.0,3
7145,efficientnetb2,550,1.0,3
7146,densenet121,550,0.6262433485833546,5
7147,efficientnetb2,350,1.0,3
7148,efficientnetb1,939,1.0,3
7149,efficientnetb2,350,1.0,3
7150,resnet34,939,0.7020867334437453,8
7151,densenet121,939,0.4858756243316292,5
7152,efficientnetb1,550,1.0,3
7153,efficientnetb2,939,1.0,3
7154,vgg19,550,1.0,15
7155,vgg16,750,0.9989474447948092,13
7156,resnet50,550,1.0,6
7157,efficientnetb1,939,1.0,3
7158,vgg16,750,0.9989474447948092,13
7159,resnet50,550,1.0,6
7160,vgg16,939,1.0,13
7161,densenet121,939,0.4858756243316292,5
7162,resnet50,939,1.0,6
7163,efficientnetb1,550,1.0,3
7164,densenet121,750,0.6549577219091517,5
7165,resnet34,939,0.5574747946963727,9
7166,resnet34,350,1.0,8
7167,densenet121,750,0.6549577219091517,5
7168,efficientnetb2,750,1.0,3
7169,vgg19,750,0.9936879963126718,15
7170,resnet50,750,0.8540914514899219,6
7171,vgg16,350,0.9150494503700808,13
7172,efficientnetb0,939,1.0,3
7173,densenet121,550,0.6262433485833546,5
7174,vgg19,550,1.0,15
7175,vgg19,550,1.0,15
7176,efficientnetb0,550,1.0,3
7177,densenet121,750,0.6549577219091517,5
7178,efficientnetb2,750,1.0,3
7179,densenet121,350,0.6263678162488967,5
7180,efficientnetb1,939,1.0,3
7181,efficientnetb2,350,1.0,3
7182,efficientnetb2,750,1.0,3
7183,densenet121,939,0.4858756243316292,5
7184,efficientnetb0,350,1.0,3
7185,efficientnetb1,350,1.0,3
7186,efficientnetb0,939,1.0,3
7187,efficientnetb0,939,1.0,3
7188,resnet34,939,0.5574747946963727,9
7189,vgg16,350,0.9150494503700808,13
7190,vgg19,550,1.0,15
7191,vgg19,350,0.9884623593775808,15
7192,resnet50,350,1.0,6
7193,efficientnetb1,939,1.0,3
7194,vgg19,350,1.0,16
7195,resnet50,939,1.0,6
7196,resnet50,750,0.8540914514899219,6
7197,resnet34,939,0.7020867334437453,8
7198,efficientnetb2,550,1.0,3
7199,efficientnetb2,939,1.0,3
7200,efficientnetb0,550,1.0,3
7201,resnet34,350,0.0,16
7202,densenet121,939,0.4858756243316292,5
7203,vgg16,350,0.9150494503700808,13
7204,resnet34,550,1.0,8
7205,vgg19,550,1.0,15
7206,efficientnetb1,939,1.0,3
7207,vgg19,550,1.0,15
7208,densenet121,939,0.4858756243316292,5
7209,vgg16,350,0.9150494503700808,13
7210,vgg16,550,0.9461219284703368,13
7211,vgg19,550,1.0,15
7212,densenet121,350,0.6263678162488967,5
7213,resnet50,750,0.8540914514899219,6
7214,vgg19,750,0.9936879963126718,15
7215,vgg16,939,1.0,13
7216,efficientnetb0,939,1.0,3
7217,densenet121,550,0.6262433485833546,5
7218,resnet34,750,0.8389123599870303,9
7219,resnet50,939,1.0,6
7220,efficientnetb0,550,1.0,3
7221,resnet50,550,1.0,6
7222,densenet121,750,0.6549577219091517,5
7223,efficientnetb0,350,1.0,3
7224,densenet121,750,0.6549577219091517,5
7225,vgg16,350,0.9150494503700808,13
7226,resnet50,550,1.0,6
7227,vgg16,750,0.9989474447948092,13
7228,efficientnetb0,939,1.0,3
7229,efficientnetb1,350,1.0,3
7230,vgg19,550,1.0,15
7231,efficientnetb1,750,1.0,3
7232,vgg16,350,0.9150494503700808,13
7233,resnet50,939,1.0,6
7234,efficientnetb1,350,1.0,3
7235,efficientnetb2,350,0.65175093664593,4
7236,resnet34,350,1.0,8
7237,vgg19,939,1.0,15
7238,efficientnetb2,750,1.0,3
7239,efficientnetb0,550,1.0,3
7240,vgg16,550,0.9461219284703368,13
7241,resnet34,750,1.0,8
7242,resnet50,750,0.8540914514899219,6
7243,efficientnetb0,939,1.0,3
7244,efficientnetb2,350,1.0,3
7245,densenet121,750,0.6549577219091517,5
7246,efficientnetb2,350,1.0,3
7247,resnet50,939,1.0,6
7248,efficientnetb2,550,1.0,3
7249,densenet121,750,0.6549577219091517,5
7250,densenet121,550,0.6262433485833546,5
7251,densenet121,550,0.6262433485833546,5
7252,resnet34,939,0.7020867334437453,8
7253,vgg19,939,0.0,2
7254,resnet50,750,0.8540914514899219,6
7255,vgg19,750,0.9936879963126718,15
7256,vgg16,350,0.9150494503700808,13
7257,efficientnetb1,750,1.0,3
7258,efficientnetb1,550,1.0,3
7259,efficientnetb1,750,1.0,3
7260,efficientnetb2,750,1.0,3
7261,efficientnetb2,550,1.0,3
7262,densenet121,750,0.6549577219091517,5
7263,efficientnetb2,750,1.0,3
7264,densenet121,550,0.6262433485833546,5
7265,resnet50,750,0.8540914514899219,6
7266,efficientnetb0,550,1.0,3
7267,resnet50,550,1.0,6
7268,vgg16,939,1.0,13
7269,vgg16,939,1.0,13
7270,resnet34,939,0.7020867334437453,8
7271,resnet50,550,1.0,6
7272,efficientnetb0,350,1.0,3
7273,vgg19,350,0.9884623593775808,15
7274,resnet34,350,1.0,8
7275,efficientnetb1,750,1.0,3
7276,vgg19,939,1.0,15
7277,densenet121,550,0.6262433485833546,5
7278,densenet121,939,0.4858756243316292,5
7279,densenet121,350,0.6263678162488967,5
7280,densenet121,939,0.4858756243316292,5
7281,efficientnetb1,550,1.0,3
7282,efficientnetb2,550,1.0,3
7283,efficientnetb2,350,1.0,3
7284,densenet121,350,0.6263678162488967,5
7285,efficientnetb2,939,1.0,3
7286,vgg19,350,0.9884623593775808,15
7287,vgg16,350,0.9150494503700808,13
7288,resnet50,350,1.0,6
7289,efficientnetb1,350,1.0,3
7290,resnet50,550,1.0,6
7291,efficientnetb2,350,1.0,3
7292,vgg16,550,0.9599292331742392,11
7293,resnet50,750,0.8540914514899219,6
7294,efficientnetb1,939,1.0,3
7295,resnet34,750,1.0,8
7296,resnet50,350,1.0,6
7297,efficientnetb1,350,1.0,3
7298,vgg19,750,0.9936879963126718,15
7299,efficientnetb2,550,1.0,3
7300,resnet50,750,0.8540914514899219,6
7301,efficientnetb1,750,1.0,3
7302,vgg19,750,0.9936879963126718,15
7303,vgg19,939,1.0,15
7304,vgg19,750,0.9936879963126718,15
7305,efficientnetb2,550,1.0,3
7306,vgg19,939,1.0,15
7307,resnet50,350,1.0,6
7308,efficientnetb0,750,1.0,3
7309,vgg16,750,0.8760175184574507,11
7310,resnet34,939,0.7020867334437453,8
7311,vgg19,550,1.0,15
7312,efficientnetb0,350,1.0,3
7313,efficientnetb2,550,1.0,3
7314,resnet50,350,1.0,6
7315,vgg19,750,0.9936879963126718,15
7316,efficientnetb2,750,1.0,3
7317,efficientnetb0,550,1.0,3
7318,resnet50,750,0.8540914514899219,6
7319,efficientnetb0,750,1.0,3
7320,resnet34,939,0.7020867334437453,8
7321,efficientnetb1,550,1.0,3
7322,efficientnetb1,939,1.0,3
7323,resnet50,750,0.8540914514899219,6
7324,efficientnetb2,550,1.0,3
7325,vgg16,350,0.9150494503700808,13
7326,efficientnetb2,939,1.0,3
7327,efficientnetb1,750,1.0,3
7328,efficientnetb1,750,1.0,3
7329,resnet50,550,1.0,6
7330,resnet50,750,0.8540914514899219,6
7331,resnet34,550,1.0,8
7332,densenet121,350,0.6263678162488967,5
7333,resnet34,750,0.7880649919244954,7
7334,vgg16,350,0.9150494503700808,13
7335,vgg16,550,0.9461219284703368,13
7336,densenet121,350,0.6263678162488967,5
7337,efficientnetb1,750,1.0,3
7338,resnet34,939,0.7020867334437453,8
7339,efficientnetb1,750,1.0,3
7340,efficientnetb1,350,1.0,3
7341,vgg16,350,0.9150494503700808,13
7342,resnet34,939,0.7020867334437453,8
7343,densenet121,750,0.6549577219091517,5
7344,resnet50,750,0.8540914514899219,6
7345,efficientnetb0,550,1.0,3
7346,densenet121,350,0.6263678162488967,5
7347,efficientnetb1,750,1.0,3
7348,efficientnetb2,750,1.0,3
7349,resnet34,350,0.7118597986318302,7
7350,efficientnetb0,750,1.0,3
7351,densenet121,550,0.6262433485833546,5
7352,efficientnetb0,550,1.0,3
7353,densenet121,550,0.6262433485833546,5
7354,densenet121,939,0.4858756243316292,5
7355,efficientnetb2,750,1.0,3
7356,vgg19,750,0.9936879963126718,15
7357,vgg16,750,0.9989474447948092,13
7358,resnet50,350,1.0,6
7359,efficientnetb1,350,1.0,3
7360,efficientnetb1,550,1.0,3
7361,efficientnetb1,350,1.0,3
7362,densenet121,550,0.6262433485833546,5
7363,resnet50,550,1.0,6
7364,efficientnetb1,750,1.0,3
7365,resnet50,350,1.0,6
7366,resnet34,750,0.7880649919244954,7
7367,resnet50,750,0.8540914514899219,6
7368,efficientnetb0,750,1.0,3
7369,efficientnetb0,350,1.0,3
7370,resnet34,550,1.0,8
7371,efficientnetb1,550,1.0,3
7372,densenet121,750,0.6549577219091517,5
7373,efficientnetb1,939,1.0,3
7374,resnet50,550,1.0,6
7375,efficientnetb1,939,0.7039994792384792,4
7376,vgg19,750,0.9936879963126718,15
7377,efficientnetb0,550,1.0,3
7378,efficientnetb2,939,1.0,3
7379,efficientnetb2,350,1.0,3
7380,efficientnetb0,350,1.0,3
7381,efficientnetb0,750,1.0,3
7382,densenet121,750,0.6549577219091517,5
7383,efficientnetb1,350,1.0,3
7384,resnet34,750,1.0,8
7385,efficientnetb0,939,1.0,3
7386,densenet121,350,0.6263678162488967,5
7387,vgg19,550,1.0,15
7388,efficientnetb1,750,1.0,3
7389,densenet121,350,0.6263678162488967,5
7390,resnet50,550,1.0,6
7391,efficientnetb1,350,1.0,3
7392,efficientnetb0,750,1.0,3
7393,vgg19,350,0.9884623593775808,15
7394,resnet50,550,1.0,6
7395,efficientnetb2,939,1.0,3
7396,efficientnetb2,550,1.0,3
7397,resnet34,750,0.7880649919244954,7
7398,densenet121,750,0.6549577219091517,5
7399,efficientnetb2,550,1.0,3
7400,resnet34,939,0.7020867334437453,8
7401,efficientnetb1,750,1.0,3
7402,densenet121,939,0.4858756243316292,5
7403,efficientnetb2,939,1.0,3
7404,resnet50,350,1.0,6
7405,resnet34,550,0.8215653788441881,7
7406,efficientnetb2,939,1.0,3
7407,efficientnetb2,750,1.0,3
7408,vgg16,550,0.9461219284703368,13
7409,resnet50,350,1.0,6
7410,resnet50,550,1.0,6
7411,vgg16,550,0.9461219284703368,13
7412,vgg16,750,0.9989474447948092,13
7413,densenet121,939,0.4858756243316292,5
7414,densenet121,550,0.6262433485833546,5
7415,vgg19,750,0.9936879963126718,15
7416,resnet34,750,0.7880649919244954,7
7417,resnet50,550,1.0,6
7418,efficientnetb1,750,1.0,3
7419,efficientnetb1,939,1.0,3
7420,resnet34,939,0.7020867334437453,8
7421,resnet50,939,1.0,6
7422,efficientnetb1,350,1.0,3
7423,efficientnetb0,550,0.7484594574197447,4
7424,densenet121,750,0.6549577219091517,5
7425,efficientnetb0,550,1.0,3
7426,densenet121,750,0.6549577219091517,5
7427,efficientnetb1,750,1.0,3
7428,efficientnetb2,939,1.0,3
7429,efficientnetb0,350,1.0,3
7430,resnet34,939,0.7020867334437453,8
7431,vgg16,350,0.9150494503700808,13
7432,densenet121,550,0.6262433485833546,5
7433,vgg16,350,0.9150494503700808,13
7434,efficientnetb2,939,1.0,3
7435,resnet34,550,1.0,8
7436,resnet34,350,1.0,8
7437,densenet121,550,0.6262433485833546,5
7438,resnet34,939,0.7020867334437453,8
7439,efficientnetb1,350,1.0,3
7440,densenet121,550,0.6262433485833546,5
7441,densenet121,750,0.6549577219091517,5
7442,densenet121,750,0.6549577219091517,5
7443,resnet50,550,1.0,6
7444,resnet50,750,0.8540914514899219,6
7445,efficientnetb0,939,1.0,3
7446,vgg16,750,0.9989474447948092,13
7447,vgg19,550,1.0,15
7448,resnet50,550,1.0,6
7449,efficientnetb2,350,0.65175093664593,4
7450,densenet121,750,0.6549577219091517,5
7451,vgg16,350,0.9150494503700808,13
7452,efficientnetb1,550,0.6878389778024664,4
7453,resnet34,350,1.0,8
7454,efficientnetb2,750,1.0,3
7455,efficientnetb1,750,1.0,3
7456,vgg19,939,1.0,15
7457,efficientnetb2,750,1.0,3
7458,vgg16,350,0.9150494503700808,13
7459,densenet121,750,0.6549577219091517,5
7460,efficientnetb2,350,1.0,3
7461,densenet121,939,0.4858756243316292,5
7462,densenet121,750,0.6549577219091517,5
7463,resnet50,750,0.8540914514899219,6
7464,resnet50,750,0.8540914514899219,6
7465,efficientnetb0,350,1.0,3
7466,efficientnetb0,939,1.0,3
7467,vgg16,939,0.5519575390300896,9
7468,vgg19,550,1.0,15
7469,resnet50,350,1.0,6
7470,efficientnetb2,550,1.0,3
7471,resnet50,550,1.0,6
7472,efficientnetb1,550,1.0,3
7473,vgg19,939,1.0,15
7474,efficientnetb0,550,1.0,3
7475,efficientnetb2,750,1.0,3
7476,densenet121,939,0.4858756243316292,5
7477,resnet50,350,0.8169515861153699,7
7478,resnet34,750,1.0,8
7479,resnet50,350,0.8169515861153699,7
7480,densenet121,550,0.6262433485833546,5
7481,efficientnetb2,550,1.0,3
7482,efficientnetb1,939,1.0,3
7483,densenet121,350,0.6263678162488967,5
7484,vgg16,350,0.9150494503700808,13
7485,vgg16,350,0.9150494503700808,13
7486,resnet50,350,0.8169515861153699,7
7487,vgg19,750,0.9936879963126718,15
7488,densenet121,350,0.6263678162488967,5
7489,resnet50,750,0.8540914514899219,6
7490,efficientnetb2,939,1.0,3
7491,efficientnetb0,939,1.0,3
7492,vgg16,550,0.9461219284703368,13
7493,vgg16,750,0.9989474447948092,13
7494,vgg19,750,0.9936879963126718,15
7495,efficientnetb2,350,1.0,3
7496,resnet50,750,0.8540914514899219,6
7497,efficientnetb1,939,1.0,3
7498,resnet34,750,0.8389123599870303,9
7499,efficientnetb2,939,1.0,3
7500,vgg19,350,0.9884623593775808,15
7501,efficientnetb0,750,1.0,3
7502,vgg19,550,1.0,15
7503,densenet121,939,0.4858756243316292,5
7504,efficientnetb2,939,1.0,3
7505,vgg16,350,0.4955592672941035,5
7506,efficientnetb0,750,1.0,3
7507,densenet121,939,0.4858756243316292,5
7508,resnet50,939,1.0,6
7509,efficientnetb0,750,1.0,3
7510,efficientnetb1,550,1.0,3
7511,efficientnetb2,550,1.0,3
7512,efficientnetb2,939,1.0,3
7513,vgg16,550,0.9461219284703368,13
7514,vgg16,939,1.0,13
7515,vgg19,350,0.9884623593775808,15
7516,efficientnetb0,750,1.0,3
7517,vgg19,350,0.9884623593775808,15
7518,vgg16,939,1.0,13
7519,efficientnetb2,750,1.0,3
7520,efficientnetb1,350,1.0,3
7521,vgg19,750,0.9936879963126718,15
7522,densenet121,750,0.6549577219091517,5
7523,efficientnetb2,939,1.0,3
7524,resnet50,939,0.8017819857800019,7
7525,vgg19,939,1.0,15
7526,resnet34,939,0.7020867334437453,8
7527,resnet34,350,1.0,8
7528,vgg19,939,1.0,15
7529,vgg16,550,0.9461219284703368,13
7530,resnet50,750,0.8540914514899219,6
7531,efficientnetb0,350,1.0,3
7532,efficientnetb0,550,1.0,3
7533,efficientnetb0,550,1.0,3
7534,resnet34,750,0.7880649919244954,7
7535,efficientnetb0,550,1.0,3
7536,efficientnetb2,750,1.0,3
7537,resnet34,939,0.7020867334437453,8
7538,efficientnetb0,750,1.0,3
7539,vgg16,350,0.9150494503700808,13
7540,efficientnetb2,939,1.0,3
7541,efficientnetb0,550,1.0,3
7542,resnet34,750,1.0,8
7543,efficientnetb0,550,1.0,3
7544,densenet121,550,0.6262433485833546,5
7545,vgg19,750,0.9936879963126718,15
7546,vgg16,550,0.9461219284703368,13
7547,efficientnetb2,750,1.0,3
7548,densenet121,750,0.6549577219091517,5
7549,resnet34,550,0.9073881434347082,9
7550,densenet121,350,0.6263678162488967,5
7551,efficientnetb1,939,1.0,3
7552,efficientnetb1,939,1.0,3
7553,resnet50,750,0.8540914514899219,6
7554,resnet34,350,1.0,8
7555,densenet121,550,0.6262433485833546,5
7556,vgg19,350,0.9884623593775808,15
7557,vgg16,750,0.9989474447948092,13
7558,resnet34,939,0.5574747946963727,9
7559,vgg19,350,0.9884623593775808,15
7560,vgg19,939,1.0,15
7561,vgg19,750,0.9936879963126718,15
7562,densenet121,750,0.6549577219091517,5
7563,efficientnetb1,350,1.0,3
7564,resnet34,350,0.0,16
7565,efficientnetb1,750,1.0,3
7566,vgg19,350,0.9884623593775808,15
7567,efficientnetb2,550,1.0,3
7568,resnet34,750,1.0,8
7569,efficientnetb2,350,1.0,3
7570,efficientnetb0,350,1.0,3
7571,densenet121,350,0.6263678162488967,5
7572,densenet121,550,0.6262433485833546,5
7573,densenet121,350,0.6263678162488967,5
7574,vgg16,750,0.9989474447948092,13
7575,resnet34,939,0.7020867334437453,8
7576,resnet34,550,0.0,16
7577,resnet34,750,0.0,16
7578,vgg19,750,0.9936879963126718,15
7579,efficientnetb2,939,1.0,3
7580,efficientnetb1,939,1.0,3
7581,resnet50,550,0.8215124558966982,7
7582,resnet34,550,0.0,16
7583,efficientnetb0,550,1.0,3
7584,efficientnetb0,550,1.0,3
7585,efficientnetb2,550,1.0,3
7586,densenet121,939,0.4858756243316292,5
7587,efficientnetb2,750,1.0,3
7588,efficientnetb2,750,1.0,3
7589,resnet50,350,1.0,6
7590,vgg16,350,0.9150494503700808,13
7591,resnet50,350,1.0,6
7592,efficientnetb2,550,1.0,3
7593,efficientnetb1,750,1.0,3
7594,efficientnetb0,550,1.0,3
7595,efficientnetb0,939,1.0,3
7596,efficientnetb1,939,1.0,3
7597,efficientnetb0,350,1.0,3
7598,resnet50,750,0.8540914514899219,6
7599,vgg19,750,0.9936879963126718,15
7600,vgg19,939,1.0,15
7601,efficientnetb2,350,1.0,3
7602,resnet50,350,1.0,6
7603,densenet121,939,0.4858756243316292,5
7604,efficientnetb0,550,1.0,3
7605,vgg16,550,0.9461219284703368,13
7606,densenet121,939,0.4858756243316292,5
7607,resnet34,550,0.9073881434347082,9
7608,resnet50,750,0.8540914514899219,6
7609,efficientnetb0,350,1.0,3
7610,efficientnetb0,939,1.0,3
7611,efficientnetb2,350,1.0,3
7612,resnet50,550,1.0,6
7613,vgg16,550,0.9461219284703368,13
7614,resnet34,750,0.0,16
7615,vgg16,550,0.9461219284703368,13
7616,vgg19,550,1.0,15
7617,efficientnetb0,750,1.0,3
7618,efficientnetb2,550,1.0,3
7619,resnet34,350,0.7118597986318302,7
7620,resnet34,939,0.7020867334437453,8
7621,vgg16,939,1.0,13
7622,vgg19,350,1.0,16
7623,vgg19,350,0.9884623593775808,15
7624,densenet121,939,0.4858756243316292,5
7625,densenet121,750,0.6549577219091517,5
7626,densenet121,750,0.6549577219091517,5
7627,vgg19,939,1.0,15
7628,resnet50,750,0.8540914514899219,6
7629,resnet34,350,1.0,8
7630,vgg16,750,0.9989474447948092,13
7631,vgg19,750,0.9936879963126718,15
7632,vgg19,750,0.9936879963126718,15
7633,vgg19,750,0.9936879963126718,15
7634,resnet50,350,1.0,6
7635,vgg16,550,0.9461219284703368,13
7636,resnet34,350,1.0,8
7637,efficientnetb2,939,1.0,3
7638,densenet121,750,0.6549577219091517,5
7639,densenet121,350,0.6263678162488967,5
7640,densenet121,939,0.4858756243316292,5
7641,densenet121,550,0.6262433485833546,5
7642,resnet50,350,1.0,6
7643,vgg16,550,0.9461219284703368,13
7644,efficientnetb1,550,1.0,3
7645,efficientnetb0,750,1.0,3
7646,resnet34,550,1.0,8
7647,efficientnetb2,550,1.0,3
7648,efficientnetb0,750,1.0,3
7649,vgg16,550,0.9461219284703368,13
7650,vgg19,350,0.7047271852759325,10
7651,efficientnetb1,939,1.0,3
7652,resnet34,939,0.7020867334437453,8
7653,vgg16,939,1.0,13
7654,efficientnetb1,550,1.0,3
7655,efficientnetb0,550,1.0,3
7656,vgg19,750,0.9936879963126718,15
7657,densenet121,550,0.6262433485833546,5
7658,densenet121,550,0.6262433485833546,5
7659,vgg16,550,0.9461219284703368,13
7660,resnet50,350,1.0,6
7661,efficientnetb0,550,1.0,3
7662,efficientnetb2,750,1.0,3
7663,efficientnetb0,550,1.0,3
7664,efficientnetb2,350,1.0,3
7665,efficientnetb0,550,1.0,3
7666,vgg19,939,1.0,15
7667,vgg16,550,0.9461219284703368,13
7668,vgg19,350,0.9884623593775808,15
7669,vgg19,350,0.9884623593775808,15
7670,efficientnetb0,550,1.0,3
7671,efficientnetb0,350,1.0,3
7672,resnet50,550,1.0,6
7673,resnet50,750,0.8540914514899219,6
7674,efficientnetb2,550,1.0,3
7675,vgg16,550,0.9461219284703368,13
7676,efficientnetb2,939,1.0,3
7677,efficientnetb0,350,1.0,3
7678,densenet121,350,0.6263678162488967,5
7679,efficientnetb1,750,1.0,3
7680,vgg19,550,0.7144872600964158,10
7681,vgg19,350,0.9884623593775808,15
7682,efficientnetb0,350,1.0,3
7683,efficientnetb1,750,1.0,3
7684,vgg19,750,0.9936879963126718,15
7685,efficientnetb0,550,1.0,3
7686,efficientnetb1,550,1.0,3
7687,densenet121,350,0.6263678162488967,5
7688,resnet50,550,1.0,6
7689,resnet34,350,1.0,8
7690,resnet50,939,1.0,6
7691,vgg16,550,0.9461219284703368,13
7692,efficientnetb2,939,1.0,3
7693,efficientnetb1,550,1.0,3
7694,resnet34,939,0.7020867334437453,8
7695,resnet34,939,0.7020867334437453,8
7696,efficientnetb0,550,1.0,3
7697,efficientnetb1,939,1.0,3
7698,efficientnetb2,939,1.0,3
7699,efficientnetb2,939,1.0,3
7700,efficientnetb2,550,1.0,3
7701,densenet121,750,0.6549577219091517,5
7702,efficientnetb0,350,1.0,3
7703,efficientnetb2,750,1.0,3
7704,efficientnetb2,750,1.0,3
7705,efficientnetb0,750,1.0,3
7706,densenet121,350,0.6263678162488967,5
7707,resnet34,550,1.0,8
7708,vgg19,750,0.9936879963126718,15
7709,vgg16,550,0.9461219284703368,13
7710,efficientnetb2,350,1.0,3
7711,efficientnetb1,750,1.0,3
7712,resnet50,939,1.0,6
7713,efficientnetb2,350,1.0,3
7714,efficientnetb2,550,1.0,3
7715,efficientnetb2,750,1.0,3
7716,efficientnetb1,350,1.0,3
7717,densenet121,939,0.4858756243316292,5
7718,efficientnetb0,750,1.0,3
7719,resnet34,750,1.0,8
7720,efficientnetb0,550,1.0,3
7721,densenet121,750,0.6549577219091517,5
7722,efficientnetb0,939,1.0,3
7723,efficientnetb2,350,1.0,3
7724,efficientnetb1,939,1.0,3
7725,densenet121,939,0.4858756243316292,5
7726,resnet34,350,0.7134974009725887,10
7727,densenet121,550,0.6262433485833546,5
7728,vgg19,939,1.0,15
7729,resnet34,939,0.7020867334437453,8
7730,vgg16,750,0.9989474447948092,13
7731,densenet121,939,0.4858756243316292,5
7732,efficientnetb1,350,1.0,3
7733,resnet50,350,1.0,6
7734,efficientnetb2,550,1.0,3
7735,densenet121,750,0.6549577219091517,5
7736,densenet121,350,1.0,6
7737,vgg16,939,1.0,13
7738,densenet121,939,0.4858756243316292,5
7739,vgg16,939,1.0,13
7740,resnet34,750,1.0,8
7741,efficientnetb1,350,1.0,3
7742,vgg19,750,0.9936879963126718,15
7743,efficientnetb0,750,1.0,3
7744,resnet34,750,1.0,8
7745,vgg19,750,0.9936879963126718,15
7746,vgg16,350,0.9150494503700808,13
7747,resnet50,550,1.0,6
7748,efficientnetb2,939,1.0,3
7749,vgg16,939,1.0,13
7750,efficientnetb0,939,1.0,3
7751,efficientnetb0,550,1.0,3
7752,vgg16,939,1.0,13
7753,densenet121,350,0.6263678162488967,5
7754,vgg16,350,0.9150494503700808,13
7755,efficientnetb2,750,1.0,3
7756,efficientnetb0,939,1.0,3
7757,efficientnetb0,939,1.0,3
7758,vgg19,939,1.0,15
7759,densenet121,350,0.6263678162488967,5
7760,vgg16,750,0.9989474447948092,13
7761,densenet121,750,0.6549577219091517,5
7762,efficientnetb1,550,1.0,3
7763,efficientnetb2,750,1.0,3
7764,efficientnetb1,350,1.0,3
7765,resnet34,750,0.8389123599870303,9
7766,vgg19,750,0.9936879963126718,15
7767,efficientnetb1,350,1.0,3
7768,vgg19,939,1.0,15
7769,vgg16,939,1.0,13
7770,resnet50,750,0.8540914514899219,6
7771,vgg19,550,1.0,15
7772,efficientnetb1,350,1.0,3
7773,resnet34,750,1.0,8
7774,vgg16,550,0.9461219284703368,13
7775,densenet121,550,0.6262433485833546,5
7776,resnet50,550,1.0,6
7777,vgg19,550,1.0,15
7778,efficientnetb2,550,1.0,3
7779,vgg19,939,1.0,15
7780,resnet34,350,1.0,8
7781,efficientnetb2,350,1.0,3
7782,vgg19,350,0.9884623593775808,15
7783,vgg16,750,0.9989474447948092,13
7784,resnet50,939,1.0,6
7785,densenet121,350,0.0523859604428457,3
7786,efficientnetb2,750,1.0,3
7787,resnet34,750,1.0,8
7788,resnet50,750,0.692684175445151,7
7789,efficientnetb1,750,1.0,3
7790,resnet34,939,0.7020867334437453,8
7791,vgg16,550,0.9461219284703368,13
7792,efficientnetb1,350,1.0,3
7793,resnet50,939,1.0,6
7794,efficientnetb0,550,1.0,3
7795,resnet34,350,1.0,8
7796,efficientnetb2,350,1.0,3
7797,vgg19,550,1.0,15
7798,efficientnetb0,750,1.0,3
7799,resnet34,750,1.0,8
7800,efficientnetb2,550,1.0,3
7801,efficientnetb2,750,1.0,3
7802,efficientnetb1,550,1.0,3
7803,densenet121,939,0.4858756243316292,5
7804,vgg19,350,0.9884623593775808,15
7805,vgg16,750,0.9989474447948092,13
7806,efficientnetb2,750,1.0,3
7807,efficientnetb1,550,1.0,3
7808,vgg16,550,0.9461219284703368,13
7809,resnet34,550,1.0,8
7810,resnet34,750,1.0,8
7811,efficientnetb1,939,1.0,3
7812,efficientnetb0,350,1.0,3
7813,resnet34,350,1.0,8
7814,efficientnetb0,550,1.0,3
7815,efficientnetb0,350,1.0,3
7816,efficientnetb2,350,1.0,3
7817,efficientnetb2,939,1.0,3
7818,efficientnetb2,550,1.0,3
7819,efficientnetb2,939,1.0,3
7820,efficientnetb2,939,1.0,3
7821,resnet34,939,0.7020867334437453,8
7822,resnet34,750,1.0,8
7823,vgg16,350,0.9150494503700808,13
7824,resnet50,550,1.0,6
7825,vgg19,750,1.0,16
7826,resnet34,939,0.7020867334437453,8
7827,densenet121,550,0.6262433485833546,5
7828,vgg16,750,0.9989474447948092,13
7829,efficientnetb0,550,1.0,3
7830,efficientnetb2,550,1.0,3
7831,vgg19,350,0.9884623593775808,15
7832,vgg16,550,0.9461219284703368,13
7833,resnet34,350,1.0,8
7834,efficientnetb0,750,1.0,3
7835,efficientnetb2,939,1.0,3
7836,efficientnetb1,939,1.0,3
7837,resnet50,350,1.0,6
7838,vgg19,750,0.9936879963126718,15
7839,vgg19,750,0.9936879963126718,15
7840,densenet121,939,0.4858756243316292,5
7841,resnet34,550,0.9073881434347082,9
7842,vgg16,350,0.9150494503700808,13
7843,efficientnetb2,939,1.0,3
7844,densenet121,350,0.6263678162488967,5
7845,efficientnetb1,750,1.0,3
7846,resnet34,939,0.5574747946963727,9
7847,resnet34,350,1.0,8
7848,resnet34,750,1.0,8
7849,vgg19,550,1.0,15
7850,efficientnetb1,939,1.0,3
7851,densenet121,750,0.6549577219091517,5
7852,efficientnetb1,750,1.0,3
7853,efficientnetb1,350,1.0,3
7854,efficientnetb1,550,1.0,3
7855,vgg16,939,1.0,13
7856,densenet121,939,0.4858756243316292,5
7857,resnet34,550,1.0,8
7858,vgg19,750,0.6673220941960659,10
7859,resnet50,939,1.0,6
7860,vgg19,350,0.9884623593775808,15
7861,vgg16,350,0.9150494503700808,13
7862,efficientnetb1,550,1.0,3
7863,resnet34,550,1.0,8
7864,vgg19,750,0.9936879963126718,15
7865,efficientnetb2,939,1.0,3
7866,efficientnetb1,939,1.0,3
7867,efficientnetb1,350,1.0,3
7868,efficientnetb1,750,1.0,3
7869,resnet34,939,0.7020867334437453,8
7870,densenet121,350,0.6263678162488967,5
7871,resnet34,350,1.0,8
7872,resnet50,350,0.8169515861153699,7
7873,resnet34,550,1.0,8
7874,resnet50,750,0.8540914514899219,6
7875,efficientnetb1,350,1.0,3
7876,densenet121,939,0.4858756243316292,5
7877,efficientnetb1,750,1.0,3
7878,efficientnetb0,939,1.0,3
7879,efficientnetb1,350,1.0,3
7880,resnet34,550,1.0,8
7881,resnet50,939,1.0,6
7882,efficientnetb1,750,1.0,3
7883,vgg19,939,1.0,15
7884,efficientnetb0,550,1.0,3
7885,resnet50,750,0.8540914514899219,6
7886,vgg19,350,0.9884623593775808,15
7887,resnet50,350,1.0,6
7888,efficientnetb2,939,1.0,3
7889,efficientnetb1,939,1.0,3
7890,vgg19,750,0.9936879963126718,15
7891,efficientnetb0,350,1.0,3
7892,vgg19,350,0.9884623593775808,15
7893,densenet121,550,0.6262433485833546,5
7894,vgg19,350,0.9884623593775808,15
7895,efficientnetb1,350,1.0,3
7896,densenet121,750,0.6549577219091517,5
7897,densenet121,350,0.6263678162488967,5
7898,vgg19,350,0.9884623593775808,15
7899,efficientnetb0,939,1.0,3
7900,vgg16,750,0.9989474447948092,13
7901,efficientnetb1,550,1.0,3
7902,densenet121,750,0.6549577219091517,5
7903,resnet50,550,1.0,6
7904,efficientnetb0,550,1.0,3
7905,vgg16,350,0.9150494503700808,13
7906,vgg19,350,0.9884623593775808,15
7907,efficientnetb2,550,1.0,3
7908,vgg16,939,1.0,13
7909,vgg19,550,1.0,15
7910,vgg16,350,0.9150494503700808,13
7911,resnet34,550,1.0,8
7912,resnet50,550,1.0,6
7913,efficientnetb0,939,1.0,3
7914,efficientnetb1,939,1.0,3
7915,efficientnetb1,750,1.0,3
7916,vgg16,350,0.9150494503700808,13
7917,vgg19,750,0.9936879963126718,15
7918,efficientnetb0,350,1.0,3
7919,efficientnetb2,350,1.0,3
7920,efficientnetb2,939,1.0,3
7921,vgg19,750,0.9936879963126718,15
7922,efficientnetb0,750,1.0,3
7923,vgg16,550,0.9461219284703368,13
7924,efficientnetb1,550,1.0,3
7925,densenet121,750,0.6549577219091517,5
7926,vgg19,350,0.9884623593775808,15
7927,efficientnetb0,750,1.0,3
7928,efficientnetb1,550,1.0,3
7929,densenet121,350,0.6263678162488967,5
7930,vgg19,750,0.9936879963126718,15
7931,resnet50,750,0.3344894405367239,2
7932,efficientnetb0,750,1.0,3
7933,densenet121,750,0.6549577219091517,5
7934,densenet121,350,0.6263678162488967,5
7935,resnet34,350,1.0,8
7936,efficientnetb2,550,1.0,3
7937,efficientnetb0,350,1.0,3
7938,efficientnetb2,550,1.0,3
7939,vgg19,350,0.9884623593775808,15
7940,resnet50,939,1.0,6
7941,efficientnetb2,939,1.0,3
7942,resnet50,350,1.0,6
7943,densenet121,750,0.6549577219091517,5
7944,efficientnetb1,939,1.0,3
7945,vgg19,350,0.9884623593775808,15
7946,efficientnetb1,939,1.0,3
7947,vgg16,750,0.9989474447948092,13
7948,resnet50,750,0.8540914514899219,6
7949,vgg16,750,0.9989474447948092,13
7950,densenet121,939,0.4858756243316292,5
7951,vgg19,550,0.0192737323606945,1
7952,resnet34,550,1.0,8
7953,efficientnetb0,350,1.0,3
7954,resnet50,350,1.0,6
7955,efficientnetb0,350,1.0,3
7956,efficientnetb2,550,1.0,3
7957,vgg16,750,0.9989474447948092,13
7958,resnet50,550,1.0,6
7959,efficientnetb2,550,1.0,3
7960,efficientnetb1,939,1.0,3
7961,efficientnetb1,550,1.0,3
7962,efficientnetb2,550,1.0,3
7963,densenet121,350,0.6263678162488967,5
7964,efficientnetb0,939,1.0,3
7965,vgg19,550,1.0,15
7966,efficientnetb1,350,1.0,3
7967,vgg19,750,0.9936879963126718,15
7968,densenet121,350,0.6263678162488967,5
7969,vgg19,550,1.0,15
7970,vgg16,750,0.9989474447948092,13
7971,vgg19,350,0.9884623593775808,15
7972,resnet34,350,1.0,8
7973,resnet34,550,1.0,8
7974,efficientnetb0,939,1.0,3
7975,efficientnetb1,350,1.0,3
7976,resnet50,350,1.0,6
7977,resnet50,939,1.0,6
7978,vgg19,550,1.0,15
7979,efficientnetb0,350,1.0,3
7980,vgg16,350,0.9150494503700808,13
7981,densenet121,750,0.6549577219091517,5
7982,vgg19,750,0.9936879963126718,15
7983,efficientnetb2,550,1.0,3
7984,resnet50,939,1.0,6
7985,vgg16,939,1.0,13
7986,efficientnetb1,550,1.0,3
7987,densenet121,939,0.4858756243316292,5
7988,resnet50,350,0.0174859151390518,1
7989,efficientnetb0,939,1.0,3
7990,resnet50,350,1.0,6
7991,resnet50,939,1.0,6
7992,efficientnetb2,550,1.0,3
7993,efficientnetb0,550,1.0,3
7994,resnet34,939,0.7020867334437453,8
7995,efficientnetb0,750,1.0,3
7996,efficientnetb2,350,1.0,3
7997,vgg19,550,1.0,15
7998,vgg16,939,1.0,13
7999,resnet34,939,0.7020867334437453,8
8000,efficientnetb0,550,1.0,3
8001,resnet34,750,1.0,8
8002,resnet34,550,0.9073881434347082,9
8003,vgg19,939,1.0,15
8004,resnet34,750,1.0,8
8005,densenet121,939,0.4858756243316292,5
8006,resnet50,350,1.0,6
8007,efficientnetb1,939,1.0,3
8008,resnet34,550,1.0,8
8009,resnet50,550,1.0,6
8010,resnet34,550,1.0,8
8011,vgg19,939,1.0,15
8012,efficientnetb1,750,1.0,3
8013,resnet34,550,1.0,8
8014,efficientnetb0,350,1.0,3
8015,efficientnetb1,750,1.0,3
8016,vgg19,750,0.9936879963126718,15
8017,efficientnetb0,750,1.0,3
8018,vgg19,350,0.9884623593775808,15
8019,efficientnetb0,750,1.0,3
8020,efficientnetb1,939,1.0,3
8021,efficientnetb2,350,1.0,3
8022,efficientnetb0,550,1.0,3
8023,vgg16,350,0.9150494503700808,13
8024,vgg19,750,0.9936879963126718,15
8025,efficientnetb2,750,1.0,3
8026,efficientnetb1,350,1.0,3
8027,vgg19,550,1.0,15
8028,efficientnetb2,750,1.0,3
8029,vgg16,939,1.0,13
8030,vgg19,550,1.0,15
8031,vgg16,750,0.9989474447948092,13
8032,resnet50,350,1.0,6
8033,resnet50,939,1.0,6
8034,densenet121,750,0.6549577219091517,5
8035,vgg16,350,0.9150494503700808,13
8036,vgg16,939,1.0,13
8037,densenet121,550,0.6262433485833546,5
8038,efficientnetb2,550,1.0,3
8039,vgg16,750,0.9989474447948092,13
8040,densenet121,939,0.4858756243316292,5
8041,efficientnetb2,750,1.0,3
8042,efficientnetb2,350,1.0,3
8043,densenet121,750,0.6549577219091517,5
8044,densenet121,350,1.0,6
8045,densenet121,550,0.6262433485833546,5
8046,efficientnetb1,750,1.0,3
8047,densenet121,939,0.4858756243316292,5
8048,efficientnetb1,939,1.0,3
8049,densenet121,550,0.6262433485833546,5
8050,resnet50,350,1.0,6
8051,resnet34,939,0.8120702549228033,7
8052,vgg19,550,1.0,15
8053,resnet34,750,1.0,8
8054,efficientnetb1,750,1.0,3
8055,resnet34,350,1.0,8
8056,densenet121,550,0.6262433485833546,5
8057,efficientnetb0,350,1.0,3
8058,resnet50,939,1.0,6
8059,densenet121,939,0.4858756243316292,5
8060,densenet121,939,0.4858756243316292,5
8061,efficientnetb2,939,1.0,3
8062,efficientnetb1,550,1.0,3
8063,resnet50,550,1.0,6
8064,resnet34,350,0.9419697554794192,9
8065,efficientnetb2,750,1.0,3
8066,efficientnetb0,550,1.0,3
8067,resnet50,750,0.8540914514899219,6
8068,efficientnetb1,550,1.0,3
8069,resnet50,939,1.0,6
8070,resnet50,939,1.0,6
8071,vgg19,750,0.9936879963126718,15
8072,densenet121,939,0.4858756243316292,5
8073,efficientnetb1,750,1.0,3
8074,vgg19,939,1.0,15
8075,vgg16,350,0.9150494503700808,13
8076,vgg16,550,0.9461219284703368,13
8077,vgg16,750,0.9989474447948092,13
8078,efficientnetb2,750,1.0,3
8079,resnet34,550,1.0,8
8080,resnet50,550,1.0,6
8081,resnet34,750,1.0,8
8082,resnet50,350,1.0,6
8083,densenet121,550,0.6262433485833546,5
8084,efficientnetb0,939,1.0,3
8085,resnet50,939,1.0,6
8086,efficientnetb0,350,1.0,3
8087,vgg19,939,1.0,15
8088,resnet34,750,1.0,8
8089,efficientnetb1,750,1.0,3
8090,efficientnetb0,939,1.0,3
8091,vgg19,939,1.0,15
8092,densenet121,350,0.6263678162488967,5
8093,efficientnetb2,550,1.0,3
8094,resnet50,350,1.0,6
8095,efficientnetb1,939,0.2284047954549483,2
8096,resnet34,939,0.7020867334437453,8
8097,densenet121,550,0.6262433485833546,5
8098,efficientnetb2,350,1.0,3
8099,efficientnetb0,550,1.0,3
8100,resnet34,939,0.5574747946963727,9
8101,efficientnetb0,750,1.0,3
8102,efficientnetb0,350,1.0,3
8103,efficientnetb0,750,1.0,3
8104,vgg16,550,0.9461219284703368,13
8105,densenet121,939,0.4858756243316292,5
8106,resnet50,939,0.8017819857800019,7
8107,resnet50,939,0.8248723661787692,5
8108,efficientnetb2,350,1.0,3
8109,vgg16,350,0.9150494503700808,13
8110,vgg19,550,1.0,15
8111,resnet34,939,0.7020867334437453,8
8112,efficientnetb1,550,1.0,3
8113,efficientnetb2,750,1.0,3
8114,densenet121,350,0.6263678162488967,5
8115,vgg19,939,1.0,15
8116,vgg19,750,0.9936879963126718,15
8117,efficientnetb1,939,1.0,3
8118,efficientnetb2,350,1.0,3
8119,vgg16,939,1.0,13
8120,vgg19,350,0.7439023030951907,11
8121,efficientnetb1,550,1.0,3
8122,vgg16,550,0.9461219284703368,13
8123,resnet34,550,1.0,8
8124,efficientnetb0,350,1.0,3
8125,efficientnetb1,750,1.0,3
8126,efficientnetb1,350,1.0,3
8127,vgg16,939,1.0,13
8128,resnet34,750,1.0,8
8129,efficientnetb1,350,1.0,3
8130,efficientnetb0,350,1.0,3
8131,efficientnetb0,550,1.0,3
8132,efficientnetb0,350,1.0,3
8133,vgg19,350,0.9884623593775808,15
8134,resnet50,350,1.0,6
8135,resnet50,350,0.4097205423764233,4
8136,resnet34,350,1.0,8
8137,resnet50,750,0.8540914514899219,6
8138,resnet50,750,0.692684175445151,7
8139,vgg19,350,0.9884623593775808,15
8140,efficientnetb0,550,1.0,3
8141,vgg19,350,0.9884623593775808,15
8142,efficientnetb1,550,1.0,3
8143,vgg19,550,1.0,15
8144,vgg19,939,1.0,15
8145,vgg16,550,0.9461219284703368,13
8146,resnet34,750,1.0,8
8147,resnet50,939,1.0,6
8148,resnet34,939,0.7020867334437453,8
8149,efficientnetb0,750,1.0,3
8150,vgg16,550,0.9461219284703368,13
8151,efficientnetb0,939,1.0,3
8152,efficientnetb2,350,1.0,3
8153,resnet34,750,1.0,8
8154,resnet34,750,1.0,8
8155,resnet50,750,0.8540914514899219,6
8156,resnet50,750,0.8540914514899219,6
8157,efficientnetb1,550,1.0,3
8158,vgg19,750,0.9936879963126718,15
8159,vgg16,550,0.9461219284703368,13
8160,efficientnetb2,750,1.0,3
8161,efficientnetb1,350,1.0,3
8162,vgg16,350,0.9150494503700808,13
8163,efficientnetb0,750,0.221102352041803,2
8164,resnet50,350,1.0,6
8165,efficientnetb0,550,1.0,3
8166,resnet50,350,1.0,6
8167,efficientnetb0,350,1.0,3
8168,efficientnetb0,550,1.0,3
8169,resnet50,750,0.8540914514899219,6
8170,efficientnetb0,350,1.0,3
8171,densenet121,750,0.6549577219091517,5
8172,efficientnetb1,550,1.0,3
8173,densenet121,939,0.4858756243316292,5
8174,vgg19,750,0.9936879963126718,15
8175,resnet50,350,1.0,6
8176,vgg19,550,1.0,15
8177,efficientnetb0,550,1.0,3
8178,efficientnetb1,550,1.0,3
8179,efficientnetb0,350,1.0,3
8180,densenet121,550,0.6262433485833546,5
8181,densenet121,350,0.6263678162488967,5
8182,resnet34,750,1.0,8
8183,efficientnetb2,550,1.0,3
8184,densenet121,939,0.4858756243316292,5
8185,efficientnetb2,550,1.0,3
8186,efficientnetb2,939,1.0,3
8187,efficientnetb2,350,1.0,3
8188,efficientnetb2,939,1.0,3
8189,densenet121,550,0.6262433485833546,5
8190,vgg19,350,0.9884623593775808,15
8191,efficientnetb1,550,1.0,3
8192,efficientnetb0,750,1.0,3
8193,efficientnetb2,939,1.0,3
8194,efficientnetb1,350,1.0,3
8195,vgg16,750,0.9989474447948092,13
8196,densenet121,750,0.6549577219091517,5
8197,efficientnetb2,939,1.0,3
8198,efficientnetb2,350,1.0,3
8199,efficientnetb1,350,1.0,3
8200,densenet121,939,0.4858756243316292,5
8201,efficientnetb2,550,1.0,3
8202,efficientnetb1,350,1.0,3
8203,efficientnetb0,750,1.0,3
8204,vgg19,350,0.9884623593775808,15
8205,efficientnetb2,750,1.0,3
8206,efficientnetb0,750,1.0,3
8207,efficientnetb0,939,1.0,3
8208,efficientnetb2,750,1.0,3
8209,resnet50,939,0.8017819857800019,7
8210,efficientnetb0,550,1.0,3
8211,efficientnetb2,939,1.0,3
8212,resnet50,550,1.0,6
8213,efficientnetb2,939,1.0,3
8214,resnet34,750,1.0,8
8215,densenet121,750,0.6549577219091517,5
8216,densenet121,350,0.6263678162488967,5
8217,resnet50,939,1.0,6
8218,efficientnetb2,350,0.1727158782926704,2
8219,efficientnetb1,550,1.0,3
8220,efficientnetb0,939,1.0,3
8221,densenet121,939,0.4858756243316292,5
8222,resnet50,350,0.8830285561177872,5
8223,resnet50,750,0.8540914514899219,6
8224,resnet34,750,1.0,8
8225,vgg16,350,0.9150494503700808,13
8226,densenet121,939,0.4858756243316292,5
8227,resnet50,350,1.0,6
8228,vgg19,750,0.9936879963126718,15
8229,efficientnetb0,750,1.0,3
8230,densenet121,750,0.6549577219091517,5
8231,vgg16,550,0.9461219284703368,13
8232,resnet50,939,1.0,6
8233,vgg19,750,0.9936879963126718,15
8234,vgg16,750,0.9989474447948092,13
8235,efficientnetb2,350,1.0,3
8236,densenet121,550,0.6262433485833546,5
8237,vgg16,550,0.9461219284703368,13
8238,efficientnetb0,750,1.0,3
8239,vgg19,550,1.0,15
8240,resnet50,750,0.8540914514899219,6
8241,resnet50,939,1.0,6
8242,resnet50,939,1.0,6
8243,efficientnetb1,550,1.0,3
8244,resnet34,350,1.0,8
8245,densenet121,550,0.6262433485833546,5
8246,resnet34,939,0.7020867334437453,8
8247,efficientnetb1,350,1.0,3
8248,efficientnetb1,350,1.0,3
8249,efficientnetb1,350,1.0,3
8250,efficientnetb0,350,1.0,3
8251,vgg16,550,0.9461219284703368,13
8252,vgg16,939,0.986973209346794,14
8253,densenet121,550,0.6262433485833546,5
8254,densenet121,350,0.6263678162488967,5
8255,efficientnetb1,750,1.0,3
8256,resnet34,750,1.0,8
8257,resnet34,350,1.0,8
8258,resnet50,350,1.0,6
8259,vgg16,939,1.0,13
8260,vgg16,550,0.9461219284703368,13
8261,vgg16,350,0.9150494503700808,13
8262,densenet121,350,0.6263678162488967,5
8263,vgg16,750,0.9989474447948092,13
8264,resnet50,350,1.0,6
8265,resnet34,550,1.0,8
8266,vgg16,550,0.9461219284703368,13
8267,efficientnetb1,350,1.0,3
8268,efficientnetb2,550,1.0,3
8269,efficientnetb0,350,1.0,3
8270,vgg16,939,1.0,13
8271,efficientnetb2,550,1.0,3
8272,efficientnetb0,939,1.0,3
8273,densenet121,550,0.6262433485833546,5
8274,efficientnetb1,939,1.0,3
8275,efficientnetb0,750,1.0,3
8276,vgg16,550,0.9461219284703368,13
8277,densenet121,350,0.6263678162488967,5
8278,densenet121,350,0.6263678162488967,5
8279,efficientnetb2,939,1.0,3
8280,efficientnetb2,750,1.0,3
8281,densenet121,550,0.6262433485833546,5
8282,vgg19,350,0.9884623593775808,15
8283,densenet121,939,0.4858756243316292,5
8284,vgg16,550,0.9461219284703368,13
8285,vgg19,350,0.9884623593775808,15
8286,efficientnetb2,750,1.0,3
8287,efficientnetb2,939,1.0,3
8288,vgg19,939,1.0,15
8289,densenet121,550,0.6262433485833546,5
8290,efficientnetb1,750,1.0,3
8291,vgg16,750,0.9989474447948092,13
8292,efficientnetb2,750,1.0,3
8293,efficientnetb2,750,1.0,3
8294,vgg19,750,0.9936879963126718,15
8295,resnet34,750,1.0,8
8296,vgg19,750,0.9936879963126718,15
8297,efficientnetb0,550,1.0,3
8298,vgg19,750,0.9936879963126718,15
8299,vgg19,750,0.9936879963126718,15
8300,efficientnetb2,550,1.0,3
8301,resnet34,939,0.7020867334437453,8
8302,vgg16,550,0.9461219284703368,13
8303,efficientnetb1,550,1.0,3
8304,vgg16,750,0.9989474447948092,13
8305,densenet121,939,0.4858756243316292,5
8306,vgg19,939,1.0,15
8307,efficientnetb2,350,1.0,3
8308,efficientnetb1,750,1.0,3
8309,resnet50,750,0.8540914514899219,6
8310,efficientnetb2,350,1.0,3
8311,resnet50,350,1.0,6
8312,resnet34,350,1.0,8
8313,efficientnetb2,550,1.0,3
8314,vgg16,939,1.0,13
8315,vgg16,550,0.9461219284703368,13
8316,vgg16,550,0.9461219284703368,13
8317,resnet50,750,0.8540914514899219,6
8318,vgg16,550,0.9461219284703368,13
8319,vgg19,939,1.0,15
8320,vgg16,750,0.9989474447948092,13
8321,densenet121,350,0.6263678162488967,5
8322,vgg16,939,1.0,13
8323,efficientnetb2,939,1.0,3
8324,efficientnetb2,550,1.0,3
8325,densenet121,939,0.4858756243316292,5
8326,densenet121,350,0.6263678162488967,5
8327,resnet50,750,0.8540914514899219,6
8328,efficientnetb2,550,1.0,3
8329,efficientnetb2,939,1.0,3
8330,resnet50,939,1.0,6
8331,efficientnetb1,350,1.0,3
8332,efficientnetb0,350,1.0,3
8333,efficientnetb2,939,1.0,3
8334,efficientnetb2,939,1.0,3
8335,efficientnetb0,350,1.0,3
8336,densenet121,750,0.6549577219091517,5
8337,resnet50,550,1.0,6
8338,vgg19,750,0.9936879963126718,15
8339,efficientnetb0,350,1.0,3
8340,efficientnetb1,350,1.0,3
8341,densenet121,550,0.6262433485833546,5
8342,densenet121,939,0.4858756243316292,5
8343,efficientnetb2,939,1.0,3
8344,resnet34,939,0.7020867334437453,8
8345,resnet34,750,0.7880649919244954,7
8346,vgg19,939,1.0,15
8347,efficientnetb1,750,1.0,3
8348,resnet50,350,1.0,6
8349,efficientnetb1,939,1.0,3
8350,resnet34,939,0.0,16
8351,vgg19,350,0.9884623593775808,15
8352,resnet34,550,1.0,8
8353,densenet121,350,0.0321065308334073,2
8354,resnet34,750,1.0,8
8355,densenet121,750,0.6549577219091517,5
8356,efficientnetb2,939,1.0,3
8357,resnet50,750,0.8540914514899219,6
8358,resnet50,939,1.0,6
8359,efficientnetb0,750,1.0,3
8360,densenet121,939,0.4858756243316292,5
8361,efficientnetb2,550,1.0,3
8362,densenet121,939,0.4858756243316292,5
8363,efficientnetb2,939,1.0,3
8364,resnet34,750,0.6702494870914867,10
8365,efficientnetb0,350,1.0,3
8366,resnet50,939,1.0,6
8367,resnet34,350,0.9419697554794192,9
8368,resnet50,939,1.0,6
8369,efficientnetb0,350,1.0,3
8370,efficientnetb2,939,1.0,3
8371,densenet121,750,0.6549577219091517,5
8372,resnet34,550,1.0,8
8373,resnet34,939,0.7020867334437453,8
8374,vgg16,939,1.0,13
8375,resnet34,939,0.7020867334437453,8
8376,vgg19,939,1.0,15
8377,vgg16,350,0.9150494503700808,13
8378,resnet34,750,1.0,8
8379,efficientnetb0,939,1.0,3
8380,densenet121,350,0.6263678162488967,5
8381,vgg16,750,0.9989474447948092,13
8382,resnet50,350,0.8169515861153699,7
8383,densenet121,350,0.6263678162488967,5
8384,resnet50,550,1.0,6
8385,resnet50,939,1.0,6
8386,vgg16,350,0.9150494503700808,13
8387,vgg16,939,1.0,13
8388,densenet121,550,0.6262433485833546,5
8389,vgg19,750,0.9936879963126718,15
8390,efficientnetb1,350,1.0,3
8391,resnet34,939,0.7020867334437453,8
8392,efficientnetb0,939,1.0,3
8393,efficientnetb2,350,1.0,3
8394,vgg19,750,0.9936879963126718,15
8395,densenet121,939,0.4858756243316292,5
8396,vgg19,750,0.9936879963126718,15
8397,efficientnetb0,750,1.0,3
8398,densenet121,550,0.6262433485833546,5
8399,resnet50,350,1.0,6
8400,resnet50,750,0.8540914514899219,6
8401,resnet34,939,0.7020867334437453,8
8402,vgg16,550,0.9461219284703368,13
8403,resnet50,550,1.0,6
8404,efficientnetb2,350,1.0,3
8405,efficientnetb0,350,1.0,3
8406,vgg16,550,0.9461219284703368,13
8407,densenet121,350,0.6263678162488967,5
8408,efficientnetb1,939,1.0,3
8409,resnet50,550,1.0,6
8410,vgg19,939,1.0,15
8411,vgg19,939,1.0,15
8412,efficientnetb1,750,1.0,3
8413,resnet50,939,1.0,6
8414,efficientnetb0,939,1.0,3
8415,efficientnetb1,550,1.0,3
8416,efficientnetb1,350,1.0,3
8417,efficientnetb0,550,1.0,3
8418,efficientnetb2,750,0.1857252749278613,2
8419,efficientnetb0,939,1.0,3
8420,resnet34,350,1.0,8
8421,densenet121,750,0.6549577219091517,5
8422,efficientnetb2,939,1.0,3
8423,vgg19,550,1.0,15
8424,resnet50,750,0.3344894405367239,2
8425,vgg19,939,1.0,15
8426,densenet121,550,0.6262433485833546,5
8427,efficientnetb0,350,1.0,3
8428,vgg16,750,0.9989474447948092,13
8429,vgg16,550,0.9461219284703368,13
8430,efficientnetb0,350,1.0,3
8431,resnet34,939,0.7020867334437453,8
8432,vgg19,939,1.0,15
8433,resnet34,550,1.0,8
8434,vgg16,350,0.9150494503700808,13
8435,efficientnetb0,550,1.0,3
8436,densenet121,939,0.4858756243316292,5
8437,resnet50,750,0.8540914514899219,6
8438,densenet121,550,0.6262433485833546,5
8439,efficientnetb2,350,1.0,3
8440,vgg19,550,1.0,15
8441,vgg16,939,1.0,13
8442,densenet121,350,0.6263678162488967,5
8443,efficientnetb2,750,1.0,3
8444,efficientnetb0,750,1.0,3
8445,efficientnetb2,350,1.0,3
8446,efficientnetb0,550,1.0,3
8447,densenet121,350,0.6263678162488967,5
8448,densenet121,750,0.6549577219091517,5
8449,efficientnetb2,750,1.0,3
8450,vgg19,750,0.9936879963126718,15
8451,vgg16,939,1.0,13
8452,efficientnetb1,350,1.0,3
8453,efficientnetb2,750,1.0,3
8454,efficientnetb1,350,1.0,3
8455,resnet50,350,1.0,6
8456,vgg19,550,0.93432282209291,16
8457,resnet34,350,1.0,8
8458,vgg19,350,0.4051376815444835,5
8459,vgg19,750,0.9936879963126718,15
8460,efficientnetb2,550,1.0,3
8461,densenet121,550,0.6262433485833546,5
8462,efficientnetb2,550,1.0,3
8463,efficientnetb2,350,1.0,3
8464,vgg19,750,0.9936879963126718,15
8465,efficientnetb1,939,1.0,3
8466,resnet50,939,1.0,6
8467,efficientnetb0,550,1.0,3
8468,efficientnetb2,939,1.0,3
8469,efficientnetb1,550,1.0,3
8470,efficientnetb2,939,1.0,3
8471,resnet34,750,1.0,8
8472,vgg19,939,1.0,15
8473,efficientnetb0,750,1.0,3
8474,densenet121,350,0.6263678162488967,5
8475,vgg16,350,0.9150494503700808,13
8476,efficientnetb0,939,1.0,3
8477,efficientnetb1,939,1.0,3
8478,vgg19,350,0.9884623593775808,15
8479,resnet50,939,1.0,6
8480,efficientnetb2,350,1.0,3
8481,densenet121,350,0.6263678162488967,5
8482,efficientnetb2,750,1.0,3
8483,vgg16,550,0.9461219284703368,13
8484,efficientnetb0,939,1.0,3
8485,resnet34,939,0.8120702549228033,7
8486,vgg19,750,0.9936879963126718,15
8487,vgg16,939,1.0,13
8488,vgg16,939,1.0,13
8489,resnet34,939,0.7020867334437453,8
8490,efficientnetb2,939,1.0,3
8491,vgg16,939,1.0,13
8492,resnet34,350,1.0,8
8493,efficientnetb0,939,1.0,3
8494,efficientnetb1,350,1.0,3
8495,densenet121,350,0.6263678162488967,5
8496,efficientnetb1,350,1.0,3
8497,efficientnetb0,350,1.0,3
8498,efficientnetb0,750,1.0,3
8499,efficientnetb1,350,1.0,3
8500,resnet34,550,1.0,8
8501,resnet34,350,1.0,8
8502,resnet34,750,1.0,8
8503,vgg19,550,1.0,15
8504,efficientnetb1,350,1.0,3
8505,resnet50,939,1.0,6
8506,vgg16,350,0.9150494503700808,13
8507,efficientnetb1,939,1.0,3
8508,densenet121,350,0.6263678162488967,5
8509,efficientnetb2,750,1.0,3
8510,densenet121,350,0.6263678162488967,5
8511,efficientnetb1,750,1.0,3
8512,vgg16,350,0.9150494503700808,13
8513,resnet50,939,1.0,6
8514,resnet50,550,1.0,6
8515,resnet34,350,1.0,8
8516,efficientnetb1,750,1.0,3
8517,efficientnetb0,350,1.0,3
8518,efficientnetb2,939,1.0,3
8519,efficientnetb2,550,1.0,3
8520,efficientnetb2,350,1.0,3
8521,vgg19,939,1.0,15
8522,resnet50,550,1.0,6
8523,vgg19,939,1.0,15
8524,efficientnetb2,750,1.0,3
8525,vgg19,550,1.0,15
8526,vgg19,939,1.0,15
8527,densenet121,350,0.0,1
8528,resnet34,750,1.0,8
8529,efficientnetb2,350,1.0,3
8530,resnet34,939,0.7020867334437453,8
8531,vgg19,750,0.9936879963126718,15
8532,efficientnetb2,939,1.0,3
8533,efficientnetb2,750,1.0,3
8534,efficientnetb0,350,1.0,3
8535,efficientnetb2,550,1.0,3
8536,efficientnetb2,350,1.0,3
8537,resnet34,750,0.8389123599870303,9
8538,densenet121,750,0.6549577219091517,5
8539,densenet121,750,0.6549577219091517,5
8540,resnet50,939,1.0,6
8541,efficientnetb0,939,1.0,3
8542,efficientnetb1,939,1.0,3
8543,densenet121,550,0.6262433485833546,5
8544,resnet50,939,1.0,6
8545,densenet121,350,1.0,6
8546,efficientnetb1,939,1.0,3
8547,efficientnetb2,750,1.0,3
8548,resnet34,550,1.0,8
8549,resnet50,939,1.0,6
8550,resnet50,939,1.0,6
8551,efficientnetb0,350,1.0,3
8552,densenet121,750,0.6549577219091517,5
8553,resnet34,939,0.7020867334437453,8
8554,vgg16,350,0.9150494503700808,13
8555,densenet121,350,0.6263678162488967,5
8556,resnet34,750,1.0,8
8557,densenet121,550,0.6262433485833546,5
8558,efficientnetb2,750,1.0,3
8559,densenet121,550,0.6262433485833546,5
8560,vgg16,350,0.9150494503700808,13
8561,densenet121,350,0.6263678162488967,5
8562,efficientnetb0,939,1.0,3
8563,vgg19,939,1.0,15
8564,densenet121,550,0.6262433485833546,5
8565,resnet34,939,0.7020867334437453,8
8566,densenet121,750,0.6549577219091517,5
8567,efficientnetb2,350,1.0,3
8568,efficientnetb0,750,1.0,3
8569,vgg16,939,1.0,13
8570,efficientnetb1,939,1.0,3
8571,resnet50,939,1.0,6
8572,efficientnetb0,750,1.0,3
8573,resnet34,939,0.7020867334437453,8
8574,vgg19,350,1.0,16
8575,efficientnetb0,350,1.0,3
8576,resnet34,750,1.0,8
8577,efficientnetb1,939,1.0,3
8578,efficientnetb2,550,1.0,3
8579,vgg19,939,1.0,15
8580,vgg19,939,1.0,15
8581,vgg16,939,1.0,13
8582,efficientnetb2,350,1.0,3
8583,efficientnetb2,939,1.0,3
8584,resnet50,750,0.8540914514899219,6
8585,resnet50,550,1.0,6
8586,efficientnetb0,939,1.0,3
8587,efficientnetb0,350,1.0,3
8588,efficientnetb0,750,1.0,3
8589,densenet121,350,0.6263678162488967,5
8590,efficientnetb2,750,1.0,3
8591,efficientnetb2,550,1.0,3
8592,vgg16,350,0.9150494503700808,13
8593,efficientnetb0,550,1.0,3
8594,vgg19,350,0.3670248005033085,6
8595,resnet34,939,0.5574747946963727,9
8596,efficientnetb0,350,1.0,3
8597,vgg19,550,1.0,15
8598,resnet34,350,0.9419697554794192,9
8599,densenet121,750,0.6549577219091517,5
8600,efficientnetb1,550,1.0,3
8601,efficientnetb1,750,1.0,3
8602,efficientnetb1,939,1.0,3
8603,vgg19,750,0.9936879963126718,15
8604,efficientnetb0,550,1.0,3
8605,efficientnetb0,550,1.0,3
8606,vgg19,550,1.0,15
8607,resnet34,939,0.5574747946963727,9
8608,densenet121,939,0.4858756243316292,5
8609,vgg16,939,1.0,13
8610,efficientnetb2,350,1.0,3
8611,resnet50,939,1.0,6
8612,resnet34,750,0.8389123599870303,9
8613,vgg19,750,0.9936879963126718,15
8614,resnet50,550,1.0,6
8615,densenet121,550,0.6262433485833546,5
8616,resnet50,750,0.8540914514899219,6
8617,efficientnetb1,750,1.0,3
8618,densenet121,939,0.4858756243316292,5
8619,resnet50,550,1.0,6
8620,resnet34,350,1.0,8
8621,resnet34,750,1.0,8
8622,resnet50,350,1.0,6
8623,efficientnetb1,750,1.0,3
8624,resnet50,939,0.8017819857800019,7
8625,densenet121,350,0.6263678162488967,5
8626,efficientnetb2,939,1.0,3
8627,vgg16,350,0.9150494503700808,13
8628,efficientnetb0,350,1.0,3
8629,densenet121,350,0.6263678162488967,5
8630,densenet121,550,0.6262433485833546,5
8631,efficientnetb1,350,1.0,3
8632,vgg19,750,0.9936879963126718,15
8633,vgg19,750,0.9936879963126718,15
8634,resnet50,939,1.0,6
8635,efficientnetb0,750,1.0,3
8636,efficientnetb1,750,1.0,3
8637,vgg16,550,0.9461219284703368,13
8638,resnet34,350,1.0,8
8639,vgg16,939,1.0,13
8640,vgg16,350,0.9150494503700808,13
8641,densenet121,939,0.4858756243316292,5
8642,densenet121,550,0.6262433485833546,5
8643,resnet50,939,0.8017819857800019,7
8644,resnet34,350,1.0,8
8645,efficientnetb0,550,1.0,3
8646,vgg19,939,1.0,15
8647,efficientnetb1,939,1.0,3
8648,resnet34,939,0.5574747946963727,9
8649,efficientnetb1,750,1.0,3
8650,vgg19,350,0.9884623593775808,15
8651,resnet50,939,1.0,6
8652,vgg19,350,0.9884623593775808,15
8653,efficientnetb1,939,1.0,3
8654,efficientnetb2,550,1.0,3
8655,resnet50,350,1.0,6
8656,densenet121,939,0.4858756243316292,5
8657,vgg19,750,0.9936879963126718,15
8658,efficientnetb1,939,1.0,3
8659,vgg19,350,0.9884623593775808,15
8660,efficientnetb0,939,1.0,3
8661,vgg19,939,1.0,15
8662,densenet121,750,0.6549577219091517,5
8663,resnet50,939,1.0,6
8664,resnet34,939,0.5574747946963727,9
8665,vgg16,939,1.0,13
8666,efficientnetb1,550,1.0,3
8667,efficientnetb1,550,1.0,3
8668,resnet34,350,1.0,8
8669,resnet34,550,1.0,8
8670,vgg19,939,1.0,15
8671,efficientnetb1,550,1.0,3
8672,densenet121,750,0.6549577219091517,5
8673,efficientnetb0,939,0.245393377540531,2
8674,vgg16,750,0.9989474447948092,13
8675,resnet34,750,1.0,8
8676,resnet50,939,1.0,6
8677,resnet34,750,1.0,8
8678,resnet34,750,1.0,8
8679,efficientnetb1,750,1.0,3
8680,resnet50,350,1.0,6
8681,vgg16,350,0.9150494503700808,13
8682,efficientnetb2,750,1.0,3
8683,efficientnetb0,550,1.0,3
8684,resnet50,550,1.0,6
8685,resnet34,350,1.0,8
8686,efficientnetb2,550,1.0,3
8687,resnet34,550,1.0,8
8688,resnet50,939,1.0,6
8689,efficientnetb2,550,1.0,3
8690,efficientnetb2,750,0.6313792880026403,4
8691,efficientnetb0,350,1.0,3
8692,vgg19,939,1.0,15
8693,efficientnetb1,750,1.0,3
8694,resnet34,550,1.0,8
8695,efficientnetb2,750,1.0,3
8696,efficientnetb1,939,1.0,3
8697,resnet50,550,1.0,6
8698,densenet121,939,0.0230700539672484,2
8699,efficientnetb2,939,1.0,3
8700,resnet34,939,0.7020867334437453,8
8701,efficientnetb0,550,1.0,3
8702,vgg19,550,1.0,15
8703,efficientnetb1,550,1.0,3
8704,vgg19,939,1.0,15
8705,resnet50,939,1.0,6
8706,efficientnetb0,350,1.0,3
8707,vgg16,350,0.9150494503700808,13
8708,densenet121,350,0.6263678162488967,5
8709,resnet34,350,1.0,8
8710,densenet121,550,0.6262433485833546,5
8711,efficientnetb2,550,1.0,3
8712,resnet50,750,0.8540914514899219,6
8713,efficientnetb1,550,1.0,3
8714,vgg16,350,0.9150494503700808,13
8715,efficientnetb1,939,1.0,3
8716,efficientnetb1,550,1.0,3
8717,resnet50,350,1.0,6
8718,efficientnetb1,939,1.0,3
8719,efficientnetb1,939,1.0,3
8720,resnet50,750,0.8540914514899219,6
8721,vgg16,550,0.9461219284703368,13
8722,vgg19,939,1.0,15
8723,resnet50,750,0.8540914514899219,6
8724,efficientnetb0,939,1.0,3
8725,efficientnetb1,939,1.0,3
8726,efficientnetb0,750,1.0,3
8727,vgg19,750,0.9936879963126718,15
8728,efficientnetb1,939,1.0,3
8729,densenet121,550,0.6262433485833546,5
8730,resnet50,750,0.8540914514899219,6
8731,resnet50,939,1.0,6
8732,vgg16,350,0.9150494503700808,13
8733,resnet50,939,1.0,6
8734,resnet50,750,0.692684175445151,7
8735,densenet121,350,0.6263678162488967,5
8736,efficientnetb0,750,1.0,3
8737,vgg19,939,1.0,15
8738,vgg19,750,0.9936879963126718,15
8739,densenet121,750,0.6549577219091517,5
8740,efficientnetb2,350,1.0,3
8741,resnet50,939,1.0,6
8742,resnet34,350,1.0,8
8743,efficientnetb1,550,1.0,3
8744,efficientnetb2,350,1.0,3
8745,resnet34,750,1.0,8
8746,efficientnetb0,350,1.0,3
8747,resnet50,750,0.8540914514899219,6
8748,efficientnetb2,550,1.0,3
8749,efficientnetb0,350,1.0,3
8750,efficientnetb2,350,1.0,3
8751,resnet50,550,1.0,6
8752,efficientnetb1,939,1.0,3
8753,resnet34,750,1.0,8
8754,resnet50,350,1.0,6
8755,efficientnetb1,350,1.0,3
8756,densenet121,350,0.6263678162488967,5
8757,vgg16,550,0.9461219284703368,13
8758,densenet121,939,0.4858756243316292,5
8759,resnet34,350,0.7118597986318302,7
8760,densenet121,550,0.6262433485833546,5
8761,efficientnetb0,350,1.0,3
8762,efficientnetb1,750,1.0,3
8763,vgg16,550,0.9461219284703368,13
8764,resnet50,750,0.8540914514899219,6
8765,vgg19,939,1.0,15
8766,densenet121,939,0.4858756243316292,5
8767,efficientnetb1,750,1.0,3
8768,vgg19,750,0.9936879963126718,15
8769,vgg16,350,0.9150494503700808,13
8770,efficientnetb0,350,1.0,3
8771,resnet50,350,1.0,6
8772,resnet50,939,1.0,6
8773,resnet50,350,1.0,6
8774,densenet121,550,0.6262433485833546,5
8775,vgg19,350,0.9884623593775808,15
8776,resnet50,550,1.0,6
8777,efficientnetb1,550,1.0,3
8778,vgg19,750,0.9936879963126718,15
8779,vgg16,939,1.0,13
8780,efficientnetb0,750,1.0,3
8781,vgg16,550,0.9461219284703368,13
8782,efficientnetb1,350,1.0,3
8783,efficientnetb2,550,1.0,3
8784,densenet121,350,1.0,6
8785,efficientnetb0,350,1.0,3
8786,resnet34,939,0.7020867334437453,8
8787,vgg19,350,0.9884623593775808,15
8788,vgg16,939,1.0,13
8789,efficientnetb2,750,1.0,3
8790,efficientnetb1,350,1.0,3
8791,efficientnetb2,350,1.0,3
8792,efficientnetb2,550,1.0,3
8793,vgg19,939,1.0,15
8794,vgg19,939,1.0,15
8795,efficientnetb2,550,0.7219694682129152,4
8796,densenet121,550,0.6262433485833546,5
8797,resnet50,350,1.0,6
8798,densenet121,750,0.6549577219091517,5
8799,vgg16,350,0.9150494503700808,13
8800,efficientnetb0,350,1.0,3
8801,resnet50,939,1.0,6
8802,densenet121,939,0.4858756243316292,5
8803,efficientnetb0,750,1.0,3
8804,efficientnetb1,350,1.0,3
8805,efficientnetb2,939,1.0,3
8806,resnet34,550,1.0,8
8807,resnet50,939,1.0,6
8808,densenet121,750,0.6549577219091517,5
8809,vgg19,750,0.9936879963126718,15
8810,densenet121,939,0.4858756243316292,5
8811,vgg16,939,1.0,13
8812,vgg16,750,0.9989474447948092,13
8813,resnet34,750,1.0,8
8814,efficientnetb2,350,1.0,3
8815,vgg19,939,1.0,15
8816,vgg16,350,0.9150494503700808,13
8817,resnet50,939,1.0,6
8818,vgg19,550,1.0,15
8819,efficientnetb2,550,0.7219694682129152,4
8820,efficientnetb0,750,1.0,3
8821,efficientnetb0,350,1.0,3
8822,vgg19,750,0.9936879963126718,15
8823,resnet50,750,0.8540914514899219,6
8824,densenet121,939,0.4858756243316292,5
8825,resnet50,939,1.0,6
8826,resnet50,550,1.0,6
8827,vgg16,350,0.9150494503700808,13
8828,resnet34,550,1.0,8
8829,resnet34,939,0.7020867334437453,8
8830,vgg19,750,0.9936879963126718,15
8831,resnet50,750,0.8540914514899219,6
8832,resnet50,350,1.0,6
8833,vgg19,750,0.9936879963126718,15
8834,densenet121,350,0.6263678162488967,5
8835,efficientnetb1,550,1.0,3
8836,resnet34,550,1.0,8
8837,efficientnetb2,939,1.0,3
8838,vgg19,550,1.0,15
8839,densenet121,939,0.4858756243316292,5
8840,efficientnetb2,939,1.0,3
8841,vgg16,350,0.9150494503700808,13
8842,vgg19,750,0.9936879963126718,15
8843,vgg19,350,0.9884623593775808,15
8844,vgg19,550,1.0,15
8845,vgg19,750,0.9936879963126718,15
8846,efficientnetb0,939,1.0,3
8847,resnet34,550,1.0,8
8848,efficientnetb0,350,1.0,3
8849,vgg16,939,1.0,13
8850,efficientnetb0,939,1.0,3
8851,vgg16,550,0.9461219284703368,13
8852,vgg16,939,1.0,13
8853,vgg16,350,0.9150494503700808,13
8854,efficientnetb2,750,1.0,3
8855,resnet50,939,1.0,6
8856,densenet121,550,0.6262433485833546,5
8857,efficientnetb0,350,1.0,3
8858,efficientnetb2,939,1.0,3
8859,vgg19,939,1.0,15
8860,vgg19,350,0.9884623593775808,15
8861,efficientnetb2,550,1.0,3
8862,efficientnetb1,550,1.0,3
8863,efficientnetb1,350,1.0,3
8864,efficientnetb1,550,1.0,3
8865,vgg19,550,1.0,15
8866,resnet34,939,0.7020867334437453,8
8867,resnet50,350,1.0,6
8868,efficientnetb0,939,1.0,3
8869,densenet121,750,0.6549577219091517,5
8870,efficientnetb1,350,1.0,3
8871,efficientnetb0,550,1.0,3
8872,efficientnetb0,350,1.0,3
8873,densenet121,550,0.6262433485833546,5
8874,efficientnetb0,350,1.0,3
8875,densenet121,939,0.4858756243316292,5
8876,resnet50,750,0.8540914514899219,6
8877,resnet34,750,1.0,8
8878,vgg19,550,1.0,15
8879,vgg16,939,1.0,13
8880,resnet50,550,1.0,6
8881,efficientnetb0,750,1.0,3
8882,efficientnetb2,939,1.0,3
8883,resnet50,939,1.0,6
8884,efficientnetb2,550,1.0,3
8885,vgg19,350,1.0,16
8886,densenet121,750,0.6549577219091517,5
8887,resnet34,750,1.0,8
8888,resnet34,939,0.7020867334437453,8
8889,resnet50,550,1.0,6
8890,densenet121,350,0.6263678162488967,5
8891,densenet121,939,0.4858756243316292,5
8892,densenet121,350,0.6263678162488967,5
8893,resnet34,550,1.0,8
8894,efficientnetb0,550,1.0,3
8895,vgg19,750,0.9936879963126718,15
8896,densenet121,939,0.4858756243316292,5
8897,vgg16,939,1.0,13
8898,efficientnetb2,550,1.0,3
8899,densenet121,350,0.6263678162488967,5
8900,resnet50,550,1.0,6
8901,resnet34,750,1.0,8
8902,vgg16,750,0.9989474447948092,13
8903,efficientnetb2,939,1.0,3
8904,resnet34,350,1.0,8
8905,efficientnetb1,550,1.0,3
8906,vgg19,939,1.0,15
8907,vgg16,350,0.9150494503700808,13
8908,vgg16,750,0.9989474447948092,13
8909,efficientnetb2,350,1.0,3
8910,vgg16,350,0.9150494503700808,13
8911,vgg16,750,0.9989474447948092,13
8912,efficientnetb2,550,1.0,3
8913,vgg19,350,0.9884623593775808,15
8914,resnet50,939,1.0,6
8915,vgg16,350,0.9150494503700808,13
8916,efficientnetb2,550,1.0,3
8917,densenet121,350,0.6263678162488967,5
8918,vgg16,350,0.9150494503700808,13
8919,densenet121,750,0.6549577219091517,5
8920,vgg19,750,0.9936879963126718,15
8921,densenet121,750,0.6549577219091517,5
8922,efficientnetb1,350,1.0,3
8923,vgg16,939,1.0,13
8924,vgg19,939,1.0,15
8925,vgg19,350,0.9884623593775808,15
8926,vgg16,550,0.9461219284703368,13
8927,vgg16,350,0.9150494503700808,13
8928,resnet50,350,1.0,6
8929,resnet50,550,1.0,6
8930,resnet34,750,1.0,8
8931,efficientnetb1,350,1.0,3
8932,vgg19,350,0.9884623593775808,15
8933,resnet50,750,0.8540914514899219,6
8934,resnet50,939,1.0,6
8935,resnet50,550,1.0,6
8936,vgg16,939,1.0,13
8937,densenet121,939,0.4858756243316292,5
8938,efficientnetb2,550,1.0,3
8939,densenet121,939,0.4858756243316292,5
8940,resnet50,550,1.0,6
8941,efficientnetb2,750,1.0,3
8942,vgg19,939,1.0,15
8943,vgg19,750,0.9936879963126718,15
8944,efficientnetb1,550,1.0,3
8945,vgg16,750,0.9989474447948092,13
8946,vgg19,550,1.0,15
8947,vgg16,939,1.0,13
8948,vgg19,939,1.0,15
8949,densenet121,939,0.4858756243316292,5
8950,resnet50,550,1.0,6
8951,efficientnetb1,550,1.0,3
8952,efficientnetb2,750,1.0,3
8953,efficientnetb1,550,1.0,3
8954,efficientnetb2,750,1.0,3
8955,efficientnetb1,939,1.0,3
8956,vgg16,939,1.0,13
8957,resnet34,750,1.0,8
8958,resnet50,350,1.0,6
8959,efficientnetb0,939,1.0,3
8960,vgg19,350,0.9884623593775808,15
8961,efficientnetb2,939,1.0,3
8962,vgg19,939,1.0,15
8963,resnet50,550,1.0,6
8964,resnet50,750,0.8540914514899219,6
8965,vgg19,550,1.0,15
8966,efficientnetb1,350,1.0,3
8967,densenet121,550,1.0,6
8968,vgg19,939,1.0,15
8969,resnet34,939,0.7020867334437453,8
8970,efficientnetb1,750,1.0,3
8971,resnet34,750,1.0,8
8972,resnet34,350,1.0,8
8973,efficientnetb1,939,1.0,3
8974,efficientnetb2,350,1.0,3
8975,resnet34,939,0.7020867334437453,8
8976,vgg16,350,0.9150494503700808,13
8977,vgg16,750,0.9989474447948092,13
8978,efficientnetb2,550,1.0,3
8979,resnet50,550,1.0,6
8980,resnet50,750,0.8540914514899219,6
8981,vgg19,550,1.0,15
8982,resnet34,939,0.7020867334437453,8
8983,resnet34,939,0.7020867334437453,8
8984,efficientnetb2,750,1.0,3
8985,resnet34,750,1.0,8
8986,efficientnetb0,550,1.0,3
8987,resnet34,550,1.0,8
8988,efficientnetb1,350,1.0,3
8989,efficientnetb0,550,1.0,3
8990,densenet121,750,0.6549577219091517,5
8991,resnet50,350,1.0,6
8992,vgg19,750,0.9936879963126718,15
8993,efficientnetb2,939,1.0,3
8994,resnet50,750,0.8540914514899219,6
8995,efficientnetb0,550,1.0,3
8996,vgg16,550,0.9461219284703368,13
8997,vgg19,350,0.9884623593775808,15
8998,vgg19,350,0.9884623593775808,15
8999,vgg19,550,1.0,15
9000,vgg16,939,1.0,13
9001,densenet121,750,0.6549577219091517,5
9002,resnet50,550,1.0,6
9003,efficientnetb1,750,1.0,3
9004,vgg19,350,0.9884623593775808,15
9005,resnet50,750,0.8540914514899219,6
9006,vgg16,939,1.0,13
9007,resnet50,939,1.0,6
9008,resnet34,350,1.0,8
9009,densenet121,550,0.6262433485833546,5
9010,efficientnetb2,550,1.0,3
9011,vgg19,350,0.9884623593775808,15
9012,densenet121,350,0.6263678162488967,5
9013,vgg16,939,1.0,13
9014,densenet121,939,0.4858756243316292,5
9015,efficientnetb0,350,1.0,3
9016,densenet121,350,0.6263678162488967,5
9017,efficientnetb1,750,1.0,3
9018,vgg19,350,0.9884623593775808,15
9019,efficientnetb2,550,1.0,3
9020,vgg16,750,0.9989474447948092,13
9021,efficientnetb1,350,1.0,3
9022,vgg16,350,0.9150494503700808,13
9023,efficientnetb0,750,1.0,3
9024,resnet34,939,0.7020867334437453,8
9025,vgg16,939,1.0,13
9026,efficientnetb0,750,1.0,3
9027,efficientnetb2,550,1.0,3
9028,vgg19,939,1.0,15
9029,resnet34,939,0.7020867334437453,8
9030,resnet50,550,1.0,6
9031,vgg16,550,0.9461219284703368,13
9032,efficientnetb1,550,1.0,3
9033,vgg16,550,0.9461219284703368,13
9034,densenet121,939,0.4858756243316292,5
9035,efficientnetb0,550,1.0,3
9036,densenet121,750,0.6549577219091517,5
9037,efficientnetb0,550,1.0,3
9038,densenet121,350,0.6263678162488967,5
9039,efficientnetb1,550,1.0,3
9040,densenet121,939,0.4858756243316292,5
9041,efficientnetb1,550,1.0,3
9042,vgg19,350,0.9884623593775808,15
9043,vgg16,350,0.9150494503700808,13
9044,efficientnetb0,550,1.0,3
9045,resnet34,750,1.0,8
9046,resnet34,939,0.7020867334437453,8
9047,vgg16,550,0.9461219284703368,13
9048,resnet50,350,1.0,6
9049,resnet34,550,1.0,8
9050,efficientnetb2,350,1.0,3
9051,vgg16,750,0.9989474447948092,13
9052,vgg16,750,0.9989474447948092,13
9053,efficientnetb0,550,1.0,3
9054,efficientnetb0,550,1.0,3
9055,efficientnetb2,550,1.0,3
9056,efficientnetb0,939,1.0,3
9057,efficientnetb2,939,0.6509085704414946,4
9058,resnet34,350,1.0,8
9059,efficientnetb1,350,1.0,3
9060,resnet50,939,1.0,6
9061,vgg19,750,0.9936879963126718,15
9062,efficientnetb1,550,1.0,3
9063,efficientnetb2,750,1.0,3
9064,densenet121,939,0.4858756243316292,5
9065,densenet121,939,0.4858756243316292,5
9066,vgg19,939,1.0,15
9067,efficientnetb0,550,1.0,3
9068,efficientnetb1,750,1.0,3
9069,resnet50,939,1.0,6
9070,vgg16,350,0.9150494503700808,13
9071,densenet121,350,0.6263678162488967,5
9072,vgg16,939,1.0,13
9073,resnet34,550,1.0,8
9074,resnet34,939,0.7020867334437453,8
9075,densenet121,550,0.6262433485833546,5
9076,efficientnetb0,550,1.0,3
9077,densenet121,750,0.6549577219091517,5
9078,efficientnetb2,350,1.0,3
9079,efficientnetb2,350,1.0,3
9080,resnet50,750,0.8540914514899219,6
9081,densenet121,939,0.4858756243316292,5
9082,efficientnetb2,750,1.0,3
9083,densenet121,350,0.6263678162488967,5
9084,densenet121,750,0.6549577219091517,5
9085,efficientnetb2,550,1.0,3
9086,resnet34,350,1.0,8
9087,efficientnetb1,939,1.0,3
9088,efficientnetb2,750,1.0,3
9089,efficientnetb2,750,1.0,3
9090,efficientnetb1,350,1.0,3
9091,densenet121,350,0.6263678162488967,5
9092,efficientnetb2,939,1.0,3
9093,vgg19,939,1.0,15
9094,efficientnetb2,350,1.0,3
9095,densenet121,550,0.6262433485833546,5
9096,vgg16,350,0.9150494503700808,13
9097,densenet121,350,0.6263678162488967,5
9098,densenet121,550,0.6262433485833546,5
9099,efficientnetb1,350,0.7181138626700144,4
9100,vgg19,939,1.0,15
9101,efficientnetb0,550,1.0,3
9102,efficientnetb2,550,0.7219694682129152,4
9103,resnet50,939,1.0,6
9104,efficientnetb0,939,1.0,3
9105,densenet121,550,0.6262433485833546,5
9106,vgg16,939,1.0,13
9107,efficientnetb1,750,1.0,3
9108,vgg16,550,0.941205716630206,14
9109,vgg19,939,1.0,15
9110,resnet34,550,1.0,8
9111,vgg19,939,1.0,15
9112,resnet34,550,0.9073881434347082,9
9113,efficientnetb0,550,1.0,3
9114,vgg19,939,1.0,15
9115,efficientnetb2,939,1.0,3
9116,efficientnetb0,550,1.0,3
9117,efficientnetb2,350,1.0,3
9118,efficientnetb1,939,1.0,3
9119,resnet34,550,1.0,8
9120,efficientnetb1,350,1.0,3
9121,resnet34,550,0.0,16
9122,efficientnetb2,550,1.0,3
9123,efficientnetb2,350,1.0,3
9124,efficientnetb2,350,1.0,3
9125,efficientnetb1,939,1.0,3
9126,efficientnetb1,350,1.0,3
9127,densenet121,350,0.6263678162488967,5
9128,efficientnetb0,550,1.0,3
9129,densenet121,939,0.4858756243316292,5
9130,vgg19,939,1.0,15
9131,resnet50,939,1.0,6
9132,resnet34,350,0.9419697554794192,9
9133,resnet50,750,0.8540914514899219,6
9134,vgg16,350,0.9150494503700808,13
9135,efficientnetb1,939,1.0,3
9136,resnet50,550,1.0,6
9137,resnet50,750,0.8540914514899219,6
9138,efficientnetb1,550,1.0,3
9139,efficientnetb1,350,1.0,3
9140,efficientnetb0,939,1.0,3
9141,efficientnetb1,550,1.0,3
9142,efficientnetb0,750,1.0,3
9143,efficientnetb2,350,1.0,3
9144,efficientnetb0,350,1.0,3
9145,efficientnetb2,550,1.0,3
9146,vgg19,750,0.9936879963126718,15
9147,vgg16,350,0.9150494503700808,13
9148,efficientnetb1,350,1.0,3
9149,resnet34,550,1.0,8
9150,vgg19,750,0.9936879963126718,15
9151,resnet50,939,1.0,6
9152,densenet121,750,0.6549577219091517,5
9153,vgg19,350,0.9884623593775808,15
9154,efficientnetb1,750,1.0,3
9155,vgg16,550,0.9461219284703368,13
9156,efficientnetb2,939,1.0,3
9157,densenet121,750,0.6549577219091517,5
9158,resnet34,550,1.0,8
9159,densenet121,939,0.4858756243316292,5
9160,resnet34,750,0.0,16
9161,vgg19,350,0.9884623593775808,15
9162,densenet121,750,0.6549577219091517,5
9163,efficientnetb0,550,1.0,3
9164,vgg19,750,0.9936879963126718,15
9165,densenet121,350,0.6263678162488967,5
9166,efficientnetb2,350,1.0,3
9167,resnet34,550,1.0,8
9168,efficientnetb1,750,1.0,3
9169,efficientnetb1,750,1.0,3
9170,vgg16,750,0.9989474447948092,13
9171,efficientnetb1,750,1.0,3
9172,densenet121,750,0.6549577219091517,5
9173,efficientnetb1,550,1.0,3
9174,vgg19,750,0.9936879963126718,15
9175,vgg19,350,0.9884623593775808,15
9176,efficientnetb1,939,1.0,3
9177,efficientnetb0,350,1.0,3
9178,vgg19,939,1.0,15
9179,efficientnetb0,939,1.0,3
9180,resnet34,550,1.0,8
9181,vgg16,550,0.9461219284703368,13
9182,resnet34,750,1.0,8
9183,efficientnetb2,750,1.0,3
9184,vgg19,350,0.9884623593775808,15
9185,vgg19,550,1.0,15
9186,efficientnetb1,550,1.0,3
9187,resnet34,550,1.0,8
9188,resnet34,939,0.5574747946963727,9
9189,resnet34,939,0.7020867334437453,8
9190,densenet121,350,0.6263678162488967,5
9191,efficientnetb2,350,1.0,3
9192,vgg16,350,0.9150494503700808,13
9193,efficientnetb2,550,1.0,3
9194,resnet34,350,1.0,8
9195,vgg16,550,0.9461219284703368,13
9196,efficientnetb2,550,1.0,3
9197,efficientnetb0,350,1.0,3
9198,densenet121,550,0.6262433485833546,5
9199,efficientnetb0,939,1.0,3
9200,efficientnetb0,550,1.0,3
9201,efficientnetb2,750,1.0,3
9202,densenet121,750,0.6549577219091517,5
9203,efficientnetb2,939,1.0,3
9204,resnet34,939,0.7020867334437453,8
9205,vgg19,750,0.9936879963126718,15
9206,efficientnetb0,939,1.0,3
9207,efficientnetb2,939,1.0,3
9208,efficientnetb1,939,1.0,3
9209,vgg19,350,0.9884623593775808,15
9210,efficientnetb1,550,1.0,3
9211,efficientnetb2,550,1.0,3
9212,densenet121,939,0.4858756243316292,5
9213,resnet34,550,1.0,8
9214,resnet34,939,0.7020867334437453,8
9215,resnet50,350,1.0,6
9216,densenet121,939,0.4858756243316292,5
9217,resnet34,750,1.0,8
9218,vgg19,550,1.0,15
9219,resnet50,350,1.0,6
9220,efficientnetb0,550,1.0,3
9221,resnet50,550,0.8501913432605966,5
9222,vgg19,750,0.9936879963126718,15
9223,efficientnetb1,550,1.0,3
9224,efficientnetb0,939,1.0,3
9225,efficientnetb2,550,1.0,3
9226,efficientnetb1,939,1.0,3
9227,densenet121,750,0.6549577219091517,5
9228,efficientnetb1,350,1.0,3
9229,densenet121,350,0.6263678162488967,5
9230,densenet121,550,0.6262433485833546,5
9231,resnet34,939,0.7020867334437453,8
9232,efficientnetb2,939,1.0,3
9233,efficientnetb2,550,1.0,3
9234,densenet121,350,0.6263678162488967,5
9235,efficientnetb0,939,1.0,3
9236,vgg16,939,1.0,13
9237,vgg19,550,1.0,15
9238,vgg19,750,0.9936879963126718,15
9239,efficientnetb2,550,1.0,3
9240,vgg19,939,1.0,15
9241,densenet121,750,0.6549577219091517,5
9242,resnet34,550,1.0,8
9243,resnet50,750,0.8540914514899219,6
9244,vgg19,550,1.0,15
9245,resnet34,350,1.0,8
9246,vgg16,550,0.9461219284703368,13
9247,efficientnetb0,750,1.0,3
9248,resnet50,550,1.0,6
9249,vgg16,550,0.9461219284703368,13
9250,vgg16,550,0.9461219284703368,13
9251,densenet121,939,0.4858756243316292,5
9252,densenet121,350,0.6263678162488967,5
9253,efficientnetb0,550,1.0,3
9254,resnet34,750,1.0,8
9255,efficientnetb0,750,1.0,3
9256,efficientnetb2,750,1.0,3
9257,densenet121,550,0.6262433485833546,5
9258,vgg16,750,0.7930687335281449,10
9259,efficientnetb2,350,1.0,3
9260,densenet121,939,0.4858756243316292,5
9261,resnet50,939,1.0,6
9262,efficientnetb2,750,1.0,3
9263,efficientnetb0,939,1.0,3
9264,densenet121,550,0.6262433485833546,5
9265,densenet121,939,0.4858756243316292,5
9266,densenet121,939,0.4858756243316292,5
9267,vgg19,350,0.9884623593775808,15
9268,resnet50,350,1.0,6
9269,resnet50,750,0.8540914514899219,6
9270,densenet121,750,0.6549577219091517,5
9271,efficientnetb0,750,1.0,3
9272,efficientnetb1,750,1.0,3
9273,resnet50,750,0.8540914514899219,6
9274,efficientnetb1,939,1.0,3
9275,efficientnetb1,750,1.0,3
9276,efficientnetb0,350,1.0,3
9277,vgg19,939,1.0,15
9278,vgg16,939,1.0,13
9279,efficientnetb2,350,1.0,3
9280,efficientnetb1,550,1.0,3
9281,vgg16,750,0.9989474447948092,13
9282,efficientnetb2,750,1.0,3
9283,vgg16,350,0.9150494503700808,13
9284,vgg16,550,0.9461219284703368,13
9285,efficientnetb2,750,1.0,3
9286,resnet50,550,1.0,6
9287,resnet34,939,0.7020867334437453,8
9288,efficientnetb1,750,1.0,3
9289,vgg19,550,1.0,15
9290,efficientnetb1,550,1.0,3
9291,densenet121,550,0.6262433485833546,5
9292,vgg16,550,0.9461219284703368,13
9293,efficientnetb1,750,1.0,3
9294,resnet34,350,1.0,8
9295,efficientnetb2,750,1.0,3
9296,vgg16,939,1.0,13
9297,resnet34,550,1.0,8
9298,vgg19,939,1.0,15
9299,efficientnetb0,350,1.0,3
9300,vgg19,350,0.9884623593775808,15
9301,resnet34,750,1.0,8
9302,efficientnetb2,750,1.0,3
9303,resnet50,350,1.0,6
9304,resnet34,939,0.7020867334437453,8
9305,vgg16,939,1.0,13
9306,resnet50,350,1.0,6
9307,resnet34,750,1.0,8
9308,vgg19,939,1.0,15
9309,resnet34,550,1.0,8
9310,efficientnetb1,550,1.0,3
9311,densenet121,750,0.6549577219091517,5
9312,efficientnetb2,550,1.0,3
9313,vgg19,750,0.9936879963126718,15
9314,vgg16,550,0.9461219284703368,13
9315,efficientnetb1,750,1.0,3
9316,efficientnetb2,550,1.0,3
9317,efficientnetb0,750,1.0,3
9318,densenet121,939,0.4858756243316292,5
9319,efficientnetb1,550,1.0,3
9320,efficientnetb0,350,1.0,3
9321,efficientnetb0,750,1.0,3
9322,vgg19,350,0.9884623593775808,15
9323,vgg16,750,0.9989474447948092,13
9324,vgg16,350,0.9150494503700808,13
9325,vgg19,350,0.9884623593775808,15
9326,efficientnetb1,939,1.0,3
9327,resnet34,550,1.0,8
9328,densenet121,550,0.6262433485833546,5
9329,resnet34,350,1.0,8
9330,efficientnetb2,350,1.0,3
9331,vgg19,350,0.9884623593775808,15
9332,vgg16,750,0.9989474447948092,13
9333,resnet50,350,1.0,6
9334,vgg16,350,0.9150494503700808,13
9335,vgg16,350,0.9150494503700808,13
9336,densenet121,350,0.6263678162488967,5
9337,efficientnetb2,939,1.0,3
9338,resnet50,350,1.0,6
9339,densenet121,939,0.4858756243316292,5
9340,vgg16,550,0.9461219284703368,13
9341,vgg19,939,1.0,15
9342,vgg16,939,1.0,13
9343,efficientnetb1,939,1.0,3
9344,efficientnetb1,550,1.0,3
9345,densenet121,350,0.6263678162488967,5
9346,resnet34,750,1.0,8
9347,resnet50,939,1.0,6
9348,densenet121,550,0.6262433485833546,5
9349,resnet34,550,1.0,8
9350,efficientnetb1,750,1.0,3
9351,vgg19,350,0.9884623593775808,15
9352,efficientnetb1,939,1.0,3
9353,efficientnetb2,939,1.0,3
9354,efficientnetb2,750,1.0,3
9355,densenet121,939,0.4858756243316292,5
9356,efficientnetb0,350,1.0,3
9357,efficientnetb1,550,0.6878389778024664,4
9358,efficientnetb2,350,1.0,3
9359,vgg16,939,1.0,13
9360,densenet121,550,0.6262433485833546,5
9361,efficientnetb1,939,1.0,3
9362,resnet50,939,1.0,6
9363,efficientnetb0,550,1.0,3
9364,resnet34,350,1.0,8
9365,efficientnetb0,350,1.0,3
9366,resnet34,939,0.7020867334437453,8
9367,resnet50,550,1.0,6
9368,resnet50,939,1.0,6
9369,densenet121,350,0.6263678162488967,5
9370,densenet121,550,0.6262433485833546,5
9371,efficientnetb1,350,1.0,3
9372,resnet50,750,0.8540914514899219,6
9373,resnet50,350,1.0,6
9374,efficientnetb2,350,1.0,3
9375,efficientnetb2,939,1.0,3
9376,resnet34,750,1.0,8
9377,densenet121,550,0.6262433485833546,5
9378,resnet34,550,1.0,8
9379,resnet34,939,0.7020867334437453,8
9380,densenet121,939,0.4858756243316292,5
9381,efficientnetb2,939,1.0,3
9382,vgg19,939,1.0,15
9383,vgg16,350,0.9150494503700808,13
9384,vgg16,350,0.9150494503700808,13
9385,vgg16,350,0.9150494503700808,13
9386,efficientnetb1,750,1.0,3
9387,efficientnetb2,550,1.0,3
9388,resnet34,550,1.0,8
9389,vgg16,550,0.9461219284703368,13
9390,resnet34,939,0.7020867334437453,8
9391,efficientnetb2,350,1.0,3
9392,vgg19,550,1.0,15
9393,vgg19,550,1.0,15
9394,densenet121,750,0.6549577219091517,5
9395,efficientnetb2,350,1.0,3
9396,densenet121,750,0.6549577219091517,5
9397,vgg19,750,0.9936879963126718,15
9398,resnet34,939,0.7020867334437453,8
9399,efficientnetb0,350,1.0,3
9400,efficientnetb2,350,1.0,3
9401,efficientnetb0,750,1.0,3
9402,densenet121,350,0.6263678162488967,5
9403,efficientnetb0,939,1.0,3
9404,efficientnetb0,939,1.0,3
9405,efficientnetb0,350,1.0,3
9406,efficientnetb2,350,1.0,3
9407,efficientnetb0,350,1.0,3
9408,efficientnetb1,750,1.0,3
9409,vgg19,939,1.0,15
9410,densenet121,350,0.6263678162488967,5
9411,efficientnetb0,350,1.0,3
9412,densenet121,939,0.4858756243316292,5
9413,densenet121,350,0.6263678162488967,5
9414,resnet50,550,1.0,6
9415,vgg19,550,1.0,15
9416,efficientnetb0,939,1.0,3
9417,efficientnetb0,350,1.0,3
9418,vgg19,750,0.9936879963126718,15
9419,efficientnetb2,550,1.0,3
9420,resnet50,350,1.0,6
9421,resnet50,750,0.8540914514899219,6
9422,resnet34,350,0.0,16
9423,efficientnetb1,939,1.0,3
9424,efficientnetb2,750,1.0,3
9425,resnet34,750,0.0,16
9426,efficientnetb2,350,1.0,3
9427,efficientnetb1,350,1.0,3
9428,efficientnetb0,750,1.0,3
9429,vgg19,750,0.9936879963126718,15
9430,efficientnetb1,350,1.0,3
9431,efficientnetb1,750,1.0,3
9432,resnet50,550,1.0,6
9433,vgg16,350,0.9150494503700808,13
9434,resnet34,750,0.0,16
9435,efficientnetb1,939,1.0,3
9436,efficientnetb2,550,1.0,3
9437,efficientnetb1,350,1.0,3
9438,resnet50,550,1.0,6
9439,vgg16,750,0.9989474447948092,13
9440,vgg16,350,0.9150494503700808,13
9441,densenet121,939,0.4858756243316292,5
9442,vgg16,550,0.9461219284703368,13
9443,vgg16,750,0.9989474447948092,13
9444,resnet34,550,1.0,8
9445,resnet34,550,0.0,16
9446,vgg19,939,1.0,15
9447,vgg19,550,1.0,15
9448,vgg16,750,0.9989474447948092,13
9449,efficientnetb0,939,1.0,3
9450,vgg16,750,0.9989474447948092,13
9451,vgg16,550,0.9461219284703368,13
9452,resnet50,750,0.692684175445151,7
9453,resnet50,750,0.692684175445151,7
9454,resnet50,350,1.0,6
9455,resnet50,550,1.0,6
9456,densenet121,350,0.6263678162488967,5
9457,vgg19,550,1.0,15
9458,efficientnetb0,550,1.0,3
9459,vgg16,939,1.0,13
9460,resnet50,750,0.692684175445151,7
9461,resnet50,750,0.692684175445151,7
9462,vgg19,550,1.0,15
9463,efficientnetb2,939,1.0,3
9464,efficientnetb1,550,1.0,3
9465,resnet50,350,0.8169515861153699,7
9466,efficientnetb0,350,1.0,3
9467,densenet121,939,0.4858756243316292,5
9468,efficientnetb2,939,1.0,3
9469,resnet50,550,0.8215124558966982,7
9470,efficientnetb0,350,1.0,3
9471,densenet121,939,0.4858756243316292,5
9472,densenet121,550,0.6262433485833546,5
9473,densenet121,550,0.6262433485833546,5
9474,vgg19,350,0.9884623593775808,15
9475,efficientnetb1,939,1.0,3
9476,densenet121,750,0.6549577219091517,5
9477,efficientnetb1,350,1.0,3
9478,densenet121,350,0.6263678162488967,5
9479,efficientnetb1,939,1.0,3
9480,resnet50,550,0.8215124558966982,7
9481,efficientnetb2,750,1.0,3
9482,resnet34,550,0.0,16
9483,densenet121,550,0.6262433485833546,5
9484,efficientnetb0,550,1.0,3
9485,resnet34,939,0.7020867334437453,8
9486,resnet34,550,1.0,8
9487,vgg16,350,0.9150494503700808,13
9488,vgg19,350,0.9884623593775808,15
9489,resnet50,939,0.8017819857800019,7
9490,efficientnetb2,350,1.0,3
9491,efficientnetb1,750,1.0,3
9492,efficientnetb0,750,1.0,3
9493,vgg16,350,0.9150494503700808,13
9494,vgg19,550,1.0,15
9495,vgg19,750,0.9936879963126718,15
9496,vgg19,550,1.0,15
9497,efficientnetb2,550,1.0,3
9498,vgg19,350,0.9884623593775808,15
9499,efficientnetb0,750,1.0,3
9500,efficientnetb1,550,1.0,3
9501,efficientnetb2,550,1.0,3
9502,efficientnetb0,939,1.0,3
9503,vgg19,350,0.9884623593775808,15
9504,efficientnetb2,750,1.0,3
9505,resnet34,350,1.0,8
9506,efficientnetb2,350,1.0,3
9507,efficientnetb0,939,1.0,3
9508,densenet121,750,0.6549577219091517,5
9509,efficientnetb1,550,1.0,3
9510,efficientnetb1,750,1.0,3
9511,efficientnetb1,350,1.0,3
9512,vgg16,750,0.9989474447948092,13
9513,resnet50,550,1.0,6
9514,efficientnetb2,939,1.0,3
9515,vgg16,550,0.9461219284703368,13
9516,vgg19,350,0.9884623593775808,15
9517,densenet121,939,0.4858756243316292,5
9518,vgg19,350,0.9884623593775808,15
9519,efficientnetb2,550,1.0,3
9520,efficientnetb2,939,1.0,3
9521,efficientnetb0,750,1.0,3
9522,efficientnetb0,350,1.0,3
9523,densenet121,550,0.6262433485833546,5
9524,vgg19,550,1.0,15
9525,vgg19,550,1.0,15
9526,resnet34,550,1.0,8
9527,vgg16,750,0.9989474447948092,13
9528,efficientnetb1,750,1.0,3
9529,resnet34,750,1.0,8
9530,resnet50,350,1.0,6
9531,efficientnetb2,939,1.0,3
9532,efficientnetb0,550,1.0,3
9533,efficientnetb2,550,1.0,3
9534,efficientnetb0,350,1.0,3
9535,resnet50,350,1.0,6
9536,efficientnetb2,350,1.0,3
9537,efficientnetb1,939,1.0,3
9538,efficientnetb1,750,1.0,3
9539,efficientnetb2,550,1.0,3
9540,vgg19,350,0.9884623593775808,15
9541,efficientnetb0,350,1.0,3
9542,efficientnetb1,750,1.0,3
9543,resnet50,939,1.0,6
9544,resnet50,750,0.8540914514899219,6
9545,vgg19,350,0.9884623593775808,15
9546,vgg16,350,0.9150494503700808,13
9547,vgg16,350,0.9150494503700808,13
9548,efficientnetb0,939,1.0,3
9549,efficientnetb1,350,1.0,3
9550,resnet50,750,0.8540914514899219,6
9551,resnet34,550,1.0,8
9552,vgg19,550,1.0,15
9553,densenet121,939,0.4858756243316292,5
9554,resnet50,550,1.0,6
9555,resnet50,750,0.8540914514899219,6
9556,resnet34,350,1.0,8
9557,efficientnetb2,550,1.0,3
9558,efficientnetb2,750,1.0,3
9559,efficientnetb1,550,1.0,3
9560,vgg16,550,0.9461219284703368,13
9561,efficientnetb0,750,1.0,3
9562,vgg16,750,0.9989474447948092,13
9563,resnet34,550,1.0,8
9564,efficientnetb1,939,1.0,3
9565,vgg16,750,0.9989474447948092,13
9566,efficientnetb2,550,1.0,3
9567,resnet50,350,1.0,6
9568,resnet50,939,1.0,6
9569,resnet50,550,1.0,6
9570,vgg16,939,1.0,13
9571,densenet121,750,0.6549577219091517,5
9572,efficientnetb1,750,1.0,3
9573,vgg19,750,0.9936879963126718,15
9574,efficientnetb1,750,1.0,3
9575,densenet121,550,0.6262433485833546,5
9576,resnet50,750,0.8540914514899219,6
9577,efficientnetb2,750,1.0,3
9578,vgg19,550,1.0,15
9579,densenet121,350,0.6263678162488967,5
9580,vgg19,550,1.0,15
9581,vgg16,750,0.9989474447948092,13
9582,densenet121,750,0.6549577219091517,5
9583,densenet121,550,0.6262433485833546,5
9584,vgg16,350,0.9150494503700808,13
9585,vgg19,350,0.9884623593775808,15
9586,resnet34,750,1.0,8
9587,efficientnetb0,550,1.0,3
9588,vgg16,939,1.0,13
9589,efficientnetb2,550,1.0,3
9590,resnet34,939,0.7020867334437453,8
9591,vgg19,550,1.0,15
9592,vgg19,350,0.9884623593775808,15
9593,vgg19,550,1.0,15
9594,efficientnetb0,550,0.7484594574197447,4
9595,efficientnetb2,750,1.0,3
9596,efficientnetb2,939,1.0,3
9597,densenet121,939,0.4858756243316292,5
9598,efficientnetb0,550,1.0,3
9599,vgg16,350,0.9150494503700808,13
9600,efficientnetb2,550,1.0,3
9601,efficientnetb2,350,1.0,3
9602,efficientnetb0,939,1.0,3
9603,resnet50,550,1.0,6
9604,densenet121,750,0.6549577219091517,5
9605,efficientnetb2,939,1.0,3
9606,resnet34,550,1.0,8
9607,efficientnetb0,939,1.0,3
9608,resnet34,550,1.0,8
9609,vgg19,750,0.9936879963126718,15
9610,resnet50,550,1.0,6
9611,resnet34,350,1.0,8
9612,efficientnetb0,939,1.0,3
9613,efficientnetb0,750,1.0,3
9614,efficientnetb2,939,1.0,3
9615,resnet34,350,1.0,8
9616,resnet34,550,1.0,8
9617,vgg16,750,0.9989474447948092,13
9618,efficientnetb2,939,1.0,3
9619,efficientnetb0,550,1.0,3
9620,resnet50,350,1.0,6
9621,efficientnetb2,939,1.0,3
9622,densenet121,750,0.6549577219091517,5
9623,efficientnetb2,550,1.0,3
9624,vgg19,939,1.0,15
9625,resnet50,939,1.0,6
9626,vgg16,939,1.0,13
9627,vgg16,350,0.9150494503700808,13
9628,resnet34,750,1.0,8
9629,efficientnetb1,750,1.0,3
9630,efficientnetb2,750,1.0,3
9631,resnet50,939,1.0,6
9632,vgg19,939,1.0,15
9633,resnet34,550,1.0,8
9634,resnet50,350,1.0,6
9635,efficientnetb0,750,1.0,3
9636,vgg16,750,0.9989474447948092,13
9637,vgg19,550,1.0,15
9638,efficientnetb1,750,1.0,3
9639,densenet121,939,0.4858756243316292,5
9640,resnet34,350,1.0,8
9641,efficientnetb1,350,1.0,3
9642,efficientnetb1,350,1.0,3
9643,vgg19,350,0.9884623593775808,15
9644,resnet34,939,0.7020867334437453,8
9645,efficientnetb2,750,1.0,3
9646,vgg16,350,0.9150494503700808,13
9647,densenet121,750,0.6549577219091517,5
9648,densenet121,939,0.4858756243316292,5
9649,resnet34,750,1.0,8
9650,vgg16,939,1.0,13
9651,vgg19,550,1.0,15
9652,efficientnetb1,350,1.0,3
9653,efficientnetb0,350,1.0,3
9654,densenet121,939,0.4858756243316292,5
9655,densenet121,939,0.4858756243316292,5
9656,efficientnetb2,750,1.0,3
9657,densenet121,350,0.6263678162488967,5
9658,efficientnetb2,350,1.0,3
9659,resnet50,550,0.8215124558966982,7
9660,vgg19,350,0.9884623593775808,15
9661,resnet50,939,1.0,6
9662,efficientnetb0,350,1.0,3
9663,efficientnetb1,350,1.0,3
9664,vgg19,350,0.9884623593775808,15
9665,efficientnetb0,550,1.0,3
9666,densenet121,550,0.6262433485833546,5
9667,efficientnetb2,939,1.0,3
9668,vgg16,939,1.0,13
9669,efficientnetb1,550,1.0,3
9670,densenet121,750,0.6549577219091517,5
9671,efficientnetb2,550,1.0,3
9672,efficientnetb2,750,1.0,3
9673,densenet121,750,0.6549577219091517,5
9674,efficientnetb0,750,1.0,3
9675,efficientnetb1,550,1.0,3
9676,resnet50,939,1.0,6
9677,resnet34,750,1.0,8
9678,densenet121,939,0.4858756243316292,5
9679,vgg16,350,0.9150494503700808,13
9680,resnet50,939,1.0,6
9681,efficientnetb1,939,1.0,3
9682,efficientnetb0,750,1.0,3
9683,vgg16,550,0.9461219284703368,13
9684,efficientnetb1,350,1.0,3
9685,densenet121,750,0.6549577219091517,5
9686,vgg19,350,0.9884623593775808,15
9687,vgg19,939,1.0,15
9688,efficientnetb2,350,1.0,3
9689,vgg16,350,0.9150494503700808,13
9690,resnet50,750,0.8540914514899219,6
9691,resnet34,350,1.0,8
9692,vgg19,939,1.0,15
9693,efficientnetb0,350,1.0,3
9694,densenet121,550,0.6262433485833546,5
9695,resnet34,750,1.0,8
9696,densenet121,350,0.6263678162488967,5
9697,efficientnetb1,350,1.0,3
9698,densenet121,939,0.4858756243316292,5
9699,resnet50,750,0.8540914514899219,6
9700,efficientnetb0,350,1.0,3
9701,densenet121,550,0.6262433485833546,5
9702,resnet50,550,1.0,6
9703,vgg16,939,1.0,13
9704,densenet121,750,0.6549577219091517,5
9705,efficientnetb2,750,1.0,3
9706,resnet50,939,1.0,6
9707,efficientnetb1,939,1.0,3
9708,efficientnetb2,750,1.0,3
9709,vgg16,350,0.9150494503700808,13
9710,resnet50,939,1.0,6
9711,resnet50,939,1.0,6
9712,vgg16,550,0.9461219284703368,13
9713,efficientnetb0,550,1.0,3
9714,resnet50,939,1.0,6
9715,efficientnetb1,750,1.0,3
9716,resnet34,939,0.7020867334437453,8
9717,resnet34,750,1.0,8
9718,vgg19,939,1.0,15
9719,resnet50,350,1.0,6
9720,resnet34,939,0.7020867334437453,8
9721,vgg19,750,0.9936879963126718,15
9722,efficientnetb0,350,1.0,3
9723,efficientnetb2,350,1.0,3
9724,resnet50,939,1.0,6
9725,efficientnetb0,550,1.0,3
9726,resnet50,939,1.0,6
9727,efficientnetb0,750,1.0,3
9728,densenet121,350,0.6263678162488967,5
9729,efficientnetb0,939,1.0,3
9730,efficientnetb2,350,1.0,3
9731,resnet50,939,1.0,6
9732,resnet50,550,1.0,6
9733,densenet121,750,0.6549577219091517,5
9734,resnet34,350,1.0,8
9735,vgg19,350,0.9884623593775808,15
9736,resnet34,350,1.0,8
9737,resnet34,750,1.0,8
9738,densenet121,939,0.4858756243316292,5
9739,resnet34,750,0.8389123599870303,9
9740,efficientnetb0,939,1.0,3
9741,efficientnetb0,939,1.0,3
9742,efficientnetb2,350,1.0,3
9743,resnet34,550,1.0,8
9744,densenet121,939,0.4858756243316292,5
9745,vgg16,939,1.0,13
9746,vgg16,350,0.9150494503700808,13
9747,efficientnetb1,750,1.0,3
9748,efficientnetb2,550,1.0,3
9749,resnet50,939,1.0,6
9750,efficientnetb0,939,1.0,3
9751,resnet50,550,1.0,6
9752,vgg19,750,0.9936879963126718,15
9753,efficientnetb1,939,1.0,3
9754,densenet121,550,0.6262433485833546,5
9755,resnet34,750,1.0,8
9756,efficientnetb0,939,1.0,3
9757,vgg16,350,0.9150494503700808,13
9758,densenet121,939,0.4858756243316292,5
9759,efficientnetb1,750,1.0,3
9760,resnet34,550,1.0,8
9761,densenet121,750,0.6549577219091517,5
9762,densenet121,550,0.6262433485833546,5
9763,vgg19,350,0.9884623593775808,15
9764,resnet50,350,1.0,6
9765,efficientnetb1,550,1.0,3
9766,resnet50,750,0.8540914514899219,6
9767,efficientnetb2,350,1.0,3
9768,efficientnetb2,750,1.0,3
9769,vgg19,750,0.9936879963126718,15
9770,efficientnetb0,939,1.0,3
9771,resnet50,350,1.0,6
9772,resnet50,939,1.0,6
9773,vgg16,350,0.9150494503700808,13
9774,resnet50,750,0.8540914514899219,6
9775,efficientnetb1,939,1.0,3
9776,resnet34,550,1.0,8
9777,efficientnetb0,939,1.0,3
9778,efficientnetb1,939,1.0,3
9779,vgg16,350,0.9150494503700808,13
9780,efficientnetb1,550,1.0,3
9781,vgg16,750,0.9989474447948092,13
9782,densenet121,939,0.4858756243316292,5
9783,efficientnetb0,350,1.0,3
9784,efficientnetb1,750,1.0,3
9785,vgg16,750,0.9989474447948092,13
9786,resnet50,350,1.0,6
9787,resnet34,550,1.0,8
9788,vgg16,939,1.0,13
9789,efficientnetb2,550,1.0,3
9790,resnet50,550,1.0,6
9791,densenet121,550,0.6262433485833546,5
9792,efficientnetb2,939,1.0,3
9793,efficientnetb2,939,1.0,3
9794,resnet34,550,1.0,8
9795,resnet50,350,1.0,6
9796,vgg19,750,0.9936879963126718,15
9797,efficientnetb1,750,1.0,3
9798,efficientnetb0,350,1.0,3
9799,vgg19,550,1.0,15
9800,efficientnetb0,750,1.0,3
9801,resnet50,939,0.8017819857800019,7
9802,resnet50,750,0.8540914514899219,6
9803,densenet121,350,0.6263678162488967,5
9804,densenet121,350,0.6263678162488967,5
9805,efficientnetb0,550,1.0,3
9806,efficientnetb1,939,1.0,3
9807,efficientnetb2,939,1.0,3
9808,vgg16,939,1.0,13
9809,efficientnetb0,350,1.0,3
9810,efficientnetb1,550,1.0,3
9811,resnet34,550,1.0,8
9812,efficientnetb2,550,1.0,3
9813,resnet34,750,1.0,8
9814,efficientnetb1,550,1.0,3
9815,vgg16,550,0.9461219284703368,13
9816,efficientnetb0,939,1.0,3
9817,vgg16,350,0.9150494503700808,13
9818,efficientnetb2,939,1.0,3
9819,resnet34,350,1.0,8
9820,densenet121,350,0.6263678162488967,5
9821,efficientnetb2,550,1.0,3
9822,efficientnetb1,550,1.0,3
9823,resnet50,350,1.0,6
9824,efficientnetb1,939,1.0,3
9825,efficientnetb1,350,1.0,3
9826,vgg16,550,0.9461219284703368,13
9827,resnet50,550,1.0,6
9828,vgg16,939,0.8568556422949929,11
9829,densenet121,350,0.6263678162488967,5
9830,resnet34,350,1.0,8
9831,efficientnetb2,750,1.0,3
9832,efficientnetb1,350,1.0,3
9833,efficientnetb2,750,1.0,3
9834,resnet50,350,1.0,6
9835,resnet50,750,0.8540914514899219,6
9836,efficientnetb2,939,1.0,3
9837,vgg16,750,0.9989474447948092,13
9838,vgg16,350,0.9150494503700808,13
9839,resnet50,750,0.8540914514899219,6
9840,resnet34,550,1.0,8
9841,vgg19,750,0.9936879963126718,15
9842,densenet121,550,0.6262433485833546,5
9843,densenet121,750,0.6549577219091517,5
9844,efficientnetb0,350,1.0,3
9845,efficientnetb2,350,1.0,3
9846,resnet50,750,0.8540914514899219,6
9847,efficientnetb2,750,1.0,3
9848,resnet34,550,1.0,8
9849,efficientnetb0,939,1.0,3
9850,resnet50,350,1.0,6
9851,resnet50,350,1.0,6
9852,vgg19,939,1.0,15
9853,vgg16,550,0.9461219284703368,13
9854,resnet34,550,1.0,8
9855,vgg19,939,1.0,15
9856,vgg19,350,0.9884623593775808,15
9857,vgg16,550,0.9461219284703368,13
9858,vgg19,550,1.0,15
9859,vgg19,939,1.0,15
9860,densenet121,550,0.6262433485833546,5
9861,efficientnetb2,939,1.0,3
9862,vgg19,939,1.0,15
9863,efficientnetb1,350,1.0,3
9864,efficientnetb2,350,1.0,3
9865,densenet121,750,0.6549577219091517,5
9866,efficientnetb1,750,1.0,3
9867,vgg19,550,1.0,15
9868,vgg19,350,0.9884623593775808,15
9869,vgg16,550,0.9461219284703368,13
9870,vgg16,750,0.9989474447948092,13
9871,efficientnetb0,550,1.0,3
9872,resnet34,550,1.0,8
9873,resnet34,550,1.0,8
9874,vgg19,939,1.0,15
9875,efficientnetb0,350,1.0,3
9876,vgg19,550,1.0,15
9877,efficientnetb2,939,1.0,3
9878,densenet121,939,0.4858756243316292,5
9879,densenet121,350,0.6263678162488967,5
9880,efficientnetb1,550,1.0,3
9881,efficientnetb1,939,1.0,3
9882,vgg19,939,1.0,15
9883,densenet121,939,0.4858756243316292,5
9884,vgg19,750,0.9936879963126718,15
9885,efficientnetb0,939,1.0,3
9886,vgg19,750,0.9936879963126718,15
9887,resnet50,939,1.0,6
9888,densenet121,939,0.4858756243316292,5
9889,efficientnetb2,939,1.0,3
9890,vgg19,550,1.0,15
9891,vgg16,550,0.9461219284703368,13
9892,resnet34,939,0.7020867334437453,8
9893,efficientnetb2,350,1.0,3
9894,efficientnetb2,550,1.0,3
9895,resnet34,550,1.0,8
9896,efficientnetb1,750,1.0,3
9897,densenet121,750,0.6549577219091517,5
9898,vgg19,750,0.9936879963126718,15
9899,efficientnetb0,939,1.0,3
9900,efficientnetb0,939,1.0,3
9901,resnet34,939,0.7020867334437453,8
9902,resnet34,939,0.7020867334437453,8
9903,densenet121,750,0.6549577219091517,5
9904,efficientnetb1,550,1.0,3
9905,densenet121,750,0.6549577219091517,5
9906,vgg16,939,1.0,13
9907,vgg19,750,0.9936879963126718,15
9908,densenet121,350,0.6263678162488967,5
9909,efficientnetb1,350,1.0,3
9910,efficientnetb2,750,1.0,3
9911,efficientnetb1,939,1.0,3
9912,efficientnetb1,939,1.0,3
9913,vgg19,939,1.0,15
9914,efficientnetb2,350,1.0,3
9915,efficientnetb0,350,1.0,3
9916,efficientnetb2,939,1.0,3
9917,resnet34,550,1.0,8
9918,efficientnetb1,350,1.0,3
9919,resnet50,550,1.0,6
9920,vgg19,939,1.0,15
9921,efficientnetb2,939,1.0,3
9922,vgg16,750,0.9989474447948092,13
9923,efficientnetb2,350,1.0,3
9924,efficientnetb0,939,1.0,3
9925,resnet34,939,0.7020867334437453,8
9926,efficientnetb2,550,0.7219694682129152,4
9927,vgg16,550,0.9461219284703368,13
9928,densenet121,350,0.6263678162488967,5
9929,efficientnetb2,750,1.0,3
9930,efficientnetb1,350,1.0,3
9931,vgg16,550,0.9461219284703368,13
9932,efficientnetb2,550,1.0,3
9933,densenet121,939,0.4858756243316292,5
9934,efficientnetb2,939,1.0,3
9935,efficientnetb2,350,1.0,3
9936,efficientnetb0,750,1.0,3
9937,efficientnetb0,939,1.0,3
9938,densenet121,750,0.6549577219091517,5
9939,efficientnetb0,750,1.0,3
9940,efficientnetb0,939,1.0,3
9941,densenet121,550,0.6262433485833546,5
9942,densenet121,750,0.6549577219091517,5
9943,efficientnetb2,550,1.0,3
9944,vgg16,750,0.9989474447948092,13
9945,efficientnetb1,350,1.0,3
9946,resnet50,550,1.0,6
9947,efficientnetb0,550,1.0,3
9948,vgg19,350,0.9884623593775808,15
9949,resnet34,550,1.0,8
9950,resnet34,750,1.0,8
9951,resnet34,939,0.7020867334437453,8
9952,efficientnetb1,939,1.0,3
9953,efficientnetb2,750,1.0,3
9954,resnet34,939,0.7020867334437453,8
9955,efficientnetb2,750,1.0,3
9956,vgg19,750,0.9936879963126718,15
9957,efficientnetb1,550,1.0,3
9958,resnet34,939,0.7020867334437453,8
9959,densenet121,550,0.6262433485833546,5
9960,resnet50,550,1.0,6
9961,resnet34,350,1.0,8
9962,vgg16,350,0.9150494503700808,13
9963,resnet34,750,1.0,8
9964,efficientnetb0,750,1.0,3
9965,efficientnetb2,350,1.0,3
9966,vgg16,550,0.9461219284703368,13
9967,vgg16,350,0.9150494503700808,13
9968,vgg16,750,0.9989474447948092,13
9969,vgg16,350,0.9150494503700808,13
9970,vgg19,750,0.9936879963126718,15
9971,resnet50,939,1.0,6
9972,vgg19,750,0.9936879963126718,15
9973,efficientnetb1,939,1.0,3
9974,efficientnetb1,750,1.0,3
9975,resnet34,939,0.7020867334437453,8
9976,vgg16,939,1.0,13
9977,densenet121,550,0.6262433485833546,5
9978,efficientnetb0,350,1.0,3
9979,efficientnetb0,750,1.0,3
9980,resnet34,939,0.7020867334437453,8
9981,efficientnetb0,350,1.0,3
9982,efficientnetb0,350,1.0,3
9983,resnet34,550,1.0,8
9984,efficientnetb2,350,1.0,3
9985,efficientnetb1,939,1.0,3
9986,densenet121,350,0.6263678162488967,5
9987,resnet34,750,1.0,8
9988,resnet34,350,0.9419697554794192,9
9989,efficientnetb2,939,1.0,3
9990,resnet50,350,1.0,6
9991,resnet34,350,1.0,8
9992,efficientnetb0,939,1.0,3
9993,vgg16,939,1.0,13
9994,resnet50,350,1.0,6
9995,efficientnetb2,550,1.0,3
9996,densenet121,750,0.6549577219091517,5
9997,densenet121,939,0.4858756243316292,5
9998,resnet50,550,1.0,6
9999,resnet50,550,1.0,6
10000,efficientnetb1,550,1.0,3
