episode,model,bandwidth,final_reward,split_point
1,efficientnetb1,550,0.0,1
2,resnet50,350,0.8830285561177872,5
3,vgg16,350,0.0,1
4,efficientnetb1,550,0.2436659344100393,2
5,efficientnetb1,350,0.7181138626700144,4
6,efficientnetb0,550,0.0,1
7,vgg19,550,0.0192737323606945,1
8,vgg16,550,0.0199271539720846,1
9,resnet50,939,0.1412757250508847,2
10,efficientnetb2,939,0.6509085704414946,4
11,densenet121,350,0.0,1
12,vgg16,939,0.4173293874259716,5
13,efficientnetb0,750,0.0025215886423978,8
14,densenet121,939,0.0,1
15,densenet121,350,0.6263678162488967,5
16,resnet50,350,0.2365622217411404,3
17,densenet121,750,0.0279532973407523,2
18,resnet50,939,0.0,1
19,efficientnetb2,550,0.1187494852525661,7
20,resnet18,939,0.5358361217945573,1
21,vgg16,550,0.0768889395683232,3
22,densenet121,939,0.0166311998595305,3
23,vgg19,550,0.4939105417814899,8
24,efficientnetb0,350,0.0,1
25,resnet50,939,1.0,6
26,vgg16,350,0.451298059329941,6
27,resnet50,550,0.2772450699669692,3
28,vgg16,750,0.0,2
29,densenet121,550,0.0266970250369456,2
30,efficientnetb2,350,0.0,1
31,efficientnetb0,750,0.221102352041803,2
32,efficientnetb2,750,0.0,1
33,vgg19,750,0.1063831635744575,4
34,vgg16,750,0.0240042451732625,4
35,resnet18,939,1.0,2
36,resnet50,939,0.1412757250508847,2
37,resnet18,550,0.5341577662577371,1
38,vgg16,350,0.1139662905811487,4
39,resnet50,750,0.098265786808133,1
40,vgg19,750,0.482051380981956,8
41,resnet50,750,0.5242927837491854,3
42,vgg16,350,0.0,1
43,efficientnetb0,750,0.0025215886423978,8
44,vgg16,750,0.0,2
45,efficientnetb0,939,0.0,1
46,resnet18,350,1.0,3
47,resnet50,350,0.2365622217411404,3
48,efficientnetb2,350,0.0,1
49,resnet50,350,0.0948151869136176,2
50,vgg16,550,0.0983706975456484,4
51,efficientnetb0,350,0.0,1
52,efficientnetb1,939,0.2284047954549483,2
53,efficientnetb0,750,0.6483214388113725,4
54,vgg19,750,0.676490846767288,20
55,efficientnetb2,350,0.0,1
56,efficientnetb1,750,0.258386396623143,2
57,efficientnetb1,750,0.0,1
58,resnet18,550,0.5341577662577371,1
59,resnet18,939,1.0,2
60,vgg16,939,0.5638100259338691,8
61,resnet50,939,0.3012988939538109,3
62,resnet50,550,0.0097267662088094,1
63,efficientnetb2,939,0.027788540826475,8
64,densenet121,939,0.0230700539672484,2
65,efficientnetb0,939,0.5462134982716761,5
66,efficientnetb0,350,0.2601845258832877,2
67,efficientnetb2,750,0.0,1
68,vgg19,550,0.1248786103205342,4
69,densenet121,939,0.4858756243316292,5
70,efficientnetb2,550,0.0,1
71,efficientnetb0,550,0.290069122860228,2
72,efficientnetb2,939,0.0,1
73,vgg19,550,0.1112152559945396,3
74,efficientnetb2,550,1.0,3
75,efficientnetb0,350,1.0,3
76,efficientnetb2,350,0.237407337197427,6
77,efficientnetb1,939,0.2680647929070547,6
78,resnet50,550,1.0,6
79,efficientnetb1,550,0.5223117533457641,5
80,resnet18,350,0.9463184463728672,2
81,resnet50,750,0.8540914514899219,6
82,efficientnetb2,550,0.7219694682129152,4
83,vgg16,550,0.4337023661646058,6
84,vgg19,939,0.053642035656265,3
85,vgg16,350,0.9150494503700808,13
86,efficientnetb1,750,0.258386396623143,2
87,efficientnetb2,350,0.0,1
88,resnet18,550,0.6805816088044464,4
89,vgg19,350,0.0,1
90,efficientnetb2,550,0.1997439170806723,2
91,densenet121,939,0.0166311998595305,3
92,vgg19,550,0.4939105417814899,8
93,vgg19,350,0.1104026426586838,3
94,efficientnetb1,750,1.0,3
95,resnet18,550,1.0,2
96,efficientnetb1,550,0.0,1
97,vgg16,350,0.0,1
98,efficientnetb2,939,0.0,1
99,vgg19,550,0.7587179131016882,12
100,efficientnetb1,550,0.0720571217046986,8
101,densenet121,550,0.0731558842200006,11
102,efficientnetb1,550,0.2436659344100393,2
103,vgg16,550,0.0199271539720846,1
104,vgg19,550,0.0192737323606945,1
105,efficientnetb2,750,1.0,3
106,efficientnetb1,350,0.0,1
107,resnet50,939,0.8248723661787692,5
108,efficientnetb0,939,0.245393377540531,2
109,resnet18,550,0.5341577662577371,1
110,efficientnetb1,550,0.6878389778024664,4
111,vgg16,939,0.7391812735874347,15
112,vgg19,939,0.0,2
113,efficientnetb0,550,0.0,1
114,efficientnetb1,939,0.0961268279883589,7
115,efficientnetb1,350,0.2325508521386866,7
116,efficientnetb2,350,1.0,3
117,resnet50,550,0.3122123747244922,11
118,resnet18,350,1.0,3
119,resnet50,939,0.3012988939538109,3
120,vgg16,750,0.0835468528760409,3
121,efficientnetb1,550,0.1264304258348263,7
122,efficientnetb2,939,0.027788540826475,8
123,efficientnetb0,939,0.245393377540531,2
124,resnet18,350,0.5934360820487711,1
125,efficientnetb1,550,0.1264304258348263,7
126,vgg16,350,0.9208348165236296,10
127,efficientnetb0,550,0.0977278646092725,7
128,densenet121,939,1.0,6
129,vgg19,750,0.3776216428097246,7
130,efficientnetb2,350,0.0,1
131,efficientnetb0,350,0.2601845258832877,2
132,vgg19,350,0.0,1
133,resnet50,550,0.8215124558966982,7
134,efficientnetb0,750,0.0025215886423978,8
135,vgg16,750,0.0240042451732625,4
136,resnet18,350,0.9463184463728672,2
137,vgg19,939,0.4910509157637427,8
138,vgg19,550,0.0192737323606945,1
139,vgg16,750,0.4544437830679675,5
140,vgg16,939,0.0060710231598882,1
141,resnet50,350,0.8169515861153699,7
142,densenet121,550,0.0267032533330688,3
143,densenet121,350,0.0523859604428457,3
144,vgg19,750,0.3776216428097246,7
145,resnet18,550,0.1485490516197205,7
146,efficientnetb2,939,1.0,3
147,densenet121,350,0.0,1
148,efficientnetb2,750,0.6313792880026403,4
149,efficientnetb2,939,0.6509085704414946,4
150,efficientnetb0,750,0.221102352041803,2
151,resnet50,550,0.2772450699669692,3
152,resnet18,350,0.292613278460834,6
153,efficientnetb2,550,0.2469174626993638,6
154,efficientnetb0,939,1.0,3
155,efficientnetb0,939,0.0277656910590755,8
156,resnet50,939,0.1412757250508847,2
157,efficientnetb2,939,0.4515770715118704,5
158,efficientnetb1,939,0.2680647929070547,6
159,vgg16,550,0.0983706975456484,4
160,resnet50,550,0.106889737057666,2
161,resnet18,939,0.9772814215247084,3
162,vgg16,550,0.4909442737237837,5
163,resnet50,350,0.0174859151390518,1
164,efficientnetb1,350,0.3137835430767212,6
165,efficientnetb0,750,0.221102352041803,2
166,resnet18,750,0.5563161859691826,1
167,vgg19,350,0.3463718988145903,7
168,vgg16,750,0.0,2
169,densenet121,550,0.1132152876154946,4
170,vgg19,750,0.0863442753339673,3
171,efficientnetb2,550,1.0,3
172,densenet121,750,0.0,1
173,efficientnetb0,550,0.0843169863849983,8
174,resnet18,550,1.0,2
175,vgg16,350,0.6117716042882734,8
176,vgg19,550,0.3608150480635607,7
177,efficientnetb2,350,0.65175093664593,4
178,vgg16,350,0.4955592672941035,5
179,vgg16,750,0.0835468528760409,3
180,vgg16,550,0.6000544432482232,19
181,resnet18,350,0.5048206439889544,5
182,efficientnetb0,350,0.0,1
183,vgg16,550,0.0983706975456484,4
184,efficientnetb1,750,0.5409660759543289,5
185,resnet18,939,0.666846850715217,4
186,densenet121,550,0.1410295003434332,9
187,efficientnetb1,550,0.0720571217046986,8
188,efficientnetb0,939,0.2344467476320147,6
189,vgg16,750,0.4544437830679675,5
190,resnet50,750,0.3024732800391974,11
191,efficientnetb0,550,0.5319033905566624,5
192,vgg19,939,0.6505261318746068,20
193,resnet50,939,0.3012988939538109,3
194,densenet121,550,0.1132152876154946,4
195,resnet18,939,0.4650005330060861,5
196,efficientnetb1,350,0.2325508521386866,7
197,efficientnetb0,750,0.6483214388113725,4
198,resnet18,350,0.6798528330010116,4
199,efficientnetb0,939,0.0277656910590755,8
200,efficientnetb0,350,0.4626689598236604,5
201,resnet18,939,0.5358361217945573,1
202,vgg16,750,0.0240042451732625,4
203,resnet50,350,0.0948151869136176,2
204,efficientnetb1,750,1.0,3
205,resnet18,750,0.5563161859691826,1
206,vgg16,550,0.0199271539720846,1
207,densenet121,939,0.4858756243316292,5
208,vgg19,939,0.7315721114772937,19
209,resnet18,550,0.0,8
210,efficientnetb2,750,0.6313792880026403,4
211,vgg19,350,0.063159932094785,4
212,efficientnetb2,550,1.0,3
213,vgg16,750,0.4544437830679675,5
214,vgg16,939,0.0548212617333455,3
215,resnet50,550,0.3843551081414064,10
216,vgg16,350,0.0713714441743471,3
217,vgg16,939,0.4173293874259716,5
218,resnet50,550,1.0,6
219,resnet18,939,0.5358361217945573,1
220,efficientnetb2,550,0.0,1
221,efficientnetb0,550,0.0977278646092725,7
222,resnet50,750,0.098265786808133,1
223,resnet50,550,0.0097267662088094,1
224,efficientnetb0,750,1.0,3
225,resnet18,350,0.9463184463728672,2
226,efficientnetb1,550,0.0720571217046986,8
227,vgg19,750,0.5392519021115965,9
228,vgg16,939,0.5519575390300896,9
229,efficientnetb2,750,0.496642919782067,5
230,vgg16,350,0.0,1
231,vgg19,939,0.0183675354070255,1
232,resnet50,350,0.2365622217411404,3
233,efficientnetb1,939,0.4873612700075253,5
234,efficientnetb0,550,0.0,1
235,vgg16,939,0.5638100259338691,8
236,vgg19,750,0.1063831635744575,4
237,efficientnetb2,350,0.237407337197427,6
238,efficientnetb1,350,1.0,3
239,efficientnetb1,550,0.0,1
240,efficientnetb2,750,0.1857252749278613,2
241,resnet18,939,0.666846850715217,4
242,vgg19,750,0.0,1
243,efficientnetb2,350,0.4600422057004524,5
244,efficientnetb2,350,0.1024694963374907,8
245,efficientnetb2,350,0.0,1
246,vgg19,350,0.0,1
247,densenet121,939,0.0,1
248,vgg19,550,0.3630539177738009,6
249,vgg19,939,0.1144285467096243,4
250,efficientnetb1,939,0.023223098071313,8
251,efficientnetb2,550,1.0,3
252,vgg19,939,0.053642035656265,3
253,efficientnetb1,939,0.2680647929070547,6
254,resnet50,550,1.0,6
255,efficientnetb0,750,0.0025215886423978,8
256,vgg16,750,0.3927521762586766,6
257,efficientnetb1,350,0.1057479814087846,8
258,efficientnetb0,550,0.0,1
259,vgg19,550,0.4939105417814899,8
260,vgg19,350,0.3670248005033085,6
261,efficientnetb1,550,0.1264304258348263,7
262,efficientnetb1,550,0.0,1
263,vgg16,939,0.0548212617333455,3
264,efficientnetb2,750,0.1857252749278613,2
265,resnet18,550,1.0,2
266,efficientnetb1,750,0.0592486200525467,8
267,vgg16,350,0.6122688308267832,9
268,vgg16,750,0.0835468528760409,3
269,vgg16,750,0.7687574864572922,16
270,efficientnetb0,939,0.0300451672854749,7
271,efficientnetb2,939,0.6509085704414946,4
272,vgg16,750,0.0240042451732625,4
273,efficientnetb2,750,0.2988059577556946,6
274,efficientnetb0,750,0.6483214388113725,4
275,vgg16,550,0.941205716630206,14
276,efficientnetb0,350,0.0,1
277,resnet18,939,0.4650005330060861,5
278,resnet50,750,0.5189759550817877,8
279,vgg16,550,0.0,2
280,vgg16,750,0.0058887013115276,1
281,efficientnetb0,350,0.2601845258832877,2
282,vgg16,939,0.0548212617333455,3
283,efficientnetb2,350,0.1024694963374907,8
284,efficientnetb0,350,0.7221681243288518,4
285,efficientnetb0,750,0.221102352041803,2
286,vgg16,750,0.0835468528760409,3
287,efficientnetb0,350,0.3057373745716766,6
288,vgg16,939,0.0060710231598882,1
289,vgg16,750,0.0,2
290,densenet121,350,0.0,1
291,efficientnetb2,939,0.6509085704414946,4
292,resnet18,939,0.4650005330060861,5
293,efficientnetb0,939,0.0,1
294,resnet18,550,0.9649971314956884,3
295,efficientnetb1,550,1.0,3
296,efficientnetb2,350,0.1727158782926704,2
297,densenet121,550,0.0267032533330688,3
298,vgg16,939,0.0,2
299,efficientnetb2,939,0.2636878690227005,6
300,vgg19,350,0.4051376815444835,5
301,resnet50,350,0.8830285561177872,5
302,vgg19,939,0.0183675354070255,1
303,densenet121,939,0.0230700539672484,2
304,resnet50,350,0.2365622217411404,3
305,densenet121,939,1.0,6
306,vgg16,550,0.0,2
307,efficientnetb2,350,0.1231000944167908,7
308,resnet50,550,0.106889737057666,2
309,efficientnetb2,350,0.4600422057004524,5
310,densenet121,939,1.0,6
311,resnet50,550,0.0097267662088094,1
312,efficientnetb0,550,0.290069122860228,2
313,resnet18,939,0.5358361217945573,1
314,efficientnetb2,550,0.7219694682129152,4
315,densenet121,550,0.5224277109043235,7
316,efficientnetb2,939,0.4515770715118704,5
317,efficientnetb1,939,0.2284047954549483,2
318,resnet18,350,0.6798528330010116,4
319,densenet121,939,0.133680659859905,4
320,efficientnetb0,750,0.221102352041803,2
321,resnet18,350,1.0,3
322,efficientnetb0,939,0.0,1
323,vgg16,939,0.4187967673445678,7
324,resnet18,350,0.6798528330010116,4
325,efficientnetb2,350,0.1024694963374907,8
326,resnet18,550,0.5341577662577371,1
327,vgg19,350,0.0,1
328,efficientnetb0,939,0.0277656910590755,8
329,densenet121,939,0.0166311998595305,3
330,resnet50,939,0.8248723661787692,5
331,densenet121,750,0.0,1
332,vgg16,750,0.9989474447948092,13
333,efficientnetb2,750,1.0,3
334,efficientnetb0,750,0.221102352041803,2
335,efficientnetb2,350,0.1727158782926704,2
336,vgg19,750,0.6673220941960659,10
337,resnet18,939,0.5358361217945573,1
338,vgg16,750,0.0835468528760409,3
339,vgg16,350,0.0238402416290037,2
340,resnet50,350,0.3548656355696806,11
341,resnet18,939,0.5358361217945573,1
342,vgg19,550,0.1248786103205342,4
343,resnet18,350,0.5934360820487711,1
344,efficientnetb0,939,0.245393377540531,2
345,efficientnetb0,939,1.0,3
346,densenet121,939,0.0166311998595305,3
347,densenet121,939,0.0166311998595305,3
348,resnet18,550,0.6805816088044464,4
349,densenet121,550,0.0266970250369456,2
350,efficientnetb1,550,0.0720571217046986,8
351,densenet121,750,0.0,1
352,vgg16,350,0.1139662905811487,4
353,efficientnetb1,750,0.258386396623143,2
354,efficientnetb2,750,0.1857252749278613,2
355,vgg16,939,0.8548072768189431,12
356,efficientnetb1,350,0.0,1
357,vgg16,939,0.0548212617333455,3
358,resnet18,350,0.5934360820487711,1
359,efficientnetb1,939,0.0,1
360,efficientnetb0,350,0.094356304646394,8
361,efficientnetb0,750,0.0025215886423978,8
362,densenet121,750,0.4798884872288328,8
363,densenet121,550,0.0,1
364,efficientnetb1,550,0.0720571217046986,8
365,efficientnetb0,750,1.0,3
366,densenet121,750,0.1284609034111726,9
367,efficientnetb2,350,1.0,3
368,vgg19,350,0.3463718988145903,7
369,resnet50,550,0.3843551081414064,10
370,vgg19,939,0.1144285467096243,4
371,densenet121,350,0.0523859604428457,3
372,efficientnetb0,939,0.245393377540531,2
373,resnet18,750,0.6570784835049883,4
374,efficientnetb1,350,1.0,3
375,efficientnetb2,939,0.2064582521296088,2
376,resnet50,750,0.098265786808133,1
377,efficientnetb2,939,0.0,1
378,resnet50,750,0.9081489241651808,4
379,vgg16,350,0.0,1
380,vgg19,550,0.0192737323606945,1
381,resnet50,750,1.0,5
382,vgg16,350,0.968053827189964,11
383,vgg19,939,0.3144631067328258,6
384,vgg19,750,0.5050561760121487,22
385,vgg19,350,0.9722792391750928,13
386,efficientnetb2,939,0.027788540826475,8
387,efficientnetb1,939,0.0,1
388,efficientnetb0,350,0.7221681243288518,4
389,densenet121,939,0.133680659859905,4
390,densenet121,550,0.0,1
391,efficientnetb0,550,1.0,3
392,resnet18,939,0.5358361217945573,1
393,densenet121,939,0.0230700539672484,2
394,resnet18,750,1.0,2
395,efficientnetb2,939,0.1790487118453219,7
396,efficientnetb2,939,0.1790487118453219,7
397,vgg16,550,0.4909442737237837,5
398,efficientnetb1,750,0.7228690296773087,4
399,resnet50,350,0.0174859151390518,1
400,vgg19,750,0.0061276421520036,2
401,efficientnetb0,750,0.221102352041803,2
402,resnet18,939,0.4650005330060861,5
403,vgg19,350,0.0047515404264518,2
404,resnet50,750,0.5189759550817877,8
405,resnet50,939,0.6400205520491736,8
406,resnet50,350,0.8169515861153699,7
407,efficientnetb0,750,0.0025215886423978,8
408,efficientnetb1,750,0.0,1
409,efficientnetb1,550,0.2436659344100393,2
410,efficientnetb2,550,0.4196653103687508,5
411,resnet50,350,0.0948151869136176,2
412,densenet121,939,0.4858756243316292,5
413,efficientnetb2,939,0.6509085704414946,4
414,resnet18,750,0.9425112246169725,3
415,resnet50,939,0.0,1
416,vgg16,939,0.4031740758458291,6
417,resnet18,750,0.1421843391804894,7
418,efficientnetb2,350,0.0,1
419,resnet18,350,0.1759150949563926,7
420,resnet50,550,0.8501913432605966,5
421,resnet50,750,0.098265786808133,1
422,densenet121,550,0.0267032533330688,3
423,efficientnetb1,939,0.0,1
424,resnet18,550,0.0,8
425,efficientnetb1,550,0.5223117533457641,5
426,resnet50,350,1.0,6
427,resnet50,939,0.0,1
428,efficientnetb2,350,0.0,1
429,densenet121,550,0.0266970250369456,2
430,resnet18,750,0.0,8
431,vgg16,550,0.0199271539720846,1
432,efficientnetb1,939,0.0961268279883589,7
433,vgg16,750,0.0835468528760409,3
434,resnet18,350,0.5934360820487711,1
435,efficientnetb1,350,0.1057479814087846,8
436,efficientnetb0,939,0.0277656910590755,8
437,efficientnetb2,350,0.1231000944167908,7
438,efficientnetb0,939,1.0,3
439,resnet50,550,0.2772450699669692,3
440,efficientnetb1,550,0.2436659344100393,2
441,vgg19,350,0.1104026426586838,3
442,efficientnetb1,939,0.2284047954549483,2
443,vgg19,750,0.0,1
444,efficientnetb0,939,0.0,1
445,efficientnetb2,939,0.2064582521296088,2
446,efficientnetb0,550,0.7484594574197447,4
447,efficientnetb2,939,1.0,3
448,vgg19,350,0.7439023030951907,11
449,resnet18,350,0.5048206439889544,5
450,vgg16,750,0.6199568106045172,9
451,efficientnetb2,939,0.6509085704414946,4
452,efficientnetb0,350,0.7221681243288518,4
453,densenet121,550,0.5224277109043235,7
454,vgg16,750,0.0835468528760409,3
455,efficientnetb2,750,0.1857252749278613,2
456,efficientnetb2,350,0.4600422057004524,5
457,vgg16,350,0.4955592672941035,5
458,efficientnetb0,750,0.0665010548114934,7
459,efficientnetb2,550,0.0,1
460,vgg19,750,0.9783359431256168,14
461,resnet18,750,1.0,2
462,resnet50,939,0.8248723661787692,5
463,efficientnetb2,350,0.65175093664593,4
464,efficientnetb0,350,0.7221681243288518,4
465,efficientnetb0,550,0.2755689518747824,6
466,resnet50,350,0.0948151869136176,2
467,efficientnetb2,939,0.6509085704414946,4
468,vgg19,750,0.3954673323042385,5
469,efficientnetb0,750,1.0,3
470,resnet50,750,0.8540914514899219,6
471,vgg19,350,0.3670248005033085,6
472,efficientnetb2,350,0.1727158782926704,2
473,vgg16,750,0.0058887013115276,1
474,efficientnetb0,350,1.0,3
475,efficientnetb1,750,0.5409660759543289,5
476,resnet18,550,0.5341577662577371,1
477,efficientnetb1,750,0.7228690296773087,4
478,resnet18,350,0.9463184463728672,2
479,resnet50,750,0.9081489241651808,4
480,efficientnetb2,550,0.2469174626993638,6
481,vgg16,550,0.0983706975456484,4
482,vgg16,939,0.0060710231598882,1
483,resnet50,750,0.3344894405367239,2
484,resnet18,939,0.9772814215247084,3
485,resnet18,550,0.5341577662577371,1
486,vgg19,350,0.4842986650150916,9
487,efficientnetb1,939,1.0,3
488,densenet121,750,1.0,6
489,efficientnetb1,750,0.7228690296773087,4
490,vgg16,550,0.0199271539720846,1
491,efficientnetb1,550,1.0,3
492,densenet121,550,0.0,1
493,vgg19,939,0.3144631067328258,6
494,vgg16,750,0.0240042451732625,4
495,vgg19,550,0.3734186959445318,24
496,efficientnetb1,750,0.3094983907889674,6
497,resnet18,550,0.6805816088044464,4
498,efficientnetb0,939,1.0,3
499,vgg16,550,0.0199271539720846,1
500,densenet121,550,0.0267032533330688,3
501,vgg16,550,0.6336692532833877,9
502,efficientnetb1,750,0.7228690296773087,4
503,efficientnetb2,550,0.0964442956606361,8
504,vgg16,350,0.0,1
505,resnet50,550,0.3843551081414064,10
506,densenet121,939,0.133680659859905,4
507,efficientnetb2,939,0.6509085704414946,4
508,efficientnetb0,550,0.7484594574197447,4
509,vgg16,939,0.7370975339620958,17
510,densenet121,550,0.0,1
511,resnet18,550,0.1485490516197205,7
512,densenet121,750,0.0357436179754728,3
513,vgg19,750,0.0,1
514,densenet121,550,0.0,1
515,efficientnetb0,350,0.0,1
516,resnet18,750,0.1421843391804894,7
517,vgg16,550,0.4554756020263791,7
518,densenet121,350,1.0,6
519,resnet50,350,0.0174859151390518,1
520,efficientnetb1,350,0.1057479814087846,8
521,densenet121,939,0.133680659859905,4
522,vgg19,939,0.0183675354070255,1
523,efficientnetb1,350,1.0,3
524,efficientnetb2,350,0.65175093664593,4
525,resnet50,939,0.1412757250508847,2
526,efficientnetb0,750,0.4450311925360435,5
527,resnet18,750,0.6570784835049883,4
528,vgg19,939,0.0183675354070255,1
529,efficientnetb2,939,0.2064582521296088,2
530,vgg16,939,0.0,2
531,efficientnetb0,350,0.3057373745716766,6
532,vgg16,939,0.986973209346794,14
533,resnet18,550,0.1485490516197205,7
534,vgg19,939,0.7038804657074393,11
535,efficientnetb0,350,0.4626689598236604,5
536,vgg16,750,0.0240042451732625,4
537,vgg19,550,0.3992057636441661,5
538,efficientnetb0,750,0.0025215886423978,8
539,vgg19,750,0.1063831635744575,4
540,efficientnetb2,939,0.6509085704414946,4
541,resnet18,939,1.0,2
542,vgg16,939,0.4031740758458291,6
543,efficientnetb0,350,0.4626689598236604,5
544,efficientnetb0,750,0.0025215886423978,8
545,vgg19,939,0.1144285467096243,4
546,efficientnetb1,550,1.0,3
547,efficientnetb2,750,0.2988059577556946,6
548,efficientnetb0,750,0.221102352041803,2
549,vgg19,350,0.0047515404264518,2
550,efficientnetb1,750,0.3094983907889674,6
551,resnet18,550,0.6805816088044464,4
552,resnet18,350,0.5048206439889544,5
553,resnet18,939,0.666846850715217,4
554,efficientnetb2,750,0.1857252749278613,2
555,vgg19,550,0.4939105417814899,8
556,efficientnetb1,550,0.1264304258348263,7
557,vgg16,350,0.0238402416290037,2
558,vgg16,550,0.0,2
559,resnet18,550,0.2785187719074968,6
560,densenet121,939,0.0230700539672484,2
561,resnet50,350,0.5125994165201655,9
562,efficientnetb2,939,0.1790487118453219,7
563,resnet50,939,0.6400205520491736,8
564,resnet18,750,0.0,8
565,vgg16,939,0.0060710231598882,1
566,resnet50,939,0.0,1
567,resnet50,939,0.1929263993625516,13
568,vgg19,550,0.0,2
569,resnet18,939,0.2713411337912176,6
570,vgg16,350,0.4552780768214839,7
571,densenet121,350,0.6263678162488967,5
572,efficientnetb0,750,0.4450311925360435,5
573,resnet18,939,0.4650005330060861,5
574,densenet121,750,0.0983602208090902,4
575,efficientnetb0,939,0.0,1
576,resnet18,350,0.6798528330010116,4
577,vgg16,939,0.0381294915227273,4
578,efficientnetb1,939,0.2284047954549483,2
579,efficientnetb2,939,0.0,1
580,efficientnetb0,350,0.2301319400884027,7
581,vgg16,550,0.0768889395683232,3
582,efficientnetb2,750,0.1857252749278613,2
583,resnet18,939,1.0,2
584,efficientnetb1,939,0.7039994792384792,4
585,vgg16,350,0.0238402416290037,2
586,efficientnetb0,750,0.6483214388113725,4
587,resnet50,750,0.5189759550817877,8
588,densenet121,350,0.083035958882802,12
589,densenet121,350,1.0,6
590,efficientnetb0,350,0.7221681243288518,4
591,resnet18,939,1.0,2
592,efficientnetb2,350,0.1024694963374907,8
593,efficientnetb0,550,0.2755689518747824,6
594,vgg19,939,0.0,2
595,efficientnetb0,350,0.094356304646394,8
596,resnet50,750,0.3344894405367239,2
597,resnet50,350,1.0,6
598,efficientnetb2,939,1.0,3
599,efficientnetb1,350,0.5010852886204035,5
600,efficientnetb0,550,0.0843169863849983,8
601,resnet18,750,1.0,2
602,efficientnetb2,350,0.1727158782926704,2
603,densenet121,750,0.0426596745047148,11
604,vgg16,939,0.7455450313368192,10
605,vgg16,939,0.0548212617333455,3
606,vgg19,350,0.4051376815444835,5
607,densenet121,550,0.0267032533330688,3
608,efficientnetb0,350,0.094356304646394,8
609,efficientnetb1,550,0.315622132205788,6
610,efficientnetb0,350,0.7221681243288518,4
611,resnet50,550,0.1340152397076321,14
612,resnet50,550,0.106889737057666,2
613,resnet18,939,0.5358361217945573,1
614,efficientnetb2,550,0.2469174626993638,6
615,resnet18,939,1.0,2
616,vgg19,350,0.3670248005033085,6
617,efficientnetb0,939,0.245393377540531,2
618,efficientnetb1,939,0.2284047954549483,2
619,vgg16,939,0.4031740758458291,6
620,densenet121,550,0.6262433485833546,5
621,vgg16,939,0.0060710231598882,1
622,efficientnetb1,550,0.5223117533457641,5
623,resnet50,750,1.0,5
624,efficientnetb0,350,0.4626689598236604,5
625,efficientnetb1,350,0.7181138626700144,4
626,resnet50,350,0.8169515861153699,7
627,resnet18,750,0.6570784835049883,4
628,efficientnetb1,550,0.6878389778024664,4
629,densenet121,939,0.0936504679137054,10
630,vgg16,939,0.4344798424333491,20
631,resnet50,750,1.0,5
632,densenet121,750,0.0279532973407523,2
633,efficientnetb1,939,1.0,3
634,vgg19,550,0.3608150480635607,7
635,vgg16,750,0.6199568106045172,9
636,efficientnetb1,350,0.0,1
637,vgg19,350,0.4995659680915179,8
638,efficientnetb1,550,0.1264304258348263,7
639,resnet18,750,0.4551076759252049,5
640,vgg19,750,0.6673220941960659,10
641,efficientnetb2,750,0.1065082490569524,7
642,efficientnetb2,550,0.1997439170806723,2
643,densenet121,750,0.0983602208090902,4
644,densenet121,750,0.0279532973407523,2
645,densenet121,350,0.083035958882802,12
646,efficientnetb0,939,0.6801221238861833,4
647,vgg19,750,0.0,1
648,efficientnetb2,350,1.0,3
649,efficientnetb1,939,0.2284047954549483,2
650,efficientnetb1,350,1.0,3
651,efficientnetb2,939,0.4515770715118704,5
652,densenet121,550,0.0,1
653,resnet50,550,0.0097267662088094,1
654,densenet121,939,0.0230700539672484,2
655,densenet121,939,0.0166311998595305,3
656,efficientnetb2,350,0.1727158782926704,2
657,densenet121,350,0.1341157974542594,4
658,efficientnetb2,350,0.1727158782926704,2
659,efficientnetb2,939,0.2636878690227005,6
660,efficientnetb2,750,0.1857252749278613,2
661,efficientnetb2,939,0.2636878690227005,6
662,densenet121,939,0.0230700539672484,2
663,vgg19,550,0.1112152559945396,3
664,vgg19,750,0.0863442753339673,3
665,vgg16,939,0.5519575390300896,9
666,efficientnetb2,350,0.1024694963374907,8
667,efficientnetb1,350,0.2325508521386866,7
668,resnet50,350,0.0,16
669,vgg16,750,0.0240042451732625,4
670,densenet121,939,0.133680659859905,4
671,densenet121,350,0.0,1
672,resnet18,750,0.5563161859691826,1
673,efficientnetb2,550,0.0,1
674,efficientnetb0,350,0.4626689598236604,5
675,resnet50,350,0.0174859151390518,1
676,resnet50,350,1.0,6
677,efficientnetb2,750,0.6313792880026403,4
678,resnet18,939,0.5358361217945573,1
679,resnet18,350,0.9463184463728672,2
680,efficientnetb0,939,0.6801221238861833,4
681,efficientnetb2,750,0.0,1
682,efficientnetb0,350,0.0,1
683,efficientnetb2,550,0.1997439170806723,2
684,efficientnetb0,939,0.245393377540531,2
685,vgg19,750,0.0863442753339673,3
686,resnet50,350,0.2365622217411404,3
687,efficientnetb2,350,1.0,3
688,resnet18,350,0.0,8
689,resnet50,939,0.1412757250508847,2
690,vgg19,550,0.93699417819052,14
691,vgg16,750,0.0058887013115276,1
692,resnet18,350,0.1759150949563926,7
693,densenet121,750,0.5014039257956258,7
694,efficientnetb2,750,0.496642919782067,5
695,efficientnetb1,550,0.0,1
696,densenet121,939,0.0,1
697,efficientnetb2,750,0.2988059577556946,6
698,resnet18,750,1.0,2
699,resnet18,350,0.292613278460834,6
700,resnet50,750,0.2207075618723497,12
701,resnet18,350,0.5048206439889544,5
702,efficientnetb0,750,0.2823668742486632,6
703,vgg19,939,0.3698836387150448,7
704,efficientnetb0,550,0.0,1
705,resnet50,939,0.1412757250508847,2
706,vgg16,750,0.0,2
707,efficientnetb0,350,0.094356304646394,8
708,resnet50,350,0.0174859151390518,1
709,efficientnetb0,550,0.0,1
710,resnet50,550,1.0,6
711,vgg16,939,0.4432888704451657,21
712,efficientnetb2,350,0.4600422057004524,5
713,efficientnetb2,939,0.4515770715118704,5
714,vgg16,550,0.0,2
715,efficientnetb0,550,0.290069122860228,2
716,resnet18,750,0.9425112246169725,3
717,densenet121,350,0.0,1
718,vgg16,750,0.0835468528760409,3
719,resnet50,350,0.4097205423764233,4
720,resnet18,939,1.0,2
721,vgg19,350,0.1104026426586838,3
722,vgg19,550,0.1112152559945396,3
723,efficientnetb1,750,0.3094983907889674,6
724,efficientnetb1,550,0.2436659344100393,2
725,vgg16,750,0.3719773828090447,7
726,densenet121,550,0.6262433485833546,5
727,efficientnetb2,939,0.2064582521296088,2
728,efficientnetb1,750,0.258386396623143,2
729,densenet121,750,0.0357436179754728,3
730,efficientnetb0,550,0.0,1
731,efficientnetb2,750,0.6313792880026403,4
732,efficientnetb0,550,0.2755689518747824,6
733,efficientnetb0,939,0.0,1
734,vgg16,350,0.0,1
735,efficientnetb0,750,0.0,1
736,resnet18,750,0.0,8
737,vgg16,939,0.0,2
738,resnet50,550,0.0493230413489273,15
739,efficientnetb2,750,0.1857252749278613,2
740,efficientnetb2,750,0.1857252749278613,2
741,densenet121,550,0.0267032533330688,3
742,vgg16,750,0.3719773828090447,7
743,vgg16,750,0.6611700771532621,18
744,efficientnetb0,750,0.0025215886423978,8
745,efficientnetb2,750,0.0,1
746,resnet18,350,0.9463184463728672,2
747,resnet50,550,0.106889737057666,2
748,efficientnetb1,550,1.0,3
749,efficientnetb2,550,0.4196653103687508,5
750,densenet121,350,0.1341157974542594,4
751,vgg19,350,0.0047515404264518,2
752,efficientnetb0,750,1.0,3
753,efficientnetb0,350,0.0,1
754,efficientnetb1,550,0.2436659344100393,2
755,efficientnetb1,550,0.0,1
756,efficientnetb0,350,0.4626689598236604,5
757,efficientnetb1,750,0.0,1
758,efficientnetb0,350,0.2601845258832877,2
759,efficientnetb0,550,0.290069122860228,2
760,vgg19,350,0.4051376815444835,5
761,resnet50,550,0.645703014729161,8
762,resnet18,550,1.0,2
763,vgg16,550,0.0983706975456484,4
764,vgg16,939,0.0060710231598882,1
765,resnet18,550,0.0,8
766,efficientnetb0,939,0.0300451672854749,7
767,vgg19,550,0.0,2
768,vgg19,550,0.0192737323606945,1
769,resnet18,750,0.9425112246169725,3
770,vgg19,750,0.3954673323042385,5
771,densenet121,350,0.0523859604428457,3
772,efficientnetb1,750,0.258386396623143,2
773,densenet121,939,0.0166311998595305,3
774,efficientnetb2,550,0.1997439170806723,2
775,efficientnetb2,350,1.0,3
776,resnet18,550,0.6805816088044464,4
777,densenet121,550,0.0266970250369456,2
778,efficientnetb1,750,0.7228690296773087,4
779,efficientnetb1,750,0.0,1
780,efficientnetb0,939,1.0,3
781,resnet18,550,1.0,2
782,efficientnetb1,350,0.7181138626700144,4
783,efficientnetb1,939,0.0,1
784,densenet121,750,0.0,1
785,vgg16,350,0.6122688308267832,9
786,resnet18,750,0.9425112246169725,3
787,densenet121,750,0.4798884872288328,8
788,efficientnetb2,750,0.6313792880026403,4
789,efficientnetb0,550,0.290069122860228,2
790,vgg19,750,0.3776216428097246,7
791,densenet121,550,0.0,1
792,densenet121,750,0.0,1
793,efficientnetb2,550,0.1997439170806723,2
794,vgg19,939,0.1144285467096243,4
795,efficientnetb0,750,0.0025215886423978,8
796,resnet18,939,1.0,2
797,vgg19,939,0.4910509157637427,8
798,vgg16,750,0.7656663135013255,17
799,efficientnetb0,350,0.0,1
800,vgg16,939,0.0548212617333455,3
801,efficientnetb0,350,0.2601845258832877,2
802,resnet50,550,0.0097267662088094,1
803,resnet18,350,0.6798528330010116,4
804,resnet18,750,0.5563161859691826,1
805,vgg19,350,0.3670248005033085,6
806,resnet50,550,1.0,6
807,densenet121,750,0.0279532973407523,2
808,densenet121,350,0.0321065308334073,2
809,resnet18,350,0.0,8
810,resnet50,750,0.098265786808133,1
811,resnet18,550,0.9649971314956884,3
812,densenet121,550,0.0266970250369456,2
813,vgg16,750,0.0,2
814,efficientnetb1,939,0.0,1
815,resnet50,939,0.1412757250508847,2
816,vgg19,750,0.7530821587638967,19
817,resnet18,939,1.0,2
818,resnet50,750,0.5242927837491854,3
819,vgg16,939,0.0381294915227273,4
820,resnet18,350,0.292613278460834,6
821,vgg16,750,0.5870702344568659,8
822,vgg19,350,0.7874284582909132,17
823,efficientnetb0,750,0.0,1
824,vgg16,350,0.1139662905811487,4
825,resnet50,939,0.8017819857800019,7
826,vgg19,550,0.0192737323606945,1
827,densenet121,750,0.0279532973407523,2
828,densenet121,550,0.1132152876154946,4
829,vgg19,350,0.7047271852759325,10
830,efficientnetb2,939,0.027788540826475,8
831,efficientnetb2,750,0.1857252749278613,2
832,efficientnetb0,350,1.0,3
833,vgg19,750,0.0061276421520036,2
834,densenet121,750,0.0983602208090902,4
835,densenet121,550,0.1060769323517231,10
836,densenet121,550,0.0,1
837,efficientnetb2,750,0.6313792880026403,4
838,resnet50,550,0.8501913432605966,5
839,densenet121,550,0.0266970250369456,2
840,efficientnetb1,350,0.5010852886204035,5
841,vgg19,550,0.0,2
842,vgg16,550,0.873525344145539,10
843,vgg19,939,0.3144631067328258,6
844,vgg19,350,0.9884623593775808,15
845,vgg19,750,0.0061276421520036,2
846,efficientnetb0,550,0.290069122860228,2
847,efficientnetb0,350,0.7221681243288518,4
848,densenet121,350,1.0,6
849,densenet121,550,0.0266970250369456,2
850,vgg16,550,0.4909442737237837,5
851,efficientnetb1,550,0.0,1
852,resnet18,750,0.0,8
853,efficientnetb0,939,0.245393377540531,2
854,resnet18,550,0.9649971314956884,3
855,efficientnetb0,939,0.0277656910590755,8
856,efficientnetb2,939,1.0,3
857,efficientnetb1,350,0.0,1
858,efficientnetb1,750,0.3094983907889674,6
859,efficientnetb2,939,0.0,1
860,resnet18,750,0.0,8
861,vgg19,550,0.3608150480635607,7
862,efficientnetb2,750,0.496642919782067,5
863,vgg16,350,0.6117716042882734,8
864,densenet121,939,1.0,6
865,resnet50,550,0.2451978873368881,12
866,efficientnetb0,350,1.0,3
867,efficientnetb0,750,0.2823668742486632,6
868,resnet50,350,0.5125994165201655,9
869,efficientnetb1,750,0.5409660759543289,5
870,densenet121,750,0.0,1
871,vgg16,350,0.0,1
872,resnet50,939,0.8017819857800019,7
873,resnet50,550,1.0,6
874,vgg19,939,1.0,15
875,resnet18,350,0.0,8
876,vgg16,550,0.0,2
877,resnet18,550,1.0,2
878,efficientnetb0,550,0.0,1
879,vgg19,350,0.0,1
880,vgg16,750,0.7930687335281449,10
881,densenet121,350,0.083035958882802,11
882,efficientnetb0,939,0.0277656910590755,8
883,resnet18,550,0.0,8
884,densenet121,750,0.1284609034111726,9
885,efficientnetb0,550,0.7484594574197447,4
886,vgg16,550,0.0199271539720846,1
887,efficientnetb1,939,0.0,1
888,resnet18,550,0.2785187719074968,6
889,efficientnetb0,939,0.0,1
890,efficientnetb0,750,0.0025215886423978,8
891,resnet18,750,0.5563161859691826,1
892,densenet121,750,0.1284609034111726,9
893,efficientnetb2,550,0.0,1
894,efficientnetb2,750,1.0,3
895,efficientnetb0,350,0.2601845258832877,2
896,resnet18,939,1.0,2
897,resnet18,750,0.6570784835049883,4
898,vgg16,550,0.0199271539720846,1
899,efficientnetb1,939,0.2680647929070547,6
900,efficientnetb2,939,0.027788540826475,8
901,vgg19,550,0.527063884872579,9
902,resnet50,750,0.3530361156189798,10
903,resnet18,939,0.666846850715217,4
904,resnet50,550,0.1340152397076321,14
905,efficientnetb1,939,0.7039994792384792,4
906,resnet50,550,0.4611472962789475,4
907,efficientnetb1,939,0.2284047954549483,2
908,efficientnetb1,939,0.2284047954549483,2
909,resnet50,750,0.9081489241651808,4
910,resnet18,750,0.5563161859691826,1
911,efficientnetb0,550,0.5319033905566624,5
912,efficientnetb2,350,0.65175093664593,4
913,efficientnetb1,350,0.0,1
914,efficientnetb2,350,0.4600422057004524,5
915,vgg19,550,0.6532435397082842,20
916,vgg16,550,0.4554756020263791,7
917,vgg16,350,0.4552780768214839,7
918,efficientnetb2,750,1.0,3
919,efficientnetb0,750,0.0665010548114934,7
920,efficientnetb1,550,0.315622132205788,6
921,densenet121,550,0.0267032533330688,3
922,resnet18,550,0.0,8
923,efficientnetb0,550,0.7484594574197447,4
924,vgg19,350,0.7874284582909132,17
925,vgg16,939,1.0,13
926,efficientnetb2,350,0.65175093664593,4
927,efficientnetb1,750,0.258386396623143,2
928,resnet18,750,0.9425112246169725,3
929,resnet18,939,0.9772814215247084,3
930,vgg19,350,0.3463718988145903,7
931,efficientnetb2,750,0.0,1
932,vgg16,939,0.5519575390300896,9
933,vgg19,550,0.4939105417814899,8
934,efficientnetb0,939,0.6801221238861833,4
935,resnet18,350,0.6798528330010116,4
936,vgg19,350,0.0,1
937,resnet18,939,0.666846850715217,4
938,vgg16,550,0.6395986703296175,8
939,resnet18,939,0.1469347985717806,7
940,densenet121,550,0.1132152876154946,4
941,vgg19,550,0.527063884872579,9
942,efficientnetb1,750,0.5409660759543289,5
943,resnet18,550,0.9649971314956884,3
944,efficientnetb1,939,0.2284047954549483,2
945,densenet121,350,0.0321065308334073,2
946,vgg16,750,0.4544437830679675,5
947,efficientnetb2,939,1.0,3
948,resnet50,550,0.0097267662088094,1
949,resnet50,350,0.4097205423764233,4
950,vgg19,939,0.7038804657074393,11
951,vgg19,550,0.3630539177738009,6
952,efficientnetb0,750,0.6483214388113725,4
953,efficientnetb0,939,0.6801221238861833,4
954,efficientnetb2,939,0.6509085704414946,4
955,vgg19,350,0.0,1
956,densenet121,550,0.1132152876154946,4
957,efficientnetb0,550,0.290069122860228,2
958,densenet121,750,0.1284609034111726,9
959,resnet18,750,0.9425112246169725,3
960,efficientnetb0,550,0.5319033905566624,5
961,resnet18,750,0.4551076759252049,5
962,resnet50,750,0.098265786808133,1
963,efficientnetb1,750,0.7228690296773087,4
964,densenet121,939,0.1007807070881022,9
965,efficientnetb0,350,0.2601845258832877,2
966,vgg16,350,0.4552780768214839,7
967,efficientnetb0,939,0.245393377540531,2
968,efficientnetb2,550,1.0,3
969,vgg16,750,0.4544437830679675,5
970,resnet18,550,1.0,2
971,vgg16,939,0.0060710231598882,1
972,resnet50,750,0.41601881255758,9
973,resnet18,939,0.9772814215247084,3
974,resnet18,939,0.9772814215247084,3
975,efficientnetb0,550,0.0843169863849983,8
976,vgg19,350,0.0,1
977,resnet18,550,0.0,8
978,efficientnetb0,939,0.6801221238861833,4
979,efficientnetb2,550,0.2469174626993638,6
980,resnet18,750,0.9425112246169725,3
981,vgg19,939,0.4817677379651593,9
982,efficientnetb1,550,0.6878389778024664,4
983,resnet18,939,0.5358361217945573,1
984,densenet121,939,0.3516434776147618,8
985,vgg19,350,0.9884623593775808,15
986,resnet18,939,0.4650005330060861,5
987,efficientnetb0,939,0.0,1
988,vgg19,750,0.0,1
989,efficientnetb2,750,0.1857252749278613,2
990,efficientnetb0,350,0.3057373745716766,6
991,vgg16,750,0.0058887013115276,1
992,vgg16,550,1.0,12
993,densenet121,750,0.0983602208090902,4
994,resnet18,750,0.9425112246169725,3
995,efficientnetb0,350,0.0,1
996,efficientnetb0,939,0.6801221238861833,4
997,efficientnetb0,550,0.5319033905566624,5
998,vgg16,939,0.4344798424333491,20
999,efficientnetb2,350,0.65175093664593,4
1000,vgg16,750,0.5870702344568659,8
1001,efficientnetb1,939,0.7039994792384792,4
1002,resnet18,750,0.2819735347623552,6
1003,resnet50,750,0.5242927837491854,3
1004,efficientnetb1,550,0.5223117533457641,5
1005,resnet18,939,0.1469347985717806,7
1006,efficientnetb1,550,0.5223117533457641,5
1007,efficientnetb2,939,0.6509085704414946,4
1008,efficientnetb2,350,0.1727158782926704,2
1009,vgg16,750,0.6199568106045172,9
1010,resnet50,550,0.0097267662088094,1
1011,efficientnetb2,350,0.65175093664593,4
1012,vgg19,750,0.482051380981956,8
1013,resnet18,550,0.9649971314956884,3
1014,vgg19,550,0.0,2
1015,efficientnetb1,750,0.1568217242640732,7
1016,vgg16,750,0.3719773828090447,7
1017,resnet18,939,0.666846850715217,4
1018,resnet18,939,0.0,8
1019,resnet18,550,0.6805816088044464,4
1020,resnet50,750,0.0818889247479734,14
1021,densenet121,939,0.390359012366206,7
1022,vgg19,939,0.053642035656265,3
1023,resnet50,350,0.2365622217411404,3
1024,efficientnetb2,350,1.0,3
1025,efficientnetb0,750,0.2823668742486632,6
1026,densenet121,550,0.6262433485833546,5
1027,resnet50,939,0.3743501150304915,10
1028,resnet18,750,0.9425112246169725,3
1029,efficientnetb2,750,0.6313792880026403,4
1030,vgg16,750,0.3927521762586766,6
1031,densenet121,550,0.6262433485833546,5
1032,vgg19,750,0.5392519021115965,9
1033,efficientnetb1,350,1.0,3
1034,efficientnetb2,750,0.0256429072133939,8
1035,densenet121,550,0.0731558842200006,12
1036,resnet50,350,0.2126428534133265,13
1037,vgg19,350,0.0,1
1038,efficientnetb2,750,0.6313792880026403,4
1039,efficientnetb1,939,0.7039994792384792,4
1040,efficientnetb0,939,1.0,3
1041,resnet18,750,0.6570784835049883,4
1042,efficientnetb2,550,0.1997439170806723,2
1043,efficientnetb1,939,0.0,1
1044,vgg16,939,0.5638100259338691,8
1045,resnet18,750,0.9425112246169725,3
1046,resnet18,350,0.6798528330010116,4
1047,efficientnetb0,750,0.6483214388113725,4
1048,efficientnetb1,350,0.0,1
1049,efficientnetb1,350,0.7181138626700144,4
1050,resnet50,939,0.1412757250508847,2
1051,efficientnetb1,350,0.0,1
1052,efficientnetb0,550,0.0843169863849983,8
1053,resnet18,750,0.9425112246169725,3
1054,densenet121,939,0.0166311998595305,3
1055,efficientnetb0,550,1.0,3
1056,efficientnetb1,939,0.023223098071313,8
1057,densenet121,939,0.4858756243316292,5
1058,efficientnetb1,750,1.0,3
1059,efficientnetb0,550,0.5319033905566624,5
1060,densenet121,350,0.6263678162488967,5
1061,efficientnetb2,350,1.0,3
1062,efficientnetb2,750,0.496642919782067,5
1063,resnet18,750,1.0,2
1064,vgg16,750,0.4544437830679675,5
1065,efficientnetb2,550,0.0964442956606361,8
1066,resnet50,939,0.481243768988981,4
1067,vgg16,550,0.4337023661646058,6
1068,vgg19,939,0.6821322371858641,10
1069,resnet50,350,0.2365622217411404,3
1070,densenet121,750,0.5014039257956258,7
1071,densenet121,350,0.0523859604428457,3
1072,vgg19,550,0.0,2
1073,efficientnetb1,750,0.5409660759543289,5
1074,vgg16,550,0.873525344145539,10
1075,densenet121,550,0.5224277109043235,7
1076,resnet50,750,0.9081489241651808,4
1077,resnet50,550,0.2772450699669692,3
1078,vgg19,750,0.7549293405793684,12
1079,resnet18,550,0.46598992776295,5
1080,resnet18,550,0.5341577662577371,1
1081,resnet18,350,1.0,3
1082,vgg16,350,0.1139662905811487,4
1083,efficientnetb0,550,1.0,3
1084,efficientnetb1,550,0.2436659344100393,2
1085,efficientnetb1,939,0.4873612700075253,5
1086,efficientnetb2,550,1.0,3
1087,efficientnetb0,750,0.0,1
1088,efficientnetb1,550,0.2436659344100393,2
1089,vgg19,939,0.0,2
1090,vgg16,550,0.4214217351871893,20
1091,vgg19,939,0.3144631067328258,6
1092,densenet121,939,0.0230700539672484,2
1093,efficientnetb0,350,0.7221681243288518,4
1094,efficientnetb0,350,1.0,3
1095,vgg16,550,0.4554756020263791,7
1096,vgg16,939,1.0,13
1097,vgg19,750,0.482051380981956,8
1098,efficientnetb1,750,0.7228690296773087,4
1099,efficientnetb2,939,0.6509085704414946,4
1100,resnet50,350,0.6807257591827157,8
1101,efficientnetb1,550,1.0,3
1102,resnet18,939,1.0,2
1103,efficientnetb0,550,1.0,3
1104,efficientnetb2,550,0.1997439170806723,2
1105,resnet18,350,0.6798528330010116,4
1106,efficientnetb2,939,1.0,3
1107,densenet121,350,0.1559092218783189,10
1108,efficientnetb0,750,1.0,3
1109,efficientnetb0,550,0.7484594574197447,4
1110,vgg16,939,0.986973209346794,14
1111,efficientnetb2,750,0.0,1
1112,resnet50,350,0.4185699515342624,10
1113,resnet18,550,0.2785187719074968,6
1114,densenet121,350,0.0321065308334073,2
1115,efficientnetb2,350,0.237407337197427,6
1116,efficientnetb1,939,0.2680647929070547,6
1117,efficientnetb0,350,0.0,1
1118,densenet121,939,0.4858756243316292,5
1119,efficientnetb2,350,1.0,3
1120,efficientnetb2,939,0.4515770715118704,5
1121,efficientnetb1,750,1.0,3
1122,resnet50,939,0.3016164674088932,11
1123,efficientnetb0,939,0.245393377540531,2
1124,vgg16,939,0.4187967673445678,7
1125,vgg16,550,0.6395986703296175,8
1126,resnet18,550,1.0,2
1127,efficientnetb2,350,0.0,1
1128,resnet50,750,0.3344894405367239,2
1129,resnet50,750,0.692684175445151,7
1130,resnet18,750,1.0,2
1131,efficientnetb0,750,0.221102352041803,2
1132,densenet121,939,0.0230700539672484,2
1133,vgg19,939,0.0183675354070255,1
1134,vgg19,550,0.93432282209291,16
1135,vgg19,550,0.7587179131016882,12
1136,resnet18,939,1.0,2
1137,vgg16,350,0.0,1
1138,efficientnetb1,550,0.2436659344100393,2
1139,efficientnetb1,750,1.0,3
1140,vgg16,350,0.4552780768214839,7
1141,efficientnetb1,750,0.258386396623143,2
1142,efficientnetb2,550,1.0,3
1143,vgg16,750,1.0,14
1144,vgg16,750,0.4544437830679675,5
1145,resnet50,750,0.3344894405367239,2
1146,resnet18,550,0.9649971314956884,3
1147,densenet121,550,0.0,1
1148,efficientnetb0,750,0.4450311925360435,5
1149,resnet50,350,1.0,6
1150,efficientnetb0,750,1.0,3
1151,vgg16,939,0.4187967673445678,7
1152,resnet18,939,0.5358361217945573,1
1153,vgg19,550,0.0192737323606945,1
1154,densenet121,350,0.529578650458239,8
1155,efficientnetb0,350,0.094356304646394,8
1156,vgg19,939,0.7038804657074393,11
1157,vgg16,939,0.0060710231598882,1
1158,resnet50,939,0.0,1
1159,resnet50,939,0.3743501150304915,10
1160,efficientnetb1,939,0.0,1
1161,efficientnetb2,350,1.0,3
1162,efficientnetb1,750,1.0,3
1163,efficientnetb1,350,1.0,3
1164,resnet50,750,0.8540914514899219,6
1165,resnet50,550,0.0097267662088094,1
1166,densenet121,939,0.3516434776147618,8
1167,efficientnetb2,939,0.4515770715118704,5
1168,vgg16,939,0.4173293874259716,5
1169,efficientnetb1,350,0.7181138626700144,4
1170,densenet121,550,0.6262433485833546,5
1171,resnet18,550,0.46598992776295,5
1172,efficientnetb1,550,0.0,1
1173,resnet18,939,0.5358361217945573,1
1174,efficientnetb1,750,1.0,3
1175,vgg16,550,0.4554756020263791,7
1176,efficientnetb2,350,0.1231000944167908,7
1177,densenet121,750,0.5014039257956258,7
1178,efficientnetb0,550,1.0,3
1179,resnet18,350,0.0,8
1180,vgg16,750,0.0,2
1181,efficientnetb1,939,0.7039994792384792,4
1182,efficientnetb0,350,1.0,3
1183,resnet50,350,0.0,16
1184,efficientnetb1,939,0.7039994792384792,4
1185,efficientnetb1,939,0.2284047954549483,2
1186,efficientnetb2,550,1.0,3
1187,efficientnetb0,750,0.6483214388113725,4
1188,efficientnetb2,939,0.4515770715118704,5
1189,efficientnetb1,750,0.258386396623143,2
1190,vgg19,750,0.5392519021115965,9
1191,densenet121,750,0.0279532973407523,2
1192,vgg19,750,0.7336613700677788,18
1193,resnet18,350,0.0,8
1194,resnet50,939,0.8017819857800019,7
1195,resnet18,750,0.5563161859691826,1
1196,densenet121,350,0.5134540759121593,7
1197,densenet121,350,0.0,1
1198,vgg19,350,0.3670248005033085,6
1199,efficientnetb1,939,1.0,3
1200,resnet18,939,1.0,2
1201,densenet121,939,0.133680659859905,4
1202,efficientnetb2,350,0.1727158782926704,2
1203,efficientnetb2,750,0.6313792880026403,4
1204,vgg16,750,0.0835468528760409,3
1205,efficientnetb1,350,0.3137835430767212,6
1206,resnet18,750,0.9425112246169725,3
1207,vgg16,750,0.3927521762586766,6
1208,efficientnetb1,939,1.0,3
1209,resnet18,939,0.9772814215247084,3
1210,efficientnetb1,750,0.0,1
1211,resnet50,939,0.8017819857800019,7
1212,vgg19,750,0.482051380981956,8
1213,resnet18,550,0.5341577662577371,1
1214,efficientnetb2,750,0.6313792880026403,4
1215,vgg16,350,0.4552780768214839,7
1216,densenet121,550,0.5224277109043235,7
1217,efficientnetb0,350,0.0,1
1218,vgg16,750,0.0835468528760409,3
1219,vgg19,350,0.7647138013706365,12
1220,efficientnetb0,550,1.0,3
1221,vgg19,550,0.9153142027929496,13
1222,efficientnetb2,350,1.0,3
1223,vgg19,939,0.0,2
1224,densenet121,939,0.3516434776147618,8
1225,densenet121,750,0.5014039257956258,7
1226,vgg16,350,0.0,1
1227,vgg19,939,0.4910509157637427,8
1228,vgg19,939,0.0183675354070255,1
1229,efficientnetb1,750,0.5409660759543289,5
1230,resnet50,750,0.3344894405367239,2
1231,densenet121,350,0.0321065308334073,2
1232,efficientnetb2,350,0.0,1
1233,efficientnetb2,750,1.0,3
1234,resnet18,350,0.5934360820487711,1
1235,resnet18,750,0.5563161859691826,1
1236,resnet18,939,0.4650005330060861,5
1237,efficientnetb0,350,0.4626689598236604,5
1238,efficientnetb0,350,1.0,3
1239,resnet18,350,1.0,3
1240,vgg19,550,0.7412152580816892,11
1241,resnet50,550,0.2772450699669692,3
1242,efficientnetb0,550,1.0,3
1243,efficientnetb1,550,1.0,3
1244,resnet18,750,0.2819735347623552,6
1245,resnet50,750,0.41601881255758,9
1246,resnet50,350,0.8830285561177872,5
1247,vgg16,350,0.1139662905811487,4
1248,efficientnetb2,350,0.1024694963374907,8
1249,efficientnetb1,550,0.6878389778024664,4
1250,vgg16,939,0.0060710231598882,1
1251,densenet121,550,0.0267032533330688,3
1252,efficientnetb0,939,0.245393377540531,2
1253,resnet18,750,1.0,2
1254,efficientnetb1,750,0.7228690296773087,4
1255,vgg19,550,0.0192737323606945,1
1256,efficientnetb2,350,1.0,3
1257,resnet50,939,0.0,1
1258,efficientnetb1,350,1.0,3
1259,vgg19,750,0.482051380981956,8
1260,densenet121,550,0.0267032533330688,3
1261,efficientnetb0,750,0.6483214388113725,4
1262,resnet18,350,0.292613278460834,6
1263,efficientnetb1,750,0.7228690296773087,4
1264,vgg19,550,0.7144872600964158,10
1265,resnet50,939,0.481243768988981,4
1266,efficientnetb1,750,0.0,1
1267,efficientnetb0,750,1.0,3
1268,efficientnetb1,350,0.2323535341648464,2
1269,vgg16,350,0.9208348165236296,10
1270,densenet121,550,0.1132152876154946,4
1271,vgg19,750,0.3954673323042385,5
1272,efficientnetb2,550,1.0,3
1273,efficientnetb0,939,0.0,1
1274,efficientnetb1,550,0.2436659344100393,2
1275,efficientnetb0,550,1.0,3
1276,efficientnetb1,939,0.7039994792384792,4
1277,densenet121,550,0.1132152876154946,4
1278,vgg19,550,0.0192737323606945,1
1279,densenet121,350,0.1341157974542594,4
1280,resnet50,750,0.9081489241651808,4
1281,resnet18,750,1.0,2
1282,densenet121,750,0.5014039257956258,7
1283,vgg19,350,0.063159932094785,4
1284,resnet50,550,0.8215124558966982,7
1285,vgg19,550,0.0192737323606945,1
1286,resnet50,939,0.6400205520491736,8
1287,vgg19,550,0.3630539177738009,6
1288,resnet18,350,1.0,3
1289,resnet50,550,0.4611472962789475,4
1290,resnet18,550,1.0,2
1291,densenet121,550,0.0,1
1292,resnet50,750,0.8540914514899219,6
1293,vgg19,350,0.0047515404264518,2
1294,resnet18,939,0.9772814215247084,3
1295,vgg16,350,0.7070851752612257,15
1296,efficientnetb2,750,1.0,3
1297,vgg19,550,0.4939105417814899,8
1298,vgg16,550,0.6395986703296175,8
1299,resnet18,550,0.9649971314956884,3
1300,vgg16,750,0.0,2
1301,efficientnetb2,750,0.1857252749278613,2
1302,resnet18,939,1.0,2
1303,densenet121,550,0.1132152876154946,4
1304,vgg19,550,0.3630539177738009,6
1305,efficientnetb0,350,0.2601845258832877,2
1306,efficientnetb0,750,0.4450311925360435,5
1307,densenet121,750,0.1284609034111726,9
1308,resnet50,750,0.3344894405367239,2
1309,efficientnetb0,750,0.0,1
1310,vgg16,939,0.5864580273918906,19
1311,resnet50,939,0.0,1
1312,resnet18,550,0.5341577662577371,1
1313,resnet18,350,0.6798528330010116,4
1314,efficientnetb2,939,0.6509085704414946,4
1315,vgg16,750,0.0835468528760409,3
1316,vgg19,350,0.1104026426586838,3
1317,resnet18,350,0.5934360820487711,1
1318,efficientnetb1,939,1.0,3
1319,vgg16,750,0.0835468528760409,3
1320,efficientnetb2,939,0.6509085704414946,4
1321,efficientnetb1,939,0.0961268279883589,7
1322,vgg16,939,0.8568556422949929,11
1323,efficientnetb0,350,1.0,3
1324,resnet18,550,1.0,2
1325,efficientnetb0,350,0.7221681243288518,4
1326,efficientnetb2,550,0.4196653103687508,5
1327,resnet50,750,0.3344894405367239,2
1328,resnet50,550,0.4775732514001548,9
1329,efficientnetb1,750,0.7228690296773087,4
1330,vgg16,750,1.0,14
1331,efficientnetb2,550,0.1997439170806723,2
1332,vgg16,350,0.6122688308267832,9
1333,efficientnetb1,939,0.4873612700075253,5
1334,vgg16,350,0.968053827189964,11
1335,densenet121,939,1.0,6
1336,resnet50,939,1.0,6
1337,resnet18,750,0.9425112246169725,3
1338,vgg16,550,0.6395986703296175,8
1339,vgg16,350,0.6117716042882734,8
1340,vgg16,750,0.3377923017778272,23
1341,efficientnetb1,350,0.2325508521386866,7
1342,efficientnetb0,350,1.0,3
1343,efficientnetb2,550,0.7219694682129152,4
1344,vgg19,750,0.9636492577949504,13
1345,efficientnetb0,350,1.0,3
1346,efficientnetb1,939,0.7039994792384792,4
1347,resnet50,550,0.4775732514001548,9
1348,vgg19,550,0.7603022178684953,17
1349,vgg19,939,0.7537426666757167,12
1350,resnet18,939,0.666846850715217,4
1351,resnet18,750,0.5563161859691826,1
1352,efficientnetb1,750,0.258386396623143,2
1353,efficientnetb0,750,0.6483214388113725,4
1354,efficientnetb2,550,0.4196653103687508,5
1355,efficientnetb1,750,0.7228690296773087,4
1356,resnet50,750,0.5189759550817877,8
1357,resnet50,550,0.0097267662088094,1
1358,densenet121,750,0.0983602208090902,4
1359,densenet121,550,0.0266970250369456,2
1360,resnet50,550,0.8215124558966982,7
1361,efficientnetb1,750,0.258386396623143,2
1362,efficientnetb2,350,0.4600422057004524,5
1363,densenet121,550,0.5185925451749753,8
1364,efficientnetb0,939,0.2344467476320147,6
1365,resnet18,750,0.9425112246169725,3
1366,resnet18,550,0.6805816088044464,4
1367,efficientnetb2,939,1.0,3
1368,efficientnetb0,550,0.0,1
1369,vgg16,350,0.751180927944886,17
1370,efficientnetb1,550,1.0,3
1371,densenet121,350,0.0523859604428457,3
1372,resnet50,939,0.0,1
1373,vgg16,350,0.0713714441743471,3
1374,vgg16,939,0.8568556422949929,11
1375,efficientnetb1,550,1.0,3
1376,efficientnetb0,750,1.0,3
1377,efficientnetb2,350,0.237407337197427,6
1378,vgg19,939,0.053642035656265,3
1379,densenet121,550,0.6262433485833546,5
1380,vgg16,350,0.0238402416290037,2
1381,densenet121,939,0.0,1
1382,efficientnetb0,750,1.0,3
1383,resnet50,550,0.2772450699669692,3
1384,efficientnetb0,939,1.0,3
1385,vgg19,939,0.9322438807363724,13
1386,vgg19,750,0.0,1
1387,efficientnetb1,350,0.1057479814087846,8
1388,efficientnetb1,350,0.7181138626700144,4
1389,resnet18,939,0.2713411337912176,6
1390,efficientnetb0,550,0.0,1
1391,efficientnetb2,550,0.0,1
1392,resnet18,750,0.9425112246169725,3
1393,resnet18,750,0.6570784835049883,4
1394,resnet18,550,0.2785187719074968,6
1395,densenet121,750,0.5014039257956258,7
1396,vgg16,550,0.4214217351871893,20
1397,resnet18,550,0.6805816088044464,4
1398,efficientnetb0,939,0.0300451672854749,7
1399,efficientnetb2,550,1.0,3
1400,efficientnetb2,750,0.6313792880026403,4
1401,efficientnetb1,750,1.0,3
1402,resnet18,550,0.6805816088044464,4
1403,densenet121,939,0.4858756243316292,5
1404,resnet50,750,0.8540914514899219,6
1405,resnet50,550,0.4611472962789475,4
1406,resnet18,350,0.5934360820487711,1
1407,efficientnetb0,350,0.0,1
1408,efficientnetb1,550,1.0,3
1409,densenet121,939,0.0,1
1410,efficientnetb1,350,0.7181138626700144,4
1411,densenet121,750,0.0279532973407523,2
1412,efficientnetb0,550,1.0,3
1413,efficientnetb1,350,1.0,3
1414,resnet50,350,0.2365622217411404,3
1415,efficientnetb0,550,0.7484594574197447,4
1416,resnet50,550,0.2772450699669692,3
1417,vgg19,350,0.9722792391750928,13
1418,vgg16,939,0.5519575390300896,9
1419,resnet50,350,0.0174859151390518,1
1420,vgg19,750,0.6673220941960659,10
1421,resnet18,350,1.0,3
1422,efficientnetb1,350,0.2323535341648464,2
1423,resnet50,350,1.0,6
1424,resnet50,939,1.0,6
1425,vgg19,750,0.7555996769548718,17
1426,vgg16,550,1.0,12
1427,resnet50,350,0.4097205423764233,4
1428,efficientnetb1,939,0.7039994792384792,4
1429,resnet50,750,0.3530361156189798,10
1430,resnet50,939,0.0,1
1431,efficientnetb2,350,1.0,3
1432,vgg16,550,0.9599292331742392,11
1433,resnet50,550,0.2772450699669692,3
1434,vgg19,350,0.7874284582909132,17
1435,efficientnetb2,750,0.2988059577556946,6
1436,resnet18,939,0.5358361217945573,1
1437,vgg16,350,0.0238402416290037,2
1438,efficientnetb1,350,0.0,1
1439,efficientnetb1,350,0.7181138626700144,4
1440,efficientnetb2,350,1.0,3
1441,vgg19,350,0.4842986650150916,9
1442,resnet50,350,0.0948151869136176,2
1443,efficientnetb1,550,1.0,3
1444,vgg16,350,0.968053827189964,11
1445,vgg19,939,1.0,15
1446,efficientnetb0,350,1.0,3
1447,resnet50,350,0.4097205423764233,4
1448,vgg16,939,1.0,13
1449,vgg19,550,0.93432282209291,16
1450,vgg16,939,0.7455450313368192,10
1451,resnet50,350,0.8169515861153699,7
1452,efficientnetb2,939,0.2064582521296088,2
1453,vgg19,350,0.4842986650150916,9
1454,vgg19,750,0.6673220941960659,10
1455,vgg16,550,0.0,2
1456,vgg19,939,0.9322438807363724,13
1457,efficientnetb1,350,0.5010852886204035,5
1458,vgg16,350,0.0238402416290037,2
1459,vgg16,750,0.0,2
1460,efficientnetb1,350,0.5010852886204035,5
1461,resnet50,939,0.8017819857800019,7
1462,vgg16,550,0.6395986703296175,8
1463,efficientnetb0,939,1.0,3
1464,efficientnetb0,939,0.6801221238861833,4
1465,efficientnetb1,939,0.2284047954549483,2
1466,densenet121,550,0.0,1
1467,vgg16,350,0.4552780768214839,7
1468,vgg16,939,1.0,13
1469,efficientnetb0,550,1.0,3
1470,vgg19,939,1.0,15
1471,vgg19,750,0.1063831635744575,4
1472,efficientnetb0,939,0.245393377540531,2
1473,efficientnetb0,550,0.290069122860228,2
1474,resnet18,750,0.5563161859691826,1
1475,densenet121,939,0.0,1
1476,efficientnetb0,550,0.0,1
1477,efficientnetb0,350,1.0,3
1478,resnet50,939,0.8248723661787692,5
1479,resnet18,750,0.9425112246169725,3
1480,vgg16,350,1.0,12
1481,efficientnetb2,550,0.7219694682129152,4
1482,efficientnetb2,550,1.0,3
1483,vgg19,550,0.9153142027929496,13
1484,resnet50,350,0.0948151869136176,2
1485,efficientnetb2,750,1.0,3
1486,resnet50,939,1.0,6
1487,vgg19,550,1.0,15
1488,vgg19,350,1.0,16
1489,efficientnetb1,350,0.0,1
1490,efficientnetb1,350,0.0,1
1491,efficientnetb2,550,1.0,3
1492,resnet50,550,1.0,6
1493,densenet121,750,0.0983602208090902,4
1494,efficientnetb1,750,1.0,3
1495,efficientnetb1,550,1.0,3
1496,vgg19,550,0.3630539177738009,6
1497,efficientnetb2,939,0.6509085704414946,4
1498,efficientnetb1,550,0.0,1
1499,densenet121,350,0.0,1
1500,efficientnetb1,939,0.7039994792384792,4
1501,efficientnetb0,550,1.0,3
1502,densenet121,939,0.4858756243316292,5
1503,efficientnetb0,350,0.4626689598236604,5
1504,resnet18,750,1.0,2
1505,efficientnetb0,750,0.221102352041803,2
1506,densenet121,750,0.0357436179754728,3
1507,efficientnetb0,939,1.0,3
1508,densenet121,750,0.6549577219091517,5
1509,vgg16,550,0.4909442737237837,5
1510,densenet121,750,1.0,6
1511,efficientnetb2,550,0.0,1
1512,densenet121,550,1.0,6
1513,resnet18,350,1.0,3
1514,vgg16,550,0.0199271539720846,1
1515,efficientnetb2,350,1.0,3
1516,resnet50,750,0.5189759550817877,8
1517,resnet50,750,0.8540914514899219,6
1518,vgg19,750,0.3776216428097246,7
1519,vgg19,350,0.9884623593775808,15
1520,densenet121,939,0.133680659859905,4
1521,resnet18,550,0.46598992776295,5
1522,densenet121,939,0.3516434776147618,8
1523,efficientnetb1,939,0.0,1
1524,vgg19,350,0.6857714069171352,20
1525,efficientnetb1,939,1.0,3
1526,efficientnetb2,350,1.0,3
1527,resnet18,750,0.9425112246169725,3
1528,vgg19,939,0.7537426666757167,12
1529,efficientnetb1,750,1.0,3
1530,resnet18,750,0.2819735347623552,6
1531,efficientnetb2,350,0.4600422057004524,5
1532,vgg16,350,0.4955592672941035,5
1533,efficientnetb1,750,0.3094983907889674,6
1534,efficientnetb2,939,1.0,3
1535,vgg16,750,0.888612802013523,12
1536,efficientnetb2,350,0.1727158782926704,2
1537,resnet18,939,0.666846850715217,4
1538,vgg16,750,0.7930687335281449,10
1539,vgg16,750,0.7930687335281449,10
1540,resnet18,350,0.5048206439889544,5
1541,efficientnetb2,550,1.0,3
1542,efficientnetb2,550,1.0,3
1543,efficientnetb2,939,1.0,3
1544,vgg16,939,0.5519575390300896,9
1545,efficientnetb1,750,0.7228690296773087,4
1546,efficientnetb0,939,1.0,3
1547,vgg19,939,0.053642035656265,3
1548,resnet18,350,0.9463184463728672,2
1549,efficientnetb1,550,1.0,3
1550,efficientnetb1,939,0.2284047954549483,2
1551,resnet50,750,0.5242927837491854,3
1552,efficientnetb1,350,0.0,1
1553,resnet50,750,0.8540914514899219,6
1554,vgg16,750,0.3927521762586766,6
1555,vgg16,550,0.0768889395683232,3
1556,vgg19,939,0.3786480345124817,5
1557,efficientnetb0,750,0.0,1
1558,vgg16,350,0.6856932128300365,16
1559,vgg16,939,0.5519575390300896,9
1560,efficientnetb0,350,0.0,1
1561,efficientnetb2,350,0.65175093664593,4
1562,efficientnetb1,939,1.0,3
1563,efficientnetb2,939,1.0,3
1564,vgg16,939,0.0548212617333455,3
1565,vgg16,750,0.3719773828090447,7
1566,vgg16,350,0.9208348165236296,10
1567,efficientnetb1,750,0.7228690296773087,4
1568,efficientnetb0,750,0.0665010548114934,7
1569,vgg16,750,0.8760175184574507,11
1570,efficientnetb1,750,0.0,1
1571,efficientnetb2,939,0.0,1
1572,efficientnetb0,350,0.2601845258832877,2
1573,vgg16,939,0.5638100259338691,8
1574,resnet50,939,1.0,6
1575,resnet50,939,0.3016164674088932,11
1576,vgg19,550,0.3992057636441661,5
1577,vgg19,750,0.349757663747874,6
1578,efficientnetb2,550,0.1997439170806723,2
1579,resnet50,750,0.5242927837491854,3
1580,vgg16,750,0.3927521762586766,6
1581,efficientnetb0,939,1.0,3
1582,vgg19,350,0.4995659680915179,8
1583,efficientnetb2,750,0.6313792880026403,4
1584,resnet50,750,0.692684175445151,7
1585,efficientnetb2,350,0.65175093664593,4
1586,densenet121,750,0.0,1
1587,efficientnetb0,750,1.0,3
1588,resnet18,750,0.4551076759252049,5
1589,resnet18,750,0.2819735347623552,6
1590,resnet50,939,1.0,6
1591,resnet18,750,1.0,2
1592,efficientnetb2,550,0.0,1
1593,efficientnetb2,350,0.0,1
1594,vgg16,939,0.5638100259338691,8
1595,efficientnetb1,550,1.0,3
1596,efficientnetb1,550,1.0,3
1597,efficientnetb0,939,1.0,3
1598,efficientnetb1,750,1.0,3
1599,efficientnetb1,550,1.0,3
1600,resnet50,750,0.098265786808133,1
1601,vgg19,939,0.053642035656265,3
1602,efficientnetb1,939,1.0,3
1603,resnet18,350,0.9463184463728672,2
1604,efficientnetb0,550,0.290069122860228,2
1605,resnet18,550,0.6805816088044464,4
1606,efficientnetb1,550,1.0,3
1607,efficientnetb2,550,1.0,3
1608,resnet50,550,0.8501913432605966,5
1609,efficientnetb1,350,1.0,3
1610,resnet18,939,0.5358361217945573,1
1611,resnet18,350,0.292613278460834,6
1612,efficientnetb1,550,0.6878389778024664,4
1613,vgg16,550,0.6395986703296175,8
1614,densenet121,750,0.5014039257956258,7
1615,resnet18,350,0.9463184463728672,2
1616,efficientnetb0,939,0.6801221238861833,4
1617,vgg16,350,0.4955592672941035,5
1618,resnet50,550,0.8501913432605966,5
1619,densenet121,550,0.5224277109043235,7
1620,vgg19,550,0.527063884872579,9
1621,efficientnetb0,550,0.7484594574197447,4
1622,resnet18,350,0.5934360820487711,1
1623,resnet18,350,1.0,3
1624,densenet121,550,0.6262433485833546,5
1625,vgg16,550,0.6944058532919857,15
1626,resnet18,939,0.9772814215247084,3
1627,efficientnetb1,939,1.0,3
1628,efficientnetb0,750,1.0,3
1629,resnet50,350,0.2365622217411404,3
1630,vgg16,550,1.0,12
1631,vgg19,939,0.0183675354070255,1
1632,efficientnetb0,750,0.221102352041803,2
1633,efficientnetb0,750,1.0,3
1634,resnet18,350,0.6798528330010116,4
1635,efficientnetb0,550,0.5319033905566624,5
1636,vgg19,750,0.7549293405793684,12
1637,resnet18,550,0.46598992776295,5
1638,vgg16,939,1.0,13
1639,vgg16,939,0.5638100259338691,8
1640,resnet50,750,0.8540914514899219,6
1641,densenet121,350,0.5134540759121593,7
1642,vgg16,550,0.711677470908326,17
1643,vgg19,750,0.3776216428097246,7
1644,densenet121,939,0.133680659859905,4
1645,vgg16,750,0.9989474447948092,13
1646,resnet50,550,0.106889737057666,2
1647,resnet18,750,0.2819735347623552,6
1648,efficientnetb2,550,1.0,3
1649,resnet18,939,0.5358361217945573,1
1650,efficientnetb0,550,1.0,3
1651,resnet50,350,0.3548656355696806,11
1652,resnet18,939,0.5358361217945573,1
1653,efficientnetb1,350,1.0,3
1654,vgg19,550,0.0192737323606945,1
1655,efficientnetb0,750,0.221102352041803,2
1656,densenet121,350,0.6263678162488967,5
1657,efficientnetb0,750,1.0,3
1658,efficientnetb0,939,1.0,3
1659,vgg16,750,0.3719773828090447,7
1660,resnet18,550,1.0,2
1661,resnet18,750,0.9425112246169725,3
1662,densenet121,750,0.0983602208090902,4
1663,efficientnetb1,350,0.7181138626700144,4
1664,efficientnetb2,350,1.0,3
1665,densenet121,350,0.6263678162488967,5
1666,efficientnetb2,550,0.7219694682129152,4
1667,efficientnetb0,750,0.221102352041803,2
1668,efficientnetb1,350,0.2323535341648464,2
1669,vgg16,550,0.6944058532919857,15
1670,densenet121,550,1.0,6
1671,efficientnetb2,939,1.0,3
1672,efficientnetb2,350,1.0,3
1673,efficientnetb0,550,1.0,3
1674,resnet50,350,1.0,6
1675,densenet121,750,0.6549577219091517,5
1676,densenet121,550,0.0267032533330688,3
1677,resnet50,939,0.6400205520491736,8
1678,vgg19,750,0.9636492577949504,13
1679,resnet50,550,0.4611472962789475,4
1680,efficientnetb1,550,0.2436659344100393,2
1681,resnet18,550,0.9649971314956884,3
1682,efficientnetb0,750,0.0,1
1683,efficientnetb1,750,1.0,3
1684,vgg19,550,0.9153142027929496,13
1685,vgg19,939,0.3698836387150448,7
1686,resnet18,550,0.9649971314956884,3
1687,efficientnetb2,350,1.0,3
1688,densenet121,350,1.0,6
1689,vgg16,550,0.6944058532919857,15
1690,efficientnetb1,939,0.7039994792384792,4
1691,resnet50,550,1.0,6
1692,vgg16,350,0.4955592672941035,5
1693,densenet121,550,0.0267032533330688,3
1694,efficientnetb1,350,1.0,3
1695,vgg16,750,0.7792226912655664,15
1696,vgg16,750,0.5870702344568659,8
1697,efficientnetb1,550,0.6878389778024664,4
1698,efficientnetb0,939,1.0,3
1699,efficientnetb0,939,1.0,3
1700,efficientnetb0,350,1.0,3
1701,vgg19,750,0.7336613700677788,18
1702,efficientnetb0,550,0.0,1
1703,efficientnetb2,550,1.0,3
1704,resnet18,550,1.0,2
1705,efficientnetb0,750,1.0,3
1706,densenet121,350,0.6263678162488967,5
1707,vgg19,350,0.6857714069171352,20
1708,resnet18,939,0.9772814215247084,3
1709,efficientnetb0,750,1.0,3
1710,efficientnetb2,550,0.1997439170806723,2
1711,resnet18,350,0.292613278460834,6
1712,efficientnetb0,939,1.0,3
1713,efficientnetb2,350,0.1727158782926704,2
1714,vgg19,939,0.3144631067328258,6
1715,efficientnetb1,350,1.0,3
1716,efficientnetb1,750,1.0,3
1717,resnet18,750,0.5563161859691826,1
1718,vgg19,350,0.7874284582909132,17
1719,densenet121,550,0.5185925451749753,8
1720,efficientnetb1,350,0.2325508521386866,7
1721,efficientnetb2,350,1.0,3
1722,densenet121,939,0.133680659859905,4
1723,vgg19,550,0.6532435397082842,20
1724,resnet18,939,0.9772814215247084,3
1725,efficientnetb2,550,0.1997439170806723,2
1726,resnet50,550,1.0,6
1727,vgg16,350,0.6122688308267832,9
1728,efficientnetb2,750,1.0,3
1729,vgg19,550,0.93699417819052,14
1730,vgg19,750,0.0061276421520036,2
1731,efficientnetb1,750,1.0,3
1732,resnet50,939,1.0,6
1733,efficientnetb2,350,1.0,3
1734,resnet18,939,0.666846850715217,4
1735,resnet18,939,0.9772814215247084,3
1736,resnet50,750,0.098265786808133,1
1737,efficientnetb2,550,0.7219694682129152,4
1738,efficientnetb2,939,0.2064582521296088,2
1739,efficientnetb1,350,0.2323535341648464,2
1740,resnet50,750,0.692684175445151,7
1741,efficientnetb0,939,0.245393377540531,2
1742,resnet50,939,0.8248723661787692,5
1743,vgg19,750,0.349757663747874,6
1744,resnet50,350,0.8830285561177872,5
1745,resnet18,550,0.6805816088044464,4
1746,resnet50,750,0.692684175445151,7
1747,efficientnetb2,750,0.6313792880026403,4
1748,densenet121,350,0.6263678162488967,5
1749,resnet50,939,0.8017819857800019,7
1750,densenet121,750,1.0,6
1751,efficientnetb2,350,1.0,3
1752,resnet50,350,0.0174859151390518,1
1753,vgg19,550,0.3608150480635607,7
1754,vgg19,350,0.7647138013706365,12
1755,resnet18,550,1.0,2
1756,efficientnetb1,350,1.0,3
1757,densenet121,750,0.6549577219091517,5
1758,vgg19,750,0.0,1
1759,efficientnetb1,550,1.0,3
1760,efficientnetb0,939,1.0,3
1761,efficientnetb1,939,1.0,3
1762,efficientnetb2,550,1.0,3
1763,efficientnetb1,350,0.7181138626700144,4
1764,densenet121,939,0.0166311998595305,3
1765,efficientnetb0,939,0.245393377540531,2
1766,resnet18,939,0.5358361217945573,1
1767,vgg16,550,0.4337023661646058,6
1768,resnet50,350,0.6807257591827157,8
1769,vgg19,750,0.7549293405793684,12
1770,vgg19,750,0.9783359431256168,14
1771,resnet50,750,0.3344894405367239,2
1772,densenet121,550,0.0267032533330688,3
1773,efficientnetb2,350,0.1727158782926704,2
1774,efficientnetb2,750,0.6313792880026403,4
1775,densenet121,750,0.6549577219091517,5
1776,resnet50,350,0.4097205423764233,4
1777,efficientnetb0,939,0.245393377540531,2
1778,vgg16,350,0.968053827189964,11
1779,efficientnetb1,550,1.0,3
1780,densenet121,350,0.6263678162488967,5
1781,vgg16,750,0.9989474447948092,13
1782,efficientnetb2,939,1.0,3
1783,vgg19,939,0.1144285467096243,4
1784,resnet50,550,1.0,6
1785,vgg19,750,0.7555996769548718,17
1786,resnet18,939,0.666846850715217,4
1787,vgg19,550,0.3630539177738009,6
1788,vgg16,350,0.0713714441743471,3
1789,efficientnetb1,750,1.0,3
1790,densenet121,939,1.0,6
1791,resnet50,750,0.692684175445151,7
1792,resnet50,750,0.8540914514899219,6
1793,vgg19,939,0.7038804657074393,11
1794,densenet121,550,1.0,6
1795,vgg16,550,0.6395986703296175,8
1796,efficientnetb1,750,1.0,3
1797,efficientnetb0,939,0.6801221238861833,4
1798,resnet18,550,0.9649971314956884,3
1799,vgg19,750,0.7555996769548718,17
1800,resnet18,750,0.9425112246169725,3
1801,efficientnetb0,350,1.0,3
1802,vgg19,550,0.7587179131016882,12
1803,resnet50,939,1.0,6
1804,efficientnetb2,939,0.2064582521296088,2
1805,efficientnetb1,750,1.0,3
1806,efficientnetb2,750,0.1857252749278613,2
1807,resnet18,939,0.4650005330060861,5
1808,densenet121,550,0.1132152876154946,4
1809,efficientnetb0,750,0.4450311925360435,5
1810,vgg16,750,0.7687574864572922,16
1811,densenet121,939,0.4858756243316292,5
1812,efficientnetb1,350,1.0,3
1813,efficientnetb1,939,0.0,1
1814,efficientnetb2,939,0.0,1
1815,resnet50,350,1.0,6
1816,vgg19,350,0.4842986650150916,9
1817,efficientnetb0,550,1.0,3
1818,efficientnetb2,350,1.0,3
1819,efficientnetb0,750,0.221102352041803,2
1820,resnet50,350,0.8169515861153699,7
1821,vgg19,939,0.3698836387150448,7
1822,densenet121,350,0.6263678162488967,5
1823,efficientnetb0,939,1.0,3
1824,efficientnetb1,350,1.0,3
1825,efficientnetb2,350,1.0,3
1826,efficientnetb1,750,0.7228690296773087,4
1827,efficientnetb0,939,1.0,3
1828,efficientnetb2,750,0.1857252749278613,2
1829,resnet50,350,0.8830285561177872,5
1830,resnet18,939,0.2713411337912176,6
1831,efficientnetb2,550,0.7219694682129152,4
1832,vgg19,350,0.9722792391750928,13
1833,vgg16,750,0.3927521762586766,6
1834,vgg16,550,0.0199271539720846,1
1835,vgg16,939,0.8568556422949929,11
1836,efficientnetb2,550,0.7219694682129152,4
1837,efficientnetb2,750,0.2988059577556946,6
1838,resnet50,350,0.0948151869136176,2
1839,vgg16,350,0.0,1
1840,densenet121,550,0.6262433485833546,5
1841,vgg19,550,0.93432282209291,16
1842,resnet50,939,1.0,6
1843,vgg19,550,0.0192737323606945,1
1844,efficientnetb0,550,1.0,3
1845,efficientnetb0,550,1.0,3
1846,efficientnetb0,350,0.7221681243288518,4
1847,efficientnetb0,350,1.0,3
1848,efficientnetb2,550,0.2469174626993638,6
1849,resnet50,350,0.8830285561177872,5
1850,efficientnetb2,550,0.4196653103687508,5
1851,vgg19,550,0.1248786103205342,4
1852,densenet121,550,0.0267032533330688,3
1853,resnet50,350,1.0,6
1854,efficientnetb0,550,1.0,3
1855,resnet50,550,0.106889737057666,2
1856,efficientnetb1,750,1.0,3
1857,efficientnetb2,550,1.0,3
1858,efficientnetb1,550,1.0,3
1859,resnet50,750,1.0,5
1860,resnet50,350,0.8169515861153699,7
1861,resnet50,939,0.8017819857800019,7
1862,efficientnetb2,350,0.65175093664593,4
1863,resnet50,939,0.8248723661787692,5
1864,densenet121,350,1.0,6
1865,vgg16,350,0.968053827189964,11
1866,densenet121,939,1.0,6
1867,resnet18,550,0.6805816088044464,4
1868,efficientnetb2,350,1.0,3
1869,efficientnetb1,939,0.7039994792384792,4
1870,vgg16,750,0.7792226912655664,15
1871,densenet121,939,0.133680659859905,4
1872,resnet18,939,0.666846850715217,4
1873,resnet50,939,0.8017819857800019,7
1874,efficientnetb0,750,0.0,1
1875,efficientnetb0,939,0.6801221238861833,4
1876,efficientnetb0,350,1.0,3
1877,efficientnetb0,939,0.6801221238861833,4
1878,densenet121,550,0.6262433485833546,5
1879,densenet121,350,0.6263678162488967,5
1880,efficientnetb2,350,1.0,3
1881,vgg16,750,0.3927521762586766,6
1882,efficientnetb0,750,0.221102352041803,2
1883,efficientnetb2,350,1.0,3
1884,densenet121,350,0.6263678162488967,5
1885,efficientnetb1,350,1.0,3
1886,resnet50,750,0.9081489241651808,4
1887,efficientnetb2,550,0.7219694682129152,4
1888,resnet18,350,0.9463184463728672,2
1889,efficientnetb1,750,0.0,1
1890,efficientnetb1,939,1.0,3
1891,vgg19,350,0.7900442607978805,19
1892,efficientnetb2,750,0.6313792880026403,4
1893,resnet18,550,0.46598992776295,5
1894,efficientnetb0,750,1.0,3
1895,efficientnetb1,550,0.0,1
1896,resnet18,939,0.0,8
1897,resnet18,550,0.9649971314956884,3
1898,resnet18,350,0.5934360820487711,1
1899,efficientnetb1,350,1.0,3
1900,efficientnetb1,939,1.0,3
1901,vgg16,350,0.9277415950475124,14
1902,vgg19,750,0.482051380981956,8
1903,vgg19,350,0.9654136477619172,14
1904,efficientnetb2,550,1.0,3
1905,vgg19,350,0.7874284582909132,17
1906,resnet50,550,0.8215124558966982,7
1907,efficientnetb1,550,1.0,3
1908,efficientnetb2,350,1.0,3
1909,efficientnetb1,350,1.0,3
1910,efficientnetb1,750,0.3094983907889674,6
1911,resnet18,939,0.666846850715217,4
1912,resnet50,750,0.8540914514899219,6
1913,resnet18,750,0.9425112246169725,3
1914,efficientnetb1,750,1.0,3
1915,vgg19,750,0.349757663747874,6
1916,vgg16,350,0.1139662905811487,4
1917,resnet18,939,1.0,2
1918,densenet121,550,0.0267032533330688,3
1919,resnet50,550,0.8215124558966982,7
1920,resnet50,939,0.1412757250508847,2
1921,resnet18,750,0.6570784835049883,4
1922,efficientnetb0,750,1.0,3
1923,resnet50,350,0.8830285561177872,5
1924,vgg16,750,0.6199568106045172,9
1925,efficientnetb0,350,1.0,3
1926,vgg19,939,0.0183675354070255,1
1927,resnet18,350,0.6798528330010116,4
1928,efficientnetb0,350,0.4626689598236604,5
1929,densenet121,350,0.6263678162488967,5
1930,efficientnetb1,550,1.0,3
1931,efficientnetb0,939,1.0,3
1932,resnet18,550,1.0,2
1933,efficientnetb2,550,0.7219694682129152,4
1934,resnet18,550,0.9649971314956884,3
1935,efficientnetb1,939,1.0,3
1936,resnet50,550,0.8215124558966982,7
1937,vgg16,350,0.968053827189964,11
1938,resnet18,350,1.0,3
1939,densenet121,939,1.0,6
1940,vgg16,550,0.4909442737237837,5
1941,efficientnetb2,350,0.4600422057004524,5
1942,resnet18,939,1.0,2
1943,efficientnetb2,939,1.0,3
1944,resnet50,750,1.0,5
1945,densenet121,550,1.0,6
1946,vgg16,550,0.941205716630206,14
1947,efficientnetb2,939,1.0,3
1948,efficientnetb2,750,1.0,3
1949,vgg16,750,0.0240042451732625,4
1950,efficientnetb2,550,0.7219694682129152,4
1951,resnet50,350,0.2365622217411404,3
1952,efficientnetb2,550,1.0,3
1953,efficientnetb2,350,1.0,3
1954,resnet18,350,0.6798528330010116,4
1955,vgg19,939,0.7038804657074393,11
1956,vgg19,750,0.7555996769548718,17
1957,vgg16,350,0.9208348165236296,10
1958,vgg19,550,0.0192737323606945,1
1959,resnet18,550,0.9649971314956884,3
1960,resnet50,750,0.8540914514899219,6
1961,vgg16,750,0.0240042451732625,4
1962,resnet50,939,1.0,6
1963,resnet50,939,1.0,6
1964,resnet18,350,1.0,3
1965,resnet18,750,0.9425112246169725,3
1966,efficientnetb2,939,1.0,3
1967,efficientnetb1,939,0.4873612700075253,5
1968,efficientnetb1,939,1.0,3
1969,efficientnetb1,550,1.0,3
1970,densenet121,350,0.1341157974542594,4
1971,vgg19,350,0.9884623593775808,15
1972,vgg19,350,0.9722792391750928,13
1973,resnet18,350,0.6798528330010116,4
1974,efficientnetb2,939,0.6509085704414946,4
1975,vgg19,350,1.0,16
1976,densenet121,550,1.0,6
1977,vgg19,350,0.0,1
1978,vgg19,750,0.7134880992516057,11
1979,vgg19,939,0.0183675354070255,1
1980,resnet50,939,0.8248723661787692,5
1981,densenet121,350,0.6263678162488967,5
1982,efficientnetb0,750,1.0,3
1983,efficientnetb0,550,0.290069122860228,2
1984,vgg19,939,0.0,2
1985,vgg19,550,0.1112152559945396,3
1986,vgg19,939,0.783629319224574,17
1987,vgg19,550,0.3992057636441661,5
1988,resnet50,550,0.4611472962789475,4
1989,vgg16,350,0.4955592672941035,5
1990,efficientnetb0,350,0.7221681243288518,4
1991,vgg16,350,0.4955592672941035,5
1992,efficientnetb0,550,1.0,3
1993,resnet50,550,0.8501913432605966,5
1994,vgg16,550,0.9599292331742392,11
1995,vgg19,550,0.7412152580816892,11
1996,resnet50,939,0.481243768988981,4
1997,efficientnetb1,350,0.0,1
1998,vgg19,350,0.7439023030951907,11
1999,efficientnetb0,550,1.0,3
2000,resnet50,939,0.8017819857800019,7
2001,resnet18,550,0.6805816088044464,4
2002,efficientnetb1,550,0.5223117533457641,5
2003,efficientnetb2,350,1.0,3
2004,efficientnetb1,350,1.0,3
2005,efficientnetb2,550,1.0,3
2006,efficientnetb0,350,0.2601845258832877,2
2007,vgg19,750,0.7555996769548718,17
2008,densenet121,350,1.0,6
2009,vgg16,750,0.0835468528760409,3
2010,resnet50,939,0.3012988939538109,3
2011,resnet18,350,1.0,3
2012,vgg16,939,0.0,2
2013,efficientnetb0,550,0.7484594574197447,4
2014,vgg19,939,0.7038804657074393,11
2015,vgg19,750,0.9636492577949504,13
2016,resnet50,750,0.8540914514899219,6
2017,efficientnetb2,939,1.0,3
2018,efficientnetb0,939,0.0,1
2019,densenet121,939,0.133680659859905,4
2020,vgg19,350,0.063159932094785,4
2021,efficientnetb2,550,1.0,3
2022,resnet50,750,0.8540914514899219,6
2023,densenet121,550,0.6262433485833546,5
2024,resnet18,550,0.9649971314956884,3
2025,efficientnetb0,750,1.0,3
2026,efficientnetb2,550,1.0,3
2027,resnet18,550,0.9649971314956884,3
2028,vgg16,750,0.3719773828090447,7
2029,densenet121,550,1.0,6
2030,resnet18,750,0.5563161859691826,1
2031,resnet50,350,0.0948151869136176,2
2032,efficientnetb1,939,1.0,3
2033,resnet50,550,0.645703014729161,8
2034,efficientnetb0,939,0.6801221238861833,4
2035,efficientnetb0,550,0.7484594574197447,4
2036,efficientnetb2,750,1.0,3
2037,vgg19,939,0.9322438807363724,13
2038,efficientnetb0,550,1.0,3
2039,resnet18,939,0.9772814215247084,3
2040,vgg16,750,0.8760175184574507,11
2041,efficientnetb0,750,1.0,3
2042,vgg16,939,0.5638100259338691,8
2043,resnet18,350,0.9463184463728672,2
2044,resnet18,939,0.9772814215247084,3
2045,densenet121,550,0.0267032533330688,3
2046,efficientnetb1,939,1.0,3
2047,resnet50,350,0.0948151869136176,2
2048,efficientnetb2,939,1.0,3
2049,vgg19,350,0.786298354089681,18
2050,vgg19,350,0.063159932094785,4
2051,vgg19,550,0.527063884872579,9
2052,vgg19,750,0.6673220941960659,10
2053,vgg19,550,0.4939105417814899,8
2054,vgg16,350,0.4552780768214839,7
2055,resnet18,550,0.9649971314956884,3
2056,densenet121,550,1.0,6
2057,vgg19,550,0.0,2
2058,efficientnetb0,550,1.0,3
2059,resnet18,350,0.5934360820487711,1
2060,resnet50,550,1.0,6
2061,efficientnetb2,750,1.0,3
2062,efficientnetb2,350,1.0,3
2063,efficientnetb0,750,0.0,1
2064,efficientnetb2,350,1.0,3
2065,vgg19,939,0.7038804657074393,11
2066,resnet50,750,0.8540914514899219,6
2067,vgg16,939,0.8568556422949929,11
2068,resnet50,750,1.0,5
2069,efficientnetb1,939,1.0,3
2070,vgg19,939,0.6821322371858641,10
2071,resnet18,550,1.0,2
2072,vgg19,939,0.3144631067328258,6
2073,resnet18,350,0.5934360820487711,1
2074,vgg19,939,0.7315721114772937,19
2075,vgg16,550,0.9461219284703368,13
2076,densenet121,550,0.1132152876154946,4
2077,vgg19,750,0.7549293405793684,12
2078,efficientnetb1,939,0.7039994792384792,4
2079,vgg19,750,0.482051380981956,8
2080,resnet50,350,0.8169515861153699,7
2081,resnet50,350,1.0,6
2082,resnet18,550,0.46598992776295,5
2083,resnet18,750,0.9425112246169725,3
2084,resnet18,350,1.0,3
2085,efficientnetb2,750,1.0,3
2086,efficientnetb1,939,1.0,3
2087,efficientnetb2,750,1.0,3
2088,resnet18,550,0.5341577662577371,1
2089,resnet18,750,0.6570784835049883,4
2090,vgg19,750,0.5392519021115965,9
2091,resnet18,550,0.5341577662577371,1
2092,efficientnetb0,550,1.0,3
2093,efficientnetb1,939,1.0,3
2094,resnet18,750,0.6570784835049883,4
2095,efficientnetb1,350,1.0,3
2096,efficientnetb2,350,1.0,3
2097,vgg16,550,0.9599292331742392,11
2098,efficientnetb2,550,0.4196653103687508,5
2099,resnet50,750,0.692684175445151,7
2100,resnet50,350,1.0,6
2101,efficientnetb0,939,1.0,3
2102,resnet50,750,0.8540914514899219,6
2103,vgg19,939,1.0,15
2104,efficientnetb1,350,1.0,3
2105,efficientnetb1,550,1.0,3
2106,vgg16,939,0.0060710231598882,1
2107,densenet121,550,0.6262433485833546,5
2108,resnet50,750,0.8540914514899219,6
2109,efficientnetb2,750,1.0,3
2110,vgg19,939,0.9938700985656802,16
2111,resnet18,939,0.9772814215247084,3
2112,resnet18,750,0.9425112246169725,3
2113,efficientnetb1,750,1.0,3
2114,vgg19,939,0.7038804657074393,11
2115,resnet50,750,0.3344894405367239,2
2116,resnet50,750,1.0,5
2117,efficientnetb2,939,1.0,3
2118,efficientnetb0,550,1.0,3
2119,resnet18,750,0.6570784835049883,4
2120,efficientnetb1,939,1.0,3
2121,vgg19,750,0.3954673323042385,5
2122,vgg16,550,0.0983706975456484,4
2123,vgg19,350,0.9884623593775808,15
2124,vgg16,939,0.7455450313368192,10
2125,efficientnetb1,350,1.0,3
2126,efficientnetb1,939,0.7039994792384792,4
2127,resnet18,550,1.0,2
2128,resnet50,750,0.692684175445151,7
2129,vgg19,550,0.0,2
2130,vgg19,550,0.7412152580816892,11
2131,vgg19,550,0.93699417819052,14
2132,resnet50,550,1.0,6
2133,resnet18,550,0.6805816088044464,4
2134,resnet50,350,0.4097205423764233,4
2135,vgg16,350,0.4955592672941035,5
2136,efficientnetb0,750,1.0,3
2137,efficientnetb0,550,1.0,3
2138,efficientnetb2,550,1.0,3
2139,efficientnetb1,750,1.0,3
2140,efficientnetb1,939,1.0,3
2141,efficientnetb1,350,1.0,3
2142,efficientnetb0,750,1.0,3
2143,resnet50,350,0.8169515861153699,7
2144,efficientnetb1,939,1.0,3
2145,resnet18,550,0.9649971314956884,3
2146,vgg16,550,0.0199271539720846,1
2147,densenet121,550,1.0,6
2148,efficientnetb2,550,1.0,3
2149,resnet18,350,1.0,3
2150,vgg16,550,0.873525344145539,10
2151,resnet18,750,0.9425112246169725,3
2152,densenet121,350,0.6263678162488967,5
2153,vgg16,550,0.0199271539720846,1
2154,vgg19,550,0.7144872600964158,10
2155,efficientnetb0,939,1.0,3
2156,efficientnetb2,750,1.0,3
2157,vgg16,750,0.8760175184574507,11
2158,resnet50,750,0.692684175445151,7
2159,efficientnetb1,750,0.7228690296773087,4
2160,efficientnetb1,350,1.0,3
2161,efficientnetb2,550,1.0,3
2162,vgg19,939,0.3698836387150448,7
2163,resnet50,350,1.0,6
2164,efficientnetb0,939,0.6801221238861833,4
2165,efficientnetb2,939,1.0,3
2166,resnet50,550,1.0,6
2167,vgg19,750,0.9936879963126718,15
2168,efficientnetb1,750,0.7228690296773087,4
2169,efficientnetb0,550,1.0,3
2170,vgg19,939,1.0,15
2171,resnet18,550,0.9649971314956884,3
2172,efficientnetb2,350,1.0,3
2173,efficientnetb0,350,1.0,3
2174,vgg16,350,0.451298059329941,6
2175,resnet18,350,1.0,3
2176,vgg19,350,0.7047271852759325,10
2177,efficientnetb0,939,1.0,3
2178,vgg16,939,0.8548072768189431,12
2179,densenet121,350,0.529578650458239,8
2180,resnet18,750,1.0,2
2181,efficientnetb1,550,1.0,3
2182,densenet121,550,0.0266970250369456,2
2183,vgg16,550,0.6336692532833877,9
2184,densenet121,550,0.6262433485833546,5
2185,efficientnetb1,350,1.0,3
2186,resnet18,550,1.0,2
2187,resnet50,550,1.0,6
2188,efficientnetb1,550,1.0,3
2189,efficientnetb0,939,1.0,3
2190,resnet18,350,0.9463184463728672,2
2191,resnet50,939,1.0,6
2192,densenet121,939,0.133680659859905,4
2193,resnet50,550,0.8215124558966982,7
2194,densenet121,750,0.6549577219091517,5
2195,vgg16,750,0.5870702344568659,8
2196,efficientnetb2,750,1.0,3
2197,densenet121,550,0.6262433485833546,5
2198,vgg16,750,0.3719773828090447,7
2199,resnet50,350,1.0,6
2200,densenet121,550,0.6262433485833546,5
2201,densenet121,939,1.0,6
2202,efficientnetb2,750,1.0,3
2203,densenet121,939,0.3516434776147618,8
2204,vgg19,550,0.93699417819052,14
2205,efficientnetb0,550,1.0,3
2206,efficientnetb2,550,0.0,1
2207,resnet50,750,0.8540914514899219,6
2208,efficientnetb2,939,1.0,3
2209,efficientnetb0,350,0.0,1
2210,efficientnetb1,550,1.0,3
2211,efficientnetb0,750,1.0,3
2212,resnet50,939,0.6400205520491736,8
2213,resnet50,939,0.3012988939538109,3
2214,efficientnetb1,550,1.0,3
2215,efficientnetb0,750,1.0,3
2216,resnet18,550,1.0,2
2217,efficientnetb0,939,1.0,3
2218,densenet121,750,0.6549577219091517,5
2219,resnet50,350,0.8169515861153699,7
2220,vgg19,750,0.0863442753339673,3
2221,resnet18,350,0.5934360820487711,1
2222,efficientnetb1,550,1.0,3
2223,densenet121,939,0.4858756243316292,5
2224,efficientnetb2,550,1.0,3
2225,resnet18,550,0.9649971314956884,3
2226,efficientnetb0,939,1.0,3
2227,densenet121,939,0.4858756243316292,5
2228,efficientnetb2,550,1.0,3
2229,resnet50,939,0.0,1
2230,efficientnetb2,939,1.0,3
2231,vgg16,750,0.0,2
2232,resnet50,939,1.0,6
2233,resnet18,750,0.9425112246169725,3
2234,vgg19,550,0.7144872600964158,10
2235,vgg19,750,0.5392519021115965,9
2236,densenet121,350,0.6263678162488967,5
2237,efficientnetb0,350,0.4626689598236604,5
2238,densenet121,939,0.0,1
2239,efficientnetb2,750,1.0,3
2240,efficientnetb1,939,1.0,3
2241,vgg16,350,0.968053827189964,11
2242,efficientnetb1,939,1.0,3
2243,efficientnetb2,939,1.0,3
2244,densenet121,350,0.6263678162488967,5
2245,vgg16,750,0.7930687335281449,10
2246,densenet121,939,0.4858756243316292,5
2247,vgg19,939,0.9938700985656802,16
2248,efficientnetb1,939,0.2284047954549483,2
2249,resnet18,550,0.9649971314956884,3
2250,resnet50,939,1.0,6
2251,efficientnetb2,750,1.0,3
2252,resnet50,750,0.8540914514899219,6
2253,efficientnetb0,350,1.0,3
2254,efficientnetb1,750,1.0,3
2255,efficientnetb1,350,0.0,1
2256,vgg16,350,0.4955592672941035,5
2257,efficientnetb0,550,1.0,3
2258,efficientnetb2,350,0.65175093664593,4
2259,efficientnetb0,350,1.0,3
2260,efficientnetb0,939,0.6801221238861833,4
2261,efficientnetb0,550,1.0,3
2262,densenet121,350,1.0,6
2263,vgg16,750,0.3719773828090447,7
2264,densenet121,550,0.0266970250369456,2
2265,resnet18,939,0.9772814215247084,3
2266,vgg16,550,1.0,12
2267,vgg16,939,1.0,13
2268,vgg16,350,1.0,12
2269,efficientnetb2,750,1.0,3
2270,resnet18,350,0.6798528330010116,4
2271,vgg19,750,0.9936879963126718,15
2272,resnet50,750,0.692684175445151,7
2273,efficientnetb1,350,1.0,3
2274,resnet50,750,0.692684175445151,7
2275,efficientnetb0,939,0.6801221238861833,4
2276,resnet18,350,1.0,3
2277,resnet50,750,0.8540914514899219,6
2278,efficientnetb1,939,1.0,3
2279,efficientnetb0,939,1.0,3
2280,vgg19,550,0.9153142027929496,13
2281,efficientnetb0,350,1.0,3
2282,vgg19,350,0.0047515404264518,2
2283,resnet50,550,0.4611472962789475,4
2284,vgg19,750,0.3776216428097246,7
2285,densenet121,750,0.6549577219091517,5
2286,efficientnetb1,939,1.0,3
2287,vgg16,350,0.4955592672941035,5
2288,vgg19,550,0.0,2
2289,efficientnetb2,550,1.0,3
2290,resnet18,939,0.666846850715217,4
2291,efficientnetb0,750,1.0,3
2292,resnet18,939,1.0,2
2293,resnet50,550,1.0,6
2294,resnet18,550,0.9649971314956884,3
2295,resnet50,350,0.0948151869136176,2
2296,resnet18,550,0.9649971314956884,3
2297,resnet18,350,0.9463184463728672,2
2298,efficientnetb2,750,1.0,3
2299,vgg16,550,0.9461219284703368,13
2300,densenet121,350,0.6263678162488967,5
2301,vgg16,350,0.968053827189964,11
2302,efficientnetb0,939,1.0,3
2303,efficientnetb2,350,0.65175093664593,4
2304,efficientnetb0,550,0.0,1
2305,efficientnetb0,350,1.0,3
2306,densenet121,750,0.6549577219091517,5
2307,densenet121,939,0.4858756243316292,5
2308,efficientnetb0,350,0.7221681243288518,4
2309,resnet18,939,1.0,2
2310,vgg16,350,0.968053827189964,11
2311,resnet18,550,0.9649971314956884,3
2312,efficientnetb1,550,1.0,3
2313,efficientnetb1,750,1.0,3
2314,resnet50,750,1.0,5
2315,vgg16,939,0.7391812735874347,15
2316,efficientnetb2,550,1.0,3
2317,efficientnetb2,939,0.2064582521296088,2
2318,efficientnetb1,550,1.0,3
2319,vgg19,350,0.4995659680915179,8
2320,densenet121,350,0.6263678162488967,5
2321,efficientnetb1,750,1.0,3
2322,resnet50,350,0.8830285561177872,5
2323,resnet50,350,0.8169515861153699,7
2324,efficientnetb2,939,1.0,3
2325,vgg19,750,0.9783359431256168,14
2326,vgg19,550,1.0,15
2327,resnet50,750,0.8540914514899219,6
2328,efficientnetb2,350,0.65175093664593,4
2329,efficientnetb2,350,1.0,3
2330,vgg16,350,0.6117716042882734,8
2331,efficientnetb0,750,1.0,3
2332,densenet121,750,0.6549577219091517,5
2333,efficientnetb1,939,1.0,3
2334,efficientnetb2,550,1.0,3
2335,resnet18,939,1.0,2
2336,densenet121,750,0.6549577219091517,5
2337,vgg16,550,1.0,12
2338,vgg16,350,0.9150494503700808,13
2339,resnet50,750,0.692684175445151,7
2340,vgg16,350,0.968053827189964,11
2341,vgg19,550,0.527063884872579,9
2342,densenet121,939,0.4858756243316292,5
2343,efficientnetb2,350,1.0,3
2344,efficientnetb0,350,1.0,3
2345,vgg19,939,0.0,2
2346,vgg19,750,0.349757663747874,6
2347,efficientnetb1,550,0.5223117533457641,5
2348,resnet18,939,0.9772814215247084,3
2349,efficientnetb0,750,1.0,3
2350,vgg19,939,0.9322438807363724,13
2351,efficientnetb0,550,0.7484594574197447,4
2352,efficientnetb0,939,0.6801221238861833,4
2353,resnet50,750,0.692684175445151,7
2354,vgg19,350,0.3670248005033085,6
2355,densenet121,939,0.4858756243316292,5
2356,resnet50,939,0.8017819857800019,7
2357,resnet18,350,1.0,3
2358,vgg19,350,0.0047515404264518,2
2359,resnet50,550,1.0,6
2360,efficientnetb2,350,1.0,3
2361,vgg16,350,0.7070851752612257,15
2362,efficientnetb2,939,1.0,3
2363,efficientnetb1,550,1.0,3
2364,efficientnetb1,550,0.0,1
2365,resnet50,350,1.0,6
2366,efficientnetb0,939,1.0,3
2367,efficientnetb0,350,1.0,3
2368,resnet50,350,1.0,6
2369,vgg19,550,0.527063884872579,9
2370,resnet18,939,0.9772814215247084,3
2371,resnet18,939,0.9772814215247084,3
2372,resnet50,939,0.8248723661787692,5
2373,vgg16,939,0.8568556422949929,11
2374,densenet121,939,0.0,1
2375,vgg19,350,0.9654136477619172,14
2376,resnet50,350,1.0,6
2377,densenet121,350,1.0,6
2378,densenet121,939,0.3516434776147618,8
2379,vgg16,750,0.8760175184574507,11
2380,resnet18,350,1.0,3
2381,densenet121,350,0.1341157974542594,4
2382,densenet121,750,0.0357436179754728,3
2383,vgg16,550,0.6336692532833877,9
2384,vgg19,939,0.958551617010162,14
2385,resnet18,550,0.9649971314956884,3
2386,efficientnetb1,750,1.0,3
2387,efficientnetb0,750,1.0,3
2388,resnet18,350,1.0,3
2389,vgg19,350,0.786298354089681,18
2390,vgg16,550,0.0199271539720846,1
2391,vgg19,939,0.783629319224574,17
2392,efficientnetb0,350,0.7221681243288518,4
2393,efficientnetb2,550,1.0,3
2394,efficientnetb2,750,1.0,3
2395,resnet18,750,1.0,2
2396,efficientnetb0,750,1.0,3
2397,resnet50,550,0.8501913432605966,5
2398,efficientnetb1,350,1.0,3
2399,vgg19,750,0.7549293405793684,12
2400,resnet18,350,0.6798528330010116,4
2401,efficientnetb1,939,0.7039994792384792,4
2402,efficientnetb2,550,1.0,3
2403,vgg16,750,0.8760175184574507,11
2404,efficientnetb1,939,1.0,3
2405,efficientnetb0,350,0.2601845258832877,2
2406,efficientnetb1,550,1.0,3
2407,vgg16,939,0.986973209346794,14
2408,efficientnetb0,550,1.0,3
2409,efficientnetb1,750,1.0,3
2410,vgg16,939,1.0,13
2411,efficientnetb0,550,1.0,3
2412,vgg19,750,0.9636492577949504,13
2413,vgg16,750,0.8760175184574507,11
2414,vgg16,750,0.8760175184574507,11
2415,efficientnetb0,939,1.0,3
2416,efficientnetb1,750,1.0,3
2417,vgg16,750,0.8760175184574507,11
2418,vgg16,939,0.5519575390300896,9
2419,efficientnetb1,750,1.0,3
2420,resnet50,550,1.0,6
2421,efficientnetb0,550,1.0,3
2422,resnet18,550,0.46598992776295,5
2423,resnet18,939,0.9772814215247084,3
2424,efficientnetb1,550,1.0,3
2425,resnet50,750,1.0,5
2426,efficientnetb0,750,1.0,3
2427,densenet121,550,0.6262433485833546,5
2428,vgg19,750,0.5392519021115965,9
2429,efficientnetb0,550,1.0,3
2430,resnet50,939,0.3012988939538109,3
2431,densenet121,550,0.6262433485833546,5
2432,efficientnetb2,939,1.0,3
2433,resnet50,750,1.0,5
2434,vgg19,350,0.7439023030951907,11
2435,resnet50,550,0.8501913432605966,5
2436,resnet50,939,0.3012988939538109,3
2437,efficientnetb0,750,1.0,3
2438,efficientnetb1,939,0.0,1
2439,vgg16,750,0.0240042451732625,4
2440,densenet121,350,0.6263678162488967,5
2441,vgg19,750,0.3954673323042385,5
2442,resnet50,350,1.0,6
2443,efficientnetb2,750,1.0,3
2444,densenet121,939,0.4858756243316292,5
2445,efficientnetb2,750,1.0,3
2446,efficientnetb2,750,1.0,3
2447,vgg16,550,0.0,2
2448,efficientnetb0,350,1.0,3
2449,efficientnetb0,750,1.0,3
2450,densenet121,350,1.0,6
2451,efficientnetb1,939,1.0,3
2452,resnet50,939,0.8248723661787692,5
2453,efficientnetb0,550,1.0,3
2454,resnet50,350,1.0,6
2455,vgg16,750,0.0,2
2456,densenet121,350,0.6263678162488967,5
2457,efficientnetb2,939,1.0,3
2458,vgg16,750,0.888612802013523,12
2459,efficientnetb1,939,1.0,3
2460,resnet18,750,0.9425112246169725,3
2461,densenet121,550,1.0,6
2462,resnet50,550,1.0,6
2463,vgg19,939,1.0,15
2464,resnet50,939,1.0,6
2465,resnet50,750,0.8540914514899219,6
2466,vgg19,750,0.9936879963126718,15
2467,efficientnetb1,550,1.0,3
2468,resnet50,350,0.8169515861153699,7
2469,efficientnetb0,550,1.0,3
2470,efficientnetb1,750,0.258386396623143,2
2471,resnet50,750,0.8540914514899219,6
2472,resnet18,939,0.666846850715217,4
2473,densenet121,750,0.6549577219091517,5
2474,efficientnetb0,350,1.0,3
2475,vgg19,939,0.7537426666757167,12
2476,resnet18,550,1.0,2
2477,resnet18,750,1.0,2
2478,densenet121,350,0.0523859604428457,3
2479,resnet18,750,0.6570784835049883,4
2480,resnet18,750,0.9425112246169725,3
2481,vgg16,350,0.968053827189964,11
2482,efficientnetb0,939,1.0,3
2483,efficientnetb0,350,1.0,3
2484,resnet18,750,0.6570784835049883,4
2485,efficientnetb0,939,1.0,3
2486,efficientnetb1,350,1.0,3
2487,vgg16,750,0.0835468528760409,3
2488,efficientnetb0,350,1.0,3
2489,resnet18,939,0.9772814215247084,3
2490,vgg16,550,0.9461219284703368,13
2491,efficientnetb0,750,1.0,3
2492,resnet18,350,0.6798528330010116,4
2493,densenet121,939,1.0,6
2494,efficientnetb2,750,1.0,3
2495,vgg16,939,1.0,13
2496,efficientnetb2,939,0.0,1
2497,vgg16,550,0.9599292331742392,11
2498,efficientnetb1,939,1.0,3
2499,efficientnetb1,939,1.0,3
2500,resnet18,550,0.9649971314956884,3
2501,resnet18,750,0.6570784835049883,4
2502,resnet50,939,0.8017819857800019,7
2503,efficientnetb2,550,1.0,3
2504,efficientnetb2,350,1.0,3
2505,efficientnetb2,550,1.0,3
2506,resnet50,750,0.098265786808133,1
2507,densenet121,939,0.4858756243316292,5
2508,efficientnetb0,939,1.0,3
2509,vgg16,550,0.9461219284703368,13
2510,vgg16,939,0.7455450313368192,10
2511,densenet121,939,0.4858756243316292,5
2512,vgg16,350,0.9150494503700808,13
2513,vgg16,350,0.9208348165236296,10
2514,efficientnetb2,939,1.0,3
2515,densenet121,550,0.6262433485833546,5
2516,resnet50,350,1.0,6
2517,resnet50,750,0.8540914514899219,6
2518,vgg16,939,0.8548072768189431,12
2519,efficientnetb2,750,0.0,1
2520,efficientnetb1,550,1.0,3
2521,vgg19,750,0.6673220941960659,10
2522,resnet50,550,0.8215124558966982,7
2523,vgg19,350,0.9654136477619172,14
2524,efficientnetb0,350,1.0,3
2525,efficientnetb0,939,1.0,3
2526,vgg16,350,0.9208348165236296,10
2527,resnet18,350,1.0,3
2528,densenet121,750,0.0983602208090902,4
2529,resnet18,750,0.5563161859691826,1
2530,efficientnetb0,550,1.0,3
2531,resnet18,550,0.9649971314956884,3
2532,efficientnetb0,939,1.0,3
2533,resnet50,550,0.2772450699669692,3
2534,resnet50,350,0.8169515861153699,7
2535,vgg19,350,0.9722792391750928,13
2536,vgg16,550,0.9599292331742392,11
2537,efficientnetb1,550,1.0,3
2538,resnet50,350,1.0,6
2539,resnet18,550,0.6805816088044464,4
2540,vgg16,939,0.8548072768189431,12
2541,efficientnetb0,350,1.0,3
2542,efficientnetb0,350,1.0,3
2543,efficientnetb0,350,1.0,3
2544,densenet121,750,0.6549577219091517,5
2545,efficientnetb2,939,0.2064582521296088,2
2546,resnet50,750,0.8540914514899219,6
2547,efficientnetb2,750,0.1857252749278613,2
2548,resnet50,939,1.0,6
2549,efficientnetb0,939,1.0,3
2550,resnet18,550,0.46598992776295,5
2551,efficientnetb1,939,1.0,3
2552,resnet18,750,0.6570784835049883,4
2553,efficientnetb1,550,1.0,3
2554,efficientnetb2,350,1.0,3
2555,efficientnetb2,350,1.0,3
2556,resnet50,939,0.4611727687596107,9
2557,vgg19,350,0.786298354089681,18
2558,vgg16,550,0.0983706975456484,4
2559,resnet50,750,0.9081489241651808,4
2560,resnet50,939,0.8248723661787692,5
2561,resnet50,550,0.106889737057666,2
2562,efficientnetb0,750,1.0,3
2563,vgg16,550,0.9599292331742392,11
2564,vgg19,750,0.0061276421520036,2
2565,densenet121,750,0.0983602208090902,4
2566,vgg19,750,0.7555996769548718,17
2567,efficientnetb2,939,0.2064582521296088,2
2568,efficientnetb2,939,0.0,1
2569,resnet18,750,0.9425112246169725,3
2570,resnet50,350,1.0,6
2571,efficientnetb2,550,1.0,3
2572,efficientnetb0,550,1.0,3
2573,vgg19,350,0.0,1
2574,vgg16,550,0.9461219284703368,13
2575,efficientnetb2,550,1.0,3
2576,densenet121,550,0.6262433485833546,5
2577,resnet50,350,0.6807257591827157,8
2578,vgg19,750,0.9636492577949504,13
2579,resnet50,939,1.0,6
2580,efficientnetb1,350,0.5010852886204035,5
2581,efficientnetb1,550,1.0,3
2582,densenet121,550,0.6262433485833546,5
2583,resnet18,939,1.0,2
2584,vgg19,550,0.3992057636441661,5
2585,vgg16,350,0.0238402416290037,2
2586,resnet50,350,1.0,6
2587,efficientnetb1,939,1.0,3
2588,vgg16,939,0.4173293874259716,5
2589,efficientnetb1,750,1.0,3
2590,efficientnetb1,550,1.0,3
2591,efficientnetb1,939,1.0,3
2592,vgg19,350,0.4995659680915179,8
2593,vgg16,550,0.873525344145539,10
2594,efficientnetb0,350,1.0,3
2595,efficientnetb2,939,1.0,3
2596,vgg19,350,0.9884623593775808,15
2597,efficientnetb2,550,1.0,3
2598,efficientnetb2,750,1.0,3
2599,densenet121,939,0.133680659859905,4
2600,resnet50,750,0.8540914514899219,6
2601,vgg19,350,0.9884623593775808,15
2602,efficientnetb2,350,1.0,3
2603,densenet121,550,0.5185925451749753,8
2604,efficientnetb1,550,1.0,3
2605,densenet121,350,0.6263678162488967,5
2606,vgg19,750,0.9936879963126718,15
2607,efficientnetb1,550,1.0,3
2608,efficientnetb0,750,1.0,3
2609,efficientnetb1,550,1.0,3
2610,efficientnetb2,750,1.0,3
2611,efficientnetb1,750,1.0,3
2612,efficientnetb1,550,1.0,3
2613,vgg19,939,0.9322438807363724,13
2614,vgg16,750,0.9989474447948092,13
2615,efficientnetb1,350,1.0,3
2616,efficientnetb0,750,1.0,3
2617,efficientnetb1,350,1.0,3
2618,densenet121,750,0.6549577219091517,5
2619,resnet18,939,0.666846850715217,4
2620,efficientnetb1,750,1.0,3
2621,resnet18,350,0.292613278460834,6
2622,vgg16,750,0.8760175184574507,11
2623,densenet121,750,0.6549577219091517,5
2624,densenet121,550,0.6262433485833546,5
2625,efficientnetb1,750,1.0,3
2626,resnet18,750,1.0,2
2627,vgg19,939,0.9322438807363724,13
2628,vgg19,750,0.9636492577949504,13
2629,efficientnetb0,939,1.0,3
2630,efficientnetb1,750,0.7228690296773087,4
2631,resnet50,939,0.8248723661787692,5
2632,resnet50,750,0.8540914514899219,6
2633,efficientnetb1,750,1.0,3
2634,resnet50,550,1.0,6
2635,vgg19,939,0.958551617010162,14
2636,efficientnetb0,939,1.0,3
2637,vgg16,550,0.9599292331742392,11
2638,vgg19,550,0.1248786103205342,4
2639,vgg16,550,0.0,2
2640,densenet121,350,1.0,6
2641,vgg19,750,0.7134880992516057,11
2642,resnet18,750,1.0,2
2643,efficientnetb0,750,1.0,3
2644,efficientnetb2,939,1.0,3
2645,efficientnetb2,939,1.0,3
2646,densenet121,550,0.0267032533330688,3
2647,efficientnetb0,550,1.0,3
2648,vgg19,350,0.9884623593775808,15
2649,vgg16,750,0.6199568106045172,9
2650,efficientnetb2,939,1.0,3
2651,densenet121,350,0.6263678162488967,5
2652,vgg19,550,1.0,15
2653,resnet50,350,0.8169515861153699,7
2654,resnet50,750,1.0,5
2655,efficientnetb2,750,1.0,3
2656,densenet121,350,0.1341157974542594,4
2657,resnet50,550,0.0097267662088094,1
2658,vgg19,550,0.1112152559945396,3
2659,densenet121,939,0.4858756243316292,5
2660,resnet50,350,1.0,6
2661,efficientnetb0,350,1.0,3
2662,efficientnetb2,939,1.0,3
2663,efficientnetb0,550,1.0,3
2664,resnet18,939,0.9772814215247084,3
2665,vgg16,750,0.8760175184574507,11
2666,resnet50,550,0.8215124558966982,7
2667,resnet18,939,1.0,2
2668,resnet18,350,0.292613278460834,6
2669,efficientnetb0,350,1.0,3
2670,resnet50,939,0.8248723661787692,5
2671,efficientnetb1,550,1.0,3
2672,efficientnetb2,350,1.0,3
2673,vgg19,750,0.1063831635744575,4
2674,densenet121,350,0.6263678162488967,5
2675,resnet50,550,1.0,6
2676,resnet18,350,0.6798528330010116,4
2677,vgg16,550,0.9599292331742392,11
2678,efficientnetb1,350,1.0,3
2679,efficientnetb2,350,0.65175093664593,4
2680,densenet121,750,0.6549577219091517,5
2681,resnet50,939,1.0,6
2682,resnet18,550,0.9649971314956884,3
2683,resnet18,939,0.5358361217945573,1
2684,vgg16,350,0.968053827189964,11
2685,vgg19,550,0.7144872600964158,10
2686,efficientnetb0,750,1.0,3
2687,efficientnetb0,939,1.0,3
2688,resnet18,550,0.6805816088044464,4
2689,vgg19,939,0.783629319224574,17
2690,efficientnetb2,550,1.0,3
2691,efficientnetb0,550,0.290069122860228,2
2692,resnet50,350,1.0,6
2693,resnet50,550,0.8215124558966982,7
2694,efficientnetb1,350,1.0,3
2695,resnet50,750,0.8540914514899219,6
2696,resnet18,939,0.5358361217945573,1
2697,efficientnetb2,550,1.0,3
2698,densenet121,350,1.0,6
2699,efficientnetb2,750,1.0,3
2700,efficientnetb1,550,1.0,3
2701,resnet50,550,0.4775732514001548,9
2702,efficientnetb0,939,1.0,3
2703,efficientnetb2,350,1.0,3
2704,efficientnetb0,750,0.0,1
2705,densenet121,550,0.6262433485833546,5
2706,resnet18,550,1.0,2
2707,vgg16,350,0.9150494503700808,13
2708,efficientnetb1,550,1.0,3
2709,efficientnetb1,750,0.7228690296773087,4
2710,efficientnetb2,550,1.0,3
2711,resnet50,939,0.8017819857800019,7
2712,efficientnetb2,550,1.0,3
2713,efficientnetb0,939,1.0,3
2714,efficientnetb2,750,1.0,3
2715,densenet121,350,0.6263678162488967,5
2716,densenet121,939,0.4858756243316292,5
2717,densenet121,350,0.6263678162488967,5
2718,efficientnetb1,750,1.0,3
2719,efficientnetb2,550,1.0,3
2720,efficientnetb2,939,1.0,3
2721,resnet50,550,0.8501913432605966,5
2722,densenet121,939,0.4858756243316292,5
2723,vgg19,750,0.6673220941960659,10
2724,vgg19,550,0.9153142027929496,13
2725,densenet121,550,1.0,6
2726,efficientnetb2,750,0.0,1
2727,efficientnetb0,750,1.0,3
2728,efficientnetb1,750,1.0,3
2729,vgg16,550,0.873525344145539,10
2730,densenet121,350,0.6263678162488967,5
2731,efficientnetb1,750,1.0,3
2732,resnet50,939,0.8248723661787692,5
2733,efficientnetb2,750,1.0,3
2734,resnet18,350,1.0,3
2735,vgg19,550,0.1112152559945396,3
2736,efficientnetb2,550,0.0,1
2737,efficientnetb0,350,1.0,3
2738,resnet50,939,1.0,6
2739,vgg16,939,0.5638100259338691,8
2740,vgg16,350,0.6122688308267832,9
2741,vgg19,750,0.7134880992516057,11
2742,densenet121,350,0.6263678162488967,5
2743,resnet18,750,1.0,2
2744,efficientnetb1,939,1.0,3
2745,vgg16,939,0.5519575390300896,9
2746,resnet18,939,0.9772814215247084,3
2747,vgg16,939,0.8568556422949929,11
2748,densenet121,550,1.0,6
2749,efficientnetb0,550,0.7484594574197447,4
2750,resnet50,939,0.8017819857800019,7
2751,efficientnetb1,550,1.0,3
2752,efficientnetb1,939,1.0,3
2753,vgg19,550,0.4939105417814899,8
2754,resnet50,350,0.8830285561177872,5
2755,efficientnetb2,350,1.0,3
2756,resnet50,550,1.0,6
2757,vgg16,939,0.7455450313368192,10
2758,resnet50,550,1.0,6
2759,vgg16,939,1.0,13
2760,vgg16,550,0.6395986703296175,8
2761,resnet50,939,1.0,6
2762,resnet18,350,0.9463184463728672,2
2763,resnet18,550,0.9649971314956884,3
2764,densenet121,550,0.6262433485833546,5
2765,densenet121,939,0.0,1
2766,densenet121,750,0.6549577219091517,5
2767,densenet121,750,0.6549577219091517,5
2768,densenet121,550,0.5224277109043235,7
2769,resnet50,550,1.0,6
2770,densenet121,939,0.4858756243316292,5
2771,resnet50,939,0.8248723661787692,5
2772,efficientnetb0,939,0.245393377540531,2
2773,efficientnetb2,550,1.0,3
2774,densenet121,939,0.4858756243316292,5
2775,resnet18,550,1.0,2
2776,vgg19,350,0.063159932094785,4
2777,efficientnetb0,350,1.0,3
2778,densenet121,750,0.0983602208090902,4
2779,efficientnetb0,750,1.0,3
2780,resnet50,750,0.8540914514899219,6
2781,efficientnetb2,350,1.0,3
2782,resnet50,750,0.8540914514899219,6
2783,efficientnetb2,939,1.0,3
2784,vgg16,550,0.9599292331742392,11
2785,efficientnetb1,550,1.0,3
2786,resnet18,350,0.6798528330010116,4
2787,resnet50,750,1.0,5
2788,efficientnetb2,750,1.0,3
2789,efficientnetb2,550,1.0,3
2790,resnet50,939,1.0,6
2791,efficientnetb0,350,0.2601845258832877,2
2792,resnet50,350,0.8830285561177872,5
2793,vgg19,550,0.3630539177738009,6
2794,vgg19,350,0.9722792391750928,13
2795,resnet50,350,0.0948151869136176,2
2796,vgg16,750,0.8760175184574507,11
2797,efficientnetb2,550,1.0,3
2798,efficientnetb0,750,1.0,3
2799,efficientnetb0,550,0.290069122860228,2
2800,efficientnetb0,350,0.7221681243288518,4
2801,efficientnetb1,750,1.0,3
2802,efficientnetb2,550,1.0,3
2803,densenet121,750,0.6549577219091517,5
2804,vgg19,550,1.0,15
2805,efficientnetb2,939,0.6509085704414946,4
2806,densenet121,550,0.6262433485833546,5
2807,efficientnetb1,750,1.0,3
2808,vgg19,939,0.7038804657074393,11
2809,densenet121,939,0.4858756243316292,5
2810,vgg16,750,0.5870702344568659,8
2811,resnet18,939,0.666846850715217,4
2812,resnet50,750,0.5189759550817877,8
2813,vgg16,750,0.6199568106045172,9
2814,vgg19,550,1.0,15
2815,efficientnetb0,550,1.0,3
2816,efficientnetb0,550,0.290069122860228,2
2817,vgg19,939,1.0,15
2818,vgg19,750,0.482051380981956,8
2819,efficientnetb1,750,1.0,3
2820,resnet50,550,1.0,6
2821,efficientnetb2,550,1.0,3
2822,densenet121,550,0.6262433485833546,5
2823,resnet50,750,0.8540914514899219,6
2824,efficientnetb2,350,1.0,3
2825,densenet121,550,0.6262433485833546,5
2826,vgg19,750,0.9636492577949504,13
2827,efficientnetb0,550,1.0,3
2828,resnet50,350,0.8169515861153699,7
2829,vgg19,750,0.1063831635744575,4
2830,efficientnetb1,750,1.0,3
2831,resnet50,750,0.692684175445151,7
2832,densenet121,750,0.6549577219091517,5
2833,vgg16,550,0.9461219284703368,13
2834,efficientnetb1,939,1.0,3
2835,resnet18,750,0.9425112246169725,3
2836,resnet50,550,0.106889737057666,2
2837,vgg16,750,0.8760175184574507,11
2838,vgg16,350,0.968053827189964,11
2839,densenet121,750,0.6549577219091517,5
2840,efficientnetb0,939,0.0,1
2841,resnet18,939,0.9772814215247084,3
2842,efficientnetb1,550,1.0,3
2843,efficientnetb1,750,1.0,3
2844,efficientnetb1,750,1.0,3
2845,densenet121,939,0.4858756243316292,5
2846,vgg16,750,1.0,14
2847,resnet50,750,0.8540914514899219,6
2848,vgg19,750,0.9936879963126718,15
2849,vgg16,939,0.986973209346794,14
2850,resnet50,750,0.692684175445151,7
2851,resnet50,939,0.8248723661787692,5
2852,vgg16,750,0.888612802013523,12
2853,resnet18,750,0.9425112246169725,3
2854,vgg16,550,0.0768889395683232,3
2855,efficientnetb0,550,0.7484594574197447,4
2856,efficientnetb1,350,1.0,3
2857,efficientnetb0,350,1.0,3
2858,efficientnetb0,750,0.6483214388113725,4
2859,efficientnetb1,939,1.0,3
2860,vgg19,939,0.9322438807363724,13
2861,vgg19,750,0.482051380981956,8
2862,densenet121,750,0.6549577219091517,5
2863,resnet18,550,0.9649971314956884,3
2864,densenet121,750,0.6549577219091517,5
2865,resnet18,350,1.0,3
2866,vgg19,750,0.0061276421520036,2
2867,resnet50,939,0.8017819857800019,7
2868,vgg16,350,0.6117716042882734,8
2869,efficientnetb2,550,1.0,3
2870,vgg16,350,0.9150494503700808,13
2871,resnet18,939,0.9772814215247084,3
2872,vgg16,939,0.0,2
2873,resnet50,550,0.8501913432605966,5
2874,densenet121,350,0.6263678162488967,5
2875,vgg16,939,1.0,13
2876,vgg19,550,0.93699417819052,14
2877,resnet50,350,0.0174859151390518,1
2878,efficientnetb1,350,1.0,3
2879,densenet121,750,0.6549577219091517,5
2880,resnet18,550,0.9649971314956884,3
2881,resnet18,939,0.9772814215247084,3
2882,resnet18,750,0.9425112246169725,3
2883,resnet50,350,0.8169515861153699,7
2884,resnet18,550,0.6805816088044464,4
2885,resnet50,550,0.645703014729161,8
2886,vgg16,939,0.0381294915227273,4
2887,efficientnetb1,939,1.0,3
2888,efficientnetb2,750,1.0,3
2889,resnet18,550,0.9649971314956884,3
2890,vgg19,550,1.0,15
2891,efficientnetb2,350,1.0,3
2892,densenet121,350,0.6263678162488967,5
2893,vgg19,350,0.0047515404264518,2
2894,efficientnetb1,350,1.0,3
2895,resnet18,550,0.9649971314956884,3
2896,efficientnetb2,939,1.0,3
2897,resnet50,750,0.8540914514899219,6
2898,densenet121,350,0.6263678162488967,5
2899,vgg19,939,0.9322438807363724,13
2900,resnet50,550,1.0,6
2901,efficientnetb1,750,1.0,3
2902,efficientnetb2,350,0.1727158782926704,2
2903,vgg16,350,0.9150494503700808,13
2904,resnet50,750,0.5242927837491854,3
2905,resnet18,750,0.6570784835049883,4
2906,vgg19,939,1.0,15
2907,densenet121,350,1.0,6
2908,resnet18,350,0.6798528330010116,4
2909,densenet121,939,0.4858756243316292,5
2910,efficientnetb1,939,0.0,1
2911,efficientnetb2,550,1.0,3
2912,efficientnetb0,550,1.0,3
2913,efficientnetb1,939,1.0,3
2914,resnet50,939,1.0,6
2915,efficientnetb0,550,1.0,3
2916,efficientnetb2,750,1.0,3
2917,densenet121,939,0.4858756243316292,5
2918,resnet50,350,0.6807257591827157,8
2919,vgg19,550,1.0,15
2920,efficientnetb1,350,1.0,3
2921,vgg19,750,0.7134880992516057,11
2922,resnet18,939,0.9772814215247084,3
2923,resnet18,939,0.9772814215247084,3
2924,efficientnetb2,550,1.0,3
2925,efficientnetb2,939,1.0,3
2926,vgg19,350,0.9884623593775808,15
2927,resnet50,750,0.8540914514899219,6
2928,efficientnetb0,939,0.0,1
2929,resnet50,550,1.0,6
2930,vgg19,939,0.783629319224574,17
2931,vgg16,939,1.0,13
2932,densenet121,939,0.4858756243316292,5
2933,vgg19,939,1.0,15
2934,resnet50,939,0.8017819857800019,7
2935,efficientnetb0,939,1.0,3
2936,efficientnetb1,750,0.258386396623143,2
2937,vgg19,750,0.482051380981956,8
2938,efficientnetb1,750,1.0,3
2939,vgg19,550,0.1112152559945396,3
2940,densenet121,939,0.0,1
2941,resnet18,750,0.4551076759252049,5
2942,efficientnetb2,939,1.0,3
2943,resnet50,550,1.0,6
2944,vgg19,939,0.1144285467096243,4
2945,vgg16,939,1.0,13
2946,densenet121,550,0.6262433485833546,5
2947,efficientnetb1,750,1.0,3
2948,densenet121,750,1.0,6
2949,resnet50,750,0.692684175445151,7
2950,efficientnetb2,550,1.0,3
2951,resnet18,939,1.0,2
2952,densenet121,350,0.6263678162488967,5
2953,resnet50,939,0.0,1
2954,efficientnetb0,939,1.0,3
2955,efficientnetb1,550,1.0,3
2956,resnet18,939,0.4650005330060861,5
2957,resnet18,939,0.9772814215247084,3
2958,resnet18,939,0.666846850715217,4
2959,efficientnetb1,750,1.0,3
2960,resnet50,939,1.0,6
2961,resnet50,939,1.0,6
2962,vgg16,550,0.9599292331742392,11
2963,efficientnetb1,939,1.0,3
2964,resnet18,750,0.6570784835049883,4
2965,resnet50,939,0.8017819857800019,7
2966,resnet18,939,1.0,2
2967,efficientnetb0,550,1.0,3
2968,densenet121,939,0.4858756243316292,5
2969,vgg19,350,0.9884623593775808,15
2970,efficientnetb1,550,1.0,3
2971,vgg16,550,0.9599292331742392,11
2972,resnet18,750,0.9425112246169725,3
2973,vgg16,550,0.6395986703296175,8
2974,vgg19,350,0.9884623593775808,15
2975,efficientnetb2,939,1.0,3
2976,vgg19,939,0.7038804657074393,11
2977,efficientnetb1,350,0.7181138626700144,4
2978,densenet121,550,0.6262433485833546,5
2979,efficientnetb1,350,1.0,3
2980,vgg16,550,0.873525344145539,10
2981,efficientnetb0,350,0.2601845258832877,2
2982,efficientnetb0,350,1.0,3
2983,efficientnetb0,939,1.0,3
2984,resnet50,750,0.8540914514899219,6
2985,densenet121,550,0.6262433485833546,5
2986,efficientnetb1,939,0.0,1
2987,efficientnetb2,750,0.0,1
2988,vgg19,350,0.9722792391750928,13
2989,vgg16,750,0.0835468528760409,3
2990,resnet18,750,0.9425112246169725,3
2991,resnet50,939,0.8017819857800019,7
2992,efficientnetb2,939,1.0,3
2993,vgg19,550,0.7412152580816892,11
2994,vgg19,350,0.9654136477619172,14
2995,vgg16,550,0.9461219284703368,13
2996,efficientnetb2,750,1.0,3
2997,efficientnetb2,750,1.0,3
2998,resnet50,350,1.0,6
2999,efficientnetb0,550,1.0,3
3000,efficientnetb1,350,1.0,3
3001,vgg19,939,0.9322438807363724,13
3002,vgg19,939,0.9322438807363724,13
3003,densenet121,939,0.4858756243316292,5
3004,vgg16,550,0.6336692532833877,9
3005,efficientnetb0,750,1.0,3
3006,densenet121,350,0.6263678162488967,5
3007,vgg19,550,1.0,15
3008,resnet18,750,0.9425112246169725,3
3009,resnet18,550,0.9649971314956884,3
3010,densenet121,350,0.0321065308334073,2
3011,vgg19,350,0.063159932094785,4
3012,efficientnetb0,750,0.0,1
3013,vgg16,550,0.0983706975456484,4
3014,efficientnetb2,750,1.0,3
3015,efficientnetb1,750,1.0,3
3016,resnet50,550,0.8215124558966982,7
3017,resnet18,750,1.0,2
3018,vgg16,939,0.8568556422949929,11
3019,resnet50,939,1.0,6
3020,vgg16,750,0.7930687335281449,10
3021,resnet18,750,0.9425112246169725,3
3022,densenet121,550,0.6262433485833546,5
3023,resnet18,939,1.0,2
3024,resnet18,939,0.9772814215247084,3
3025,vgg16,550,0.9461219284703368,13
3026,resnet50,350,1.0,6
3027,efficientnetb0,750,1.0,3
3028,resnet50,750,0.8540914514899219,6
3029,vgg19,750,0.9936879963126718,15
3030,efficientnetb1,550,1.0,3
3031,efficientnetb0,350,1.0,3
3032,densenet121,750,0.6549577219091517,5
3033,vgg19,350,0.4842986650150916,9
3034,efficientnetb2,939,1.0,3
3035,resnet18,350,1.0,3
3036,resnet50,550,1.0,6
3037,efficientnetb0,750,1.0,3
3038,vgg16,550,0.9461219284703368,13
3039,efficientnetb2,550,1.0,3
3040,efficientnetb1,939,1.0,3
3041,resnet50,550,1.0,6
3042,resnet50,350,0.4097205423764233,4
3043,efficientnetb0,350,1.0,3
3044,efficientnetb2,550,1.0,3
3045,densenet121,550,1.0,6
3046,vgg16,550,0.9461219284703368,13
3047,resnet18,550,1.0,2
3048,vgg16,750,0.9989474447948092,13
3049,vgg16,939,0.7455450313368192,10
3050,resnet18,350,0.5934360820487711,1
3051,efficientnetb2,350,0.4600422057004524,5
3052,vgg16,750,0.8760175184574507,11
3053,efficientnetb2,350,1.0,3
3054,resnet50,939,1.0,6
3055,vgg16,350,0.6117716042882734,8
3056,densenet121,939,0.4858756243316292,5
3057,efficientnetb1,750,1.0,3
3058,efficientnetb0,350,1.0,3
3059,efficientnetb0,750,1.0,3
3060,resnet18,939,0.9772814215247084,3
3061,vgg16,350,0.968053827189964,11
3062,densenet121,939,0.4858756243316292,5
3063,vgg16,939,0.4173293874259716,5
3064,vgg19,939,0.1144285467096243,4
3065,vgg16,750,0.8760175184574507,11
3066,efficientnetb1,939,1.0,3
3067,resnet50,750,0.8540914514899219,6
3068,efficientnetb1,550,1.0,3
3069,vgg16,350,0.968053827189964,11
3070,efficientnetb2,750,0.6313792880026403,4
3071,vgg16,350,0.968053827189964,11
3072,efficientnetb0,550,1.0,3
3073,resnet18,550,0.9649971314956884,3
3074,efficientnetb0,550,1.0,3
3075,densenet121,939,1.0,6
3076,efficientnetb0,939,1.0,3
3077,efficientnetb0,350,1.0,3
3078,resnet50,350,1.0,6
3079,efficientnetb0,939,1.0,3
3080,resnet50,550,1.0,6
3081,efficientnetb2,550,1.0,3
3082,vgg16,350,0.1139662905811487,4
3083,efficientnetb1,939,1.0,3
3084,efficientnetb0,939,1.0,3
3085,resnet50,350,1.0,6
3086,efficientnetb2,750,1.0,3
3087,efficientnetb0,750,1.0,3
3088,densenet121,750,0.6549577219091517,5
3089,resnet18,550,0.6805816088044464,4
3090,efficientnetb1,750,1.0,3
3091,densenet121,939,0.4858756243316292,5
3092,resnet50,350,1.0,6
3093,resnet50,750,0.692684175445151,7
3094,vgg16,939,0.986973209346794,14
3095,resnet18,550,0.9649971314956884,3
3096,efficientnetb1,750,1.0,3
3097,efficientnetb0,350,1.0,3
3098,efficientnetb1,350,1.0,3
3099,resnet50,350,0.8830285561177872,5
3100,resnet18,350,1.0,3
3101,resnet50,350,1.0,6
3102,resnet50,350,1.0,6
3103,vgg19,750,0.9636492577949504,13
3104,resnet18,350,0.6798528330010116,4
3105,resnet18,750,1.0,2
3106,efficientnetb1,550,1.0,3
3107,efficientnetb1,350,1.0,3
3108,efficientnetb1,550,1.0,3
3109,efficientnetb1,750,1.0,3
3110,resnet50,350,0.8830285561177872,5
3111,resnet50,750,1.0,5
3112,efficientnetb1,350,1.0,3
3113,efficientnetb2,750,1.0,3
3114,vgg19,550,0.9153142027929496,13
3115,resnet50,750,0.8540914514899219,6
3116,resnet18,350,1.0,3
3117,resnet50,750,0.8540914514899219,6
3118,efficientnetb0,750,1.0,3
3119,efficientnetb0,750,1.0,3
3120,efficientnetb2,750,1.0,3
3121,resnet18,750,0.9425112246169725,3
3122,densenet121,350,0.6263678162488967,5
3123,resnet18,550,0.9649971314956884,3
3124,efficientnetb1,350,1.0,3
3125,resnet18,750,0.9425112246169725,3
3126,vgg19,939,0.053642035656265,3
3127,vgg19,350,1.0,16
3128,efficientnetb0,939,1.0,3
3129,efficientnetb2,550,1.0,3
3130,resnet18,939,0.9772814215247084,3
3131,densenet121,350,0.6263678162488967,5
3132,efficientnetb0,350,1.0,3
3133,resnet18,750,0.9425112246169725,3
3134,resnet50,350,0.8169515861153699,7
3135,efficientnetb0,350,0.7221681243288518,4
3136,resnet18,350,1.0,3
3137,resnet50,350,1.0,6
3138,densenet121,550,0.0267032533330688,3
3139,efficientnetb0,350,1.0,3
3140,efficientnetb2,350,1.0,3
3141,resnet50,550,0.8501913432605966,5
3142,resnet50,750,1.0,5
3143,efficientnetb0,350,1.0,3
3144,efficientnetb2,550,0.7219694682129152,4
3145,efficientnetb2,750,0.496642919782067,5
3146,efficientnetb1,750,1.0,3
3147,resnet18,939,0.9772814215247084,3
3148,vgg19,350,0.9722792391750928,13
3149,efficientnetb0,350,1.0,3
3150,densenet121,350,0.6263678162488967,5
3151,densenet121,939,0.4858756243316292,5
3152,densenet121,939,0.4858756243316292,5
3153,vgg19,350,0.9722792391750928,13
3154,vgg16,939,0.8568556422949929,11
3155,densenet121,550,0.6262433485833546,5
3156,efficientnetb1,750,1.0,3
3157,efficientnetb2,550,1.0,3
3158,densenet121,550,0.6262433485833546,5
3159,efficientnetb0,750,1.0,3
3160,vgg16,550,0.0199271539720846,1
3161,efficientnetb2,750,1.0,3
3162,vgg16,350,0.9208348165236296,10
3163,resnet50,939,1.0,6
3164,efficientnetb2,350,1.0,3
3165,vgg19,939,0.1144285467096243,4
3166,vgg16,550,0.9599292331742392,11
3167,efficientnetb2,939,1.0,3
3168,vgg16,350,0.9208348165236296,10
3169,resnet50,750,0.8540914514899219,6
3170,efficientnetb0,939,1.0,3
3171,resnet18,939,1.0,2
3172,efficientnetb2,939,1.0,3
3173,resnet50,750,0.8540914514899219,6
3174,efficientnetb2,939,1.0,3
3175,vgg19,939,1.0,15
3176,efficientnetb1,350,1.0,3
3177,vgg16,350,0.0238402416290037,2
3178,vgg16,750,0.7930687335281449,10
3179,vgg19,939,0.9322438807363724,13
3180,vgg16,939,0.986973209346794,14
3181,vgg16,939,0.7455450313368192,10
3182,densenet121,939,0.4858756243316292,5
3183,resnet18,750,0.9425112246169725,3
3184,vgg16,939,0.8568556422949929,11
3185,densenet121,350,0.6263678162488967,5
3186,densenet121,939,0.4858756243316292,5
3187,efficientnetb1,939,1.0,3
3188,resnet50,939,1.0,6
3189,densenet121,550,0.6262433485833546,5
3190,vgg16,939,0.5638100259338691,8
3191,efficientnetb0,350,1.0,3
3192,resnet18,939,0.5358361217945573,1
3193,efficientnetb1,550,1.0,3
3194,vgg19,939,0.9322438807363724,13
3195,vgg16,550,0.9599292331742392,11
3196,efficientnetb0,750,1.0,3
3197,densenet121,550,0.6262433485833546,5
3198,efficientnetb0,550,0.5319033905566624,5
3199,efficientnetb1,550,1.0,3
3200,densenet121,939,0.4858756243316292,5
3201,vgg19,750,0.9636492577949504,13
3202,efficientnetb0,939,1.0,3
3203,efficientnetb2,350,1.0,3
3204,resnet50,550,0.8501913432605966,5
3205,vgg19,350,0.9884623593775808,15
3206,densenet121,350,0.6263678162488967,5
3207,vgg19,939,0.9322438807363724,13
3208,resnet50,350,1.0,6
3209,vgg16,550,0.4337023661646058,6
3210,resnet50,750,0.8540914514899219,6
3211,efficientnetb0,550,1.0,3
3212,densenet121,939,0.4858756243316292,5
3213,efficientnetb1,939,1.0,3
3214,efficientnetb0,550,0.290069122860228,2
3215,efficientnetb1,939,1.0,3
3216,vgg19,350,0.9722792391750928,13
3217,efficientnetb1,939,1.0,3
3218,vgg19,550,0.7412152580816892,11
3219,efficientnetb0,750,0.0,1
3220,resnet18,939,0.666846850715217,4
3221,resnet18,939,0.9772814215247084,3
3222,vgg16,550,1.0,12
3223,efficientnetb2,550,0.0,1
3224,densenet121,939,0.4858756243316292,5
3225,efficientnetb2,750,1.0,3
3226,vgg16,350,0.968053827189964,11
3227,efficientnetb2,350,0.65175093664593,4
3228,resnet50,550,0.8215124558966982,7
3229,efficientnetb2,350,1.0,3
3230,vgg19,939,0.7038804657074393,11
3231,efficientnetb0,939,1.0,3
3232,vgg19,939,0.0,2
3233,efficientnetb0,350,1.0,3
3234,efficientnetb1,939,1.0,3
3235,resnet50,750,0.8540914514899219,6
3236,vgg19,350,0.7439023030951907,11
3237,efficientnetb0,750,1.0,3
3238,resnet18,750,0.9425112246169725,3
3239,resnet18,750,0.9425112246169725,3
3240,resnet50,550,1.0,6
3241,efficientnetb0,350,1.0,3
3242,efficientnetb2,939,1.0,3
3243,densenet121,550,0.6262433485833546,5
3244,resnet50,750,0.8540914514899219,6
3245,vgg19,939,1.0,15
3246,resnet50,750,0.8540914514899219,6
3247,efficientnetb0,750,1.0,3
3248,efficientnetb2,350,1.0,3
3249,vgg16,939,0.5519575390300896,9
3250,vgg16,550,0.9461219284703368,13
3251,densenet121,750,0.6549577219091517,5
3252,efficientnetb0,550,1.0,3
3253,efficientnetb0,350,1.0,3
3254,resnet50,350,0.8830285561177872,5
3255,vgg16,550,0.873525344145539,10
3256,resnet18,350,0.6798528330010116,4
3257,efficientnetb0,750,1.0,3
3258,vgg19,550,0.9153142027929496,13
3259,vgg19,939,0.9322438807363724,13
3260,resnet50,350,1.0,6
3261,efficientnetb1,550,1.0,3
3262,vgg16,350,0.9208348165236296,10
3263,efficientnetb0,750,1.0,3
3264,vgg16,750,0.8760175184574507,11
3265,vgg16,550,0.0983706975456484,4
3266,efficientnetb1,750,1.0,3
3267,densenet121,350,0.6263678162488967,5
3268,efficientnetb0,350,1.0,3
3269,efficientnetb0,939,1.0,3
3270,efficientnetb0,939,1.0,3
3271,densenet121,350,0.6263678162488967,5
3272,efficientnetb0,550,1.0,3
3273,resnet18,550,0.6805816088044464,4
3274,efficientnetb2,350,1.0,3
3275,densenet121,350,0.6263678162488967,5
3276,resnet50,550,0.8215124558966982,7
3277,efficientnetb0,750,1.0,3
3278,efficientnetb2,750,1.0,3
3279,efficientnetb2,550,1.0,3
3280,efficientnetb2,750,1.0,3
3281,resnet18,750,0.9425112246169725,3
3282,densenet121,750,0.6549577219091517,5
3283,resnet50,350,1.0,6
3284,resnet50,939,1.0,6
3285,vgg19,750,0.9636492577949504,13
3286,resnet50,350,1.0,6
3287,vgg19,750,0.3776216428097246,7
3288,vgg16,750,0.8760175184574507,11
3289,resnet18,550,0.46598992776295,5
3290,resnet50,550,0.8501913432605966,5
3291,densenet121,350,0.6263678162488967,5
3292,resnet18,939,0.9772814215247084,3
3293,resnet18,550,0.6805816088044464,4
3294,densenet121,550,0.6262433485833546,5
3295,vgg16,939,0.7455450313368192,10
3296,resnet18,939,1.0,2
3297,efficientnetb1,939,1.0,3
3298,resnet50,750,0.8540914514899219,6
3299,resnet18,939,1.0,2
3300,resnet50,350,0.4097205423764233,4
3301,resnet50,550,1.0,6
3302,vgg16,550,0.6395986703296175,8
3303,efficientnetb1,550,0.315622132205788,6
3304,efficientnetb0,939,1.0,3
3305,efficientnetb1,350,1.0,3
3306,resnet50,550,1.0,6
3307,efficientnetb0,939,1.0,3
3308,densenet121,750,0.6549577219091517,5
3309,resnet50,550,1.0,6
3310,efficientnetb1,550,1.0,3
3311,densenet121,750,0.0357436179754728,3
3312,efficientnetb0,750,1.0,3
3313,efficientnetb0,350,0.7221681243288518,4
3314,densenet121,939,0.4858756243316292,5
3315,densenet121,750,0.6549577219091517,5
3316,resnet50,350,1.0,6
3317,efficientnetb0,750,1.0,3
3318,efficientnetb2,750,1.0,3
3319,densenet121,939,0.4858756243316292,5
3320,vgg19,550,1.0,15
3321,efficientnetb1,550,1.0,3
3322,densenet121,350,0.6263678162488967,5
3323,efficientnetb1,550,1.0,3
3324,resnet18,750,0.9425112246169725,3
3325,efficientnetb0,939,1.0,3
3326,vgg19,939,1.0,15
3327,efficientnetb1,550,0.6878389778024664,4
3328,vgg19,750,0.3954673323042385,5
3329,efficientnetb1,939,1.0,3
3330,densenet121,550,0.6262433485833546,5
3331,vgg19,939,0.0,2
3332,efficientnetb1,939,1.0,3
3333,vgg19,939,1.0,15
3334,vgg16,750,0.8760175184574507,11
3335,resnet18,550,0.9649971314956884,3
3336,densenet121,939,0.4858756243316292,5
3337,efficientnetb0,939,1.0,3
3338,resnet18,750,0.9425112246169725,3
3339,vgg16,939,0.8568556422949929,11
3340,vgg16,750,0.8760175184574507,11
3341,resnet50,350,1.0,6
3342,vgg19,750,0.9936879963126718,15
3343,resnet18,750,0.9425112246169725,3
3344,vgg19,350,0.9884623593775808,15
3345,resnet50,350,0.8169515861153699,7
3346,resnet18,939,0.9772814215247084,3
3347,vgg16,550,0.9599292331742392,11
3348,vgg19,550,0.93699417819052,14
3349,vgg16,550,0.0983706975456484,4
3350,densenet121,939,0.4858756243316292,5
3351,densenet121,939,0.4858756243316292,5
3352,vgg19,550,0.0192737323606945,1
3353,efficientnetb1,550,1.0,3
3354,densenet121,550,0.6262433485833546,5
3355,efficientnetb2,350,1.0,3
3356,vgg19,750,0.9936879963126718,15
3357,densenet121,939,0.4858756243316292,5
3358,efficientnetb0,550,1.0,3
3359,resnet18,750,0.6570784835049883,4
3360,resnet18,550,0.9649971314956884,3
3361,resnet50,750,0.8540914514899219,6
3362,vgg19,939,0.9938700985656802,16
3363,efficientnetb2,550,1.0,3
3364,efficientnetb0,550,1.0,3
3365,efficientnetb1,939,1.0,3
3366,densenet121,750,0.6549577219091517,5
3367,efficientnetb1,939,1.0,3
3368,efficientnetb2,750,0.1857252749278613,2
3369,densenet121,939,0.4858756243316292,5
3370,vgg16,750,0.8760175184574507,11
3371,efficientnetb2,550,0.0,1
3372,efficientnetb0,939,1.0,3
3373,efficientnetb0,550,1.0,3
3374,vgg16,750,0.3927521762586766,6
3375,efficientnetb0,939,1.0,3
3376,resnet50,939,0.8248723661787692,5
3377,resnet18,939,0.9772814215247084,3
3378,efficientnetb0,550,1.0,3
3379,efficientnetb1,939,1.0,3
3380,vgg19,350,0.9884623593775808,15
3381,vgg19,550,0.7603022178684953,17
3382,resnet18,550,0.6805816088044464,4
3383,efficientnetb2,550,1.0,3
3384,vgg19,939,0.9938700985656802,16
3385,efficientnetb2,750,1.0,3
3386,resnet18,550,1.0,2
3387,efficientnetb1,550,1.0,3
3388,efficientnetb0,939,1.0,3
3389,efficientnetb2,750,1.0,3
3390,densenet121,350,0.6263678162488967,5
3391,efficientnetb2,750,1.0,3
3392,efficientnetb2,939,1.0,3
3393,efficientnetb2,939,1.0,3
3394,densenet121,350,0.6263678162488967,5
3395,resnet50,550,1.0,6
3396,efficientnetb2,350,1.0,3
3397,efficientnetb0,750,1.0,3
3398,vgg16,550,0.9461219284703368,13
3399,efficientnetb1,750,1.0,3
3400,vgg19,350,1.0,16
3401,efficientnetb0,550,1.0,3
3402,resnet50,939,0.481243768988981,4
3403,vgg16,750,0.8760175184574507,11
3404,vgg16,350,0.968053827189964,11
3405,efficientnetb2,750,1.0,3
3406,vgg16,750,0.8760175184574507,11
3407,vgg16,550,0.9599292331742392,11
3408,vgg19,550,0.3992057636441661,5
3409,vgg16,550,0.9461219284703368,13
3410,vgg19,750,0.482051380981956,8
3411,resnet50,750,1.0,5
3412,vgg16,939,0.8568556422949929,11
3413,efficientnetb0,550,1.0,3
3414,vgg19,350,0.9884623593775808,15
3415,resnet18,550,0.9649971314956884,3
3416,efficientnetb1,350,1.0,3
3417,vgg16,939,0.8568556422949929,11
3418,vgg16,550,0.9461219284703368,13
3419,resnet18,939,0.9772814215247084,3
3420,efficientnetb1,939,1.0,3
3421,efficientnetb1,550,1.0,3
3422,resnet18,939,0.9772814215247084,3
3423,vgg19,750,0.9936879963126718,15
3424,efficientnetb1,550,1.0,3
3425,densenet121,750,0.6549577219091517,5
3426,resnet50,750,0.8540914514899219,6
3427,resnet50,550,0.8215124558966982,7
3428,resnet50,350,0.8169515861153699,7
3429,efficientnetb0,750,1.0,3
3430,vgg19,550,0.7587179131016882,12
3431,resnet18,550,0.6805816088044464,4
3432,efficientnetb2,939,1.0,3
3433,resnet18,939,1.0,2
3434,vgg16,550,0.9599292331742392,11
3435,efficientnetb2,939,1.0,3
3436,efficientnetb0,550,1.0,3
3437,densenet121,550,0.6262433485833546,5
3438,efficientnetb2,550,1.0,3
3439,vgg19,350,0.7874284582909132,17
3440,efficientnetb0,550,1.0,3
3441,resnet18,939,1.0,2
3442,efficientnetb2,350,1.0,3
3443,efficientnetb0,750,1.0,3
3444,densenet121,350,0.6263678162488967,5
3445,resnet18,550,1.0,2
3446,vgg19,350,0.9884623593775808,15
3447,efficientnetb0,939,1.0,3
3448,efficientnetb2,550,1.0,3
3449,efficientnetb0,750,1.0,3
3450,resnet50,350,1.0,6
3451,efficientnetb1,350,1.0,3
3452,resnet18,550,0.9649971314956884,3
3453,efficientnetb2,750,1.0,3
3454,densenet121,750,0.6549577219091517,5
3455,densenet121,750,0.6549577219091517,5
3456,resnet50,939,0.8248723661787692,5
3457,efficientnetb1,939,0.2284047954549483,2
3458,efficientnetb1,350,1.0,3
3459,resnet18,750,0.9425112246169725,3
3460,efficientnetb2,550,1.0,3
3461,efficientnetb0,750,1.0,3
3462,efficientnetb0,350,1.0,3
3463,resnet50,939,1.0,6
3464,efficientnetb2,350,0.65175093664593,4
3465,vgg19,350,0.9884623593775808,15
3466,densenet121,939,0.4858756243316292,5
3467,resnet18,750,0.9425112246169725,3
3468,resnet18,350,0.6798528330010116,4
3469,efficientnetb0,939,1.0,3
3470,efficientnetb1,939,1.0,3
3471,vgg16,939,1.0,13
3472,efficientnetb1,750,1.0,3
3473,efficientnetb1,750,1.0,3
3474,densenet121,350,0.6263678162488967,5
3475,efficientnetb0,939,1.0,3
3476,vgg19,750,0.9636492577949504,13
3477,vgg19,939,1.0,15
3478,resnet18,550,0.9649971314956884,3
3479,resnet50,750,0.8540914514899219,6
3480,resnet18,750,0.9425112246169725,3
3481,densenet121,939,0.4858756243316292,5
3482,resnet50,750,0.8540914514899219,6
3483,efficientnetb1,350,1.0,3
3484,efficientnetb2,750,1.0,3
3485,resnet18,750,0.5563161859691826,1
3486,vgg16,350,0.968053827189964,11
3487,vgg16,750,0.8760175184574507,11
3488,vgg19,550,0.9153142027929496,13
3489,efficientnetb1,939,1.0,3
3490,efficientnetb1,350,1.0,3
3491,efficientnetb0,350,0.0,1
3492,densenet121,939,0.4858756243316292,5
3493,efficientnetb2,550,1.0,3
3494,densenet121,750,0.6549577219091517,5
3495,densenet121,939,1.0,6
3496,efficientnetb0,750,1.0,3
3497,densenet121,350,0.6263678162488967,5
3498,efficientnetb0,550,1.0,3
3499,vgg19,550,0.9153142027929496,13
3500,vgg19,550,1.0,15
3501,efficientnetb1,939,0.0,1
3502,resnet50,750,0.8540914514899219,6
3503,efficientnetb0,550,0.7484594574197447,4
3504,vgg19,750,0.9936879963126718,15
3505,densenet121,750,1.0,6
3506,densenet121,750,0.6549577219091517,5
3507,resnet50,939,0.1412757250508847,2
3508,densenet121,550,0.6262433485833546,5
3509,vgg16,350,0.9150494503700808,13
3510,efficientnetb1,939,1.0,3
3511,vgg16,350,0.0713714441743471,3
3512,vgg19,750,0.9936879963126718,15
3513,vgg19,350,0.7874284582909132,17
3514,resnet50,550,1.0,6
3515,resnet18,550,0.9649971314956884,3
3516,efficientnetb1,939,1.0,3
3517,vgg19,550,0.7603022178684953,17
3518,vgg16,750,0.9989474447948092,13
3519,densenet121,350,0.6263678162488967,5
3520,resnet50,550,1.0,6
3521,vgg19,750,0.9936879963126718,15
3522,resnet50,939,0.8248723661787692,5
3523,vgg19,939,1.0,15
3524,resnet50,750,0.8540914514899219,6
3525,efficientnetb0,350,1.0,3
3526,efficientnetb0,350,1.0,3
3527,vgg19,939,0.9322438807363724,13
3528,efficientnetb1,939,0.0,1
3529,efficientnetb1,550,1.0,3
3530,efficientnetb0,350,1.0,3
3531,efficientnetb0,550,1.0,3
3532,efficientnetb1,550,1.0,3
3533,vgg16,550,0.9599292331742392,11
3534,resnet50,939,1.0,6
3535,vgg19,750,0.9936879963126718,15
3536,densenet121,550,0.1132152876154946,4
3537,resnet18,350,1.0,3
3538,efficientnetb0,939,0.6801221238861833,4
3539,efficientnetb2,350,1.0,3
3540,efficientnetb0,939,1.0,3
3541,vgg19,750,1.0,16
3542,efficientnetb0,939,1.0,3
3543,resnet50,550,1.0,6
3544,efficientnetb2,750,1.0,3
3545,vgg16,350,0.9150494503700808,13
3546,vgg19,350,0.0,1
3547,efficientnetb1,939,1.0,3
3548,resnet50,939,1.0,6
3549,efficientnetb2,750,1.0,3
3550,efficientnetb2,939,1.0,3
3551,vgg19,939,1.0,15
3552,efficientnetb0,939,1.0,3
3553,vgg19,750,0.9936879963126718,15
3554,resnet50,550,1.0,6
3555,densenet121,550,0.1132152876154946,4
3556,efficientnetb1,350,1.0,3
3557,vgg19,939,1.0,15
3558,vgg19,939,0.958551617010162,14
3559,densenet121,350,0.6263678162488967,5
3560,resnet18,939,0.9772814215247084,3
3561,resnet18,350,1.0,3
3562,efficientnetb1,550,1.0,3
3563,efficientnetb1,350,1.0,3
3564,efficientnetb2,350,1.0,3
3565,vgg19,350,0.0,1
3566,vgg16,750,0.8760175184574507,11
3567,efficientnetb0,750,1.0,3
3568,vgg16,750,0.9989474447948092,13
3569,efficientnetb2,939,0.6509085704414946,4
3570,efficientnetb2,550,1.0,3
3571,resnet18,350,1.0,3
3572,densenet121,350,0.6263678162488967,5
3573,resnet18,750,0.9425112246169725,3
3574,efficientnetb2,350,1.0,3
3575,resnet50,550,0.8215124558966982,7
3576,efficientnetb0,550,1.0,3
3577,vgg19,750,0.482051380981956,8
3578,densenet121,350,0.6263678162488967,5
3579,vgg19,550,0.9153142027929496,13
3580,vgg19,750,0.9936879963126718,15
3581,efficientnetb0,939,1.0,3
3582,vgg16,350,0.968053827189964,11
3583,vgg19,550,1.0,15
3584,vgg16,550,0.4337023661646058,6
3585,resnet18,550,1.0,2
3586,resnet50,750,0.8540914514899219,6
3587,vgg16,350,0.0,1
3588,vgg19,750,0.9936879963126718,15
3589,vgg19,750,0.9936879963126718,15
3590,efficientnetb2,750,1.0,3
3591,vgg16,350,0.968053827189964,11
3592,vgg16,939,0.8568556422949929,11
3593,efficientnetb2,750,1.0,3
3594,efficientnetb2,939,1.0,3
3595,densenet121,550,0.6262433485833546,5
3596,efficientnetb2,550,1.0,3
3597,densenet121,550,0.6262433485833546,5
3598,vgg19,750,0.9936879963126718,15
3599,vgg16,939,0.7391812735874347,15
3600,resnet18,750,0.6570784835049883,4
3601,efficientnetb0,750,1.0,3
3602,resnet18,750,0.9425112246169725,3
3603,densenet121,350,0.6263678162488967,5
3604,efficientnetb2,939,1.0,3
3605,efficientnetb1,350,1.0,3
3606,resnet50,939,1.0,6
3607,efficientnetb0,350,1.0,3
3608,efficientnetb2,750,1.0,3
3609,efficientnetb2,350,1.0,3
3610,resnet18,350,1.0,3
3611,efficientnetb1,750,1.0,3
3612,resnet50,939,0.8248723661787692,5
3613,vgg19,350,1.0,16
3614,efficientnetb2,350,1.0,3
3615,densenet121,750,0.6549577219091517,5
3616,densenet121,550,0.6262433485833546,5
3617,resnet18,939,1.0,2
3618,densenet121,750,1.0,6
3619,efficientnetb1,750,1.0,3
3620,vgg19,550,0.9153142027929496,13
3621,resnet50,350,1.0,6
3622,efficientnetb1,939,1.0,3
3623,densenet121,939,0.4858756243316292,5
3624,efficientnetb1,939,1.0,3
3625,efficientnetb1,550,1.0,3
3626,vgg19,750,0.9636492577949504,13
3627,vgg16,939,0.8568556422949929,11
3628,efficientnetb2,350,1.0,3
3629,resnet18,350,0.9463184463728672,2
3630,vgg19,350,0.9884623593775808,15
3631,resnet18,350,0.6798528330010116,4
3632,efficientnetb0,350,1.0,3
3633,vgg19,939,0.958551617010162,14
3634,resnet18,550,1.0,2
3635,densenet121,750,0.6549577219091517,5
3636,vgg19,350,0.7874284582909132,17
3637,densenet121,350,0.6263678162488967,5
3638,vgg16,350,0.968053827189964,11
3639,resnet18,350,1.0,3
3640,resnet18,550,1.0,2
3641,vgg19,550,0.93432282209291,16
3642,efficientnetb2,350,1.0,3
3643,resnet18,750,0.6570784835049883,4
3644,resnet18,750,0.9425112246169725,3
3645,vgg19,550,0.9153142027929496,13
3646,resnet18,750,0.9425112246169725,3
3647,vgg19,550,1.0,15
3648,efficientnetb0,550,0.0,1
3649,efficientnetb0,939,1.0,3
3650,vgg16,750,0.8760175184574507,11
3651,efficientnetb2,350,1.0,3
3652,vgg16,350,0.968053827189964,11
3653,densenet121,939,0.4858756243316292,5
3654,efficientnetb0,939,1.0,3
3655,resnet50,750,0.8540914514899219,6
3656,vgg16,350,0.9150494503700808,13
3657,vgg19,550,0.7144872600964158,10
3658,densenet121,550,0.6262433485833546,5
3659,efficientnetb1,550,1.0,3
3660,resnet18,550,0.9649971314956884,3
3661,vgg16,939,1.0,13
3662,vgg16,939,0.8568556422949929,11
3663,vgg16,750,0.0835468528760409,3
3664,efficientnetb2,939,1.0,3
3665,vgg16,750,0.9989474447948092,13
3666,resnet18,550,0.9649971314956884,3
3667,efficientnetb1,750,1.0,3
3668,vgg19,939,0.1144285467096243,4
3669,densenet121,350,0.6263678162488967,5
3670,efficientnetb2,750,1.0,3
3671,densenet121,939,1.0,6
3672,vgg16,350,0.9150494503700808,13
3673,densenet121,750,0.6549577219091517,5
3674,resnet50,350,1.0,6
3675,resnet50,939,0.8248723661787692,5
3676,efficientnetb2,550,1.0,3
3677,densenet121,750,0.6549577219091517,5
3678,efficientnetb1,939,1.0,3
3679,efficientnetb0,750,1.0,3
3680,vgg19,939,1.0,15
3681,efficientnetb2,939,1.0,3
3682,efficientnetb2,750,1.0,3
3683,resnet50,550,0.8501913432605966,5
3684,densenet121,350,0.6263678162488967,5
3685,resnet18,550,0.9649971314956884,3
3686,efficientnetb0,750,1.0,3
3687,resnet18,750,0.9425112246169725,3
3688,resnet18,939,0.9772814215247084,3
3689,vgg16,350,0.9208348165236296,10
3690,resnet50,550,1.0,6
3691,efficientnetb0,550,1.0,3
3692,efficientnetb2,550,0.7219694682129152,4
3693,resnet18,550,0.9649971314956884,3
3694,efficientnetb1,939,0.4873612700075253,5
3695,efficientnetb1,750,1.0,3
3696,resnet50,939,0.8017819857800019,7
3697,vgg16,750,0.8760175184574507,11
3698,resnet18,350,1.0,3
3699,vgg16,550,0.9599292331742392,11
3700,efficientnetb0,550,0.7484594574197447,4
3701,resnet50,750,0.692684175445151,7
3702,efficientnetb1,750,1.0,3
3703,vgg19,939,1.0,15
3704,efficientnetb1,939,1.0,3
3705,vgg19,350,0.7439023030951907,11
3706,vgg19,939,1.0,15
3707,resnet50,550,1.0,6
3708,efficientnetb2,939,0.6509085704414946,4
3709,efficientnetb2,939,1.0,3
3710,densenet121,750,0.6549577219091517,5
3711,densenet121,550,0.6262433485833546,5
3712,densenet121,939,0.4858756243316292,5
3713,efficientnetb2,939,1.0,3
3714,vgg16,550,1.0,12
3715,efficientnetb0,550,1.0,3
3716,resnet50,350,0.4097205423764233,4
3717,resnet50,939,1.0,6
3718,vgg16,939,1.0,13
3719,efficientnetb1,550,1.0,3
3720,resnet18,939,0.4650005330060861,5
3721,efficientnetb2,350,1.0,3
3722,efficientnetb2,750,1.0,3
3723,efficientnetb1,550,1.0,3
3724,vgg19,550,1.0,15
3725,efficientnetb0,750,1.0,3
3726,vgg19,350,0.9884623593775808,15
3727,vgg16,750,0.8760175184574507,11
3728,resnet50,350,1.0,6
3729,resnet18,750,0.9425112246169725,3
3730,efficientnetb1,939,1.0,3
3731,densenet121,550,1.0,6
3732,vgg16,550,0.9599292331742392,11
3733,densenet121,550,0.6262433485833546,5
3734,vgg16,939,0.8568556422949929,11
3735,resnet50,750,0.692684175445151,7
3736,efficientnetb1,550,1.0,3
3737,densenet121,550,1.0,6
3738,resnet18,350,1.0,3
3739,efficientnetb1,550,1.0,3
3740,efficientnetb1,350,1.0,3
3741,efficientnetb2,350,1.0,3
3742,densenet121,550,0.6262433485833546,5
3743,efficientnetb0,939,1.0,3
3744,resnet50,750,0.8540914514899219,6
3745,resnet18,750,0.4551076759252049,5
3746,resnet18,350,1.0,3
3747,vgg16,750,0.8760175184574507,11
3748,vgg16,939,0.0548212617333455,3
3749,densenet121,939,0.4858756243316292,5
3750,densenet121,350,0.6263678162488967,5
3751,efficientnetb1,550,1.0,3
3752,efficientnetb0,350,0.2601845258832877,2
3753,vgg16,939,0.5638100259338691,8
3754,resnet50,550,1.0,6
3755,vgg19,550,1.0,15
3756,resnet50,939,1.0,6
3757,vgg16,550,0.9599292331742392,11
3758,vgg16,550,1.0,12
3759,vgg19,939,1.0,15
3760,efficientnetb1,350,1.0,3
3761,resnet50,350,0.0174859151390518,1
3762,efficientnetb1,750,1.0,3
3763,densenet121,550,0.6262433485833546,5
3764,resnet50,550,1.0,6
3765,efficientnetb1,939,1.0,3
3766,efficientnetb2,939,1.0,3
3767,resnet18,350,1.0,3
3768,efficientnetb1,550,1.0,3
3769,vgg16,939,0.5638100259338691,8
3770,densenet121,550,0.6262433485833546,5
3771,densenet121,750,1.0,6
3772,vgg16,350,0.968053827189964,11
3773,efficientnetb0,550,1.0,3
3774,efficientnetb2,350,1.0,3
3775,vgg16,550,0.0983706975456484,4
3776,densenet121,550,0.6262433485833546,5
3777,vgg19,350,0.9884623593775808,15
3778,resnet18,750,1.0,2
3779,efficientnetb2,550,1.0,3
3780,efficientnetb1,750,0.258386396623143,2
3781,efficientnetb2,750,1.0,3
3782,efficientnetb1,550,1.0,3
3783,efficientnetb0,350,1.0,3
3784,efficientnetb1,350,1.0,3
3785,resnet50,939,0.0,1
3786,vgg16,939,0.8568556422949929,11
3787,efficientnetb0,350,1.0,3
3788,efficientnetb2,350,1.0,3
3789,resnet50,750,0.692684175445151,7
3790,efficientnetb0,350,1.0,3
3791,efficientnetb2,750,1.0,3
3792,densenet121,939,0.4858756243316292,5
3793,efficientnetb0,350,1.0,3
3794,vgg16,939,0.8568556422949929,11
3795,efficientnetb1,550,1.0,3
3796,resnet50,939,0.8248723661787692,5
3797,vgg16,939,0.8568556422949929,11
3798,densenet121,350,0.6263678162488967,5
3799,resnet50,939,1.0,6
3800,efficientnetb1,750,1.0,3
3801,resnet18,550,1.0,2
3802,efficientnetb2,350,1.0,3
3803,efficientnetb2,939,1.0,3
3804,vgg19,350,0.9722792391750928,13
3805,resnet18,550,0.9649971314956884,3
3806,vgg16,550,0.9461219284703368,13
3807,efficientnetb0,939,1.0,3
3808,efficientnetb2,550,1.0,3
3809,efficientnetb1,550,1.0,3
3810,resnet50,939,0.8248723661787692,5
3811,efficientnetb1,939,1.0,3
3812,resnet50,939,1.0,6
3813,densenet121,350,0.6263678162488967,5
3814,densenet121,750,0.6549577219091517,5
3815,efficientnetb1,350,0.2323535341648464,2
3816,densenet121,350,0.6263678162488967,5
3817,efficientnetb0,550,1.0,3
3818,vgg16,550,0.9461219284703368,13
3819,efficientnetb1,350,1.0,3
3820,resnet18,550,0.9649971314956884,3
3821,efficientnetb1,550,1.0,3
3822,vgg16,939,0.8568556422949929,11
3823,resnet50,939,1.0,6
3824,efficientnetb0,350,1.0,3
3825,efficientnetb2,550,1.0,3
3826,efficientnetb1,939,1.0,3
3827,efficientnetb0,939,1.0,3
3828,resnet50,550,1.0,6
3829,resnet50,350,0.8830285561177872,5
3830,resnet50,350,0.8830285561177872,5
3831,resnet50,750,0.8540914514899219,6
3832,efficientnetb0,350,0.2601845258832877,2
3833,resnet18,939,0.9772814215247084,3
3834,densenet121,350,0.6263678162488967,5
3835,vgg16,750,0.8760175184574507,11
3836,vgg19,939,1.0,15
3837,efficientnetb2,350,1.0,3
3838,vgg16,350,0.9150494503700808,13
3839,resnet18,550,1.0,2
3840,efficientnetb2,350,1.0,3
3841,resnet50,350,0.8169515861153699,7
3842,resnet18,939,0.9772814215247084,3
3843,resnet18,350,1.0,3
3844,efficientnetb0,750,1.0,3
3845,resnet18,550,1.0,2
3846,efficientnetb2,750,1.0,3
3847,densenet121,939,0.4858756243316292,5
3848,efficientnetb0,550,1.0,3
3849,efficientnetb2,939,1.0,3
3850,efficientnetb1,350,1.0,3
3851,efficientnetb2,350,1.0,3
3852,efficientnetb0,939,1.0,3
3853,efficientnetb2,939,1.0,3
3854,densenet121,750,0.6549577219091517,5
3855,vgg19,550,0.7412152580816892,11
3856,vgg19,750,0.6673220941960659,10
3857,vgg16,550,0.9599292331742392,11
3858,efficientnetb0,550,1.0,3
3859,resnet50,939,1.0,6
3860,efficientnetb2,939,1.0,3
3861,vgg19,939,1.0,15
3862,densenet121,350,0.6263678162488967,5
3863,efficientnetb0,350,1.0,3
3864,resnet18,750,0.9425112246169725,3
3865,densenet121,550,0.6262433485833546,5
3866,vgg19,350,0.9884623593775808,15
3867,densenet121,350,0.6263678162488967,5
3868,vgg16,939,0.8568556422949929,11
3869,vgg16,750,0.9989474447948092,13
3870,vgg19,350,0.063159932094785,4
3871,resnet50,750,0.8540914514899219,6
3872,efficientnetb0,550,1.0,3
3873,efficientnetb2,550,1.0,3
3874,resnet18,350,0.9463184463728672,2
3875,densenet121,750,0.6549577219091517,5
3876,vgg19,350,0.9722792391750928,13
3877,resnet50,350,1.0,6
3878,vgg19,350,0.9884623593775808,15
3879,densenet121,350,0.6263678162488967,5
3880,vgg16,550,0.6336692532833877,9
3881,vgg19,750,0.9636492577949504,13
3882,resnet18,550,0.9649971314956884,3
3883,vgg19,550,1.0,15
3884,efficientnetb2,350,1.0,3
3885,resnet18,750,0.9425112246169725,3
3886,resnet50,350,1.0,6
3887,efficientnetb2,939,1.0,3
3888,vgg16,750,0.8760175184574507,11
3889,vgg19,350,0.9884623593775808,15
3890,vgg19,750,0.9936879963126718,15
3891,efficientnetb2,550,1.0,3
3892,vgg19,939,0.9322438807363724,13
3893,efficientnetb1,939,0.0,1
3894,resnet18,939,1.0,2
3895,efficientnetb0,939,0.245393377540531,2
3896,efficientnetb1,350,1.0,3
3897,efficientnetb2,750,1.0,3
3898,vgg19,939,1.0,15
3899,resnet50,750,1.0,5
3900,efficientnetb0,750,1.0,3
3901,efficientnetb1,550,1.0,3
3902,densenet121,350,1.0,6
3903,densenet121,939,0.4858756243316292,5
3904,efficientnetb0,939,1.0,3
3905,resnet18,750,0.9425112246169725,3
3906,vgg16,939,1.0,13
3907,densenet121,350,0.0523859604428457,3
3908,densenet121,350,0.6263678162488967,5
3909,resnet50,939,1.0,6
3910,efficientnetb1,550,1.0,3
3911,densenet121,350,0.6263678162488967,5
3912,efficientnetb2,939,1.0,3
3913,efficientnetb1,750,1.0,3
3914,resnet18,750,0.9425112246169725,3
3915,efficientnetb2,750,1.0,3
3916,efficientnetb1,550,1.0,3
3917,vgg16,350,0.0238402416290037,2
3918,vgg19,550,1.0,15
3919,efficientnetb2,550,1.0,3
3920,efficientnetb0,939,1.0,3
3921,efficientnetb1,350,1.0,3
3922,vgg19,939,1.0,15
3923,efficientnetb0,550,1.0,3
3924,vgg19,350,0.7439023030951907,11
3925,efficientnetb1,350,1.0,3
3926,efficientnetb1,750,1.0,3
3927,densenet121,350,0.6263678162488967,5
3928,efficientnetb2,550,1.0,3
3929,vgg16,750,0.9989474447948092,13
3930,efficientnetb0,550,0.7484594574197447,4
3931,densenet121,750,0.6549577219091517,5
3932,efficientnetb1,939,1.0,3
3933,efficientnetb2,750,1.0,3
3934,vgg16,939,1.0,13
3935,efficientnetb1,750,1.0,3
3936,efficientnetb2,550,1.0,3
3937,resnet50,750,0.692684175445151,7
3938,vgg16,350,0.9150494503700808,13
3939,resnet50,550,0.8215124558966982,7
3940,densenet121,550,0.6262433485833546,5
3941,resnet50,350,1.0,6
3942,efficientnetb2,350,1.0,3
3943,vgg16,550,0.9599292331742392,11
3944,resnet18,550,0.9649971314956884,3
3945,efficientnetb1,550,1.0,3
3946,efficientnetb1,550,1.0,3
3947,resnet50,750,0.8540914514899219,6
3948,resnet18,350,0.6798528330010116,4
3949,vgg16,750,0.8760175184574507,11
3950,efficientnetb0,939,0.6801221238861833,4
3951,efficientnetb0,550,1.0,3
3952,vgg19,750,0.9936879963126718,15
3953,resnet50,350,0.8169515861153699,7
3954,vgg19,750,0.9636492577949504,13
3955,resnet50,350,1.0,6
3956,efficientnetb0,550,1.0,3
3957,resnet50,750,0.8540914514899219,6
3958,vgg19,939,0.9938700985656802,16
3959,resnet50,939,0.8017819857800019,7
3960,vgg16,550,0.9599292331742392,11
3961,resnet18,550,0.9649971314956884,3
3962,vgg16,350,0.1139662905811487,4
3963,resnet50,939,1.0,6
3964,densenet121,939,0.4858756243316292,5
3965,resnet50,939,0.8248723661787692,5
3966,densenet121,550,0.0,1
3967,efficientnetb2,750,1.0,3
3968,vgg16,550,0.9461219284703368,13
3969,efficientnetb1,350,1.0,3
3970,efficientnetb1,350,1.0,3
3971,vgg19,939,1.0,15
3972,efficientnetb1,939,1.0,3
3973,vgg16,550,0.941205716630206,14
3974,vgg19,750,0.9936879963126718,15
3975,vgg19,939,0.783629319224574,17
3976,resnet18,550,0.9649971314956884,3
3977,efficientnetb0,350,1.0,3
3978,vgg19,750,0.9936879963126718,15
3979,densenet121,939,0.4858756243316292,5
3980,resnet50,750,0.8540914514899219,6
3981,densenet121,750,0.0279532973407523,2
3982,resnet18,550,0.9649971314956884,3
3983,efficientnetb2,550,1.0,3
3984,resnet50,750,0.8540914514899219,6
3985,efficientnetb1,350,1.0,3
3986,vgg19,939,1.0,15
3987,vgg16,550,1.0,12
3988,efficientnetb0,939,0.245393377540531,2
3989,efficientnetb0,750,0.221102352041803,2
3990,efficientnetb1,350,1.0,3
3991,efficientnetb2,939,1.0,3
3992,vgg19,350,0.9884623593775808,15
3993,resnet50,939,1.0,6
3994,resnet18,750,1.0,2
3995,efficientnetb1,550,1.0,3
3996,efficientnetb2,939,1.0,3
3997,resnet18,550,0.6805816088044464,4
3998,efficientnetb0,550,1.0,3
3999,resnet50,750,0.8540914514899219,6
4000,efficientnetb0,939,1.0,3
4001,resnet18,550,0.6805816088044464,4
4002,efficientnetb2,750,1.0,3
4003,vgg16,350,0.968053827189964,11
4004,efficientnetb2,939,1.0,3
4005,efficientnetb1,350,1.0,3
4006,efficientnetb2,750,1.0,3
4007,efficientnetb0,550,1.0,3
4008,efficientnetb0,550,1.0,3
4009,efficientnetb2,750,1.0,3
4010,vgg19,350,0.3670248005033085,6
4011,efficientnetb2,350,1.0,3
4012,vgg16,939,0.8568556422949929,11
4013,efficientnetb2,939,1.0,3
4014,resnet50,350,0.6807257591827157,8
4015,vgg19,750,0.9936879963126718,15
4016,efficientnetb1,350,1.0,3
4017,vgg19,350,0.9722792391750928,13
4018,vgg16,750,0.8760175184574507,11
4019,efficientnetb1,550,1.0,3
4020,densenet121,750,0.6549577219091517,5
4021,vgg19,750,0.9936879963126718,15
4022,densenet121,350,0.6263678162488967,5
4023,efficientnetb2,939,1.0,3
4024,efficientnetb0,750,1.0,3
4025,densenet121,550,0.6262433485833546,5
4026,resnet18,750,0.9425112246169725,3
4027,efficientnetb1,550,0.0,1
4028,densenet121,939,0.4858756243316292,5
4029,vgg19,550,1.0,15
4030,efficientnetb0,939,1.0,3
4031,resnet18,350,0.6798528330010116,4
4032,resnet50,350,1.0,6
4033,vgg16,750,0.888612802013523,12
4034,efficientnetb1,350,1.0,3
4035,efficientnetb2,750,1.0,3
4036,vgg16,939,0.8568556422949929,11
4037,vgg19,939,1.0,15
4038,resnet50,550,1.0,6
4039,efficientnetb2,939,1.0,3
4040,efficientnetb1,550,1.0,3
4041,efficientnetb0,350,1.0,3
4042,efficientnetb0,750,1.0,3
4043,vgg19,750,0.9936879963126718,15
4044,efficientnetb1,550,1.0,3
4045,efficientnetb0,750,1.0,3
4046,efficientnetb1,750,1.0,3
4047,densenet121,350,0.6263678162488967,5
4048,vgg16,550,1.0,12
4049,densenet121,550,0.6262433485833546,5
4050,efficientnetb0,550,1.0,3
4051,densenet121,939,0.4858756243316292,5
4052,efficientnetb2,750,1.0,3
4053,efficientnetb1,750,1.0,3
4054,efficientnetb2,750,1.0,3
4055,vgg19,350,0.4051376815444835,5
4056,resnet50,939,1.0,6
4057,densenet121,939,0.4858756243316292,5
4058,vgg16,939,1.0,13
4059,resnet18,939,0.9772814215247084,3
4060,resnet50,350,0.8169515861153699,7
4061,vgg16,350,0.968053827189964,11
4062,resnet50,939,1.0,6
4063,efficientnetb0,350,0.7221681243288518,4
4064,efficientnetb1,939,1.0,3
4065,efficientnetb2,939,1.0,3
4066,efficientnetb2,939,1.0,3
4067,resnet18,550,1.0,2
4068,vgg19,750,0.9936879963126718,15
4069,resnet18,550,0.9649971314956884,3
4070,densenet121,939,0.4858756243316292,5
4071,efficientnetb0,939,1.0,3
4072,vgg19,550,1.0,15
4073,resnet50,550,1.0,6
4074,resnet50,350,1.0,6
4075,efficientnetb0,939,1.0,3
4076,efficientnetb2,350,1.0,3
4077,resnet50,350,1.0,6
4078,efficientnetb1,550,0.6878389778024664,4
4079,efficientnetb1,550,1.0,3
4080,resnet50,350,1.0,6
4081,resnet18,350,1.0,3
4082,efficientnetb1,939,1.0,3
4083,vgg19,350,0.9884623593775808,15
4084,vgg19,750,0.5392519021115965,9
4085,resnet18,939,0.666846850715217,4
4086,densenet121,550,0.6262433485833546,5
4087,vgg16,750,0.0058887013115276,1
4088,densenet121,939,0.4858756243316292,5
4089,vgg19,550,0.93432282209291,16
4090,vgg19,939,0.9938700985656802,16
4091,resnet50,939,0.8017819857800019,7
4092,resnet18,550,0.9649971314956884,3
4093,resnet50,750,0.8540914514899219,6
4094,resnet18,350,1.0,3
4095,efficientnetb1,939,1.0,3
4096,resnet50,750,0.8540914514899219,6
4097,vgg19,350,0.9884623593775808,15
4098,resnet18,350,0.9463184463728672,2
4099,vgg19,939,1.0,15
4100,efficientnetb0,939,1.0,3
4101,resnet50,750,0.692684175445151,7
4102,vgg16,939,1.0,13
4103,resnet18,350,1.0,3
4104,efficientnetb0,350,1.0,3
4105,resnet50,350,1.0,6
4106,efficientnetb2,350,1.0,3
4107,vgg19,550,1.0,15
4108,efficientnetb1,350,1.0,3
4109,efficientnetb1,939,1.0,3
4110,efficientnetb2,939,1.0,3
4111,vgg19,750,0.9636492577949504,13
4112,resnet18,350,1.0,3
4113,efficientnetb2,350,1.0,3
4114,efficientnetb1,350,1.0,3
4115,vgg19,750,0.9936879963126718,15
4116,resnet50,750,0.8540914514899219,6
4117,vgg19,350,0.9722792391750928,13
4118,efficientnetb2,550,1.0,3
4119,efficientnetb2,550,1.0,3
4120,vgg16,750,0.8760175184574507,11
4121,efficientnetb1,550,0.6878389778024664,4
4122,efficientnetb1,350,1.0,3
4123,efficientnetb0,750,1.0,3
4124,efficientnetb2,750,1.0,3
4125,densenet121,550,0.6262433485833546,5
4126,vgg16,550,0.9599292331742392,11
4127,resnet50,750,1.0,5
4128,vgg16,350,0.968053827189964,11
4129,densenet121,550,0.6262433485833546,5
4130,resnet18,939,0.9772814215247084,3
4131,efficientnetb0,350,1.0,3
4132,resnet18,550,0.9649971314956884,3
4133,vgg16,750,0.0058887013115276,1
4134,vgg19,350,0.9722792391750928,13
4135,resnet50,750,0.8540914514899219,6
4136,resnet18,350,0.6798528330010116,4
4137,resnet18,939,0.666846850715217,4
4138,resnet50,939,0.8248723661787692,5
4139,vgg16,350,0.968053827189964,11
4140,resnet18,750,0.9425112246169725,3
4141,resnet50,750,0.8540914514899219,6
4142,efficientnetb1,550,1.0,3
4143,vgg16,550,0.9461219284703368,13
4144,vgg19,550,1.0,15
4145,efficientnetb2,939,1.0,3
4146,efficientnetb2,350,1.0,3
4147,resnet18,750,0.9425112246169725,3
4148,efficientnetb0,750,1.0,3
4149,vgg19,939,0.9322438807363724,13
4150,efficientnetb0,939,1.0,3
4151,efficientnetb1,750,1.0,3
4152,vgg16,550,1.0,12
4153,efficientnetb0,939,1.0,3
4154,vgg19,550,0.9153142027929496,13
4155,resnet18,939,0.9772814215247084,3
4156,efficientnetb0,350,1.0,3
4157,efficientnetb2,350,1.0,3
4158,efficientnetb2,550,1.0,3
4159,resnet18,550,1.0,2
4160,efficientnetb1,350,1.0,3
4161,vgg19,350,0.7439023030951907,11
4162,resnet50,750,1.0,5
4163,vgg19,350,0.9884623593775808,15
4164,resnet50,550,1.0,6
4165,efficientnetb0,550,0.7484594574197447,4
4166,vgg16,550,0.9599292331742392,11
4167,efficientnetb1,939,1.0,3
4168,resnet18,750,0.9425112246169725,3
4169,vgg16,350,0.968053827189964,11
4170,efficientnetb1,550,1.0,3
4171,efficientnetb0,550,1.0,3
4172,vgg19,750,0.9636492577949504,13
4173,efficientnetb2,939,1.0,3
4174,efficientnetb2,550,1.0,3
4175,efficientnetb1,750,1.0,3
4176,vgg16,939,0.8568556422949929,11
4177,efficientnetb2,550,1.0,3
4178,resnet18,550,0.9649971314956884,3
4179,resnet50,750,0.8540914514899219,6
4180,efficientnetb1,350,0.7181138626700144,4
4181,resnet50,750,0.8540914514899219,6
4182,densenet121,350,0.6263678162488967,5
4183,vgg19,939,0.9322438807363724,13
4184,vgg19,550,1.0,15
4185,resnet50,350,1.0,6
4186,resnet18,550,0.6805816088044464,4
4187,efficientnetb0,550,1.0,3
4188,resnet50,750,0.8540914514899219,6
4189,vgg19,550,0.9153142027929496,13
4190,resnet50,750,0.8540914514899219,6
4191,densenet121,939,0.4858756243316292,5
4192,vgg19,350,0.9722792391750928,13
4193,efficientnetb1,550,1.0,3
4194,efficientnetb2,750,1.0,3
4195,resnet18,350,1.0,3
4196,vgg16,550,0.9599292331742392,11
4197,resnet50,350,0.0948151869136176,2
4198,resnet18,350,1.0,3
4199,efficientnetb2,550,1.0,3
4200,resnet50,939,0.8017819857800019,7
4201,efficientnetb2,939,1.0,3
4202,densenet121,750,0.6549577219091517,5
4203,efficientnetb1,939,1.0,3
4204,resnet18,939,0.9772814215247084,3
4205,vgg19,350,0.9722792391750928,13
4206,resnet50,350,0.8830285561177872,5
4207,vgg19,750,0.9936879963126718,15
4208,efficientnetb2,750,1.0,3
4209,resnet18,350,0.9463184463728672,2
4210,efficientnetb1,550,1.0,3
4211,efficientnetb1,750,1.0,3
4212,densenet121,750,0.6549577219091517,5
4213,resnet18,750,1.0,2
4214,vgg16,750,0.8760175184574507,11
4215,densenet121,939,0.4858756243316292,5
4216,vgg16,350,0.4552780768214839,7
4217,vgg16,350,0.968053827189964,11
4218,efficientnetb0,939,1.0,3
4219,resnet18,750,1.0,2
4220,efficientnetb2,550,1.0,3
4221,efficientnetb0,750,1.0,3
4222,vgg16,350,0.968053827189964,11
4223,vgg19,939,0.9322438807363724,13
4224,efficientnetb0,750,1.0,3
4225,efficientnetb1,750,1.0,3
4226,resnet50,939,1.0,6
4227,efficientnetb0,550,1.0,3
4228,efficientnetb2,550,1.0,3
4229,efficientnetb1,939,1.0,3
4230,densenet121,750,0.6549577219091517,5
4231,efficientnetb2,750,1.0,3
4232,resnet50,750,0.8540914514899219,6
4233,efficientnetb1,750,1.0,3
4234,densenet121,750,0.6549577219091517,5
4235,resnet18,550,0.9649971314956884,3
4236,efficientnetb2,750,1.0,3
4237,densenet121,350,0.6263678162488967,5
4238,efficientnetb1,939,1.0,3
4239,densenet121,939,0.0,1
4240,efficientnetb2,350,1.0,3
4241,vgg19,350,0.9722792391750928,13
4242,resnet50,550,1.0,6
4243,resnet50,939,1.0,6
4244,vgg19,350,0.9884623593775808,15
4245,vgg16,939,0.8568556422949929,11
4246,vgg16,550,0.9599292331742392,11
4247,efficientnetb0,350,1.0,3
4248,efficientnetb1,750,1.0,3
4249,vgg19,939,0.7038804657074393,11
4250,densenet121,750,0.6549577219091517,5
4251,efficientnetb1,550,1.0,3
4252,resnet50,550,1.0,6
4253,densenet121,550,0.6262433485833546,5
4254,efficientnetb2,939,1.0,3
4255,resnet18,939,1.0,2
4256,vgg19,550,0.9153142027929496,13
4257,vgg16,750,0.8760175184574507,11
4258,efficientnetb2,939,1.0,3
4259,densenet121,550,0.6262433485833546,5
4260,efficientnetb2,939,0.6509085704414946,4
4261,vgg19,550,0.9153142027929496,13
4262,vgg16,550,1.0,12
4263,resnet50,550,1.0,6
4264,vgg19,750,0.9936879963126718,15
4265,resnet18,350,0.9463184463728672,2
4266,resnet18,750,0.9425112246169725,3
4267,efficientnetb0,750,1.0,3
4268,resnet18,750,1.0,2
4269,efficientnetb0,350,1.0,3
4270,densenet121,750,0.6549577219091517,5
4271,vgg16,350,0.9208348165236296,10
4272,resnet18,750,1.0,2
4273,efficientnetb0,750,1.0,3
4274,efficientnetb0,550,1.0,3
4275,efficientnetb2,550,1.0,3
4276,densenet121,939,0.4858756243316292,5
4277,densenet121,550,0.6262433485833546,5
4278,efficientnetb2,939,1.0,3
4279,resnet18,939,1.0,2
4280,densenet121,550,0.6262433485833546,5
4281,vgg19,939,0.3786480345124817,5
4282,resnet18,939,0.9772814215247084,3
4283,vgg19,939,0.9322438807363724,13
4284,efficientnetb2,350,1.0,3
4285,vgg16,350,0.968053827189964,11
4286,vgg19,750,0.9636492577949504,13
4287,resnet18,350,1.0,3
4288,efficientnetb2,750,1.0,3
4289,densenet121,350,0.6263678162488967,5
4290,resnet50,550,1.0,6
4291,efficientnetb2,939,1.0,3
4292,resnet50,750,1.0,5
4293,efficientnetb2,550,1.0,3
4294,resnet50,750,1.0,5
4295,efficientnetb2,750,1.0,3
4296,densenet121,939,0.4858756243316292,5
4297,vgg16,550,0.9599292331742392,11
4298,vgg16,939,0.8568556422949929,11
4299,resnet18,550,0.9649971314956884,3
4300,vgg16,550,0.9599292331742392,11
4301,efficientnetb0,350,1.0,3
4302,efficientnetb2,350,1.0,3
4303,resnet18,750,1.0,2
4304,vgg16,939,0.8568556422949929,11
4305,vgg16,939,0.0060710231598882,1
4306,vgg16,550,0.873525344145539,10
4307,efficientnetb2,750,1.0,3
4308,vgg19,550,0.9153142027929496,13
4309,vgg16,939,0.8568556422949929,11
4310,vgg16,550,0.873525344145539,10
4311,resnet50,939,0.8248723661787692,5
4312,vgg16,350,0.968053827189964,11
4313,efficientnetb0,750,1.0,3
4314,resnet50,939,1.0,6
4315,vgg19,350,0.9722792391750928,13
4316,vgg16,550,0.9599292331742392,11
4317,efficientnetb2,750,0.1857252749278613,2
4318,vgg19,939,0.9322438807363724,13
4319,efficientnetb0,750,1.0,3
4320,vgg16,350,0.968053827189964,11
4321,vgg16,750,0.8760175184574507,11
4322,vgg16,350,0.968053827189964,11
4323,vgg16,550,0.9599292331742392,11
4324,resnet50,939,0.8017819857800019,7
4325,vgg16,350,0.0238402416290037,2
4326,efficientnetb1,350,1.0,3
4327,efficientnetb2,939,1.0,3
4328,densenet121,939,0.4858756243316292,5
4329,efficientnetb0,750,1.0,3
4330,resnet50,550,0.8501913432605966,5
4331,efficientnetb1,750,1.0,3
4332,vgg16,550,0.9599292331742392,11
4333,efficientnetb0,939,1.0,3
4334,efficientnetb2,939,1.0,3
4335,resnet50,750,0.8540914514899219,6
4336,efficientnetb2,939,1.0,3
4337,efficientnetb0,939,1.0,3
4338,efficientnetb0,550,0.7484594574197447,4
4339,efficientnetb2,350,1.0,3
4340,efficientnetb0,939,1.0,3
4341,efficientnetb1,550,1.0,3
4342,efficientnetb1,750,1.0,3
4343,vgg16,750,0.8760175184574507,11
4344,efficientnetb1,350,1.0,3
4345,vgg16,350,0.968053827189964,11
4346,efficientnetb1,350,1.0,3
4347,resnet18,550,0.9649971314956884,3
4348,densenet121,350,0.6263678162488967,5
4349,resnet50,939,0.8248723661787692,5
4350,vgg16,939,0.8568556422949929,11
4351,vgg16,550,0.6336692532833877,9
4352,efficientnetb2,350,1.0,3
4353,resnet50,939,0.8248723661787692,5
4354,vgg16,939,0.7455450313368192,10
4355,densenet121,550,0.6262433485833546,5
4356,efficientnetb0,350,1.0,3
4357,vgg19,350,0.9654136477619172,14
4358,densenet121,939,0.4858756243316292,5
4359,efficientnetb2,550,1.0,3
4360,vgg19,350,0.9722792391750928,13
4361,vgg19,350,0.9884623593775808,15
4362,vgg16,350,0.968053827189964,11
4363,efficientnetb1,350,1.0,3
4364,resnet50,750,0.8540914514899219,6
4365,vgg19,550,0.9153142027929496,13
4366,densenet121,350,0.6263678162488967,5
4367,efficientnetb1,750,1.0,3
4368,resnet18,550,1.0,2
4369,efficientnetb1,750,1.0,3
4370,resnet18,350,1.0,3
4371,efficientnetb0,750,1.0,3
4372,efficientnetb1,939,1.0,3
4373,resnet50,550,0.106889737057666,2
4374,resnet18,350,0.9463184463728672,2
4375,efficientnetb2,939,1.0,3
4376,vgg16,750,0.8760175184574507,11
4377,efficientnetb2,750,1.0,3
4378,vgg19,350,0.9722792391750928,13
4379,vgg19,939,1.0,15
4380,vgg19,350,0.9722792391750928,13
4381,vgg16,750,0.8760175184574507,11
4382,efficientnetb0,550,1.0,3
4383,resnet50,350,0.8830285561177872,5
4384,vgg16,550,0.6336692532833877,9
4385,densenet121,750,0.6549577219091517,5
4386,efficientnetb2,750,1.0,3
4387,vgg19,750,0.6673220941960659,10
4388,vgg16,550,0.9599292331742392,11
4389,efficientnetb0,350,1.0,3
4390,efficientnetb0,939,1.0,3
4391,densenet121,350,0.6263678162488967,5
4392,resnet18,750,0.9425112246169725,3
4393,resnet18,750,1.0,2
4394,efficientnetb0,750,1.0,3
4395,resnet18,939,1.0,2
4396,resnet50,350,1.0,6
4397,efficientnetb1,750,1.0,3
4398,efficientnetb0,550,1.0,3
4399,efficientnetb1,939,1.0,3
4400,efficientnetb2,350,0.65175093664593,4
4401,efficientnetb0,939,1.0,3
4402,efficientnetb1,750,1.0,3
4403,efficientnetb1,939,1.0,3
4404,resnet50,750,0.8540914514899219,6
4405,resnet18,939,0.9772814215247084,3
4406,densenet121,550,0.6262433485833546,5
4407,efficientnetb1,350,1.0,3
4408,vgg16,750,0.8760175184574507,11
4409,vgg16,939,0.7455450313368192,10
4410,vgg16,550,0.9599292331742392,11
4411,efficientnetb1,750,1.0,3
4412,resnet50,350,1.0,6
4413,resnet18,350,1.0,3
4414,efficientnetb1,750,1.0,3
4415,efficientnetb2,350,1.0,3
4416,densenet121,750,0.6549577219091517,5
4417,efficientnetb2,750,1.0,3
4418,vgg16,550,0.9599292331742392,11
4419,efficientnetb1,550,1.0,3
4420,densenet121,750,0.6549577219091517,5
4421,resnet18,939,1.0,2
4422,efficientnetb1,939,0.0,1
4423,densenet121,350,0.6263678162488967,5
4424,densenet121,550,0.6262433485833546,5
4425,resnet50,550,1.0,6
4426,densenet121,350,0.6263678162488967,5
4427,efficientnetb0,350,1.0,3
4428,resnet18,939,0.9772814215247084,3
4429,vgg16,750,0.8760175184574507,11
4430,vgg16,350,0.968053827189964,11
4431,resnet18,750,1.0,2
4432,vgg19,550,1.0,15
4433,efficientnetb2,750,1.0,3
4434,densenet121,750,0.6549577219091517,5
4435,resnet50,350,1.0,6
4436,densenet121,750,0.6549577219091517,5
4437,efficientnetb1,750,1.0,3
4438,resnet50,350,0.8169515861153699,7
4439,efficientnetb0,939,1.0,3
4440,densenet121,550,0.6262433485833546,5
4441,resnet18,350,1.0,3
4442,resnet18,750,0.9425112246169725,3
4443,densenet121,939,1.0,6
4444,efficientnetb0,750,1.0,3
4445,densenet121,939,0.4858756243316292,5
4446,vgg19,550,1.0,15
4447,vgg19,939,0.4910509157637427,8
4448,efficientnetb1,550,1.0,3
4449,resnet50,939,0.8017819857800019,7
4450,efficientnetb2,939,1.0,3
4451,resnet18,939,0.9772814215247084,3
4452,resnet50,350,0.8169515861153699,7
4453,vgg19,350,0.9884623593775808,15
4454,vgg16,550,0.0,2
4455,resnet50,939,1.0,6
4456,efficientnetb2,939,1.0,3
4457,efficientnetb1,750,0.258386396623143,2
4458,vgg19,350,0.9722792391750928,13
4459,vgg19,350,0.9884623593775808,15
4460,resnet50,550,1.0,6
4461,efficientnetb0,939,1.0,3
4462,resnet50,350,1.0,6
4463,resnet18,750,0.9425112246169725,3
4464,efficientnetb2,550,1.0,3
4465,densenet121,350,0.6263678162488967,5
4466,vgg19,350,0.9884623593775808,15
4467,resnet50,750,0.9081489241651808,4
4468,efficientnetb2,750,1.0,3
4469,vgg19,750,0.9636492577949504,13
4470,densenet121,750,0.6549577219091517,5
4471,densenet121,750,0.6549577219091517,5
4472,efficientnetb2,939,1.0,3
4473,vgg19,550,1.0,15
4474,vgg16,550,0.9599292331742392,11
4475,densenet121,350,0.6263678162488967,5
4476,vgg16,350,0.968053827189964,11
4477,efficientnetb2,350,1.0,3
4478,vgg16,750,0.9989474447948092,13
4479,efficientnetb2,550,1.0,3
4480,efficientnetb0,350,1.0,3
4481,vgg19,939,1.0,15
4482,resnet50,350,1.0,6
4483,efficientnetb2,550,1.0,3
4484,resnet18,939,1.0,2
4485,efficientnetb2,750,1.0,3
4486,densenet121,750,1.0,6
4487,densenet121,550,1.0,6
4488,efficientnetb1,550,0.6878389778024664,4
4489,resnet18,350,1.0,3
4490,vgg16,939,1.0,13
4491,efficientnetb0,350,1.0,3
4492,efficientnetb1,939,1.0,3
4493,efficientnetb1,550,1.0,3
4494,efficientnetb0,939,1.0,3
4495,efficientnetb0,350,1.0,3
4496,resnet50,550,1.0,6
4497,vgg16,550,0.9461219284703368,13
4498,densenet121,939,0.4858756243316292,5
4499,resnet50,750,0.8540914514899219,6
4500,vgg19,750,0.9936879963126718,15
4501,vgg19,350,0.7874284582909132,17
4502,densenet121,750,0.6549577219091517,5
4503,densenet121,550,0.6262433485833546,5
4504,vgg16,350,0.9150494503700808,13
4505,vgg19,750,0.9936879963126718,15
4506,efficientnetb0,550,1.0,3
4507,resnet50,550,1.0,6
4508,vgg19,350,1.0,16
4509,vgg19,350,0.9884623593775808,15
4510,efficientnetb1,939,1.0,3
4511,vgg16,350,0.9150494503700808,13
4512,densenet121,350,0.1341157974542594,4
4513,vgg19,550,1.0,15
4514,resnet50,750,0.8540914514899219,6
4515,efficientnetb0,750,1.0,3
4516,densenet121,350,0.6263678162488967,5
4517,efficientnetb1,939,1.0,3
4518,resnet18,550,0.9649971314956884,3
4519,vgg16,550,0.9461219284703368,13
4520,resnet18,350,1.0,3
4521,efficientnetb1,939,1.0,3
4522,efficientnetb1,750,1.0,3
4523,vgg19,350,0.9884623593775808,15
4524,efficientnetb0,350,1.0,3
4525,efficientnetb0,939,1.0,3
4526,resnet18,550,0.9649971314956884,3
4527,efficientnetb0,750,1.0,3
4528,efficientnetb1,750,1.0,3
4529,efficientnetb2,350,1.0,3
4530,efficientnetb1,939,0.7039994792384792,4
4531,vgg16,750,0.9989474447948092,13
4532,vgg19,550,0.7603022178684953,17
4533,resnet18,350,1.0,3
4534,resnet50,350,1.0,6
4535,efficientnetb0,550,1.0,3
4536,vgg16,750,0.9989474447948092,13
4537,efficientnetb1,750,1.0,3
4538,resnet18,939,1.0,2
4539,vgg19,550,1.0,15
4540,efficientnetb0,939,1.0,3
4541,vgg16,350,0.968053827189964,11
4542,resnet18,550,1.0,2
4543,vgg16,350,0.9150494503700808,13
4544,efficientnetb1,939,1.0,3
4545,efficientnetb1,939,1.0,3
4546,resnet50,350,1.0,6
4547,resnet50,939,1.0,6
4548,resnet50,939,1.0,6
4549,vgg16,550,0.9461219284703368,13
4550,densenet121,350,0.6263678162488967,5
4551,efficientnetb2,550,1.0,3
4552,resnet50,939,1.0,6
4553,vgg19,939,1.0,15
4554,efficientnetb0,550,1.0,3
4555,efficientnetb1,939,0.7039994792384792,4
4556,resnet50,350,1.0,6
4557,densenet121,350,0.6263678162488967,5
4558,vgg19,939,1.0,15
4559,resnet18,939,1.0,2
4560,resnet18,550,0.9649971314956884,3
4561,vgg19,750,0.9936879963126718,15
4562,resnet18,939,0.9772814215247084,3
4563,resnet18,350,1.0,3
4564,efficientnetb1,939,1.0,3
4565,vgg16,550,0.9461219284703368,13
4566,efficientnetb0,350,1.0,3
4567,efficientnetb0,550,1.0,3
4568,densenet121,550,0.6262433485833546,5
4569,efficientnetb0,550,1.0,3
4570,vgg16,939,1.0,13
4571,densenet121,350,0.6263678162488967,5
4572,efficientnetb0,550,1.0,3
4573,densenet121,750,0.6549577219091517,5
4574,efficientnetb0,350,1.0,3
4575,resnet18,939,0.9772814215247084,3
4576,efficientnetb0,939,1.0,3
4577,densenet121,750,0.6549577219091517,5
4578,vgg16,939,0.8568556422949929,11
4579,efficientnetb1,350,1.0,3
4580,efficientnetb2,350,1.0,3
4581,vgg19,550,1.0,15
4582,resnet18,750,0.9425112246169725,3
4583,efficientnetb2,550,1.0,3
4584,resnet50,939,0.1412757250508847,2
4585,densenet121,350,0.6263678162488967,5
4586,densenet121,750,0.6549577219091517,5
4587,densenet121,939,0.0230700539672484,2
4588,vgg16,350,0.968053827189964,11
4589,efficientnetb0,550,1.0,3
4590,resnet18,550,0.9649971314956884,3
4591,resnet18,750,0.9425112246169725,3
4592,resnet50,750,0.8540914514899219,6
4593,densenet121,939,0.4858756243316292,5
4594,resnet50,939,0.8017819857800019,7
4595,resnet50,939,1.0,6
4596,vgg16,550,0.0983706975456484,4
4597,efficientnetb1,350,1.0,3
4598,resnet50,550,1.0,6
4599,efficientnetb0,350,1.0,3
4600,densenet121,350,0.6263678162488967,5
4601,vgg16,350,0.9150494503700808,13
4602,resnet18,750,1.0,2
4603,resnet50,939,1.0,6
4604,efficientnetb2,550,0.7219694682129152,4
4605,resnet18,550,0.9649971314956884,3
4606,resnet50,350,1.0,6
4607,efficientnetb1,939,1.0,3
4608,resnet18,939,0.666846850715217,4
4609,efficientnetb1,750,1.0,3
4610,vgg19,350,0.9884623593775808,15
4611,densenet121,350,0.6263678162488967,5
4612,resnet50,350,0.8169515861153699,7
4613,efficientnetb0,750,1.0,3
4614,efficientnetb0,939,1.0,3
4615,efficientnetb2,550,1.0,3
4616,densenet121,350,0.6263678162488967,5
4617,densenet121,750,0.6549577219091517,5
4618,efficientnetb2,550,1.0,3
4619,efficientnetb2,350,1.0,3
4620,resnet50,350,1.0,6
4621,efficientnetb2,939,1.0,3
4622,resnet50,939,0.8017819857800019,7
4623,resnet50,350,1.0,6
4624,efficientnetb2,550,1.0,3
4625,densenet121,939,0.4858756243316292,5
4626,densenet121,350,0.6263678162488967,5
4627,efficientnetb0,939,1.0,3
4628,resnet18,550,0.9649971314956884,3
4629,efficientnetb2,350,1.0,3
4630,resnet50,750,0.8540914514899219,6
4631,efficientnetb2,939,1.0,3
4632,resnet18,939,0.9772814215247084,3
4633,densenet121,350,0.0,1
4634,vgg16,350,0.968053827189964,11
4635,efficientnetb2,550,1.0,3
4636,vgg16,939,1.0,13
4637,densenet121,750,1.0,6
4638,efficientnetb2,750,1.0,3
4639,efficientnetb2,750,1.0,3
4640,efficientnetb1,750,1.0,3
4641,resnet18,750,0.9425112246169725,3
4642,vgg19,750,0.9936879963126718,15
4643,densenet121,939,0.4858756243316292,5
4644,efficientnetb0,939,1.0,3
4645,efficientnetb1,939,1.0,3
4646,vgg16,350,0.9150494503700808,13
4647,resnet50,750,0.8540914514899219,6
4648,efficientnetb1,750,1.0,3
4649,resnet50,350,0.8830285561177872,5
4650,resnet18,550,0.9649971314956884,3
4651,efficientnetb0,550,1.0,3
4652,efficientnetb1,939,1.0,3
4653,densenet121,750,0.6549577219091517,5
4654,resnet18,750,0.9425112246169725,3
4655,efficientnetb0,550,1.0,3
4656,efficientnetb1,750,1.0,3
4657,efficientnetb1,750,1.0,3
4658,efficientnetb0,550,1.0,3
4659,efficientnetb1,350,1.0,3
4660,densenet121,350,0.6263678162488967,5
4661,vgg19,750,0.9936879963126718,15
4662,efficientnetb1,350,1.0,3
4663,resnet50,350,1.0,6
4664,vgg19,750,0.9936879963126718,15
4665,efficientnetb1,350,1.0,3
4666,efficientnetb1,550,1.0,3
4667,vgg19,750,0.9936879963126718,15
4668,efficientnetb0,350,1.0,3
4669,resnet50,750,0.8540914514899219,6
4670,densenet121,939,1.0,6
4671,efficientnetb0,350,1.0,3
4672,vgg16,750,0.8760175184574507,11
4673,densenet121,350,0.6263678162488967,5
4674,densenet121,939,0.4858756243316292,5
4675,densenet121,750,0.6549577219091517,5
4676,resnet18,750,0.9425112246169725,3
4677,vgg16,939,1.0,13
4678,vgg19,550,1.0,15
4679,efficientnetb0,939,1.0,3
4680,resnet50,350,1.0,6
4681,efficientnetb2,939,1.0,3
4682,resnet50,350,1.0,6
4683,vgg19,750,0.9936879963126718,15
4684,efficientnetb2,550,1.0,3
4685,vgg19,550,1.0,15
4686,resnet50,350,0.6807257591827157,8
4687,efficientnetb0,350,1.0,3
4688,densenet121,750,0.0983602208090902,4
4689,resnet50,939,1.0,6
4690,densenet121,939,0.4858756243316292,5
4691,efficientnetb0,750,1.0,3
4692,efficientnetb1,750,1.0,3
4693,efficientnetb1,750,0.7228690296773087,4
4694,efficientnetb1,750,1.0,3
4695,resnet18,550,1.0,2
4696,vgg19,350,0.9884623593775808,15
4697,resnet18,750,0.6570784835049883,4
4698,efficientnetb2,750,1.0,3
4699,vgg19,939,1.0,15
4700,vgg19,350,0.9884623593775808,15
4701,efficientnetb1,939,1.0,3
4702,efficientnetb1,350,1.0,3
4703,efficientnetb1,550,1.0,3
4704,efficientnetb1,750,1.0,3
4705,efficientnetb1,939,0.7039994792384792,4
4706,vgg19,939,1.0,15
4707,vgg16,939,0.8568556422949929,11
4708,resnet50,939,1.0,6
4709,efficientnetb0,939,1.0,3
4710,vgg19,939,0.9322438807363724,13
4711,vgg19,939,0.9322438807363724,13
4712,efficientnetb0,350,1.0,3
4713,resnet50,550,0.8215124558966982,7
4714,efficientnetb2,550,1.0,3
4715,resnet50,939,1.0,6
4716,efficientnetb2,939,1.0,3
4717,densenet121,939,0.4858756243316292,5
4718,densenet121,550,0.6262433485833546,5
4719,resnet18,939,1.0,2
4720,efficientnetb0,939,1.0,3
4721,resnet50,750,0.8540914514899219,6
4722,efficientnetb2,350,1.0,3
4723,efficientnetb1,939,1.0,3
4724,efficientnetb1,939,1.0,3
4725,vgg16,939,0.8568556422949929,11
4726,resnet50,939,1.0,6
4727,vgg19,550,1.0,15
4728,resnet50,350,1.0,6
4729,efficientnetb2,550,1.0,3
4730,resnet18,350,1.0,3
4731,efficientnetb0,350,1.0,3
4732,vgg19,939,1.0,15
4733,efficientnetb1,939,1.0,3
4734,vgg19,750,0.9936879963126718,15
4735,resnet50,939,1.0,6
4736,efficientnetb1,939,1.0,3
4737,vgg16,939,1.0,13
4738,vgg19,750,0.9936879963126718,15
4739,efficientnetb0,550,1.0,3
4740,vgg19,350,0.3463718988145903,7
4741,vgg16,550,0.9599292331742392,11
4742,efficientnetb0,550,0.0,1
4743,densenet121,939,0.4858756243316292,5
4744,efficientnetb0,550,1.0,3
4745,vgg16,939,0.4031740758458291,6
4746,efficientnetb2,350,1.0,3
4747,resnet18,939,1.0,2
4748,resnet50,550,1.0,6
4749,efficientnetb2,939,1.0,3
4750,efficientnetb1,939,1.0,3
4751,efficientnetb0,550,1.0,3
4752,resnet50,939,0.8017819857800019,7
4753,efficientnetb2,350,1.0,3
4754,efficientnetb2,939,1.0,3
4755,resnet18,350,0.9463184463728672,2
4756,efficientnetb2,350,1.0,3
4757,vgg19,550,1.0,15
4758,densenet121,750,0.6549577219091517,5
4759,efficientnetb2,550,1.0,3
4760,densenet121,350,0.6263678162488967,5
4761,vgg19,750,0.9936879963126718,15
4762,efficientnetb1,750,1.0,3
4763,efficientnetb0,550,1.0,3
4764,vgg19,350,0.4051376815444835,5
4765,efficientnetb1,750,1.0,3
4766,efficientnetb0,750,1.0,3
4767,vgg16,550,0.0,2
4768,efficientnetb0,350,1.0,3
4769,vgg19,750,0.9936879963126718,15
4770,efficientnetb1,550,1.0,3
4771,efficientnetb2,350,1.0,3
4772,efficientnetb1,939,1.0,3
4773,vgg16,550,0.9599292331742392,11
4774,efficientnetb2,939,1.0,3
4775,vgg16,550,0.9599292331742392,11
4776,vgg19,350,0.9884623593775808,15
4777,resnet18,350,1.0,3
4778,resnet18,350,0.6798528330010116,4
4779,resnet18,750,0.9425112246169725,3
4780,vgg16,350,0.968053827189964,11
4781,efficientnetb1,550,1.0,3
4782,efficientnetb0,750,1.0,3
4783,efficientnetb1,750,1.0,3
4784,vgg16,550,0.9599292331742392,11
4785,vgg19,750,0.9936879963126718,15
4786,efficientnetb2,750,1.0,3
4787,densenet121,550,0.6262433485833546,5
4788,resnet50,939,0.8248723661787692,5
4789,resnet18,939,1.0,2
4790,resnet18,550,0.9649971314956884,3
4791,densenet121,939,0.0166311998595305,3
4792,vgg16,939,1.0,13
4793,efficientnetb0,350,1.0,3
4794,densenet121,350,0.6263678162488967,5
4795,densenet121,750,0.6549577219091517,5
4796,resnet50,939,1.0,6
4797,efficientnetb2,550,1.0,3
4798,vgg16,750,0.8760175184574507,11
4799,efficientnetb1,350,0.2323535341648464,2
4800,vgg19,550,0.527063884872579,9
4801,densenet121,939,0.4858756243316292,5
4802,vgg16,350,0.968053827189964,11
4803,efficientnetb2,550,0.1997439170806723,2
4804,resnet18,350,1.0,3
4805,efficientnetb1,350,1.0,3
4806,vgg19,550,0.9153142027929496,13
4807,efficientnetb0,550,1.0,3
4808,efficientnetb2,550,1.0,3
4809,vgg19,550,1.0,15
4810,resnet50,550,0.8501913432605966,5
4811,vgg19,939,1.0,15
4812,efficientnetb0,350,1.0,3
4813,resnet18,550,0.9649971314956884,3
4814,resnet18,350,0.9463184463728672,2
4815,vgg19,350,0.3463718988145903,7
4816,vgg16,550,0.9599292331742392,11
4817,efficientnetb1,750,1.0,3
4818,densenet121,550,0.6262433485833546,5
4819,vgg16,350,0.968053827189964,11
4820,resnet18,750,0.9425112246169725,3
4821,efficientnetb1,550,1.0,3
4822,efficientnetb1,550,1.0,3
4823,resnet50,750,0.8540914514899219,6
4824,resnet50,939,0.8248723661787692,5
4825,efficientnetb0,350,1.0,3
4826,resnet18,750,0.9425112246169725,3
4827,densenet121,350,0.6263678162488967,5
4828,efficientnetb1,550,1.0,3
4829,vgg19,350,0.4995659680915179,8
4830,efficientnetb0,750,1.0,3
4831,efficientnetb1,350,1.0,3
4832,densenet121,939,0.4858756243316292,5
4833,densenet121,750,0.6549577219091517,5
4834,efficientnetb2,750,1.0,3
4835,efficientnetb0,350,1.0,3
4836,efficientnetb2,350,1.0,3
4837,efficientnetb2,750,1.0,3
4838,efficientnetb0,550,1.0,3
4839,resnet18,550,0.9649971314956884,3
4840,densenet121,550,0.6262433485833546,5
4841,vgg19,550,1.0,15
4842,resnet18,939,1.0,2
4843,efficientnetb2,939,1.0,3
4844,resnet18,550,1.0,2
4845,resnet18,550,1.0,2
4846,vgg19,350,0.9884623593775808,15
4847,efficientnetb2,939,1.0,3
4848,resnet50,350,1.0,6
4849,vgg16,550,0.9599292331742392,11
4850,densenet121,750,0.5014039257956258,7
4851,efficientnetb0,939,1.0,3
4852,resnet50,939,1.0,6
4853,efficientnetb0,750,1.0,3
4854,vgg19,550,1.0,15
4855,resnet50,939,0.3012988939538109,3
4856,vgg19,939,0.0,2
4857,efficientnetb2,750,1.0,3
4858,vgg16,550,0.9599292331742392,11
4859,resnet50,550,1.0,6
4860,resnet18,939,1.0,2
4861,efficientnetb2,350,1.0,3
4862,efficientnetb1,550,1.0,3
4863,efficientnetb1,350,1.0,3
4864,densenet121,750,0.6549577219091517,5
4865,efficientnetb0,750,1.0,3
4866,vgg19,750,0.9936879963126718,15
4867,efficientnetb1,750,1.0,3
4868,densenet121,550,0.6262433485833546,5
4869,vgg16,939,0.8568556422949929,11
4870,vgg16,550,0.9461219284703368,13
4871,resnet50,939,1.0,6
4872,resnet50,939,1.0,6
4873,resnet18,939,0.9772814215247084,3
4874,resnet50,550,1.0,6
4875,efficientnetb0,350,1.0,3
4876,vgg16,939,0.5638100259338691,8
4877,efficientnetb2,939,1.0,3
4878,efficientnetb1,939,1.0,3
4879,efficientnetb1,350,1.0,3
4880,efficientnetb1,350,1.0,3
4881,efficientnetb1,350,1.0,3
4882,resnet50,750,0.8540914514899219,6
4883,vgg16,550,0.0983706975456484,4
4884,resnet50,550,1.0,6
4885,efficientnetb1,550,1.0,3
4886,resnet18,550,0.9649971314956884,3
4887,resnet50,350,1.0,6
4888,efficientnetb0,939,1.0,3
4889,vgg16,350,0.968053827189964,11
4890,efficientnetb0,750,1.0,3
4891,efficientnetb0,939,1.0,3
4892,efficientnetb2,750,1.0,3
4893,resnet50,750,0.9081489241651808,4
4894,resnet18,750,1.0,2
4895,resnet50,750,0.8540914514899219,6
4896,efficientnetb0,350,1.0,3
4897,vgg19,550,0.9153142027929496,13
4898,resnet50,939,0.8017819857800019,7
4899,resnet50,750,0.8540914514899219,6
4900,vgg16,939,0.4173293874259716,5
4901,efficientnetb1,939,1.0,3
4902,vgg16,939,0.4187967673445678,7
4903,resnet50,550,1.0,6
4904,densenet121,939,0.0230700539672484,2
4905,resnet18,550,0.9649971314956884,3
4906,densenet121,750,0.6549577219091517,5
4907,efficientnetb1,750,1.0,3
4908,efficientnetb1,350,1.0,3
4909,vgg19,939,1.0,15
4910,vgg19,939,0.9322438807363724,13
4911,vgg19,350,0.9654136477619172,14
4912,resnet18,550,0.9649971314956884,3
4913,resnet50,750,0.8540914514899219,6
4914,vgg16,350,0.9150494503700808,13
4915,resnet50,350,1.0,6
4916,efficientnetb2,939,1.0,3
4917,vgg16,939,0.8568556422949929,11
4918,resnet50,750,1.0,5
4919,vgg19,939,1.0,15
4920,vgg19,750,0.9936879963126718,15
4921,efficientnetb1,750,1.0,3
4922,densenet121,939,0.4858756243316292,5
4923,vgg16,550,0.6336692532833877,9
4924,resnet50,939,1.0,6
4925,resnet50,750,0.8540914514899219,6
4926,efficientnetb2,350,1.0,3
4927,resnet18,939,0.9772814215247084,3
4928,efficientnetb0,750,1.0,3
4929,efficientnetb0,550,1.0,3
4930,vgg19,550,1.0,15
4931,resnet18,750,0.6570784835049883,4
4932,efficientnetb2,939,1.0,3
4933,densenet121,939,0.4858756243316292,5
4934,efficientnetb1,350,1.0,3
4935,vgg16,750,0.8760175184574507,11
4936,efficientnetb1,550,1.0,3
4937,efficientnetb0,750,1.0,3
4938,resnet18,550,1.0,2
4939,densenet121,939,0.4858756243316292,5
4940,resnet18,939,1.0,2
4941,resnet50,550,1.0,6
4942,resnet50,350,1.0,6
4943,vgg16,750,0.8760175184574507,11
4944,vgg16,350,1.0,12
4945,resnet18,550,0.9649971314956884,3
4946,vgg19,939,1.0,15
4947,resnet50,550,1.0,6
4948,densenet121,350,0.6263678162488967,5
4949,vgg19,550,1.0,15
4950,vgg16,550,0.9599292331742392,11
4951,vgg19,350,0.9884623593775808,15
4952,efficientnetb0,350,1.0,3
4953,efficientnetb1,350,1.0,3
4954,resnet18,350,0.9463184463728672,2
4955,efficientnetb0,750,1.0,3
4956,vgg19,750,0.9636492577949504,13
4957,densenet121,750,0.6549577219091517,5
4958,vgg19,939,1.0,15
4959,efficientnetb2,750,0.6313792880026403,4
4960,densenet121,550,0.6262433485833546,5
4961,efficientnetb2,350,1.0,3
4962,efficientnetb1,939,1.0,3
4963,vgg16,550,0.9599292331742392,11
4964,efficientnetb0,750,1.0,3
4965,resnet50,550,1.0,6
4966,densenet121,550,0.6262433485833546,5
4967,efficientnetb2,550,1.0,3
4968,vgg16,939,0.8568556422949929,11
4969,efficientnetb1,750,1.0,3
4970,vgg16,939,0.8568556422949929,11
4971,vgg16,550,0.9599292331742392,11
4972,resnet18,550,0.9649971314956884,3
4973,resnet50,550,1.0,6
4974,vgg19,350,0.9722792391750928,13
4975,efficientnetb1,750,0.7228690296773087,4
4976,densenet121,350,0.6263678162488967,5
4977,resnet18,350,0.9463184463728672,2
4978,efficientnetb2,750,1.0,3
4979,vgg19,550,1.0,15
4980,efficientnetb2,550,1.0,3
4981,densenet121,939,0.4858756243316292,5
4982,efficientnetb2,939,1.0,3
4983,resnet50,350,1.0,6
4984,vgg16,939,0.8568556422949929,11
4985,efficientnetb1,550,1.0,3
4986,densenet121,550,1.0,6
4987,efficientnetb1,750,1.0,3
4988,resnet50,939,0.8248723661787692,5
4989,vgg16,350,0.9150494503700808,13
4990,efficientnetb0,350,1.0,3
4991,efficientnetb2,939,1.0,3
4992,efficientnetb1,350,1.0,3
4993,vgg19,350,0.9884623593775808,15
4994,resnet50,550,1.0,6
4995,vgg19,350,0.9884623593775808,15
4996,resnet18,750,1.0,2
4997,resnet50,939,1.0,6
4998,vgg19,750,0.9636492577949504,13
4999,vgg16,350,0.9150494503700808,13
5000,efficientnetb2,750,1.0,3
5001,resnet18,350,1.0,3
5002,densenet121,350,0.6263678162488967,5
5003,efficientnetb1,350,1.0,3
5004,vgg16,750,0.0835468528760409,3
5005,efficientnetb2,550,1.0,3
5006,efficientnetb1,750,1.0,3
5007,efficientnetb0,350,1.0,3
5008,resnet18,550,0.9649971314956884,3
5009,efficientnetb1,550,1.0,3
5010,efficientnetb1,939,1.0,3
5011,efficientnetb0,750,1.0,3
5012,vgg19,350,0.7874284582909132,17
5013,efficientnetb2,750,1.0,3
5014,efficientnetb0,350,1.0,3
5015,densenet121,750,0.6549577219091517,5
5016,efficientnetb0,350,1.0,3
5017,densenet121,939,0.4858756243316292,5
5018,vgg19,550,1.0,15
5019,efficientnetb0,550,1.0,3
5020,efficientnetb2,750,1.0,3
5021,efficientnetb0,550,1.0,3
5022,vgg16,350,0.968053827189964,11
5023,densenet121,550,0.6262433485833546,5
5024,densenet121,550,0.6262433485833546,5
5025,densenet121,939,1.0,6
5026,resnet50,939,1.0,6
5027,resnet50,750,0.3344894405367239,2
5028,efficientnetb0,350,1.0,3
5029,densenet121,550,0.6262433485833546,5
5030,efficientnetb0,750,1.0,3
5031,efficientnetb1,350,1.0,3
5032,resnet50,750,0.8540914514899219,6
5033,efficientnetb1,550,1.0,3
5034,efficientnetb2,350,1.0,3
5035,efficientnetb2,350,1.0,3
5036,vgg16,750,0.8760175184574507,11
5037,efficientnetb0,350,1.0,3
5038,resnet50,550,0.8501913432605966,5
5039,efficientnetb0,550,1.0,3
5040,densenet121,550,0.6262433485833546,5
5041,vgg19,939,0.053642035656265,3
5042,efficientnetb0,750,1.0,3
5043,resnet18,750,1.0,2
5044,vgg16,939,0.8568556422949929,11
5045,vgg16,750,0.9989474447948092,13
5046,densenet121,350,0.6263678162488967,5
5047,efficientnetb0,939,1.0,3
5048,resnet50,550,1.0,6
5049,efficientnetb0,550,1.0,3
5050,vgg16,550,0.9461219284703368,13
5051,efficientnetb0,350,1.0,3
5052,resnet18,939,0.666846850715217,4
5053,vgg19,550,1.0,15
5054,densenet121,550,0.6262433485833546,5
5055,vgg16,550,0.9599292331742392,11
5056,vgg16,350,0.9150494503700808,13
5057,resnet18,939,1.0,2
5058,vgg19,550,1.0,15
5059,efficientnetb1,750,1.0,3
5060,vgg19,939,1.0,15
5061,vgg19,750,0.9936879963126718,15
5062,vgg16,939,1.0,13
5063,resnet50,750,0.692684175445151,7
5064,efficientnetb0,350,1.0,3
5065,efficientnetb2,350,1.0,3
5066,efficientnetb1,939,1.0,3
5067,vgg16,350,0.9150494503700808,13
5068,vgg19,350,0.9722792391750928,13
5069,efficientnetb0,939,1.0,3
5070,efficientnetb2,750,1.0,3
5071,efficientnetb2,939,1.0,3
5072,densenet121,939,0.0166311998595305,3
5073,densenet121,750,0.6549577219091517,5
5074,vgg16,750,0.9989474447948092,13
5075,vgg19,750,0.9936879963126718,15
5076,densenet121,750,0.6549577219091517,5
5077,densenet121,939,0.4858756243316292,5
5078,resnet50,750,1.0,5
5079,resnet50,550,0.8215124558966982,7
5080,vgg19,939,1.0,15
5081,densenet121,750,0.6549577219091517,5
5082,efficientnetb2,750,1.0,3
5083,densenet121,550,1.0,6
5084,resnet50,750,0.8540914514899219,6
5085,efficientnetb2,750,1.0,3
5086,efficientnetb0,550,0.7484594574197447,4
5087,efficientnetb0,939,1.0,3
5088,resnet18,550,0.9649971314956884,3
5089,densenet121,350,1.0,6
5090,efficientnetb0,350,1.0,3
5091,densenet121,939,0.4858756243316292,5
5092,efficientnetb2,550,1.0,3
5093,vgg19,550,1.0,15
5094,vgg16,350,0.9150494503700808,13
5095,efficientnetb0,550,1.0,3
5096,densenet121,550,0.6262433485833546,5
5097,efficientnetb1,939,1.0,3
5098,vgg16,550,0.9461219284703368,13
5099,efficientnetb0,939,1.0,3
5100,efficientnetb1,350,1.0,3
5101,densenet121,550,0.6262433485833546,5
5102,resnet18,350,1.0,3
5103,vgg16,350,0.968053827189964,11
5104,densenet121,750,0.6549577219091517,5
5105,efficientnetb0,750,0.6483214388113725,4
5106,vgg16,550,0.9599292331742392,11
5107,resnet50,939,1.0,6
5108,vgg19,550,0.93432282209291,16
5109,densenet121,550,0.6262433485833546,5
5110,densenet121,939,0.4858756243316292,5
5111,densenet121,350,0.6263678162488967,5
5112,efficientnetb1,350,1.0,3
5113,efficientnetb0,350,1.0,3
5114,efficientnetb1,750,1.0,3
5115,vgg19,750,0.9636492577949504,13
5116,resnet18,750,1.0,2
5117,resnet18,750,0.9425112246169725,3
5118,efficientnetb0,550,1.0,3
5119,resnet18,350,0.9463184463728672,2
5120,efficientnetb1,550,1.0,3
5121,vgg19,939,1.0,15
5122,efficientnetb2,750,1.0,3
5123,densenet121,939,0.4858756243316292,5
5124,efficientnetb2,750,1.0,3
5125,efficientnetb0,939,1.0,3
5126,resnet50,550,1.0,6
5127,efficientnetb1,939,1.0,3
5128,resnet18,550,0.9649971314956884,3
5129,efficientnetb0,350,1.0,3
5130,efficientnetb0,750,1.0,3
5131,resnet50,939,1.0,6
5132,vgg16,939,0.5638100259338691,8
5133,vgg16,550,0.9599292331742392,11
5134,efficientnetb2,750,1.0,3
5135,efficientnetb1,939,1.0,3
5136,vgg19,939,1.0,15
5137,efficientnetb1,939,1.0,3
5138,efficientnetb1,550,1.0,3
5139,efficientnetb0,350,1.0,3
5140,resnet50,939,1.0,6
5141,resnet50,750,0.3344894405367239,2
5142,vgg16,350,0.968053827189964,11
5143,vgg16,550,0.9599292331742392,11
5144,densenet121,350,0.6263678162488967,5
5145,resnet18,750,0.9425112246169725,3
5146,vgg19,750,0.9936879963126718,15
5147,vgg16,750,0.9989474447948092,13
5148,efficientnetb0,350,1.0,3
5149,vgg16,550,0.9461219284703368,13
5150,vgg16,550,0.9461219284703368,13
5151,efficientnetb2,750,1.0,3
5152,densenet121,350,0.6263678162488967,5
5153,resnet50,939,1.0,6
5154,vgg19,550,0.93432282209291,16
5155,densenet121,939,0.4858756243316292,5
5156,resnet18,939,0.9772814215247084,3
5157,vgg16,550,0.9599292331742392,11
5158,vgg19,550,1.0,15
5159,vgg16,350,0.9150494503700808,13
5160,efficientnetb1,939,1.0,3
5161,efficientnetb0,550,1.0,3
5162,efficientnetb2,550,1.0,3
5163,efficientnetb2,939,1.0,3
5164,efficientnetb2,350,1.0,3
5165,vgg16,550,0.9461219284703368,13
5166,resnet18,350,1.0,3
5167,efficientnetb1,939,0.0,1
5168,resnet50,939,1.0,6
5169,efficientnetb1,939,1.0,3
5170,vgg19,939,0.6821322371858641,10
5171,resnet50,350,1.0,6
5172,vgg16,750,0.8760175184574507,11
5173,resnet18,350,0.9463184463728672,2
5174,vgg19,350,0.9884623593775808,15
5175,vgg19,350,0.9884623593775808,15
5176,efficientnetb1,350,1.0,3
5177,densenet121,550,0.6262433485833546,5
5178,efficientnetb1,939,1.0,3
5179,efficientnetb0,750,1.0,3
5180,vgg16,750,0.9989474447948092,13
5181,efficientnetb0,350,1.0,3
5182,resnet18,350,1.0,3
5183,vgg19,550,1.0,15
5184,efficientnetb2,350,1.0,3
5185,efficientnetb0,350,1.0,3
5186,densenet121,550,0.6262433485833546,5
5187,vgg16,350,0.9150494503700808,13
5188,vgg19,939,1.0,15
5189,efficientnetb0,750,1.0,3
5190,efficientnetb0,550,1.0,3
5191,resnet50,750,0.8540914514899219,6
5192,efficientnetb1,939,1.0,3
5193,efficientnetb0,939,1.0,3
5194,efficientnetb0,550,1.0,3
5195,efficientnetb2,350,1.0,3
5196,efficientnetb0,550,1.0,3
5197,efficientnetb0,750,1.0,3
5198,efficientnetb2,350,1.0,3
5199,efficientnetb1,350,1.0,3
5200,vgg19,350,0.9884623593775808,15
5201,efficientnetb2,939,1.0,3
5202,vgg16,750,0.8760175184574507,11
5203,resnet18,550,1.0,2
5204,efficientnetb2,939,1.0,3
5205,efficientnetb2,350,0.65175093664593,4
5206,vgg19,750,0.9936879963126718,15
5207,efficientnetb1,350,1.0,3
5208,resnet50,550,1.0,6
5209,resnet50,750,0.692684175445151,7
5210,densenet121,550,0.6262433485833546,5
5211,efficientnetb2,550,1.0,3
5212,resnet50,939,1.0,6
5213,resnet18,550,1.0,2
5214,vgg19,550,1.0,15
5215,efficientnetb2,939,1.0,3
5216,vgg19,550,0.7144872600964158,10
5217,vgg19,750,0.0061276421520036,2
5218,vgg16,750,0.9989474447948092,13
5219,efficientnetb0,750,1.0,3
5220,resnet18,550,0.6805816088044464,4
5221,resnet18,939,0.9772814215247084,3
5222,vgg19,750,0.9936879963126718,15
5223,resnet50,350,1.0,6
5224,resnet50,939,1.0,6
5225,resnet50,350,0.8169515861153699,7
5226,efficientnetb1,550,1.0,3
5227,efficientnetb2,550,1.0,3
5228,resnet18,550,0.9649971314956884,3
5229,resnet50,750,0.8540914514899219,6
5230,densenet121,350,0.6263678162488967,5
5231,densenet121,750,0.6549577219091517,5
5232,densenet121,750,0.0279532973407523,2
5233,vgg16,350,0.9150494503700808,13
5234,efficientnetb0,939,1.0,3
5235,efficientnetb0,350,1.0,3
5236,resnet18,550,0.9649971314956884,3
5237,efficientnetb1,939,1.0,3
5238,densenet121,350,0.6263678162488967,5
5239,efficientnetb1,550,1.0,3
5240,efficientnetb0,350,1.0,3
5241,efficientnetb0,939,1.0,3
5242,efficientnetb0,550,1.0,3
5243,efficientnetb2,350,1.0,3
5244,efficientnetb1,750,1.0,3
5245,vgg19,350,0.9884623593775808,15
5246,vgg16,350,0.968053827189964,11
5247,densenet121,939,1.0,6
5248,resnet50,750,0.8540914514899219,6
5249,resnet18,939,0.9772814215247084,3
5250,efficientnetb2,939,1.0,3
5251,efficientnetb0,939,1.0,3
5252,efficientnetb0,750,0.6483214388113725,4
5253,efficientnetb2,939,1.0,3
5254,efficientnetb0,350,1.0,3
5255,vgg19,550,1.0,15
5256,vgg19,939,1.0,15
5257,efficientnetb0,750,1.0,3
5258,efficientnetb2,350,1.0,3
5259,vgg16,939,0.8568556422949929,11
5260,vgg19,939,0.3144631067328258,6
5261,densenet121,550,0.6262433485833546,5
5262,vgg19,939,1.0,15
5263,vgg16,939,1.0,13
5264,resnet50,350,0.8169515861153699,7
5265,vgg16,939,1.0,13
5266,vgg16,550,0.9461219284703368,13
5267,efficientnetb0,550,1.0,3
5268,vgg16,350,0.9150494503700808,13
5269,resnet50,939,0.8017819857800019,7
5270,vgg19,939,0.3786480345124817,5
5271,resnet50,350,1.0,6
5272,efficientnetb0,750,1.0,3
5273,resnet18,350,1.0,3
5274,vgg19,550,1.0,15
5275,resnet18,939,1.0,2
5276,efficientnetb2,750,1.0,3
5277,resnet50,350,1.0,6
5278,efficientnetb1,750,1.0,3
5279,efficientnetb0,939,1.0,3
5280,vgg19,350,0.7874284582909132,17
5281,efficientnetb0,350,1.0,3
5282,efficientnetb0,550,1.0,3
5283,resnet50,350,1.0,6
5284,resnet18,939,1.0,2
5285,efficientnetb2,350,1.0,3
5286,densenet121,550,0.6262433485833546,5
5287,vgg19,350,0.9884623593775808,15
5288,efficientnetb1,550,1.0,3
5289,vgg19,550,1.0,15
5290,vgg16,350,0.9150494503700808,13
5291,efficientnetb0,939,1.0,3
5292,efficientnetb2,750,1.0,3
5293,vgg19,550,1.0,15
5294,efficientnetb1,750,1.0,3
5295,vgg16,550,0.9461219284703368,13
5296,resnet50,350,1.0,6
5297,densenet121,350,0.6263678162488967,5
5298,densenet121,939,0.4858756243316292,5
5299,efficientnetb1,550,1.0,3
5300,efficientnetb1,550,1.0,3
5301,efficientnetb2,550,1.0,3
5302,resnet18,550,1.0,2
5303,efficientnetb0,350,1.0,3
5304,efficientnetb0,750,1.0,3
5305,densenet121,939,0.4858756243316292,5
5306,resnet18,350,1.0,3
5307,efficientnetb0,550,1.0,3
5308,resnet50,750,0.8540914514899219,6
5309,efficientnetb1,550,1.0,3
5310,resnet18,550,0.9649971314956884,3
5311,efficientnetb0,939,1.0,3
5312,resnet50,939,1.0,6
5313,vgg16,939,0.8568556422949929,11
5314,resnet50,939,1.0,6
5315,efficientnetb1,939,1.0,3
5316,resnet18,939,0.9772814215247084,3
5317,vgg16,939,0.8568556422949929,11
5318,resnet18,350,0.9463184463728672,2
5319,resnet50,350,0.8169515861153699,7
5320,efficientnetb0,939,0.245393377540531,2
5321,densenet121,550,0.6262433485833546,5
5322,vgg19,939,1.0,15
5323,efficientnetb1,750,1.0,3
5324,densenet121,550,0.6262433485833546,5
5325,efficientnetb0,350,1.0,3
5326,resnet50,750,0.8540914514899219,6
5327,resnet18,939,0.9772814215247084,3
5328,efficientnetb1,350,0.5010852886204035,5
5329,vgg19,350,0.9884623593775808,15
5330,densenet121,939,1.0,6
5331,efficientnetb1,939,1.0,3
5332,vgg16,750,0.8760175184574507,11
5333,vgg19,750,0.9936879963126718,15
5334,efficientnetb2,350,1.0,3
5335,densenet121,939,0.4858756243316292,5
5336,resnet18,939,1.0,2
5337,efficientnetb2,350,1.0,3
5338,vgg16,550,0.9599292331742392,11
5339,efficientnetb1,750,1.0,3
5340,vgg16,939,1.0,13
5341,efficientnetb1,550,1.0,3
5342,efficientnetb0,350,1.0,3
5343,efficientnetb2,939,1.0,3
5344,resnet50,550,1.0,6
5345,efficientnetb1,750,1.0,3
5346,vgg19,939,0.4817677379651593,9
5347,vgg16,550,0.6395986703296175,8
5348,efficientnetb2,750,1.0,3
5349,resnet50,350,1.0,6
5350,efficientnetb1,550,1.0,3
5351,efficientnetb2,939,1.0,3
5352,efficientnetb1,939,1.0,3
5353,efficientnetb2,550,1.0,3
5354,vgg19,350,0.9884623593775808,15
5355,efficientnetb0,550,1.0,3
5356,vgg19,550,0.9153142027929496,13
5357,resnet18,939,1.0,2
5358,vgg16,550,0.9461219284703368,13
5359,vgg19,939,1.0,15
5360,densenet121,350,0.6263678162488967,5
5361,vgg16,750,0.9989474447948092,13
5362,efficientnetb0,939,1.0,3
5363,resnet50,550,1.0,6
5364,vgg16,750,0.9989474447948092,13
5365,vgg16,550,0.9599292331742392,11
5366,efficientnetb1,350,1.0,3
5367,vgg19,750,0.9936879963126718,15
5368,vgg16,939,0.8568556422949929,11
5369,densenet121,350,0.6263678162488967,5
5370,resnet50,750,0.8540914514899219,6
5371,efficientnetb2,550,1.0,3
5372,vgg16,750,0.8760175184574507,11
5373,resnet18,550,0.9649971314956884,3
5374,efficientnetb2,750,1.0,3
5375,resnet18,750,0.9425112246169725,3
5376,densenet121,350,0.6263678162488967,5
5377,resnet18,939,0.666846850715217,4
5378,efficientnetb0,750,1.0,3
5379,vgg16,350,0.9150494503700808,13
5380,efficientnetb1,550,1.0,3
5381,efficientnetb2,939,0.6509085704414946,4
5382,resnet50,750,0.8540914514899219,6
5383,efficientnetb0,350,1.0,3
5384,vgg16,350,0.968053827189964,11
5385,vgg16,750,0.8760175184574507,11
5386,efficientnetb2,750,1.0,3
5387,efficientnetb0,350,1.0,3
5388,vgg19,550,1.0,15
5389,vgg16,550,0.9599292331742392,11
5390,resnet50,550,1.0,6
5391,resnet50,350,1.0,6
5392,resnet18,350,1.0,3
5393,resnet50,750,0.8540914514899219,6
5394,vgg16,550,0.9461219284703368,13
5395,efficientnetb2,350,1.0,3
5396,densenet121,750,0.6549577219091517,5
5397,resnet50,750,0.098265786808133,1
5398,efficientnetb0,550,1.0,3
5399,resnet18,550,0.9649971314956884,3
5400,densenet121,550,0.6262433485833546,5
5401,efficientnetb0,350,1.0,3
5402,vgg16,350,0.968053827189964,11
5403,vgg19,750,0.9636492577949504,13
5404,vgg16,350,0.968053827189964,11
5405,resnet50,939,0.3012988939538109,3
5406,efficientnetb0,939,1.0,3
5407,vgg16,550,0.9599292331742392,11
5408,efficientnetb2,550,1.0,3
5409,resnet18,750,1.0,2
5410,efficientnetb0,350,1.0,3
5411,densenet121,550,1.0,6
5412,vgg16,939,0.8568556422949929,11
5413,vgg19,750,0.9936879963126718,15
5414,resnet50,939,1.0,6
5415,vgg16,750,0.8760175184574507,11
5416,resnet18,350,1.0,3
5417,efficientnetb2,350,1.0,3
5418,vgg16,550,0.941205716630206,14
5419,vgg16,939,0.8568556422949929,11
5420,efficientnetb1,550,1.0,3
5421,densenet121,350,0.6263678162488967,5
5422,densenet121,750,0.6549577219091517,5
5423,efficientnetb1,350,1.0,3
5424,efficientnetb0,550,1.0,3
5425,vgg19,750,0.9936879963126718,15
5426,efficientnetb1,550,1.0,3
5427,efficientnetb2,750,1.0,3
5428,resnet18,750,0.9425112246169725,3
5429,efficientnetb0,550,1.0,3
5430,efficientnetb0,939,1.0,3
5431,vgg19,750,0.9936879963126718,15
5432,densenet121,350,0.6263678162488967,5
5433,efficientnetb2,350,0.65175093664593,4
5434,resnet18,939,0.9772814215247084,3
5435,resnet18,939,1.0,2
5436,efficientnetb0,550,1.0,3
5437,efficientnetb2,939,1.0,3
5438,densenet121,750,0.6549577219091517,5
5439,efficientnetb0,939,0.245393377540531,2
5440,efficientnetb0,750,1.0,3
5441,efficientnetb0,550,1.0,3
5442,efficientnetb0,750,1.0,3
5443,vgg16,939,0.8568556422949929,11
5444,resnet50,750,0.8540914514899219,6
5445,efficientnetb1,939,1.0,3
5446,vgg16,939,0.8568556422949929,11
5447,vgg16,939,1.0,13
5448,resnet18,550,0.9649971314956884,3
5449,efficientnetb1,550,1.0,3
5450,resnet50,350,1.0,6
5451,efficientnetb1,939,1.0,3
5452,vgg16,750,0.8760175184574507,11
5453,resnet18,939,0.9772814215247084,3
5454,efficientnetb1,939,1.0,3
5455,resnet18,350,1.0,3
5456,efficientnetb1,350,1.0,3
5457,vgg19,550,1.0,15
5458,vgg16,750,0.8760175184574507,11
5459,resnet50,939,1.0,6
5460,efficientnetb0,939,1.0,3
5461,vgg19,550,1.0,15
5462,efficientnetb0,939,1.0,3
5463,efficientnetb0,550,1.0,3
5464,efficientnetb0,350,1.0,3
5465,resnet50,550,1.0,6
5466,resnet50,350,1.0,6
5467,densenet121,350,0.6263678162488967,5
5468,efficientnetb1,750,1.0,3
5469,efficientnetb1,939,1.0,3
5470,vgg19,750,0.0,1
5471,densenet121,550,1.0,6
5472,vgg19,550,1.0,15
5473,densenet121,750,0.6549577219091517,5
5474,resnet50,939,1.0,6
5475,resnet50,750,0.8540914514899219,6
5476,resnet18,350,1.0,3
5477,vgg19,550,1.0,15
5478,efficientnetb0,750,1.0,3
5479,resnet50,750,0.5242927837491854,3
5480,vgg16,939,1.0,13
5481,efficientnetb0,939,1.0,3
5482,efficientnetb1,550,1.0,3
5483,vgg16,750,0.9989474447948092,13
5484,resnet18,350,0.9463184463728672,2
5485,resnet50,939,1.0,6
5486,resnet50,939,1.0,6
5487,resnet18,550,0.9649971314956884,3
5488,vgg19,939,1.0,15
5489,efficientnetb0,350,1.0,3
5490,efficientnetb2,550,0.7219694682129152,4
5491,resnet50,939,1.0,6
5492,vgg19,550,1.0,15
5493,densenet121,750,0.6549577219091517,5
5494,densenet121,750,0.6549577219091517,5
5495,resnet18,350,1.0,3
5496,vgg19,350,0.9884623593775808,15
5497,resnet50,939,1.0,6
5498,vgg16,750,0.8760175184574507,11
5499,efficientnetb1,939,1.0,3
5500,vgg19,939,1.0,15
5501,efficientnetb2,939,1.0,3
5502,resnet18,350,1.0,3
5503,resnet50,350,1.0,6
5504,resnet18,550,0.9649971314956884,3
5505,vgg16,550,0.9461219284703368,13
5506,resnet18,350,1.0,3
5507,efficientnetb0,750,1.0,3
5508,efficientnetb2,750,1.0,3
5509,efficientnetb2,939,1.0,3
5510,resnet50,750,0.8540914514899219,6
5511,efficientnetb0,350,1.0,3
5512,resnet18,350,0.9463184463728672,2
5513,efficientnetb0,750,1.0,3
5514,efficientnetb2,550,1.0,3
5515,vgg16,550,0.9461219284703368,13
5516,resnet50,350,1.0,6
5517,vgg19,939,1.0,15
5518,efficientnetb0,550,1.0,3
5519,vgg19,350,0.4051376815444835,5
5520,densenet121,550,0.6262433485833546,5
5521,resnet50,350,0.8169515861153699,7
5522,efficientnetb1,939,1.0,3
5523,resnet18,550,1.0,2
5524,efficientnetb1,550,1.0,3
5525,efficientnetb2,939,1.0,3
5526,resnet18,750,0.9425112246169725,3
5527,resnet50,750,0.8540914514899219,6
5528,efficientnetb2,939,1.0,3
5529,efficientnetb2,939,1.0,3
5530,efficientnetb2,550,1.0,3
5531,densenet121,350,0.6263678162488967,5
5532,densenet121,750,0.6549577219091517,5
5533,resnet18,550,0.9649971314956884,3
5534,resnet18,550,0.9649971314956884,3
5535,vgg16,750,0.9989474447948092,13
5536,efficientnetb2,550,1.0,3
5537,resnet50,350,0.8169515861153699,7
5538,resnet50,939,0.8017819857800019,7
5539,vgg16,550,0.9461219284703368,13
5540,efficientnetb1,350,1.0,3
5541,vgg19,750,0.9936879963126718,15
5542,efficientnetb2,750,1.0,3
5543,densenet121,350,0.6263678162488967,5
5544,vgg19,750,0.9936879963126718,15
5545,resnet18,350,1.0,3
5546,efficientnetb1,350,1.0,3
5547,resnet50,550,1.0,6
5548,vgg19,550,0.7603022178684953,17
5549,vgg19,550,0.527063884872579,9
5550,vgg19,550,1.0,15
5551,resnet18,750,0.9425112246169725,3
5552,densenet121,939,0.4858756243316292,5
5553,resnet50,350,1.0,6
5554,vgg19,750,0.5392519021115965,9
5555,efficientnetb0,350,1.0,3
5556,efficientnetb2,550,1.0,3
5557,vgg19,550,1.0,15
5558,vgg16,550,0.9461219284703368,13
5559,resnet18,350,0.9463184463728672,2
5560,resnet18,550,1.0,2
5561,efficientnetb1,350,0.7181138626700144,4
5562,vgg19,939,1.0,15
5563,vgg19,550,1.0,15
5564,efficientnetb1,350,1.0,3
5565,densenet121,550,0.6262433485833546,5
5566,vgg19,939,1.0,15
5567,densenet121,750,0.6549577219091517,5
5568,densenet121,750,0.6549577219091517,5
5569,efficientnetb2,350,1.0,3
5570,resnet18,750,0.9425112246169725,3
5571,resnet18,350,0.9463184463728672,2
5572,efficientnetb0,750,1.0,3
5573,densenet121,550,0.6262433485833546,5
5574,resnet50,350,1.0,6
5575,resnet18,750,0.9425112246169725,3
5576,vgg19,550,1.0,15
5577,vgg16,550,0.9461219284703368,13
5578,efficientnetb0,550,1.0,3
5579,efficientnetb0,939,1.0,3
5580,efficientnetb1,939,1.0,3
5581,efficientnetb1,550,1.0,3
5582,resnet50,939,1.0,6
5583,densenet121,550,0.6262433485833546,5
5584,efficientnetb0,550,1.0,3
5585,vgg16,350,0.9150494503700808,13
5586,efficientnetb2,750,1.0,3
5587,efficientnetb1,550,1.0,3
5588,vgg16,350,0.9150494503700808,13
5589,vgg16,550,0.9461219284703368,13
5590,efficientnetb1,939,0.4873612700075253,5
5591,vgg19,350,0.9884623593775808,15
5592,efficientnetb1,550,1.0,3
5593,resnet50,750,0.8540914514899219,6
5594,vgg16,550,0.9599292331742392,11
5595,efficientnetb0,750,0.6483214388113725,4
5596,efficientnetb0,550,1.0,3
5597,vgg16,939,1.0,13
5598,densenet121,939,0.4858756243316292,5
5599,vgg19,350,0.9884623593775808,15
5600,vgg16,350,0.9150494503700808,13
5601,efficientnetb2,350,1.0,3
5602,resnet18,750,1.0,2
5603,resnet50,939,1.0,6
5604,vgg16,939,1.0,13
5605,vgg16,350,0.9150494503700808,13
5606,vgg19,550,1.0,15
5607,efficientnetb0,550,1.0,3
5608,efficientnetb1,350,1.0,3
5609,efficientnetb0,750,1.0,3
5610,efficientnetb0,750,1.0,3
5611,vgg16,939,1.0,13
5612,efficientnetb0,939,1.0,3
5613,densenet121,550,0.6262433485833546,5
5614,resnet50,939,1.0,6
5615,densenet121,350,0.6263678162488967,5
5616,vgg16,350,0.9150494503700808,13
5617,vgg16,939,1.0,13
5618,resnet50,750,0.8540914514899219,6
5619,vgg16,939,1.0,13
5620,efficientnetb0,750,1.0,3
5621,efficientnetb1,939,1.0,3
5622,efficientnetb2,939,1.0,3
5623,efficientnetb1,939,1.0,3
5624,efficientnetb2,350,1.0,3
5625,vgg19,550,1.0,15
5626,densenet121,750,0.6549577219091517,5
5627,efficientnetb1,750,1.0,3
5628,resnet18,939,0.9772814215247084,3
5629,resnet18,939,1.0,2
5630,densenet121,750,0.6549577219091517,5
5631,efficientnetb1,750,1.0,3
5632,resnet50,350,1.0,6
5633,vgg19,350,0.9884623593775808,15
5634,densenet121,350,0.6263678162488967,5
5635,resnet50,939,1.0,6
5636,efficientnetb1,750,1.0,3
5637,densenet121,750,0.6549577219091517,5
5638,resnet18,350,0.9463184463728672,2
5639,efficientnetb1,350,1.0,3
5640,resnet50,939,0.6400205520491736,8
5641,vgg16,550,0.9461219284703368,13
5642,resnet50,550,1.0,6
5643,vgg16,550,0.9461219284703368,13
5644,efficientnetb1,750,1.0,3
5645,vgg19,939,1.0,15
5646,vgg16,939,0.4187967673445678,7
5647,resnet50,939,1.0,6
5648,efficientnetb0,750,1.0,3
5649,efficientnetb0,550,1.0,3
5650,efficientnetb0,939,1.0,3
5651,vgg19,350,0.7874284582909132,17
5652,efficientnetb1,939,1.0,3
5653,efficientnetb2,939,1.0,3
5654,efficientnetb2,750,1.0,3
5655,resnet50,550,1.0,6
5656,vgg16,750,0.888612802013523,12
5657,efficientnetb2,350,1.0,3
5658,resnet50,350,0.0948151869136176,2
5659,efficientnetb0,550,1.0,3
5660,resnet50,939,1.0,6
5661,vgg19,550,0.3608150480635607,7
5662,vgg19,939,1.0,15
5663,resnet18,550,1.0,2
5664,resnet50,550,0.8215124558966982,7
5665,efficientnetb1,939,0.0,1
5666,efficientnetb1,550,1.0,3
5667,efficientnetb0,550,1.0,3
5668,efficientnetb1,939,0.7039994792384792,4
5669,vgg19,350,0.9884623593775808,15
5670,resnet50,750,1.0,5
5671,resnet50,350,1.0,6
5672,resnet50,750,0.8540914514899219,6
5673,vgg19,350,0.7647138013706365,12
5674,efficientnetb1,750,1.0,3
5675,vgg19,350,0.9884623593775808,15
5676,efficientnetb1,750,1.0,3
5677,efficientnetb1,350,0.7181138626700144,4
5678,vgg16,550,0.0199271539720846,1
5679,efficientnetb0,939,1.0,3
5680,efficientnetb2,939,1.0,3
5681,vgg19,350,0.9884623593775808,15
5682,resnet50,939,1.0,6
5683,resnet18,350,1.0,3
5684,efficientnetb2,939,1.0,3
5685,vgg19,350,0.9884623593775808,15
5686,vgg19,939,1.0,15
5687,resnet50,750,0.8540914514899219,6
5688,densenet121,750,0.6549577219091517,5
5689,vgg19,939,1.0,15
5690,resnet50,550,1.0,6
5691,resnet18,350,0.9463184463728672,2
5692,resnet18,750,1.0,2
5693,vgg16,350,0.9150494503700808,13
5694,vgg19,550,1.0,15
5695,resnet18,350,1.0,3
5696,efficientnetb0,550,1.0,3
5697,efficientnetb0,350,1.0,3
5698,efficientnetb2,550,1.0,3
5699,resnet18,750,1.0,2
5700,resnet18,350,0.9463184463728672,2
5701,densenet121,350,0.6263678162488967,5
5702,efficientnetb2,550,0.7219694682129152,4
5703,resnet50,350,1.0,6
5704,vgg16,750,0.8760175184574507,11
5705,densenet121,750,0.6549577219091517,5
5706,efficientnetb0,550,1.0,3
5707,resnet18,350,0.9463184463728672,2
5708,resnet50,750,0.8540914514899219,6
5709,vgg19,350,0.9884623593775808,15
5710,vgg19,550,1.0,15
5711,efficientnetb0,750,1.0,3
5712,efficientnetb0,550,1.0,3
5713,efficientnetb2,350,1.0,3
5714,densenet121,550,0.6262433485833546,5
5715,densenet121,550,1.0,6
5716,efficientnetb2,939,1.0,3
5717,vgg19,750,0.9936879963126718,15
5718,efficientnetb1,550,1.0,3
5719,efficientnetb0,750,1.0,3
5720,efficientnetb2,350,1.0,3
5721,efficientnetb0,750,1.0,3
5722,vgg19,939,1.0,15
5723,resnet50,939,1.0,6
5724,efficientnetb1,350,1.0,3
5725,vgg19,750,0.9936879963126718,15
5726,resnet18,750,1.0,2
5727,densenet121,350,0.6263678162488967,5
5728,efficientnetb2,350,1.0,3
5729,efficientnetb2,750,1.0,3
5730,efficientnetb1,550,1.0,3
5731,efficientnetb1,939,1.0,3
5732,vgg16,939,1.0,13
5733,vgg19,350,0.9884623593775808,15
5734,resnet50,939,1.0,6
5735,efficientnetb2,939,1.0,3
5736,resnet50,350,1.0,6
5737,densenet121,350,0.6263678162488967,5
5738,efficientnetb2,550,1.0,3
5739,resnet18,750,1.0,2
5740,resnet50,939,1.0,6
5741,vgg16,939,0.8568556422949929,11
5742,vgg16,350,0.9150494503700808,13
5743,vgg16,550,0.9461219284703368,13
5744,vgg16,750,0.8760175184574507,11
5745,densenet121,550,0.6262433485833546,5
5746,densenet121,350,0.6263678162488967,5
5747,vgg19,939,0.9322438807363724,13
5748,resnet50,939,1.0,6
5749,resnet50,550,1.0,6
5750,efficientnetb2,939,1.0,3
5751,vgg19,750,0.9636492577949504,13
5752,resnet18,550,1.0,2
5753,densenet121,550,0.6262433485833546,5
5754,vgg16,939,1.0,13
5755,efficientnetb1,550,1.0,3
5756,efficientnetb1,350,1.0,3
5757,resnet18,550,1.0,2
5758,efficientnetb0,350,1.0,3
5759,resnet50,350,1.0,6
5760,efficientnetb0,939,1.0,3
5761,efficientnetb1,550,1.0,3
5762,vgg16,550,0.9599292331742392,11
5763,efficientnetb2,550,1.0,3
5764,resnet18,750,1.0,2
5765,efficientnetb2,939,1.0,3
5766,efficientnetb2,750,1.0,3
5767,vgg16,750,0.8760175184574507,11
5768,vgg19,939,1.0,15
5769,resnet50,939,1.0,6
5770,vgg16,550,0.9599292331742392,11
5771,resnet18,350,0.9463184463728672,2
5772,efficientnetb2,750,1.0,3
5773,efficientnetb1,350,1.0,3
5774,efficientnetb1,550,0.6878389778024664,4
5775,resnet50,350,1.0,6
5776,resnet50,550,1.0,6
5777,efficientnetb0,750,1.0,3
5778,resnet18,939,1.0,2
5779,vgg16,550,0.9461219284703368,13
5780,vgg19,939,1.0,15
5781,densenet121,939,0.4858756243316292,5
5782,efficientnetb0,939,1.0,3
5783,densenet121,750,0.6549577219091517,5
5784,efficientnetb1,750,1.0,3
5785,efficientnetb0,350,1.0,3
5786,vgg16,939,0.8568556422949929,11
5787,resnet18,550,1.0,2
5788,vgg19,750,0.9936879963126718,15
5789,resnet50,550,1.0,6
5790,efficientnetb2,550,1.0,3
5791,densenet121,350,0.6263678162488967,5
5792,resnet50,550,1.0,6
5793,resnet18,939,0.9772814215247084,3
5794,vgg16,939,0.8568556422949929,11
5795,resnet18,350,0.9463184463728672,2
5796,resnet18,350,0.9463184463728672,2
5797,vgg16,750,0.8760175184574507,11
5798,efficientnetb2,939,1.0,3
5799,densenet121,350,0.6263678162488967,5
5800,vgg19,939,1.0,15
5801,efficientnetb1,350,1.0,3
5802,vgg19,750,0.9936879963126718,15
5803,efficientnetb2,350,1.0,3
5804,densenet121,939,0.4858756243316292,5
5805,efficientnetb2,750,1.0,3
5806,densenet121,350,0.6263678162488967,5
5807,vgg19,350,0.9884623593775808,15
5808,efficientnetb1,939,1.0,3
5809,densenet121,939,0.4858756243316292,5
5810,vgg19,750,0.9936879963126718,15
5811,efficientnetb0,939,1.0,3
5812,vgg16,350,0.968053827189964,11
5813,efficientnetb0,550,1.0,3
5814,vgg16,350,0.9150494503700808,13
5815,vgg19,939,0.9322438807363724,13
5816,vgg16,939,0.8568556422949929,11
5817,efficientnetb2,550,0.7219694682129152,4
5818,densenet121,750,1.0,6
5819,densenet121,750,0.6549577219091517,5
5820,efficientnetb0,750,1.0,3
5821,vgg19,550,1.0,15
5822,vgg19,750,0.9936879963126718,15
5823,densenet121,550,0.6262433485833546,5
5824,efficientnetb0,939,1.0,3
5825,efficientnetb2,350,1.0,3
5826,vgg16,939,1.0,13
5827,efficientnetb1,350,1.0,3
5828,efficientnetb0,939,1.0,3
5829,efficientnetb0,550,1.0,3
5830,resnet50,350,1.0,6
5831,vgg19,350,0.9884623593775808,15
5832,efficientnetb0,939,1.0,3
5833,densenet121,350,0.6263678162488967,5
5834,efficientnetb1,350,1.0,3
5835,efficientnetb2,750,1.0,3
5836,resnet50,550,1.0,6
5837,vgg19,750,0.9936879963126718,15
5838,resnet50,939,1.0,6
5839,resnet18,939,1.0,2
5840,vgg16,350,0.968053827189964,11
5841,efficientnetb2,550,1.0,3
5842,densenet121,350,0.6263678162488967,5
5843,vgg19,350,0.9884623593775808,15
5844,vgg19,939,1.0,15
5845,efficientnetb0,350,1.0,3
5846,efficientnetb0,939,1.0,3
5847,densenet121,550,0.6262433485833546,5
5848,efficientnetb0,750,1.0,3
5849,vgg16,750,0.8760175184574507,11
5850,vgg19,350,0.9884623593775808,15
5851,resnet18,550,0.9649971314956884,3
5852,resnet18,750,1.0,2
5853,resnet50,939,1.0,6
5854,efficientnetb0,750,1.0,3
5855,densenet121,939,0.4858756243316292,5
5856,densenet121,939,0.4858756243316292,5
5857,efficientnetb2,939,1.0,3
5858,efficientnetb2,750,1.0,3
5859,efficientnetb2,550,1.0,3
5860,efficientnetb1,350,1.0,3
5861,densenet121,939,0.4858756243316292,5
5862,efficientnetb1,939,1.0,3
5863,vgg19,550,0.7603022178684953,17
5864,efficientnetb0,350,1.0,3
5865,resnet18,939,0.9772814215247084,3
5866,resnet18,750,0.9425112246169725,3
5867,efficientnetb0,750,1.0,3
5868,resnet50,350,0.8830285561177872,5
5869,vgg16,550,0.9599292331742392,11
5870,vgg19,350,0.9884623593775808,15
5871,resnet50,550,1.0,6
5872,vgg19,750,0.9936879963126718,15
5873,efficientnetb0,939,1.0,3
5874,vgg16,750,0.9989474447948092,13
5875,resnet50,550,1.0,6
5876,vgg19,939,1.0,15
5877,vgg16,939,1.0,13
5878,vgg16,750,0.9989474447948092,13
5879,resnet18,939,1.0,2
5880,resnet18,550,0.9649971314956884,3
5881,resnet18,939,1.0,2
5882,vgg16,550,0.9461219284703368,13
5883,vgg19,550,1.0,15
5884,resnet50,750,0.8540914514899219,6
5885,densenet121,350,0.6263678162488967,5
5886,densenet121,350,0.6263678162488967,5
5887,densenet121,350,0.6263678162488967,5
5888,vgg16,550,0.9599292331742392,11
5889,efficientnetb2,750,1.0,3
5890,resnet50,550,1.0,6
5891,resnet50,550,1.0,6
5892,resnet50,350,0.8169515861153699,7
5893,vgg16,750,0.8760175184574507,11
5894,efficientnetb0,550,1.0,3
5895,vgg16,350,0.968053827189964,11
5896,resnet50,350,1.0,6
5897,efficientnetb2,550,1.0,3
5898,vgg19,939,0.7537426666757167,12
5899,efficientnetb2,750,1.0,3
5900,resnet50,350,1.0,6
5901,resnet18,350,0.9463184463728672,2
5902,resnet18,750,1.0,2
5903,vgg16,939,1.0,13
5904,resnet18,550,1.0,2
5905,vgg16,350,0.9150494503700808,13
5906,efficientnetb0,550,1.0,3
5907,vgg16,750,0.9989474447948092,13
5908,resnet50,550,1.0,6
5909,efficientnetb1,350,1.0,3
5910,efficientnetb2,750,1.0,3
5911,resnet18,750,1.0,2
5912,efficientnetb0,939,1.0,3
5913,vgg16,939,1.0,13
5914,efficientnetb0,350,1.0,3
5915,efficientnetb1,350,1.0,3
5916,densenet121,350,0.6263678162488967,5
5917,densenet121,350,0.6263678162488967,5
5918,resnet50,939,1.0,6
5919,vgg19,550,1.0,15
5920,efficientnetb1,350,1.0,3
5921,efficientnetb1,750,1.0,3
5922,efficientnetb2,350,1.0,3
5923,resnet18,750,0.9425112246169725,3
5924,efficientnetb2,550,1.0,3
5925,efficientnetb1,350,1.0,3
5926,efficientnetb1,939,1.0,3
5927,densenet121,750,0.6549577219091517,5
5928,densenet121,550,0.6262433485833546,5
5929,densenet121,939,0.4858756243316292,5
5930,efficientnetb0,939,1.0,3
5931,resnet18,350,1.0,3
5932,resnet50,939,1.0,6
5933,resnet50,550,1.0,6
5934,resnet50,939,1.0,6
5935,resnet50,750,0.8540914514899219,6
5936,efficientnetb0,750,0.221102352041803,2
5937,efficientnetb1,939,1.0,3
5938,resnet18,750,0.9425112246169725,3
5939,resnet18,939,1.0,2
5940,vgg19,939,0.783629319224574,17
5941,efficientnetb2,939,1.0,3
5942,efficientnetb2,750,1.0,3
5943,vgg16,550,0.9461219284703368,13
5944,vgg19,550,1.0,15
5945,vgg16,350,0.1139662905811487,4
5946,resnet50,939,0.1412757250508847,2
5947,densenet121,939,0.4858756243316292,5
5948,resnet50,750,0.8540914514899219,6
5949,efficientnetb0,750,1.0,3
5950,resnet18,550,1.0,2
5951,efficientnetb1,550,1.0,3
5952,vgg16,939,1.0,13
5953,resnet50,550,1.0,6
5954,resnet50,550,1.0,6
5955,vgg19,550,0.7603022178684953,17
5956,vgg19,939,1.0,15
5957,densenet121,939,0.4858756243316292,5
5958,efficientnetb1,550,1.0,3
5959,efficientnetb0,350,1.0,3
5960,vgg19,750,0.7555996769548718,17
5961,vgg19,750,0.9936879963126718,15
5962,resnet50,939,1.0,6
5963,vgg16,750,0.9989474447948092,13
5964,vgg16,350,0.9150494503700808,13
5965,resnet18,550,1.0,2
5966,densenet121,750,0.6549577219091517,5
5967,efficientnetb1,550,1.0,3
5968,densenet121,750,0.6549577219091517,5
5969,vgg19,350,0.9884623593775808,15
5970,efficientnetb1,550,1.0,3
5971,efficientnetb1,550,1.0,3
5972,resnet50,750,0.8540914514899219,6
5973,efficientnetb2,750,1.0,3
5974,vgg19,350,0.9884623593775808,15
5975,efficientnetb2,550,1.0,3
5976,resnet18,550,0.9649971314956884,3
5977,resnet50,350,1.0,6
5978,efficientnetb1,939,1.0,3
5979,vgg19,350,0.7047271852759325,10
5980,efficientnetb2,939,1.0,3
5981,resnet18,939,1.0,2
5982,resnet50,350,1.0,6
5983,resnet50,750,0.8540914514899219,6
5984,resnet50,750,0.8540914514899219,6
5985,resnet50,939,1.0,6
5986,vgg16,939,0.8568556422949929,11
5987,efficientnetb2,350,1.0,3
5988,densenet121,939,0.4858756243316292,5
5989,densenet121,750,0.6549577219091517,5
5990,resnet18,939,1.0,2
5991,densenet121,750,0.6549577219091517,5
5992,resnet50,550,1.0,6
5993,vgg16,550,0.9461219284703368,13
5994,efficientnetb1,939,1.0,3
5995,vgg19,350,0.9884623593775808,15
5996,resnet50,750,0.8540914514899219,6
5997,resnet50,550,1.0,6
5998,densenet121,939,0.4858756243316292,5
5999,densenet121,939,0.4858756243316292,5
6000,resnet18,550,1.0,2
6001,efficientnetb2,350,1.0,3
6002,resnet50,750,0.8540914514899219,6
6003,vgg16,550,0.4554756020263791,7
6004,vgg16,350,0.9150494503700808,13
6005,vgg16,350,0.4552780768214839,7
6006,efficientnetb2,750,0.0,1
6007,vgg19,939,0.0183675354070255,1
6008,efficientnetb2,550,1.0,3
6009,resnet18,750,1.0,2
6010,efficientnetb2,350,1.0,3
6011,efficientnetb2,350,1.0,3
6012,vgg16,750,0.9989474447948092,13
6013,vgg16,939,1.0,13
6014,vgg16,750,0.8760175184574507,11
6015,efficientnetb0,939,1.0,3
6016,vgg16,750,0.8760175184574507,11
6017,vgg16,750,0.9989474447948092,13
6018,resnet50,939,1.0,6
6019,efficientnetb0,939,1.0,3
6020,efficientnetb0,750,1.0,3
6021,vgg16,350,0.9150494503700808,13
6022,efficientnetb2,750,1.0,3
6023,resnet18,939,1.0,2
6024,efficientnetb1,350,1.0,3
6025,vgg16,350,0.9150494503700808,13
6026,efficientnetb2,350,1.0,3
6027,vgg16,750,0.9989474447948092,13
6028,densenet121,750,0.6549577219091517,5
6029,resnet50,939,0.8017819857800019,7
6030,efficientnetb1,750,1.0,3
6031,efficientnetb2,550,1.0,3
6032,resnet18,350,1.0,3
6033,resnet50,350,1.0,6
6034,vgg16,939,1.0,13
6035,densenet121,350,0.6263678162488967,5
6036,resnet18,550,1.0,2
6037,resnet50,750,0.8540914514899219,6
6038,vgg19,550,1.0,15
6039,densenet121,939,0.4858756243316292,5
6040,vgg19,550,1.0,15
6041,efficientnetb2,350,0.65175093664593,4
6042,efficientnetb2,750,1.0,3
6043,densenet121,750,0.6549577219091517,5
6044,efficientnetb2,750,1.0,3
6045,efficientnetb1,939,1.0,3
6046,efficientnetb0,750,1.0,3
6047,vgg19,550,0.7603022178684953,17
6048,resnet50,550,1.0,6
6049,vgg16,750,0.9989474447948092,13
6050,resnet18,750,1.0,2
6051,resnet50,350,1.0,6
6052,vgg16,350,0.968053827189964,11
6053,resnet18,550,1.0,2
6054,vgg19,550,1.0,15
6055,efficientnetb0,939,1.0,3
6056,resnet18,550,1.0,2
6057,densenet121,550,0.6262433485833546,5
6058,vgg16,750,0.9989474447948092,13
6059,resnet50,350,1.0,6
6060,vgg16,550,0.9461219284703368,13
6061,efficientnetb2,550,1.0,3
6062,resnet50,750,0.8540914514899219,6
6063,efficientnetb0,750,1.0,3
6064,resnet50,550,1.0,6
6065,vgg16,939,1.0,13
6066,efficientnetb0,939,1.0,3
6067,efficientnetb1,939,1.0,3
6068,densenet121,350,0.6263678162488967,5
6069,resnet50,550,1.0,6
6070,efficientnetb1,939,0.2284047954549483,2
6071,resnet18,550,1.0,2
6072,vgg19,550,1.0,15
6073,vgg19,939,1.0,15
6074,efficientnetb0,750,1.0,3
6075,efficientnetb2,550,0.7219694682129152,4
6076,efficientnetb1,750,1.0,3
6077,efficientnetb0,750,0.6483214388113725,4
6078,efficientnetb1,750,1.0,3
6079,densenet121,750,0.6549577219091517,5
6080,efficientnetb0,550,1.0,3
6081,efficientnetb0,939,0.245393377540531,2
6082,densenet121,550,0.6262433485833546,5
6083,resnet50,750,0.8540914514899219,6
6084,resnet18,550,1.0,2
6085,efficientnetb0,350,1.0,3
6086,efficientnetb1,750,1.0,3
6087,vgg19,939,1.0,15
6088,resnet50,750,0.8540914514899219,6
6089,vgg16,550,0.9461219284703368,13
6090,resnet18,750,1.0,2
6091,efficientnetb2,939,0.2064582521296088,2
6092,resnet50,939,1.0,6
6093,vgg16,750,0.9989474447948092,13
6094,vgg16,750,0.9989474447948092,13
6095,resnet50,939,1.0,6
6096,efficientnetb2,350,1.0,3
6097,vgg19,350,0.4842986650150916,9
6098,resnet50,750,0.8540914514899219,6
6099,vgg16,939,0.8548072768189431,12
6100,resnet18,550,1.0,2
6101,efficientnetb2,550,1.0,3
6102,efficientnetb2,750,1.0,3
6103,efficientnetb1,750,1.0,3
6104,densenet121,550,0.6262433485833546,5
6105,resnet50,750,0.8540914514899219,6
6106,efficientnetb0,939,1.0,3
6107,resnet18,350,0.9463184463728672,2
6108,efficientnetb1,350,1.0,3
6109,vgg19,750,0.349757663747874,6
6110,vgg16,550,0.9461219284703368,13
6111,vgg19,750,0.9936879963126718,15
6112,vgg16,750,0.9989474447948092,13
6113,densenet121,939,0.4858756243316292,5
6114,densenet121,350,0.6263678162488967,5
6115,densenet121,750,0.6549577219091517,5
6116,efficientnetb2,939,1.0,3
6117,efficientnetb1,939,1.0,3
6118,vgg16,350,0.9150494503700808,13
6119,efficientnetb1,939,1.0,3
6120,resnet50,550,1.0,6
6121,efficientnetb1,550,1.0,3
6122,resnet18,550,1.0,2
6123,resnet50,750,0.8540914514899219,6
6124,resnet18,550,0.9649971314956884,3
6125,densenet121,550,1.0,6
6126,resnet50,550,1.0,6
6127,efficientnetb2,750,1.0,3
6128,efficientnetb1,750,1.0,3
6129,resnet50,350,1.0,6
6130,efficientnetb2,550,1.0,3
6131,vgg16,939,0.8568556422949929,11
6132,resnet18,750,1.0,2
6133,vgg19,550,1.0,15
6134,resnet18,939,1.0,2
6135,vgg19,550,1.0,15
6136,vgg16,939,1.0,13
6137,vgg19,750,0.9936879963126718,15
6138,resnet50,550,1.0,6
6139,densenet121,939,0.4858756243316292,5
6140,densenet121,550,0.6262433485833546,5
6141,densenet121,750,0.6549577219091517,5
6142,efficientnetb1,750,1.0,3
6143,resnet50,939,1.0,6
6144,densenet121,939,0.4858756243316292,5
6145,resnet50,350,1.0,6
6146,efficientnetb2,939,1.0,3
6147,resnet18,350,0.9463184463728672,2
6148,densenet121,939,0.4858756243316292,5
6149,efficientnetb1,350,1.0,3
6150,vgg16,350,0.9150494503700808,13
6151,densenet121,350,0.6263678162488967,5
6152,resnet50,550,1.0,6
6153,resnet50,550,1.0,6
6154,efficientnetb1,939,1.0,3
6155,densenet121,750,0.6549577219091517,5
6156,resnet18,350,0.9463184463728672,2
6157,vgg19,350,0.9884623593775808,15
6158,resnet18,350,0.9463184463728672,2
6159,densenet121,550,0.6262433485833546,5
6160,efficientnetb2,550,1.0,3
6161,resnet50,350,0.8169515861153699,7
6162,vgg16,350,0.9150494503700808,13
6163,efficientnetb2,750,1.0,3
6164,efficientnetb2,750,1.0,3
6165,densenet121,350,0.6263678162488967,5
6166,resnet18,750,1.0,2
6167,resnet18,750,1.0,2
6168,efficientnetb1,350,1.0,3
6169,vgg19,939,1.0,15
6170,efficientnetb1,750,1.0,3
6171,efficientnetb2,550,1.0,3
6172,resnet50,550,1.0,6
6173,vgg16,750,0.9989474447948092,13
6174,efficientnetb2,550,1.0,3
6175,densenet121,939,0.4858756243316292,5
6176,resnet18,750,0.9425112246169725,3
6177,vgg19,750,0.9936879963126718,15
6178,efficientnetb1,939,1.0,3
6179,densenet121,939,0.4858756243316292,5
6180,efficientnetb1,350,1.0,3
6181,efficientnetb0,939,1.0,3
6182,vgg16,750,0.8760175184574507,11
6183,resnet50,939,1.0,6
6184,resnet50,750,0.8540914514899219,6
6185,efficientnetb2,939,1.0,3
6186,vgg16,750,0.8760175184574507,11
6187,efficientnetb1,550,1.0,3
6188,efficientnetb1,350,1.0,3
6189,efficientnetb0,939,1.0,3
6190,efficientnetb1,939,1.0,3
6191,efficientnetb0,939,1.0,3
6192,resnet18,550,0.9649971314956884,3
6193,resnet18,550,1.0,2
6194,resnet18,350,0.9463184463728672,2
6195,vgg19,939,1.0,15
6196,resnet18,750,1.0,2
6197,vgg16,350,0.9150494503700808,13
6198,efficientnetb1,939,1.0,3
6199,densenet121,750,0.6549577219091517,5
6200,vgg16,550,0.9599292331742392,11
6201,vgg19,939,1.0,15
6202,resnet50,550,1.0,6
6203,efficientnetb1,550,1.0,3
6204,densenet121,750,0.6549577219091517,5
6205,efficientnetb2,550,1.0,3
6206,densenet121,750,0.6549577219091517,5
6207,efficientnetb1,939,1.0,3
6208,efficientnetb0,939,1.0,3
6209,efficientnetb0,350,1.0,3
6210,vgg16,750,0.9989474447948092,13
6211,vgg16,550,0.9461219284703368,13
6212,efficientnetb2,350,1.0,3
6213,efficientnetb2,350,1.0,3
6214,vgg19,939,1.0,15
6215,densenet121,750,1.0,6
6216,densenet121,350,0.6263678162488967,5
6217,resnet18,350,0.9463184463728672,2
6218,efficientnetb2,550,1.0,3
6219,resnet50,939,1.0,6
6220,vgg16,939,1.0,13
6221,vgg16,550,0.9599292331742392,11
6222,resnet50,350,1.0,6
6223,vgg19,939,1.0,15
6224,resnet18,550,1.0,2
6225,resnet50,550,1.0,6
6226,vgg16,750,0.9989474447948092,13
6227,efficientnetb1,750,1.0,3
6228,efficientnetb1,750,1.0,3
6229,vgg16,939,1.0,13
6230,densenet121,939,0.4858756243316292,5
6231,resnet18,939,1.0,2
6232,densenet121,350,0.6263678162488967,5
6233,vgg16,350,0.9150494503700808,13
6234,densenet121,550,0.6262433485833546,5
6235,efficientnetb1,750,1.0,3
6236,efficientnetb1,350,1.0,3
6237,efficientnetb2,550,1.0,3
6238,resnet50,350,1.0,6
6239,vgg19,550,1.0,15
6240,efficientnetb1,550,1.0,3
6241,vgg16,750,0.9989474447948092,13
6242,vgg16,939,1.0,13
6243,vgg19,939,1.0,15
6244,efficientnetb0,750,1.0,3
6245,resnet50,939,1.0,6
6246,resnet18,750,0.9425112246169725,3
6247,resnet50,350,1.0,6
6248,efficientnetb0,750,1.0,3
6249,densenet121,750,0.6549577219091517,5
6250,efficientnetb0,550,1.0,3
6251,vgg19,939,1.0,15
6252,resnet18,350,0.9463184463728672,2
6253,efficientnetb1,750,1.0,3
6254,resnet50,939,0.8017819857800019,7
6255,resnet50,550,1.0,6
6256,vgg19,939,1.0,15
6257,efficientnetb2,939,1.0,3
6258,resnet50,350,1.0,6
6259,efficientnetb2,350,1.0,3
6260,vgg16,350,0.968053827189964,11
6261,resnet18,550,1.0,2
6262,resnet50,750,0.8540914514899219,6
6263,vgg16,939,1.0,13
6264,efficientnetb0,750,1.0,3
6265,resnet50,550,1.0,6
6266,resnet18,350,0.9463184463728672,2
6267,vgg16,550,0.9461219284703368,13
6268,resnet18,750,1.0,2
6269,efficientnetb0,939,1.0,3
6270,vgg16,550,0.9461219284703368,13
6271,vgg19,550,1.0,15
6272,efficientnetb2,939,1.0,3
6273,resnet50,350,1.0,6
6274,vgg16,350,0.9150494503700808,13
6275,vgg16,350,0.9150494503700808,13
6276,efficientnetb2,939,1.0,3
6277,vgg19,939,1.0,15
6278,efficientnetb2,550,1.0,3
6279,resnet50,550,1.0,6
6280,resnet50,550,1.0,6
6281,efficientnetb1,550,1.0,3
6282,efficientnetb2,550,1.0,3
6283,efficientnetb1,939,1.0,3
6284,efficientnetb0,939,1.0,3
6285,vgg16,350,0.9150494503700808,13
6286,resnet18,350,1.0,3
6287,resnet50,350,1.0,6
6288,resnet18,550,1.0,2
6289,efficientnetb0,550,1.0,3
6290,vgg16,939,1.0,13
6291,vgg19,550,1.0,15
6292,vgg19,550,1.0,15
6293,efficientnetb0,939,1.0,3
6294,vgg19,350,0.9884623593775808,15
6295,resnet50,350,1.0,6
6296,resnet50,350,1.0,6
6297,vgg16,350,0.9150494503700808,13
6298,vgg16,550,0.9461219284703368,13
6299,efficientnetb2,939,1.0,3
6300,vgg16,939,1.0,13
6301,efficientnetb2,939,1.0,3
6302,resnet18,750,1.0,2
6303,vgg16,939,0.0,2
6304,densenet121,550,0.6262433485833546,5
6305,efficientnetb0,939,1.0,3
6306,efficientnetb1,350,1.0,3
6307,resnet18,939,0.9772814215247084,3
6308,efficientnetb0,550,1.0,3
6309,efficientnetb1,939,1.0,3
6310,vgg19,550,1.0,15
6311,efficientnetb1,550,1.0,3
6312,efficientnetb1,550,1.0,3
6313,resnet18,350,0.9463184463728672,2
6314,resnet18,550,0.9649971314956884,3
6315,vgg16,350,0.9150494503700808,13
6316,vgg16,350,0.968053827189964,11
6317,resnet50,550,1.0,6
6318,efficientnetb1,550,1.0,3
6319,efficientnetb2,350,1.0,3
6320,efficientnetb2,939,0.6509085704414946,4
6321,efficientnetb2,750,1.0,3
6322,vgg19,350,0.9884623593775808,15
6323,densenet121,350,0.6263678162488967,5
6324,efficientnetb2,350,1.0,3
6325,resnet18,350,0.9463184463728672,2
6326,vgg16,939,1.0,13
6327,resnet50,350,1.0,6
6328,densenet121,550,0.6262433485833546,5
6329,efficientnetb1,550,1.0,3
6330,vgg19,939,1.0,15
6331,efficientnetb0,750,0.6483214388113725,4
6332,densenet121,750,0.0279532973407523,2
6333,efficientnetb1,750,1.0,3
6334,efficientnetb2,939,1.0,3
6335,densenet121,550,0.6262433485833546,5
6336,densenet121,939,0.4858756243316292,5
6337,densenet121,350,0.6263678162488967,5
6338,vgg19,550,1.0,15
6339,resnet18,939,1.0,2
6340,vgg16,939,0.8568556422949929,11
6341,efficientnetb2,350,1.0,3
6342,efficientnetb2,350,1.0,3
6343,efficientnetb2,939,1.0,3
6344,vgg16,350,0.968053827189964,11
6345,resnet50,550,1.0,6
6346,efficientnetb0,750,1.0,3
6347,vgg16,550,0.0983706975456484,4
6348,efficientnetb0,550,1.0,3
6349,resnet50,939,1.0,6
6350,vgg19,350,0.9884623593775808,15
6351,resnet50,750,0.8540914514899219,6
6352,efficientnetb0,939,1.0,3
6353,resnet50,350,1.0,6
6354,vgg16,350,0.968053827189964,11
6355,resnet50,750,0.692684175445151,7
6356,resnet50,550,1.0,6
6357,efficientnetb0,750,1.0,3
6358,vgg16,350,0.9150494503700808,13
6359,resnet50,550,1.0,6
6360,resnet18,550,0.9649971314956884,3
6361,resnet50,350,1.0,6
6362,resnet18,550,0.9649971314956884,3
6363,efficientnetb0,350,1.0,3
6364,vgg16,550,0.9599292331742392,11
6365,resnet18,750,1.0,2
6366,resnet18,939,1.0,2
6367,efficientnetb2,550,1.0,3
6368,resnet18,350,1.0,3
6369,resnet50,350,1.0,6
6370,efficientnetb1,750,1.0,3
6371,resnet18,750,1.0,2
6372,efficientnetb0,939,1.0,3
6373,efficientnetb0,550,1.0,3
6374,vgg19,350,0.9884623593775808,15
6375,efficientnetb1,350,1.0,3
6376,efficientnetb0,939,1.0,3
6377,efficientnetb2,550,1.0,3
6378,resnet50,550,1.0,6
6379,vgg19,350,0.3463718988145903,7
6380,vgg19,550,1.0,15
6381,efficientnetb0,550,1.0,3
6382,efficientnetb2,550,1.0,3
6383,vgg16,350,0.9150494503700808,13
6384,efficientnetb1,939,1.0,3
6385,efficientnetb1,350,0.7181138626700144,4
6386,resnet50,750,0.8540914514899219,6
6387,resnet18,750,1.0,2
6388,densenet121,350,0.6263678162488967,5
6389,densenet121,350,0.6263678162488967,5
6390,resnet50,350,1.0,6
6391,efficientnetb1,350,1.0,3
6392,densenet121,350,0.6263678162488967,5
6393,densenet121,939,0.4858756243316292,5
6394,efficientnetb1,550,1.0,3
6395,efficientnetb0,350,1.0,3
6396,resnet50,550,1.0,6
6397,efficientnetb0,750,1.0,3
6398,efficientnetb1,350,1.0,3
6399,resnet50,550,1.0,6
6400,resnet50,939,1.0,6
6401,resnet18,939,1.0,2
6402,efficientnetb0,550,1.0,3
6403,resnet18,550,0.9649971314956884,3
6404,resnet18,750,1.0,2
6405,efficientnetb2,750,0.6313792880026403,4
6406,efficientnetb1,939,1.0,3
6407,resnet18,939,1.0,2
6408,efficientnetb1,350,1.0,3
6409,densenet121,939,0.4858756243316292,5
6410,efficientnetb1,939,1.0,3
6411,vgg16,750,0.8760175184574507,11
6412,efficientnetb0,550,1.0,3
6413,resnet50,550,1.0,6
6414,resnet50,550,0.4611472962789475,4
6415,efficientnetb2,350,1.0,3
6416,resnet50,550,1.0,6
6417,efficientnetb1,750,1.0,3
6418,vgg19,350,0.9884623593775808,15
6419,vgg19,750,0.9936879963126718,15
6420,densenet121,750,0.6549577219091517,5
6421,resnet50,350,1.0,6
6422,resnet50,550,1.0,6
6423,efficientnetb2,750,1.0,3
6424,resnet50,939,1.0,6
6425,resnet50,939,1.0,6
6426,resnet50,350,0.8830285561177872,5
6427,vgg19,350,0.9884623593775808,15
6428,resnet18,350,0.9463184463728672,2
6429,resnet50,350,1.0,6
6430,resnet50,550,1.0,6
6431,densenet121,550,0.6262433485833546,5
6432,efficientnetb1,350,1.0,3
6433,efficientnetb0,550,1.0,3
6434,resnet50,939,1.0,6
6435,vgg16,750,0.8760175184574507,11
6436,efficientnetb0,750,1.0,3
6437,vgg16,350,0.9150494503700808,13
6438,vgg16,939,0.8568556422949929,11
6439,vgg19,550,0.9153142027929496,13
6440,resnet18,750,1.0,2
6441,vgg16,550,0.9599292331742392,11
6442,densenet121,939,1.0,6
6443,densenet121,550,0.6262433485833546,5
6444,vgg16,350,0.968053827189964,11
6445,vgg19,750,0.9936879963126718,15
6446,resnet18,550,0.9649971314956884,3
6447,densenet121,939,0.4858756243316292,5
6448,resnet18,550,1.0,2
6449,vgg16,550,0.9599292331742392,11
6450,efficientnetb1,350,1.0,3
6451,vgg16,750,0.8760175184574507,11
6452,vgg19,939,1.0,15
6453,efficientnetb2,750,1.0,3
6454,resnet18,939,1.0,2
6455,efficientnetb1,350,1.0,3
6456,densenet121,350,0.1341157974542594,4
6457,efficientnetb1,550,1.0,3
6458,vgg19,939,1.0,15
6459,efficientnetb0,350,1.0,3
6460,efficientnetb2,550,1.0,3
6461,efficientnetb1,750,1.0,3
6462,resnet50,550,1.0,6
6463,vgg19,550,1.0,15
6464,efficientnetb1,939,1.0,3
6465,efficientnetb1,350,1.0,3
6466,vgg16,550,0.9461219284703368,13
6467,vgg16,550,0.9461219284703368,13
6468,efficientnetb1,939,1.0,3
6469,efficientnetb0,939,1.0,3
6470,resnet18,350,0.9463184463728672,2
6471,vgg16,350,0.968053827189964,11
6472,efficientnetb2,350,1.0,3
6473,efficientnetb2,350,1.0,3
6474,efficientnetb2,350,1.0,3
6475,efficientnetb2,350,1.0,3
6476,vgg19,350,0.9884623593775808,15
6477,efficientnetb1,939,1.0,3
6478,densenet121,350,0.6263678162488967,5
6479,densenet121,750,0.6549577219091517,5
6480,densenet121,350,0.0523859604428457,3
6481,efficientnetb1,550,1.0,3
6482,vgg16,350,0.0,1
6483,efficientnetb2,750,1.0,3
6484,efficientnetb1,550,1.0,3
6485,densenet121,939,1.0,6
6486,vgg16,939,0.8568556422949929,11
6487,efficientnetb2,750,1.0,3
6488,efficientnetb1,350,1.0,3
6489,vgg16,939,0.8568556422949929,11
6490,efficientnetb0,550,1.0,3
6491,efficientnetb1,939,1.0,3
6492,vgg19,550,1.0,15
6493,efficientnetb0,750,1.0,3
6494,vgg19,350,0.9884623593775808,15
6495,vgg19,939,0.1144285467096243,4
6496,vgg19,350,0.9884623593775808,15
6497,efficientnetb1,939,1.0,3
6498,efficientnetb0,750,1.0,3
6499,densenet121,350,0.6263678162488967,5
6500,efficientnetb2,750,1.0,3
6501,resnet50,350,1.0,6
6502,resnet18,750,1.0,2
6503,resnet18,550,1.0,2
6504,efficientnetb2,750,1.0,3
6505,resnet18,939,1.0,2
6506,vgg19,350,0.9884623593775808,15
6507,vgg19,750,0.9936879963126718,15
6508,densenet121,750,0.6549577219091517,5
6509,vgg16,939,1.0,13
6510,efficientnetb0,750,1.0,3
6511,vgg16,939,1.0,13
6512,efficientnetb0,550,1.0,3
6513,resnet18,550,0.9649971314956884,3
6514,efficientnetb0,939,1.0,3
6515,resnet18,350,1.0,3
6516,vgg16,350,0.968053827189964,11
6517,resnet18,750,1.0,2
6518,densenet121,939,0.4858756243316292,5
6519,vgg16,750,0.8760175184574507,11
6520,resnet18,939,1.0,2
6521,vgg19,939,1.0,15
6522,efficientnetb2,350,1.0,3
6523,resnet18,939,1.0,2
6524,efficientnetb2,939,1.0,3
6525,efficientnetb1,350,1.0,3
6526,resnet18,350,0.9463184463728672,2
6527,densenet121,750,0.6549577219091517,5
6528,resnet18,750,1.0,2
6529,vgg16,550,0.9461219284703368,13
6530,densenet121,750,0.6549577219091517,5
6531,resnet18,350,1.0,3
6532,efficientnetb0,550,1.0,3
6533,vgg19,350,0.9884623593775808,15
6534,efficientnetb2,350,1.0,3
6535,resnet18,750,1.0,2
6536,densenet121,350,0.6263678162488967,5
6537,resnet18,939,1.0,2
6538,efficientnetb1,939,1.0,3
6539,densenet121,750,0.0357436179754728,3
6540,densenet121,550,0.6262433485833546,5
6541,efficientnetb0,350,1.0,3
6542,vgg19,750,0.9936879963126718,15
6543,efficientnetb0,939,1.0,3
6544,efficientnetb1,750,1.0,3
6545,efficientnetb0,750,1.0,3
6546,vgg19,750,0.9936879963126718,15
6547,efficientnetb0,750,1.0,3
6548,efficientnetb1,550,1.0,3
6549,efficientnetb2,350,1.0,3
6550,resnet18,350,0.9463184463728672,2
6551,resnet18,550,0.9649971314956884,3
6552,vgg19,750,0.9936879963126718,15
6553,resnet50,350,0.8169515861153699,7
6554,vgg19,939,1.0,15
6555,densenet121,939,0.4858756243316292,5
6556,efficientnetb2,750,1.0,3
6557,resnet18,350,0.9463184463728672,2
6558,efficientnetb0,550,1.0,3
6559,vgg19,550,0.7412152580816892,11
6560,efficientnetb2,350,1.0,3
6561,densenet121,350,0.0523859604428457,3
6562,efficientnetb0,939,1.0,3
6563,resnet50,550,1.0,6
6564,vgg19,350,0.9884623593775808,15
6565,densenet121,750,0.6549577219091517,5
6566,resnet18,350,0.9463184463728672,2
6567,resnet18,750,1.0,2
6568,vgg16,550,0.9461219284703368,13
6569,vgg16,750,0.9989474447948092,13
6570,efficientnetb1,750,1.0,3
6571,densenet121,939,0.4858756243316292,5
6572,efficientnetb0,939,0.0,1
6573,densenet121,750,0.6549577219091517,5
6574,vgg16,750,0.0,2
6575,vgg19,750,0.9936879963126718,15
6576,vgg16,939,1.0,13
6577,vgg19,350,0.7874284582909132,17
6578,efficientnetb0,350,1.0,3
6579,efficientnetb2,939,1.0,3
6580,efficientnetb1,750,1.0,3
6581,vgg16,750,0.9989474447948092,13
6582,efficientnetb1,350,1.0,3
6583,efficientnetb1,750,1.0,3
6584,resnet50,939,1.0,6
6585,efficientnetb1,750,1.0,3
6586,densenet121,550,0.0267032533330688,3
6587,vgg19,939,1.0,15
6588,resnet50,350,1.0,6
6589,vgg19,939,0.9322438807363724,13
6590,resnet50,550,1.0,6
6591,resnet18,939,1.0,2
6592,vgg19,750,0.9936879963126718,15
6593,vgg19,550,1.0,15
6594,vgg16,750,0.9989474447948092,13
6595,resnet50,939,1.0,6
6596,efficientnetb0,939,0.0,1
6597,resnet18,939,1.0,2
6598,resnet18,750,1.0,2
6599,resnet18,939,1.0,2
6600,efficientnetb2,350,1.0,3
6601,resnet18,350,0.9463184463728672,2
6602,vgg16,939,1.0,13
6603,vgg16,550,0.9461219284703368,13
6604,efficientnetb1,350,1.0,3
6605,resnet18,550,1.0,2
6606,efficientnetb1,550,1.0,3
6607,densenet121,350,0.0523859604428457,3
6608,resnet50,350,1.0,6
6609,densenet121,550,0.0267032533330688,3
6610,efficientnetb1,350,1.0,3
6611,resnet18,939,1.0,2
6612,efficientnetb1,350,1.0,3
6613,densenet121,750,0.6549577219091517,5
6614,efficientnetb0,939,1.0,3
6615,vgg19,550,1.0,15
6616,resnet50,350,1.0,6
6617,resnet50,939,1.0,6
6618,efficientnetb2,550,1.0,3
6619,efficientnetb0,939,1.0,3
6620,vgg19,939,1.0,15
6621,efficientnetb0,350,1.0,3
6622,resnet18,550,0.9649971314956884,3
6623,efficientnetb1,750,1.0,3
6624,resnet50,750,0.8540914514899219,6
6625,efficientnetb2,550,1.0,3
6626,resnet18,350,0.9463184463728672,2
6627,resnet18,350,0.9463184463728672,2
6628,densenet121,939,0.4858756243316292,5
6629,resnet50,350,1.0,6
6630,resnet50,350,1.0,6
6631,efficientnetb0,939,1.0,3
6632,efficientnetb1,350,1.0,3
6633,efficientnetb2,750,1.0,3
6634,efficientnetb0,750,1.0,3
6635,efficientnetb0,750,1.0,3
6636,efficientnetb0,750,1.0,3
6637,vgg19,939,1.0,15
6638,vgg19,750,0.9936879963126718,15
6639,resnet50,750,0.8540914514899219,6
6640,resnet50,550,1.0,6
6641,vgg19,939,1.0,15
6642,resnet18,750,1.0,2
6643,vgg19,939,1.0,15
6644,vgg19,939,1.0,15
6645,vgg16,550,0.9461219284703368,13
6646,vgg19,939,1.0,15
6647,efficientnetb1,550,1.0,3
6648,vgg16,939,1.0,13
6649,densenet121,750,0.0357436179754728,3
6650,resnet18,750,1.0,2
6651,vgg16,939,1.0,13
6652,vgg16,939,1.0,13
6653,efficientnetb2,750,1.0,3
6654,densenet121,939,0.4858756243316292,5
6655,resnet50,939,1.0,6
6656,vgg16,939,1.0,13
6657,densenet121,350,0.6263678162488967,5
6658,vgg16,350,0.9150494503700808,13
6659,efficientnetb0,550,1.0,3
6660,efficientnetb0,550,1.0,3
6661,resnet50,350,1.0,6
6662,resnet50,550,1.0,6
6663,efficientnetb2,750,1.0,3
6664,efficientnetb2,550,1.0,3
6665,efficientnetb0,750,1.0,3
6666,efficientnetb2,750,1.0,3
6667,vgg19,939,1.0,15
6668,vgg16,939,1.0,13
6669,densenet121,350,0.0523859604428457,3
6670,resnet50,939,1.0,6
6671,efficientnetb1,750,1.0,3
6672,efficientnetb0,550,1.0,3
6673,efficientnetb1,750,1.0,3
6674,efficientnetb2,350,1.0,3
6675,resnet50,750,0.8540914514899219,6
6676,vgg16,750,0.9989474447948092,13
6677,efficientnetb2,350,1.0,3
6678,efficientnetb1,550,1.0,3
6679,resnet18,350,1.0,3
6680,resnet18,939,1.0,2
6681,efficientnetb0,350,1.0,3
6682,vgg19,750,0.9936879963126718,15
6683,vgg16,750,0.9989474447948092,13
6684,efficientnetb1,350,1.0,3
6685,vgg16,550,0.9461219284703368,13
6686,efficientnetb1,939,1.0,3
6687,vgg19,939,1.0,15
6688,efficientnetb0,350,1.0,3
6689,resnet50,939,1.0,6
6690,efficientnetb1,550,1.0,3
6691,resnet18,350,1.0,3
6692,resnet50,350,1.0,6
6693,vgg19,350,0.9884623593775808,15
6694,vgg16,550,0.9461219284703368,13
6695,resnet18,750,0.9425112246169725,3
6696,resnet50,550,0.106889737057666,2
6697,efficientnetb2,550,1.0,3
6698,resnet50,350,0.8169515861153699,7
6699,efficientnetb1,750,1.0,3
6700,vgg19,750,0.7555996769548718,17
6701,vgg19,550,1.0,15
6702,resnet18,750,0.9425112246169725,3
6703,efficientnetb2,939,1.0,3
6704,efficientnetb0,750,0.221102352041803,2
6705,efficientnetb1,939,1.0,3
6706,resnet50,750,0.8540914514899219,6
6707,vgg19,750,0.9936879963126718,15
6708,efficientnetb0,550,1.0,3
6709,vgg19,350,0.9884623593775808,15
6710,resnet18,350,0.9463184463728672,2
6711,resnet18,750,0.9425112246169725,3
6712,resnet50,750,0.8540914514899219,6
6713,efficientnetb1,550,1.0,3
6714,efficientnetb2,350,1.0,3
6715,densenet121,350,0.6263678162488967,5
6716,resnet18,750,1.0,2
6717,vgg19,750,0.9936879963126718,15
6718,vgg19,939,1.0,15
6719,efficientnetb2,350,1.0,3
6720,efficientnetb1,750,1.0,3
6721,resnet18,750,0.9425112246169725,3
6722,vgg16,939,0.0060710231598882,1
6723,vgg19,550,1.0,15
6724,efficientnetb0,750,1.0,3
6725,resnet50,750,0.8540914514899219,6
6726,efficientnetb2,350,1.0,3
6727,resnet50,939,0.8248723661787692,5
6728,efficientnetb1,350,1.0,3
6729,resnet18,750,1.0,2
6730,efficientnetb0,750,1.0,3
6731,resnet50,750,0.3344894405367239,2
6732,densenet121,550,0.6262433485833546,5
6733,resnet18,350,1.0,3
6734,densenet121,350,0.6263678162488967,5
6735,resnet18,350,1.0,3
6736,efficientnetb2,750,1.0,3
6737,resnet18,939,1.0,2
6738,vgg16,939,0.0548212617333455,3
6739,vgg19,350,0.9884623593775808,15
6740,efficientnetb1,350,1.0,3
6741,resnet50,750,0.8540914514899219,6
6742,efficientnetb2,750,1.0,3
6743,resnet50,750,0.8540914514899219,6
6744,efficientnetb1,750,0.7228690296773087,4
6745,efficientnetb2,750,1.0,3
6746,efficientnetb1,750,1.0,3
6747,resnet50,939,1.0,6
6748,efficientnetb0,939,1.0,3
6749,resnet50,939,0.8017819857800019,7
6750,resnet18,750,0.9425112246169725,3
6751,densenet121,350,0.6263678162488967,5
6752,vgg16,550,0.9461219284703368,13
6753,efficientnetb0,550,1.0,3
6754,vgg19,550,1.0,15
6755,efficientnetb1,550,1.0,3
6756,efficientnetb0,939,1.0,3
6757,resnet18,939,1.0,2
6758,efficientnetb1,750,1.0,3
6759,resnet18,550,1.0,2
6760,densenet121,939,0.0166311998595305,3
6761,resnet18,550,0.9649971314956884,3
6762,efficientnetb2,550,1.0,3
6763,resnet18,939,0.9772814215247084,3
6764,efficientnetb1,350,1.0,3
6765,densenet121,550,0.6262433485833546,5
6766,densenet121,350,0.6263678162488967,5
6767,vgg16,550,0.9461219284703368,13
6768,efficientnetb0,750,1.0,3
6769,vgg19,939,1.0,15
6770,resnet50,750,0.8540914514899219,6
6771,vgg16,750,0.8760175184574507,11
6772,resnet50,350,1.0,6
6773,efficientnetb2,750,0.6313792880026403,4
6774,vgg16,350,0.9150494503700808,13
6775,resnet18,939,0.666846850715217,4
6776,efficientnetb1,350,1.0,3
6777,densenet121,750,0.6549577219091517,5
6778,vgg19,550,1.0,15
6779,vgg19,350,0.9884623593775808,15
6780,densenet121,350,0.6263678162488967,5
6781,vgg16,750,0.9989474447948092,13
6782,vgg19,350,0.9884623593775808,15
6783,densenet121,350,0.0523859604428457,3
6784,resnet50,939,0.8017819857800019,7
6785,resnet18,550,1.0,2
6786,densenet121,750,0.6549577219091517,5
6787,densenet121,350,0.6263678162488967,5
6788,efficientnetb0,350,1.0,3
6789,densenet121,550,1.0,6
6790,efficientnetb1,750,1.0,3
6791,vgg16,550,0.9461219284703368,13
6792,efficientnetb0,750,1.0,3
6793,vgg19,350,0.9884623593775808,15
6794,resnet50,750,1.0,5
6795,densenet121,750,0.0357436179754728,3
6796,resnet18,750,0.6570784835049883,4
6797,densenet121,939,0.4858756243316292,5
6798,vgg16,550,0.9461219284703368,13
6799,resnet50,750,0.8540914514899219,6
6800,vgg19,350,0.9884623593775808,15
6801,vgg16,350,0.9150494503700808,13
6802,vgg16,750,0.9989474447948092,13
6803,efficientnetb2,750,1.0,3
6804,efficientnetb0,550,1.0,3
6805,efficientnetb0,750,1.0,3
6806,resnet50,750,0.8540914514899219,6
6807,vgg16,550,0.9599292331742392,11
6808,vgg19,350,0.9884623593775808,15
6809,vgg19,550,1.0,15
6810,efficientnetb1,350,1.0,3
6811,densenet121,550,0.6262433485833546,5
6812,vgg19,750,0.9936879963126718,15
6813,efficientnetb1,750,1.0,3
6814,efficientnetb1,750,1.0,3
6815,vgg16,939,0.8568556422949929,11
6816,vgg16,939,1.0,13
6817,resnet18,750,1.0,2
6818,efficientnetb2,350,1.0,3
6819,densenet121,750,0.6549577219091517,5
6820,resnet50,350,1.0,6
6821,efficientnetb2,939,1.0,3
6822,vgg19,939,1.0,15
6823,resnet50,550,1.0,6
6824,vgg16,350,1.0,12
6825,densenet121,939,0.4858756243316292,5
6826,resnet50,550,1.0,6
6827,efficientnetb0,939,1.0,3
6828,densenet121,939,0.4858756243316292,5
6829,densenet121,939,0.4858756243316292,5
6830,efficientnetb0,550,1.0,3
6831,vgg16,550,0.9461219284703368,13
6832,resnet50,939,1.0,6
6833,resnet50,550,1.0,6
6834,resnet50,550,0.8215124558966982,7
6835,efficientnetb1,350,1.0,3
6836,resnet18,939,1.0,2
6837,resnet50,350,1.0,6
6838,efficientnetb2,350,1.0,3
6839,efficientnetb1,350,1.0,3
6840,vgg16,939,1.0,13
6841,efficientnetb0,550,1.0,3
6842,densenet121,750,0.6549577219091517,5
6843,efficientnetb1,350,1.0,3
6844,efficientnetb0,939,1.0,3
6845,efficientnetb0,550,1.0,3
6846,efficientnetb2,750,1.0,3
6847,efficientnetb0,550,1.0,3
6848,vgg19,750,0.6673220941960659,10
6849,resnet18,350,1.0,3
6850,resnet18,350,1.0,3
6851,efficientnetb1,550,1.0,3
6852,vgg19,750,0.9936879963126718,15
6853,resnet18,750,0.9425112246169725,3
6854,vgg19,939,1.0,15
6855,resnet50,550,1.0,6
6856,densenet121,939,0.133680659859905,4
6857,efficientnetb1,939,1.0,3
6858,vgg16,550,0.9461219284703368,13
6859,densenet121,939,0.4858756243316292,5
6860,vgg19,350,0.9884623593775808,15
6861,resnet50,550,0.8215124558966982,7
6862,resnet18,939,0.9772814215247084,3
6863,densenet121,350,0.6263678162488967,5
6864,efficientnetb2,350,1.0,3
6865,vgg16,350,0.9150494503700808,13
6866,resnet18,939,1.0,2
6867,vgg19,939,1.0,15
6868,resnet18,939,0.9772814215247084,3
6869,resnet18,350,1.0,3
6870,vgg19,550,1.0,15
6871,efficientnetb2,939,1.0,3
6872,efficientnetb1,550,1.0,3
6873,resnet18,750,0.9425112246169725,3
6874,efficientnetb2,350,1.0,3
6875,efficientnetb1,550,1.0,3
6876,efficientnetb0,750,1.0,3
6877,efficientnetb2,550,1.0,3
6878,resnet18,550,0.9649971314956884,3
6879,densenet121,350,0.6263678162488967,5
6880,efficientnetb2,350,1.0,3
6881,efficientnetb2,939,1.0,3
6882,efficientnetb1,939,1.0,3
6883,resnet50,350,1.0,6
6884,resnet18,550,1.0,2
6885,vgg16,350,0.968053827189964,11
6886,resnet50,350,0.8169515861153699,7
6887,densenet121,939,0.4858756243316292,5
6888,densenet121,750,0.6549577219091517,5
6889,vgg19,350,0.9884623593775808,15
6890,resnet50,350,1.0,6
6891,resnet18,939,1.0,2
6892,densenet121,939,0.4858756243316292,5
6893,efficientnetb2,350,1.0,3
6894,efficientnetb0,939,1.0,3
6895,resnet50,750,0.8540914514899219,6
6896,efficientnetb1,550,1.0,3
6897,efficientnetb2,750,1.0,3
6898,efficientnetb1,550,1.0,3
6899,resnet50,350,0.8169515861153699,7
6900,efficientnetb2,939,1.0,3
6901,efficientnetb2,550,1.0,3
6902,efficientnetb0,939,1.0,3
6903,densenet121,939,0.4858756243316292,5
6904,vgg19,350,0.7439023030951907,11
6905,efficientnetb1,750,1.0,3
6906,resnet18,750,0.9425112246169725,3
6907,efficientnetb0,350,1.0,3
6908,efficientnetb0,750,1.0,3
6909,resnet18,939,1.0,2
6910,vgg19,750,0.9936879963126718,15
6911,efficientnetb1,550,1.0,3
6912,efficientnetb2,939,1.0,3
6913,densenet121,750,0.6549577219091517,5
6914,vgg19,939,1.0,15
6915,vgg16,550,0.9599292331742392,11
6916,resnet18,750,1.0,2
6917,densenet121,750,0.6549577219091517,5
6918,efficientnetb1,350,1.0,3
6919,efficientnetb2,750,1.0,3
6920,resnet50,350,1.0,6
6921,vgg16,350,0.9150494503700808,13
6922,efficientnetb1,350,1.0,3
6923,efficientnetb1,550,1.0,3
6924,resnet18,550,0.9649971314956884,3
6925,densenet121,550,0.6262433485833546,5
6926,resnet18,939,0.9772814215247084,3
6927,resnet50,550,1.0,6
6928,efficientnetb1,750,1.0,3
6929,efficientnetb2,939,1.0,3
6930,efficientnetb2,939,1.0,3
6931,vgg16,550,0.9461219284703368,13
6932,resnet50,939,0.8017819857800019,7
6933,vgg19,350,0.9884623593775808,15
6934,resnet18,550,0.9649971314956884,3
6935,resnet50,350,1.0,6
6936,efficientnetb0,750,1.0,3
6937,vgg19,939,1.0,15
6938,vgg16,350,0.9150494503700808,13
6939,vgg16,550,0.9461219284703368,13
6940,densenet121,550,0.0267032533330688,3
6941,efficientnetb1,750,1.0,3
6942,densenet121,550,0.6262433485833546,5
6943,vgg19,750,0.9936879963126718,15
6944,vgg19,939,1.0,15
6945,efficientnetb0,750,1.0,3
6946,vgg19,750,0.9936879963126718,15
6947,densenet121,350,0.6263678162488967,5
6948,efficientnetb0,750,0.6483214388113725,4
6949,efficientnetb1,750,1.0,3
6950,densenet121,939,0.4858756243316292,5
6951,efficientnetb0,550,1.0,3
6952,efficientnetb2,939,1.0,3
6953,densenet121,550,0.6262433485833546,5
6954,resnet50,550,1.0,6
6955,vgg19,750,0.9936879963126718,15
6956,efficientnetb2,550,1.0,3
6957,efficientnetb2,939,1.0,3
6958,densenet121,550,0.6262433485833546,5
6959,efficientnetb0,939,1.0,3
6960,vgg16,550,0.9461219284703368,13
6961,densenet121,939,0.4858756243316292,5
6962,efficientnetb2,350,1.0,3
6963,efficientnetb1,350,1.0,3
6964,resnet50,350,1.0,6
6965,resnet50,550,1.0,6
6966,densenet121,350,0.6263678162488967,5
6967,densenet121,939,0.4858756243316292,5
6968,resnet18,350,1.0,3
6969,densenet121,550,0.6262433485833546,5
6970,efficientnetb2,350,1.0,3
6971,resnet18,939,1.0,2
6972,densenet121,550,0.6262433485833546,5
6973,densenet121,350,0.6263678162488967,5
6974,densenet121,550,0.6262433485833546,5
6975,efficientnetb1,350,1.0,3
6976,efficientnetb0,750,1.0,3
6977,resnet50,750,0.8540914514899219,6
6978,efficientnetb2,939,1.0,3
6979,densenet121,550,1.0,6
6980,densenet121,939,0.4858756243316292,5
6981,vgg16,550,0.9461219284703368,13
6982,resnet50,939,1.0,6
6983,vgg16,939,0.8568556422949929,11
6984,resnet18,350,1.0,3
6985,resnet50,350,1.0,6
6986,resnet50,350,1.0,6
6987,efficientnetb1,939,1.0,3
6988,efficientnetb1,550,1.0,3
6989,resnet18,939,1.0,2
6990,vgg16,350,0.9150494503700808,13
6991,vgg19,350,0.9884623593775808,15
6992,efficientnetb2,550,1.0,3
6993,resnet50,350,1.0,6
6994,vgg16,750,0.9989474447948092,13
6995,vgg16,550,0.9461219284703368,13
6996,resnet50,750,0.8540914514899219,6
6997,efficientnetb0,750,1.0,3
6998,efficientnetb2,550,1.0,3
6999,efficientnetb2,939,1.0,3
7000,vgg19,350,0.9884623593775808,15
7001,vgg19,939,1.0,15
7002,efficientnetb2,350,1.0,3
7003,efficientnetb1,939,1.0,3
7004,resnet50,550,1.0,6
7005,resnet18,939,0.9772814215247084,3
7006,efficientnetb2,750,1.0,3
7007,efficientnetb2,350,1.0,3
7008,vgg16,750,0.9989474447948092,13
7009,densenet121,350,0.6263678162488967,5
7010,vgg19,350,0.9884623593775808,15
7011,efficientnetb0,550,1.0,3
7012,resnet18,750,1.0,2
7013,efficientnetb2,939,1.0,3
7014,vgg19,939,1.0,15
7015,vgg19,939,1.0,15
7016,resnet50,350,1.0,6
7017,efficientnetb2,939,1.0,3
7018,efficientnetb1,939,1.0,3
7019,efficientnetb2,939,1.0,3
7020,resnet18,750,0.9425112246169725,3
7021,vgg19,550,0.7209260725133116,18
7022,efficientnetb2,350,1.0,3
7023,efficientnetb0,550,1.0,3
7024,efficientnetb1,550,1.0,3
7025,efficientnetb0,939,1.0,3
7026,densenet121,750,1.0,6
7027,vgg19,939,1.0,15
7028,efficientnetb2,550,1.0,3
7029,efficientnetb2,550,1.0,3
7030,efficientnetb1,939,1.0,3
7031,resnet18,550,0.9649971314956884,3
7032,vgg19,939,1.0,15
7033,vgg16,550,0.9461219284703368,13
7034,efficientnetb0,550,1.0,3
7035,resnet18,350,0.9463184463728672,2
7036,resnet18,939,1.0,2
7037,vgg19,939,1.0,15
7038,efficientnetb1,939,1.0,3
7039,efficientnetb0,350,1.0,3
7040,densenet121,550,0.6262433485833546,5
7041,vgg19,350,0.9884623593775808,15
7042,efficientnetb0,939,1.0,3
7043,efficientnetb2,350,1.0,3
7044,efficientnetb2,550,1.0,3
7045,densenet121,939,0.4858756243316292,5
7046,efficientnetb2,350,1.0,3
7047,resnet18,939,1.0,2
7048,efficientnetb1,939,1.0,3
7049,resnet50,550,1.0,6
7050,densenet121,939,1.0,6
7051,efficientnetb2,939,1.0,3
7052,efficientnetb0,350,1.0,3
7053,densenet121,550,0.6262433485833546,5
7054,resnet50,350,1.0,6
7055,resnet50,550,0.8215124558966982,7
7056,efficientnetb1,350,1.0,3
7057,efficientnetb2,350,1.0,3
7058,efficientnetb1,939,1.0,3
7059,efficientnetb2,750,1.0,3
7060,efficientnetb1,750,1.0,3
7061,vgg16,350,0.968053827189964,11
7062,efficientnetb2,550,1.0,3
7063,vgg16,750,0.9989474447948092,13
7064,efficientnetb0,750,1.0,3
7065,vgg16,350,0.968053827189964,11
7066,efficientnetb1,350,1.0,3
7067,efficientnetb2,939,1.0,3
7068,efficientnetb1,550,1.0,3
7069,efficientnetb0,550,1.0,3
7070,efficientnetb2,350,1.0,3
7071,efficientnetb0,550,0.7484594574197447,4
7072,vgg16,550,0.9461219284703368,13
7073,efficientnetb1,350,1.0,3
7074,resnet18,750,0.9425112246169725,3
7075,densenet121,350,0.6263678162488967,5
7076,vgg19,350,0.9884623593775808,15
7077,resnet18,350,1.0,3
7078,vgg16,939,1.0,13
7079,vgg16,550,0.9599292331742392,11
7080,efficientnetb0,750,1.0,3
7081,vgg16,550,0.9461219284703368,13
7082,densenet121,350,0.6263678162488967,5
7083,resnet50,350,1.0,6
7084,vgg19,350,0.9884623593775808,15
7085,vgg19,750,0.9936879963126718,15
7086,vgg19,939,0.0,2
7087,densenet121,350,0.6263678162488967,5
7088,efficientnetb1,750,0.7228690296773087,4
7089,efficientnetb1,550,1.0,3
7090,resnet50,939,0.8017819857800019,7
7091,efficientnetb1,350,1.0,3
7092,resnet18,550,1.0,2
7093,efficientnetb2,750,1.0,3
7094,resnet50,550,1.0,6
7095,efficientnetb1,550,1.0,3
7096,densenet121,550,0.6262433485833546,5
7097,vgg16,350,0.0,1
7098,vgg16,350,0.9150494503700808,13
7099,efficientnetb2,550,1.0,3
7100,densenet121,550,0.6262433485833546,5
7101,resnet18,550,1.0,2
7102,efficientnetb2,350,1.0,3
7103,efficientnetb1,750,1.0,3
7104,efficientnetb2,939,1.0,3
7105,resnet18,550,1.0,2
7106,resnet18,350,1.0,3
7107,resnet50,939,1.0,6
7108,densenet121,550,0.6262433485833546,5
7109,efficientnetb0,750,1.0,3
7110,vgg19,350,0.9884623593775808,15
7111,vgg16,750,0.8760175184574507,11
7112,efficientnetb2,550,1.0,3
7113,vgg16,350,0.9150494503700808,13
7114,vgg19,350,0.9884623593775808,15
7115,vgg19,750,0.9936879963126718,15
7116,vgg16,550,0.9599292331742392,11
7117,vgg19,350,0.9884623593775808,15
7118,resnet50,939,1.0,6
7119,densenet121,350,0.6263678162488967,5
7120,efficientnetb0,550,1.0,3
7121,efficientnetb1,550,1.0,3
7122,resnet50,550,1.0,6
7123,efficientnetb1,350,1.0,3
7124,efficientnetb2,750,1.0,3
7125,efficientnetb0,550,1.0,3
7126,efficientnetb1,939,1.0,3
7127,densenet121,939,0.4858756243316292,5
7128,vgg16,939,0.8568556422949929,11
7129,densenet121,939,0.4858756243316292,5
7130,resnet18,550,1.0,2
7131,vgg16,550,0.9461219284703368,13
7132,vgg16,939,0.8568556422949929,11
7133,vgg19,350,0.9884623593775808,15
7134,efficientnetb1,350,1.0,3
7135,efficientnetb2,939,1.0,3
7136,efficientnetb1,750,1.0,3
7137,densenet121,939,0.4858756243316292,5
7138,vgg16,350,0.968053827189964,11
7139,efficientnetb2,350,1.0,3
7140,densenet121,750,0.6549577219091517,5
7141,efficientnetb0,350,1.0,3
7142,efficientnetb1,939,1.0,3
7143,resnet50,350,1.0,6
7144,resnet50,750,0.8540914514899219,6
7145,efficientnetb0,350,1.0,3
7146,vgg19,939,1.0,15
7147,densenet121,350,0.6263678162488967,5
7148,vgg19,550,1.0,15
7149,resnet50,939,1.0,6
7150,densenet121,350,1.0,6
7151,densenet121,350,0.6263678162488967,5
7152,resnet50,750,0.8540914514899219,6
7153,densenet121,939,0.4858756243316292,5
7154,vgg16,350,0.9150494503700808,13
7155,resnet50,750,0.8540914514899219,6
7156,vgg19,750,0.9936879963126718,15
7157,efficientnetb2,550,1.0,3
7158,efficientnetb0,750,1.0,3
7159,resnet18,350,1.0,3
7160,efficientnetb0,350,1.0,3
7161,resnet50,350,1.0,6
7162,vgg16,939,1.0,13
7163,resnet50,750,0.8540914514899219,6
7164,resnet50,750,0.8540914514899219,6
7165,resnet50,939,1.0,6
7166,efficientnetb2,350,1.0,3
7167,densenet121,939,0.4858756243316292,5
7168,vgg16,550,0.9599292331742392,11
7169,densenet121,939,0.4858756243316292,5
7170,vgg19,750,0.9936879963126718,15
7171,efficientnetb2,939,1.0,3
7172,vgg19,550,1.0,15
7173,resnet18,939,1.0,2
7174,vgg19,350,0.9884623593775808,15
7175,densenet121,750,0.6549577219091517,5
7176,efficientnetb2,750,1.0,3
7177,efficientnetb1,939,1.0,3
7178,resnet18,939,0.9772814215247084,3
7179,resnet50,750,0.8540914514899219,6
7180,densenet121,350,0.6263678162488967,5
7181,resnet18,750,0.9425112246169725,3
7182,efficientnetb2,350,1.0,3
7183,vgg19,939,1.0,15
7184,resnet50,550,1.0,6
7185,vgg19,750,0.9936879963126718,15
7186,resnet50,350,1.0,6
7187,vgg19,939,1.0,15
7188,vgg19,350,0.9884623593775808,15
7189,resnet18,550,1.0,2
7190,resnet50,750,0.8540914514899219,6
7191,densenet121,350,0.6263678162488967,5
7192,vgg16,939,0.8568556422949929,11
7193,efficientnetb1,350,1.0,3
7194,efficientnetb0,750,1.0,3
7195,resnet18,550,0.9649971314956884,3
7196,resnet50,350,1.0,6
7197,efficientnetb0,750,1.0,3
7198,efficientnetb0,750,1.0,3
7199,efficientnetb1,750,1.0,3
7200,efficientnetb1,550,1.0,3
7201,vgg19,550,1.0,15
7202,efficientnetb2,939,1.0,3
7203,vgg19,939,1.0,15
7204,resnet18,939,1.0,2
7205,resnet18,939,0.9772814215247084,3
7206,resnet18,550,1.0,2
7207,resnet50,350,1.0,6
7208,vgg16,550,0.9461219284703368,13
7209,vgg16,939,1.0,13
7210,efficientnetb1,550,1.0,3
7211,resnet18,350,1.0,3
7212,efficientnetb0,750,1.0,3
7213,vgg19,350,0.9884623593775808,15
7214,resnet18,350,1.0,3
7215,resnet50,550,1.0,6
7216,efficientnetb0,350,1.0,3
7217,efficientnetb2,750,1.0,3
7218,efficientnetb2,939,1.0,3
7219,efficientnetb1,750,1.0,3
7220,efficientnetb2,939,1.0,3
7221,efficientnetb1,350,1.0,3
7222,resnet18,939,1.0,2
7223,resnet50,350,1.0,6
7224,resnet50,939,1.0,6
7225,efficientnetb2,350,0.1727158782926704,2
7226,efficientnetb2,939,1.0,3
7227,efficientnetb2,550,1.0,3
7228,efficientnetb0,750,1.0,3
7229,efficientnetb0,939,0.6801221238861833,4
7230,vgg19,350,0.9884623593775808,15
7231,resnet18,750,0.9425112246169725,3
7232,resnet50,350,1.0,6
7233,efficientnetb0,550,1.0,3
7234,resnet50,939,1.0,6
7235,efficientnetb0,939,1.0,3
7236,efficientnetb0,550,1.0,3
7237,vgg16,350,0.9150494503700808,13
7238,vgg19,750,0.9936879963126718,15
7239,efficientnetb0,350,1.0,3
7240,resnet50,550,1.0,6
7241,vgg16,550,0.9461219284703368,13
7242,vgg19,550,1.0,15
7243,densenet121,750,0.6549577219091517,5
7244,resnet50,939,0.8248723661787692,5
7245,resnet50,750,0.8540914514899219,6
7246,efficientnetb0,750,1.0,3
7247,densenet121,550,0.6262433485833546,5
7248,resnet18,550,1.0,2
7249,efficientnetb1,350,1.0,3
7250,resnet18,750,1.0,2
7251,densenet121,939,1.0,6
7252,resnet50,350,1.0,6
7253,efficientnetb1,939,1.0,3
7254,efficientnetb2,350,1.0,3
7255,efficientnetb2,939,1.0,3
7256,vgg16,750,0.9989474447948092,13
7257,efficientnetb1,750,1.0,3
7258,vgg16,550,0.9461219284703368,13
7259,resnet50,939,1.0,6
7260,efficientnetb1,939,1.0,3
7261,resnet50,550,1.0,6
7262,efficientnetb1,350,1.0,3
7263,densenet121,350,0.6263678162488967,5
7264,efficientnetb2,350,1.0,3
7265,resnet50,939,1.0,6
7266,resnet50,750,0.8540914514899219,6
7267,efficientnetb1,939,1.0,3
7268,resnet18,750,1.0,2
7269,resnet18,350,1.0,3
7270,resnet50,550,1.0,6
7271,efficientnetb2,939,1.0,3
7272,efficientnetb2,550,1.0,3
7273,efficientnetb1,350,1.0,3
7274,densenet121,939,0.4858756243316292,5
7275,resnet18,939,0.9772814215247084,3
7276,vgg19,350,0.9884623593775808,15
7277,efficientnetb2,550,1.0,3
7278,efficientnetb2,350,1.0,3
7279,efficientnetb1,939,1.0,3
7280,resnet18,939,1.0,2
7281,efficientnetb1,750,1.0,3
7282,efficientnetb1,550,1.0,3
7283,vgg16,350,0.9150494503700808,13
7284,efficientnetb1,750,1.0,3
7285,densenet121,350,0.6263678162488967,5
7286,efficientnetb0,750,1.0,3
7287,efficientnetb1,550,1.0,3
7288,efficientnetb1,750,1.0,3
7289,vgg19,350,0.9884623593775808,15
7290,densenet121,939,1.0,6
7291,vgg19,750,0.9936879963126718,15
7292,resnet50,350,1.0,6
7293,resnet50,350,1.0,6
7294,efficientnetb0,550,1.0,3
7295,resnet50,939,1.0,6
7296,resnet18,939,0.9772814215247084,3
7297,efficientnetb1,550,1.0,3
7298,vgg16,939,1.0,13
7299,resnet18,550,1.0,2
7300,efficientnetb1,550,1.0,3
7301,resnet18,939,1.0,2
7302,efficientnetb1,550,1.0,3
7303,densenet121,939,0.4858756243316292,5
7304,efficientnetb0,750,1.0,3
7305,efficientnetb1,550,1.0,3
7306,efficientnetb2,350,1.0,3
7307,efficientnetb0,939,1.0,3
7308,efficientnetb0,350,1.0,3
7309,efficientnetb0,939,1.0,3
7310,resnet50,750,0.8540914514899219,6
7311,efficientnetb1,750,1.0,3
7312,efficientnetb2,550,1.0,3
7313,efficientnetb2,350,1.0,3
7314,densenet121,550,0.6262433485833546,5
7315,efficientnetb0,550,1.0,3
7316,vgg16,939,1.0,13
7317,efficientnetb2,550,1.0,3
7318,efficientnetb2,750,1.0,3
7319,efficientnetb0,550,1.0,3
7320,resnet50,939,1.0,6
7321,densenet121,550,0.6262433485833546,5
7322,vgg19,550,1.0,15
7323,efficientnetb1,350,1.0,3
7324,efficientnetb0,350,1.0,3
7325,resnet18,350,0.6798528330010116,4
7326,densenet121,939,0.0166311998595305,3
7327,densenet121,550,1.0,6
7328,vgg16,750,0.9989474447948092,13
7329,vgg19,550,1.0,15
7330,vgg19,939,1.0,15
7331,efficientnetb0,550,1.0,3
7332,efficientnetb1,350,1.0,3
7333,efficientnetb1,939,1.0,3
7334,densenet121,750,1.0,6
7335,resnet50,939,1.0,6
7336,densenet121,750,0.6549577219091517,5
7337,resnet18,550,1.0,2
7338,efficientnetb0,550,1.0,3
7339,efficientnetb1,550,1.0,3
7340,efficientnetb2,939,1.0,3
7341,efficientnetb2,350,1.0,3
7342,densenet121,350,0.6263678162488967,5
7343,resnet18,939,1.0,2
7344,efficientnetb1,350,1.0,3
7345,vgg19,750,0.9936879963126718,15
7346,efficientnetb1,550,1.0,3
7347,efficientnetb0,750,1.0,3
7348,densenet121,750,0.0,1
7349,efficientnetb0,350,1.0,3
7350,resnet18,750,1.0,2
7351,resnet50,939,1.0,6
7352,efficientnetb1,550,1.0,3
7353,efficientnetb2,939,1.0,3
7354,efficientnetb1,750,1.0,3
7355,densenet121,750,0.6549577219091517,5
7356,efficientnetb1,939,1.0,3
7357,densenet121,939,0.4858756243316292,5
7358,efficientnetb0,939,1.0,3
7359,resnet18,350,0.9463184463728672,2
7360,efficientnetb1,550,1.0,3
7361,efficientnetb1,939,1.0,3
7362,efficientnetb1,550,1.0,3
7363,efficientnetb2,939,1.0,3
7364,efficientnetb0,550,1.0,3
7365,vgg19,750,0.9936879963126718,15
7366,vgg19,939,1.0,15
7367,resnet18,350,1.0,3
7368,efficientnetb2,750,1.0,3
7369,resnet50,939,1.0,6
7370,resnet18,350,1.0,3
7371,efficientnetb2,350,1.0,3
7372,efficientnetb1,939,1.0,3
7373,resnet18,750,1.0,2
7374,efficientnetb1,550,1.0,3
7375,resnet50,550,1.0,6
7376,vgg16,939,1.0,13
7377,vgg19,750,0.7555996769548718,17
7378,efficientnetb0,350,1.0,3
7379,resnet18,550,0.9649971314956884,3
7380,vgg19,939,1.0,15
7381,resnet18,750,1.0,2
7382,vgg19,550,1.0,15
7383,efficientnetb2,750,1.0,3
7384,resnet18,350,1.0,3
7385,efficientnetb2,939,1.0,3
7386,efficientnetb0,750,1.0,3
7387,efficientnetb2,350,1.0,3
7388,resnet50,750,0.8540914514899219,6
7389,efficientnetb0,550,1.0,3
7390,efficientnetb1,939,1.0,3
7391,efficientnetb0,350,1.0,3
7392,vgg19,750,0.9936879963126718,15
7393,efficientnetb2,939,0.6509085704414946,4
7394,vgg19,350,0.9884623593775808,15
7395,vgg19,750,0.9936879963126718,15
7396,vgg16,550,0.9461219284703368,13
7397,resnet50,939,1.0,6
7398,resnet50,939,1.0,6
7399,resnet18,550,1.0,2
7400,vgg16,939,0.8568556422949929,11
7401,efficientnetb0,750,1.0,3
7402,vgg19,750,0.9936879963126718,15
7403,resnet18,939,1.0,2
7404,resnet50,939,1.0,6
7405,densenet121,350,1.0,6
7406,densenet121,350,0.6263678162488967,5
7407,densenet121,939,0.4858756243316292,5
7408,resnet18,750,1.0,2
7409,resnet50,350,1.0,6
7410,efficientnetb1,750,1.0,3
7411,densenet121,939,0.4858756243316292,5
7412,efficientnetb1,750,1.0,3
7413,efficientnetb0,350,1.0,3
7414,efficientnetb0,350,1.0,3
7415,efficientnetb1,550,1.0,3
7416,efficientnetb1,550,1.0,3
7417,densenet121,350,0.6263678162488967,5
7418,vgg19,939,1.0,15
7419,densenet121,350,0.6263678162488967,5
7420,efficientnetb1,550,1.0,3
7421,resnet50,939,1.0,6
7422,efficientnetb2,350,1.0,3
7423,efficientnetb2,550,1.0,3
7424,vgg16,939,1.0,13
7425,efficientnetb1,350,1.0,3
7426,resnet50,350,1.0,6
7427,efficientnetb2,550,1.0,3
7428,efficientnetb1,750,1.0,3
7429,efficientnetb2,550,1.0,3
7430,vgg19,350,0.9884623593775808,15
7431,vgg16,350,0.9150494503700808,13
7432,resnet18,550,1.0,2
7433,vgg19,750,0.9936879963126718,15
7434,densenet121,550,0.6262433485833546,5
7435,resnet50,550,1.0,6
7436,vgg19,939,1.0,15
7437,vgg19,550,1.0,15
7438,efficientnetb0,939,1.0,3
7439,densenet121,350,0.6263678162488967,5
7440,resnet18,939,1.0,2
7441,vgg19,550,1.0,15
7442,resnet50,939,1.0,6
7443,densenet121,550,0.6262433485833546,5
7444,resnet50,550,1.0,6
7445,efficientnetb2,550,1.0,3
7446,densenet121,350,1.0,6
7447,resnet18,350,1.0,3
7448,vgg19,750,0.9936879963126718,15
7449,resnet50,550,1.0,6
7450,resnet18,550,1.0,2
7451,densenet121,350,0.6263678162488967,5
7452,densenet121,550,0.6262433485833546,5
7453,efficientnetb1,939,1.0,3
7454,vgg19,550,0.7603022178684953,17
7455,vgg19,350,0.9884623593775808,15
7456,efficientnetb2,550,1.0,3
7457,resnet50,750,0.8540914514899219,6
7458,resnet18,550,1.0,2
7459,vgg16,350,0.9150494503700808,13
7460,vgg19,550,0.1248786103205342,4
7461,resnet18,750,1.0,2
7462,vgg19,350,0.9884623593775808,15
7463,densenet121,750,0.6549577219091517,5
7464,resnet18,939,1.0,2
7465,vgg16,939,1.0,13
7466,efficientnetb0,350,1.0,3
7467,efficientnetb0,939,1.0,3
7468,densenet121,750,0.6549577219091517,5
7469,efficientnetb2,750,1.0,3
7470,efficientnetb1,750,0.7228690296773087,4
7471,densenet121,939,0.4858756243316292,5
7472,vgg16,939,1.0,13
7473,resnet50,750,0.8540914514899219,6
7474,densenet121,939,0.4858756243316292,5
7475,resnet50,550,1.0,6
7476,vgg16,750,0.9989474447948092,13
7477,vgg19,750,0.9936879963126718,15
7478,efficientnetb0,350,1.0,3
7479,efficientnetb0,350,1.0,3
7480,resnet18,750,1.0,2
7481,densenet121,550,0.6262433485833546,5
7482,efficientnetb1,350,1.0,3
7483,vgg19,939,1.0,15
7484,efficientnetb0,750,1.0,3
7485,vgg16,350,0.9150494503700808,13
7486,efficientnetb0,750,1.0,3
7487,efficientnetb1,939,1.0,3
7488,vgg19,939,1.0,15
7489,vgg19,350,0.9884623593775808,15
7490,resnet18,550,1.0,2
7491,vgg16,939,0.8568556422949929,11
7492,efficientnetb0,550,1.0,3
7493,resnet50,350,1.0,6
7494,efficientnetb1,750,1.0,3
7495,efficientnetb0,939,1.0,3
7496,efficientnetb1,550,1.0,3
7497,densenet121,550,1.0,6
7498,vgg19,550,0.3608150480635607,7
7499,efficientnetb2,550,1.0,3
7500,vgg19,550,1.0,15
7501,vgg16,550,0.9461219284703368,13
7502,vgg16,750,0.8760175184574507,11
7503,resnet18,350,0.9463184463728672,2
7504,vgg16,350,0.9150494503700808,13
7505,vgg19,939,1.0,15
7506,resnet18,750,1.0,2
7507,vgg16,750,0.9989474447948092,13
7508,efficientnetb0,350,1.0,3
7509,efficientnetb2,350,1.0,3
7510,densenet121,550,0.6262433485833546,5
7511,resnet50,750,0.8540914514899219,6
7512,vgg19,350,0.9884623593775808,15
7513,vgg19,550,0.7603022178684953,17
7514,efficientnetb2,550,1.0,3
7515,resnet50,939,1.0,6
7516,efficientnetb1,750,1.0,3
7517,resnet50,939,1.0,6
7518,resnet18,939,1.0,2
7519,resnet50,939,1.0,6
7520,efficientnetb0,550,1.0,3
7521,densenet121,550,0.6262433485833546,5
7522,densenet121,939,0.4858756243316292,5
7523,resnet18,550,1.0,2
7524,resnet50,939,1.0,6
7525,resnet50,939,1.0,6
7526,vgg19,750,0.9936879963126718,15
7527,efficientnetb1,550,1.0,3
7528,densenet121,350,0.6263678162488967,5
7529,efficientnetb1,550,1.0,3
7530,efficientnetb1,750,1.0,3
7531,vgg19,750,0.0,1
7532,resnet50,939,1.0,6
7533,resnet50,550,1.0,6
7534,efficientnetb0,939,1.0,3
7535,resnet18,939,1.0,2
7536,efficientnetb1,939,1.0,3
7537,vgg16,550,0.9461219284703368,13
7538,efficientnetb2,350,1.0,3
7539,efficientnetb2,550,1.0,3
7540,vgg16,550,0.9461219284703368,13
7541,resnet50,350,1.0,6
7542,efficientnetb1,550,1.0,3
7543,vgg16,350,0.9150494503700808,13
7544,efficientnetb2,750,1.0,3
7545,vgg16,550,0.9461219284703368,13
7546,vgg16,750,0.9989474447948092,13
7547,resnet18,750,1.0,2
7548,vgg16,350,0.968053827189964,11
7549,efficientnetb0,350,1.0,3
7550,densenet121,550,0.6262433485833546,5
7551,vgg16,939,1.0,13
7552,resnet18,550,0.9649971314956884,3
7553,vgg16,939,1.0,13
7554,resnet18,350,1.0,3
7555,efficientnetb1,750,1.0,3
7556,resnet18,550,1.0,2
7557,resnet18,750,1.0,2
7558,efficientnetb0,939,1.0,3
7559,vgg19,550,1.0,15
7560,efficientnetb0,939,1.0,3
7561,efficientnetb1,750,1.0,3
7562,resnet50,939,1.0,6
7563,efficientnetb1,750,1.0,3
7564,efficientnetb2,750,1.0,3
7565,resnet50,750,0.8540914514899219,6
7566,densenet121,550,0.6262433485833546,5
7567,resnet18,750,1.0,2
7568,resnet18,939,1.0,2
7569,efficientnetb1,550,1.0,3
7570,vgg16,350,0.9150494503700808,13
7571,resnet18,939,1.0,2
7572,vgg16,350,0.9150494503700808,13
7573,resnet18,350,1.0,3
7574,efficientnetb2,550,1.0,3
7575,resnet18,939,1.0,2
7576,efficientnetb0,550,1.0,3
7577,vgg16,939,1.0,13
7578,resnet18,550,1.0,2
7579,vgg16,939,1.0,13
7580,vgg16,350,0.9150494503700808,13
7581,resnet50,550,0.8215124558966982,7
7582,resnet50,750,0.692684175445151,7
7583,resnet18,350,0.9463184463728672,2
7584,densenet121,350,0.6263678162488967,5
7585,efficientnetb0,750,1.0,3
7586,densenet121,750,0.6549577219091517,5
7587,efficientnetb1,350,1.0,3
7588,resnet18,550,1.0,2
7589,efficientnetb2,350,1.0,3
7590,densenet121,350,0.6263678162488967,5
7591,resnet18,750,1.0,2
7592,resnet50,750,0.8540914514899219,6
7593,densenet121,939,0.4858756243316292,5
7594,vgg19,939,1.0,15
7595,vgg19,750,0.9936879963126718,15
7596,vgg16,750,0.9989474447948092,13
7597,efficientnetb1,350,1.0,3
7598,efficientnetb0,350,1.0,3
7599,resnet50,750,0.8540914514899219,6
7600,vgg16,750,0.9989474447948092,13
7601,vgg19,550,1.0,15
7602,efficientnetb2,350,1.0,3
7603,densenet121,550,0.6262433485833546,5
7604,resnet18,750,1.0,2
7605,efficientnetb2,939,1.0,3
7606,densenet121,350,1.0,6
7607,resnet50,350,0.8169515861153699,7
7608,efficientnetb1,350,1.0,3
7609,efficientnetb0,939,1.0,3
7610,vgg16,350,0.9150494503700808,13
7611,densenet121,750,0.6549577219091517,5
7612,efficientnetb1,550,1.0,3
7613,densenet121,350,0.6263678162488967,5
7614,resnet18,750,1.0,2
7615,vgg19,350,0.9884623593775808,15
7616,vgg19,550,1.0,15
7617,resnet18,550,1.0,2
7618,efficientnetb1,750,1.0,3
7619,resnet18,350,0.9463184463728672,2
7620,efficientnetb2,350,1.0,3
7621,resnet50,939,1.0,6
7622,densenet121,550,0.6262433485833546,5
7623,densenet121,550,1.0,6
7624,resnet18,550,1.0,2
7625,efficientnetb1,350,1.0,3
7626,efficientnetb2,350,1.0,3
7627,efficientnetb1,350,1.0,3
7628,efficientnetb0,939,1.0,3
7629,resnet18,550,1.0,2
7630,vgg19,350,0.9884623593775808,15
7631,efficientnetb2,750,1.0,3
7632,efficientnetb0,350,1.0,3
7633,resnet50,550,1.0,6
7634,efficientnetb0,750,1.0,3
7635,densenet121,550,0.0267032533330688,3
7636,vgg16,939,1.0,13
7637,efficientnetb1,350,1.0,3
7638,resnet18,939,1.0,2
7639,resnet18,350,0.9463184463728672,2
7640,vgg16,550,0.9461219284703368,13
7641,vgg19,750,0.9936879963126718,15
7642,efficientnetb0,550,1.0,3
7643,vgg16,550,0.9461219284703368,13
7644,efficientnetb0,750,1.0,3
7645,efficientnetb0,550,1.0,3
7646,efficientnetb1,750,1.0,3
7647,efficientnetb1,750,1.0,3
7648,densenet121,550,0.6262433485833546,5
7649,efficientnetb0,550,1.0,3
7650,resnet50,939,1.0,6
7651,vgg16,939,1.0,13
7652,efficientnetb2,350,1.0,3
7653,efficientnetb2,350,1.0,3
7654,efficientnetb0,750,1.0,3
7655,densenet121,750,0.6549577219091517,5
7656,efficientnetb2,750,1.0,3
7657,efficientnetb1,939,1.0,3
7658,efficientnetb0,939,1.0,3
7659,resnet18,939,1.0,2
7660,efficientnetb0,750,1.0,3
7661,vgg16,550,0.9461219284703368,13
7662,vgg19,350,0.9884623593775808,15
7663,vgg16,750,0.9989474447948092,13
7664,densenet121,939,0.4858756243316292,5
7665,resnet18,750,1.0,2
7666,densenet121,939,0.4858756243316292,5
7667,resnet18,350,0.9463184463728672,2
7668,efficientnetb1,550,1.0,3
7669,resnet50,939,0.8017819857800019,7
7670,resnet50,750,0.8540914514899219,6
7671,resnet18,939,1.0,2
7672,vgg19,550,1.0,15
7673,efficientnetb1,939,1.0,3
7674,vgg16,550,0.9461219284703368,13
7675,efficientnetb0,750,1.0,3
7676,efficientnetb0,550,1.0,3
7677,resnet50,750,0.8540914514899219,6
7678,vgg19,350,0.9884623593775808,15
7679,resnet18,939,1.0,2
7680,efficientnetb0,350,1.0,3
7681,efficientnetb2,350,1.0,3
7682,vgg16,939,1.0,13
7683,densenet121,750,0.0357436179754728,3
7684,efficientnetb1,550,1.0,3
7685,resnet18,550,0.9649971314956884,3
7686,efficientnetb1,550,1.0,3
7687,resnet18,350,1.0,3
7688,resnet18,350,0.9463184463728672,2
7689,vgg16,550,0.9461219284703368,13
7690,efficientnetb1,350,1.0,3
7691,efficientnetb2,350,1.0,3
7692,efficientnetb0,350,1.0,3
7693,resnet18,350,1.0,3
7694,vgg16,350,0.9150494503700808,13
7695,resnet18,750,1.0,2
7696,densenet121,550,1.0,6
7697,resnet50,350,1.0,6
7698,resnet50,350,0.8169515861153699,7
7699,efficientnetb1,750,1.0,3
7700,vgg19,939,1.0,15
7701,resnet50,750,0.8540914514899219,6
7702,efficientnetb2,550,1.0,3
7703,resnet50,750,0.8540914514899219,6
7704,vgg19,350,0.9884623593775808,15
7705,efficientnetb1,550,1.0,3
7706,resnet18,750,1.0,2
7707,vgg19,350,0.9884623593775808,15
7708,efficientnetb0,750,1.0,3
7709,densenet121,350,0.6263678162488967,5
7710,vgg16,550,0.9461219284703368,13
7711,efficientnetb0,939,1.0,3
7712,efficientnetb1,939,1.0,3
7713,resnet50,550,1.0,6
7714,vgg19,939,1.0,15
7715,vgg16,350,0.9150494503700808,13
7716,resnet50,550,1.0,6
7717,efficientnetb0,939,1.0,3
7718,resnet18,939,1.0,2
7719,efficientnetb0,350,1.0,3
7720,efficientnetb1,350,1.0,3
7721,resnet18,350,0.9463184463728672,2
7722,efficientnetb1,350,1.0,3
7723,resnet18,350,0.9463184463728672,2
7724,vgg16,939,1.0,13
7725,vgg19,750,0.9936879963126718,15
7726,densenet121,750,0.6549577219091517,5
7727,efficientnetb2,939,1.0,3
7728,efficientnetb2,550,1.0,3
7729,efficientnetb1,750,1.0,3
7730,efficientnetb1,350,1.0,3
7731,efficientnetb2,750,1.0,3
7732,vgg16,550,0.9461219284703368,13
7733,densenet121,550,1.0,6
7734,vgg19,750,0.9936879963126718,15
7735,vgg19,350,0.9884623593775808,15
7736,vgg16,350,0.9150494503700808,13
7737,resnet50,550,1.0,6
7738,resnet50,350,0.8169515861153699,7
7739,efficientnetb1,350,1.0,3
7740,vgg16,550,0.9461219284703368,13
7741,efficientnetb1,750,1.0,3
7742,efficientnetb1,750,1.0,3
7743,vgg16,350,0.9150494503700808,13
7744,densenet121,350,1.0,6
7745,efficientnetb0,939,1.0,3
7746,vgg16,939,1.0,13
7747,efficientnetb1,350,1.0,3
7748,resnet18,750,1.0,2
7749,efficientnetb0,939,1.0,3
7750,densenet121,550,0.6262433485833546,5
7751,resnet18,750,1.0,2
7752,efficientnetb2,750,1.0,3
7753,efficientnetb2,550,1.0,3
7754,efficientnetb2,750,1.0,3
7755,efficientnetb0,550,1.0,3
7756,densenet121,550,0.6262433485833546,5
7757,efficientnetb0,350,1.0,3
7758,efficientnetb1,750,1.0,3
7759,resnet18,750,0.9425112246169725,3
7760,resnet18,350,0.9463184463728672,2
7761,efficientnetb2,350,1.0,3
7762,efficientnetb0,750,0.0,1
7763,efficientnetb0,939,1.0,3
7764,resnet18,350,0.9463184463728672,2
7765,vgg16,350,0.9150494503700808,13
7766,efficientnetb2,750,1.0,3
7767,densenet121,939,0.4858756243316292,5
7768,efficientnetb2,939,1.0,3
7769,efficientnetb1,550,1.0,3
7770,efficientnetb1,550,1.0,3
7771,efficientnetb1,550,1.0,3
7772,densenet121,350,1.0,6
7773,vgg19,550,1.0,15
7774,efficientnetb1,550,1.0,3
7775,resnet50,350,0.8169515861153699,7
7776,efficientnetb2,750,1.0,3
7777,resnet18,750,1.0,2
7778,resnet18,350,1.0,3
7779,densenet121,750,0.6549577219091517,5
7780,vgg19,939,1.0,15
7781,vgg16,750,0.9989474447948092,13
7782,efficientnetb1,939,1.0,3
7783,resnet18,350,0.9463184463728672,2
7784,efficientnetb2,550,1.0,3
7785,vgg19,750,0.9936879963126718,15
7786,efficientnetb2,550,1.0,3
7787,efficientnetb2,939,1.0,3
7788,resnet18,750,1.0,2
7789,efficientnetb0,550,1.0,3
7790,resnet50,750,0.8540914514899219,6
7791,efficientnetb0,750,1.0,3
7792,vgg16,350,0.9150494503700808,13
7793,resnet18,939,1.0,2
7794,vgg19,350,0.9884623593775808,15
7795,resnet50,350,1.0,6
7796,resnet50,550,1.0,6
7797,densenet121,550,0.6262433485833546,5
7798,efficientnetb2,350,1.0,3
7799,vgg16,550,0.9461219284703368,13
7800,vgg16,939,1.0,13
7801,vgg16,750,0.9989474447948092,13
7802,densenet121,939,0.4858756243316292,5
7803,efficientnetb1,939,1.0,3
7804,resnet50,750,0.692684175445151,7
7805,efficientnetb1,550,1.0,3
7806,efficientnetb2,550,1.0,3
7807,vgg16,350,0.9150494503700808,13
7808,resnet50,350,1.0,6
7809,densenet121,350,0.6263678162488967,5
7810,resnet18,550,1.0,2
7811,densenet121,350,0.0523859604428457,3
7812,densenet121,939,0.0166311998595305,3
7813,efficientnetb0,550,1.0,3
7814,densenet121,550,0.6262433485833546,5
7815,vgg16,350,0.9150494503700808,13
7816,densenet121,350,0.0523859604428457,3
7817,densenet121,750,0.6549577219091517,5
7818,efficientnetb2,750,1.0,3
7819,resnet18,750,1.0,2
7820,vgg16,750,0.9989474447948092,13
7821,vgg16,750,1.0,14
7822,efficientnetb1,550,1.0,3
7823,resnet18,939,1.0,2
7824,resnet50,939,1.0,6
7825,efficientnetb1,750,1.0,3
7826,efficientnetb1,939,1.0,3
7827,efficientnetb2,939,1.0,3
7828,efficientnetb0,750,1.0,3
7829,vgg16,350,0.9150494503700808,13
7830,resnet50,350,1.0,6
7831,resnet18,550,1.0,2
7832,densenet121,350,0.6263678162488967,5
7833,efficientnetb2,350,1.0,3
7834,resnet50,350,1.0,6
7835,resnet18,939,1.0,2
7836,vgg16,350,0.9150494503700808,13
7837,densenet121,939,0.4858756243316292,5
7838,efficientnetb0,939,1.0,3
7839,efficientnetb1,550,0.6878389778024664,4
7840,densenet121,550,1.0,6
7841,efficientnetb2,750,1.0,3
7842,densenet121,550,0.6262433485833546,5
7843,efficientnetb1,550,1.0,3
7844,vgg16,750,0.9989474447948092,13
7845,resnet50,750,0.8540914514899219,6
7846,efficientnetb2,939,1.0,3
7847,vgg16,939,1.0,13
7848,vgg16,550,0.9461219284703368,13
7849,efficientnetb0,939,1.0,3
7850,vgg16,350,1.0,12
7851,efficientnetb2,750,1.0,3
7852,efficientnetb0,939,1.0,3
7853,vgg19,939,1.0,15
7854,vgg19,550,0.9153142027929496,13
7855,vgg19,350,0.9884623593775808,15
7856,efficientnetb0,350,1.0,3
7857,vgg19,939,1.0,15
7858,efficientnetb0,939,1.0,3
7859,vgg19,550,1.0,15
7860,efficientnetb0,550,1.0,3
7861,efficientnetb2,550,1.0,3
7862,vgg16,750,0.8760175184574507,11
7863,densenet121,750,0.0279532973407523,2
7864,efficientnetb1,550,1.0,3
7865,vgg16,750,0.9989474447948092,13
7866,vgg19,939,1.0,15
7867,resnet50,350,1.0,6
7868,efficientnetb2,939,1.0,3
7869,resnet50,350,0.8169515861153699,7
7870,vgg16,350,0.9150494503700808,13
7871,resnet50,550,1.0,6
7872,vgg19,550,1.0,15
7873,vgg16,550,0.9461219284703368,13
7874,efficientnetb2,939,1.0,3
7875,vgg16,939,1.0,13
7876,efficientnetb1,350,1.0,3
7877,vgg16,750,0.3927521762586766,6
7878,vgg16,550,0.9461219284703368,13
7879,efficientnetb2,750,1.0,3
7880,efficientnetb1,939,1.0,3
7881,resnet50,550,1.0,6
7882,efficientnetb2,750,1.0,3
7883,efficientnetb2,939,1.0,3
7884,resnet18,550,1.0,2
7885,vgg19,939,1.0,15
7886,efficientnetb1,939,1.0,3
7887,vgg16,550,0.9461219284703368,13
7888,efficientnetb1,350,1.0,3
7889,densenet121,350,1.0,6
7890,efficientnetb1,350,1.0,3
7891,efficientnetb2,750,1.0,3
7892,vgg19,350,0.9884623593775808,15
7893,vgg19,750,0.7555996769548718,17
7894,efficientnetb1,750,1.0,3
7895,efficientnetb0,939,1.0,3
7896,efficientnetb0,750,1.0,3
7897,efficientnetb1,939,1.0,3
7898,densenet121,350,0.6263678162488967,5
7899,resnet18,550,1.0,2
7900,resnet50,550,1.0,6
7901,resnet50,350,1.0,6
7902,vgg16,939,1.0,13
7903,efficientnetb1,939,1.0,3
7904,vgg19,750,0.9936879963126718,15
7905,efficientnetb1,750,1.0,3
7906,vgg19,350,0.9884623593775808,15
7907,efficientnetb2,750,0.6313792880026403,4
7908,resnet50,550,1.0,6
7909,efficientnetb1,939,1.0,3
7910,vgg16,750,1.0,14
7911,vgg19,350,0.9884623593775808,15
7912,vgg19,550,1.0,15
7913,efficientnetb0,350,1.0,3
7914,vgg19,350,0.9884623593775808,15
7915,resnet50,939,1.0,6
7916,resnet50,750,0.8540914514899219,6
7917,vgg16,550,0.9461219284703368,13
7918,resnet50,550,0.8215124558966982,7
7919,resnet18,750,1.0,2
7920,densenet121,939,0.4858756243316292,5
7921,resnet50,550,1.0,6
7922,vgg19,939,1.0,15
7923,efficientnetb1,550,1.0,3
7924,efficientnetb0,550,1.0,3
7925,vgg16,350,0.9150494503700808,13
7926,efficientnetb0,350,1.0,3
7927,efficientnetb2,550,0.7219694682129152,4
7928,resnet18,750,1.0,2
7929,efficientnetb1,350,1.0,3
7930,efficientnetb0,750,1.0,3
7931,efficientnetb1,350,1.0,3
7932,efficientnetb1,750,1.0,3
7933,resnet50,350,1.0,6
7934,efficientnetb0,750,1.0,3
7935,efficientnetb0,350,1.0,3
7936,vgg19,939,1.0,15
7937,resnet50,750,0.8540914514899219,6
7938,vgg19,550,1.0,15
7939,vgg16,550,0.9461219284703368,13
7940,vgg16,350,0.9150494503700808,13
7941,efficientnetb1,550,1.0,3
7942,densenet121,350,0.6263678162488967,5
7943,resnet50,750,0.8540914514899219,6
7944,resnet50,939,1.0,6
7945,resnet18,550,1.0,2
7946,resnet18,750,1.0,2
7947,resnet50,750,0.8540914514899219,6
7948,resnet50,550,0.645703014729161,8
7949,efficientnetb2,550,1.0,3
7950,resnet50,350,1.0,6
7951,efficientnetb2,750,1.0,3
7952,resnet18,750,1.0,2
7953,densenet121,550,0.6262433485833546,5
7954,efficientnetb1,750,1.0,3
7955,vgg19,939,1.0,15
7956,vgg19,939,1.0,15
7957,vgg16,350,0.9150494503700808,13
7958,resnet18,750,1.0,2
7959,densenet121,750,0.6549577219091517,5
7960,efficientnetb1,750,1.0,3
7961,resnet50,350,1.0,6
7962,vgg16,550,0.9461219284703368,13
7963,efficientnetb0,939,1.0,3
7964,resnet50,350,1.0,6
7965,resnet18,750,1.0,2
7966,resnet18,350,1.0,3
7967,efficientnetb2,750,1.0,3
7968,efficientnetb0,550,1.0,3
7969,vgg19,550,1.0,15
7970,resnet18,939,1.0,2
7971,efficientnetb1,550,1.0,3
7972,efficientnetb0,939,1.0,3
7973,efficientnetb1,550,1.0,3
7974,resnet50,750,0.8540914514899219,6
7975,efficientnetb2,350,1.0,3
7976,vgg16,939,1.0,13
7977,vgg16,939,1.0,13
7978,resnet50,550,1.0,6
7979,densenet121,939,0.4858756243316292,5
7980,efficientnetb2,550,1.0,3
7981,vgg16,750,0.9989474447948092,13
7982,efficientnetb2,750,1.0,3
7983,efficientnetb1,939,1.0,3
7984,vgg16,939,1.0,13
7985,efficientnetb0,939,1.0,3
7986,vgg16,750,0.9989474447948092,13
7987,efficientnetb1,550,1.0,3
7988,efficientnetb0,750,1.0,3
7989,resnet18,550,1.0,2
7990,densenet121,350,0.6263678162488967,5
7991,resnet18,550,1.0,2
7992,densenet121,750,0.6549577219091517,5
7993,vgg16,550,0.9461219284703368,13
7994,resnet18,350,1.0,3
7995,resnet50,939,1.0,6
7996,resnet50,550,1.0,6
7997,efficientnetb1,750,1.0,3
7998,densenet121,550,1.0,6
7999,vgg16,350,0.968053827189964,11
8000,densenet121,350,0.5134540759121593,7
8001,vgg16,350,0.9150494503700808,13
8002,resnet50,750,0.8540914514899219,6
8003,efficientnetb1,350,1.0,3
8004,resnet18,350,0.9463184463728672,2
8005,vgg16,550,0.0,2
8006,densenet121,550,0.6262433485833546,5
8007,resnet18,750,1.0,2
8008,densenet121,750,0.6549577219091517,5
8009,densenet121,350,0.6263678162488967,5
8010,efficientnetb1,550,1.0,3
8011,vgg16,350,0.9150494503700808,13
8012,efficientnetb1,750,1.0,3
8013,resnet50,350,1.0,6
8014,efficientnetb2,550,1.0,3
8015,resnet50,750,0.8540914514899219,6
8016,vgg19,550,0.9153142027929496,13
8017,resnet18,350,0.9463184463728672,2
8018,vgg19,550,1.0,15
8019,efficientnetb1,750,1.0,3
8020,densenet121,550,0.6262433485833546,5
8021,efficientnetb1,550,1.0,3
8022,vgg19,750,0.9936879963126718,15
8023,efficientnetb1,939,1.0,3
8024,densenet121,350,0.6263678162488967,5
8025,efficientnetb0,350,1.0,3
8026,efficientnetb2,350,1.0,3
8027,efficientnetb0,550,1.0,3
8028,vgg16,550,0.9461219284703368,13
8029,resnet18,550,1.0,2
8030,efficientnetb2,750,1.0,3
8031,vgg19,350,0.9884623593775808,15
8032,densenet121,750,0.6549577219091517,5
8033,vgg19,939,1.0,15
8034,resnet18,350,0.9463184463728672,2
8035,vgg16,550,0.9461219284703368,13
8036,resnet18,550,0.6805816088044464,4
8037,efficientnetb1,350,1.0,3
8038,vgg19,350,0.9884623593775808,15
8039,resnet50,750,0.8540914514899219,6
8040,vgg16,550,0.9461219284703368,13
8041,efficientnetb0,350,1.0,3
8042,efficientnetb0,350,1.0,3
8043,resnet50,750,0.8540914514899219,6
8044,efficientnetb0,750,1.0,3
8045,efficientnetb0,550,1.0,3
8046,efficientnetb2,939,1.0,3
8047,vgg16,550,0.9461219284703368,13
8048,resnet18,939,1.0,2
8049,vgg16,939,1.0,13
8050,resnet50,939,1.0,6
8051,resnet18,750,1.0,2
8052,resnet18,550,1.0,2
8053,vgg16,350,0.9150494503700808,13
8054,vgg19,939,1.0,15
8055,resnet50,350,1.0,6
8056,efficientnetb0,350,1.0,3
8057,efficientnetb1,550,1.0,3
8058,densenet121,939,0.4858756243316292,5
8059,resnet50,550,1.0,6
8060,resnet18,350,0.9463184463728672,2
8061,resnet18,350,1.0,3
8062,vgg16,350,0.9150494503700808,13
8063,efficientnetb2,939,1.0,3
8064,efficientnetb1,550,1.0,3
8065,vgg19,550,1.0,15
8066,efficientnetb2,350,1.0,3
8067,resnet50,350,1.0,6
8068,efficientnetb2,550,1.0,3
8069,efficientnetb1,550,1.0,3
8070,efficientnetb2,550,1.0,3
8071,efficientnetb0,750,1.0,3
8072,resnet50,550,1.0,6
8073,resnet18,350,1.0,3
8074,efficientnetb0,350,1.0,3
8075,vgg16,939,0.7391812735874347,15
8076,efficientnetb2,750,1.0,3
8077,efficientnetb1,750,1.0,3
8078,resnet50,350,1.0,6
8079,densenet121,939,0.4858756243316292,5
8080,resnet18,550,1.0,2
8081,efficientnetb0,750,1.0,3
8082,resnet50,750,0.692684175445151,7
8083,resnet18,750,1.0,2
8084,efficientnetb1,939,1.0,3
8085,vgg19,550,1.0,15
8086,efficientnetb2,550,1.0,3
8087,resnet18,550,1.0,2
8088,resnet50,939,1.0,6
8089,resnet18,550,1.0,2
8090,efficientnetb0,350,1.0,3
8091,vgg19,350,0.9884623593775808,15
8092,efficientnetb1,939,1.0,3
8093,efficientnetb2,350,1.0,3
8094,vgg16,939,1.0,13
8095,efficientnetb2,550,1.0,3
8096,efficientnetb1,350,1.0,3
8097,efficientnetb0,550,1.0,3
8098,efficientnetb0,939,1.0,3
8099,vgg19,350,0.9884623593775808,15
8100,efficientnetb0,350,1.0,3
8101,efficientnetb0,939,1.0,3
8102,resnet18,550,1.0,2
8103,resnet18,350,0.9463184463728672,2
8104,efficientnetb0,939,1.0,3
8105,efficientnetb2,550,1.0,3
8106,vgg16,750,0.9989474447948092,13
8107,efficientnetb0,939,1.0,3
8108,efficientnetb1,550,0.6878389778024664,4
8109,vgg16,750,0.9989474447948092,13
8110,densenet121,750,0.6549577219091517,5
8111,densenet121,350,0.6263678162488967,5
8112,vgg16,350,0.9150494503700808,13
8113,efficientnetb1,939,1.0,3
8114,efficientnetb0,939,1.0,3
8115,resnet50,939,1.0,6
8116,efficientnetb1,550,1.0,3
8117,densenet121,350,0.6263678162488967,5
8118,efficientnetb2,939,1.0,3
8119,efficientnetb2,550,1.0,3
8120,efficientnetb2,939,1.0,3
8121,vgg19,550,1.0,15
8122,efficientnetb1,939,1.0,3
8123,efficientnetb0,750,1.0,3
8124,densenet121,550,1.0,6
8125,resnet18,350,0.9463184463728672,2
8126,vgg19,939,0.3698836387150448,7
8127,vgg16,750,0.9989474447948092,13
8128,resnet18,350,0.9463184463728672,2
8129,vgg16,750,0.9989474447948092,13
8130,efficientnetb0,939,1.0,3
8131,efficientnetb1,350,1.0,3
8132,efficientnetb2,939,1.0,3
8133,efficientnetb2,350,1.0,3
8134,resnet18,750,1.0,2
8135,vgg19,750,0.9936879963126718,15
8136,resnet18,939,1.0,2
8137,resnet18,939,1.0,2
8138,vgg16,350,0.9150494503700808,13
8139,densenet121,550,0.6262433485833546,5
8140,efficientnetb1,939,1.0,3
8141,densenet121,939,1.0,6
8142,densenet121,750,0.6549577219091517,5
8143,efficientnetb2,550,1.0,3
8144,efficientnetb0,550,1.0,3
8145,vgg19,750,0.9936879963126718,15
8146,resnet50,550,1.0,6
8147,resnet50,939,1.0,6
8148,densenet121,350,0.6263678162488967,5
8149,vgg16,350,0.9150494503700808,13
8150,resnet18,350,0.9463184463728672,2
8151,densenet121,350,1.0,6
8152,densenet121,939,1.0,6
8153,efficientnetb0,939,0.6801221238861833,4
8154,efficientnetb1,939,1.0,3
8155,vgg16,550,0.9461219284703368,13
8156,resnet50,750,0.8540914514899219,6
8157,efficientnetb1,939,1.0,3
8158,vgg16,350,0.9150494503700808,13
8159,efficientnetb0,550,1.0,3
8160,efficientnetb1,750,1.0,3
8161,efficientnetb0,750,1.0,3
8162,efficientnetb2,750,1.0,3
8163,resnet50,550,1.0,6
8164,vgg16,350,0.9150494503700808,13
8165,vgg19,550,1.0,15
8166,resnet50,939,1.0,6
8167,resnet18,939,1.0,2
8168,vgg19,750,0.9936879963126718,15
8169,densenet121,939,1.0,6
8170,vgg19,750,0.9936879963126718,15
8171,resnet50,750,0.8540914514899219,6
8172,vgg16,550,0.9461219284703368,13
8173,densenet121,350,0.6263678162488967,5
8174,vgg16,550,0.9461219284703368,13
8175,efficientnetb1,750,1.0,3
8176,vgg19,350,0.9884623593775808,15
8177,resnet50,750,0.8540914514899219,6
8178,efficientnetb1,750,1.0,3
8179,vgg19,550,0.527063884872579,9
8180,vgg19,550,1.0,15
8181,densenet121,550,1.0,6
8182,efficientnetb0,350,1.0,3
8183,vgg19,550,1.0,15
8184,resnet18,750,1.0,2
8185,densenet121,350,1.0,6
8186,efficientnetb2,350,1.0,3
8187,resnet50,550,1.0,6
8188,resnet18,750,1.0,2
8189,efficientnetb0,750,1.0,3
8190,resnet50,350,1.0,6
8191,vgg19,350,0.7874284582909132,17
8192,efficientnetb1,939,1.0,3
8193,efficientnetb2,750,1.0,3
8194,resnet50,550,1.0,6
8195,efficientnetb0,939,1.0,3
8196,efficientnetb2,550,1.0,3
8197,densenet121,550,0.6262433485833546,5
8198,vgg19,750,0.9936879963126718,15
8199,efficientnetb0,550,1.0,3
8200,efficientnetb1,939,1.0,3
8201,efficientnetb2,350,1.0,3
8202,vgg19,750,0.9936879963126718,15
8203,efficientnetb1,750,1.0,3
8204,resnet18,939,1.0,2
8205,efficientnetb1,939,1.0,3
8206,resnet50,750,0.8540914514899219,6
8207,resnet18,550,1.0,2
8208,efficientnetb0,939,1.0,3
8209,efficientnetb0,350,1.0,3
8210,resnet18,750,1.0,2
8211,vgg19,350,0.9884623593775808,15
8212,resnet18,750,1.0,2
8213,efficientnetb2,750,1.0,3
8214,vgg16,350,0.9150494503700808,13
8215,vgg16,750,1.0,14
8216,vgg19,939,1.0,15
8217,vgg16,939,1.0,13
8218,efficientnetb2,750,1.0,3
8219,resnet18,550,1.0,2
8220,vgg19,750,0.9936879963126718,15
8221,efficientnetb1,350,1.0,3
8222,efficientnetb0,750,1.0,3
8223,vgg19,550,1.0,15
8224,efficientnetb1,939,1.0,3
8225,resnet18,550,1.0,2
8226,efficientnetb2,550,1.0,3
8227,vgg16,750,0.9989474447948092,13
8228,densenet121,939,1.0,6
8229,vgg16,939,1.0,13
8230,densenet121,350,1.0,6
8231,vgg19,750,0.9936879963126718,15
8232,vgg16,550,0.6336692532833877,9
8233,vgg19,750,0.9936879963126718,15
8234,efficientnetb1,350,1.0,3
8235,efficientnetb2,550,1.0,3
8236,resnet50,350,1.0,6
8237,densenet121,350,0.083035958882802,12
8238,resnet18,550,1.0,2
8239,efficientnetb1,750,1.0,3
8240,densenet121,550,0.6262433485833546,5
8241,vgg16,350,0.9150494503700808,13
8242,efficientnetb0,750,1.0,3
8243,vgg19,350,0.9884623593775808,15
8244,efficientnetb2,939,0.6509085704414946,4
8245,efficientnetb1,750,1.0,3
8246,efficientnetb2,350,1.0,3
8247,efficientnetb1,939,1.0,3
8248,efficientnetb2,350,1.0,3
8249,efficientnetb1,550,1.0,3
8250,efficientnetb0,550,1.0,3
8251,resnet50,939,1.0,6
8252,vgg19,939,1.0,15
8253,efficientnetb0,750,1.0,3
8254,efficientnetb1,350,1.0,3
8255,densenet121,350,1.0,6
8256,efficientnetb1,550,1.0,3
8257,resnet18,750,1.0,2
8258,efficientnetb0,939,1.0,3
8259,efficientnetb0,750,1.0,3
8260,resnet50,750,0.8540914514899219,6
8261,vgg19,750,0.9936879963126718,15
8262,resnet18,939,1.0,2
8263,resnet50,350,1.0,6
8264,resnet18,939,1.0,2
8265,vgg19,750,0.9936879963126718,15
8266,vgg16,750,0.8760175184574507,11
8267,densenet121,939,0.4858756243316292,5
8268,resnet18,750,1.0,2
8269,vgg16,350,0.9150494503700808,13
8270,vgg16,939,1.0,13
8271,efficientnetb1,550,1.0,3
8272,vgg16,939,0.4187967673445678,7
8273,resnet50,939,1.0,6
8274,vgg16,550,0.9461219284703368,13
8275,resnet18,350,1.0,3
8276,vgg16,939,1.0,13
8277,vgg19,939,1.0,15
8278,efficientnetb0,939,1.0,3
8279,efficientnetb1,750,1.0,3
8280,vgg16,939,1.0,13
8281,resnet18,350,0.9463184463728672,2
8282,densenet121,750,1.0,6
8283,densenet121,550,0.6262433485833546,5
8284,vgg16,939,1.0,13
8285,efficientnetb1,939,1.0,3
8286,resnet18,550,1.0,2
8287,densenet121,750,0.0426596745047148,12
8288,vgg19,350,0.9884623593775808,15
8289,densenet121,939,0.0166311998595305,3
8290,efficientnetb0,750,1.0,3
8291,efficientnetb2,750,1.0,3
8292,efficientnetb0,350,1.0,3
8293,efficientnetb0,350,1.0,3
8294,vgg19,939,1.0,15
8295,efficientnetb2,939,1.0,3
8296,efficientnetb2,939,1.0,3
8297,efficientnetb0,350,1.0,3
8298,densenet121,750,1.0,6
8299,efficientnetb1,550,1.0,3
8300,efficientnetb1,350,1.0,3
8301,resnet50,350,1.0,6
8302,resnet50,750,0.8540914514899219,6
8303,resnet18,550,1.0,2
8304,vgg16,750,0.9989474447948092,13
8305,efficientnetb2,750,1.0,3
8306,resnet50,750,0.8540914514899219,6
8307,vgg16,550,0.9461219284703368,13
8308,densenet121,550,1.0,6
8309,efficientnetb2,939,1.0,3
8310,efficientnetb1,550,1.0,3
8311,vgg16,550,0.9461219284703368,13
8312,densenet121,750,1.0,6
8313,resnet50,550,1.0,6
8314,resnet18,550,1.0,2
8315,vgg16,550,0.6395986703296175,8
8316,vgg16,550,0.9461219284703368,13
8317,efficientnetb1,939,1.0,3
8318,efficientnetb0,939,1.0,3
8319,vgg16,550,0.9461219284703368,13
8320,vgg16,350,0.9150494503700808,13
8321,efficientnetb1,939,1.0,3
8322,vgg19,939,1.0,15
8323,resnet18,939,1.0,2
8324,efficientnetb2,550,1.0,3
8325,resnet18,750,1.0,2
8326,vgg19,550,1.0,15
8327,resnet50,939,1.0,6
8328,densenet121,550,0.1132152876154946,4
8329,efficientnetb2,550,1.0,3
8330,efficientnetb0,350,1.0,3
8331,vgg19,939,1.0,15
8332,efficientnetb1,550,1.0,3
8333,efficientnetb0,750,1.0,3
8334,resnet50,550,1.0,6
8335,resnet50,550,1.0,6
8336,vgg16,550,0.9461219284703368,13
8337,resnet50,750,0.8540914514899219,6
8338,resnet50,939,1.0,6
8339,densenet121,750,0.6549577219091517,5
8340,vgg16,750,0.9989474447948092,13
8341,vgg19,550,1.0,15
8342,resnet50,939,1.0,6
8343,vgg19,350,0.7047271852759325,10
8344,resnet50,350,1.0,6
8345,resnet50,550,1.0,6
8346,efficientnetb1,939,1.0,3
8347,vgg19,550,1.0,15
8348,efficientnetb0,350,1.0,3
8349,resnet50,939,1.0,6
8350,resnet18,939,1.0,2
8351,resnet50,939,1.0,6
8352,efficientnetb0,750,1.0,3
8353,vgg16,939,1.0,13
8354,efficientnetb0,350,1.0,3
8355,efficientnetb1,350,1.0,3
8356,densenet121,550,0.6262433485833546,5
8357,resnet18,750,0.9425112246169725,3
8358,efficientnetb2,750,1.0,3
8359,efficientnetb2,550,1.0,3
8360,densenet121,939,0.4858756243316292,5
8361,efficientnetb2,350,1.0,3
8362,vgg16,350,0.9150494503700808,13
8363,vgg19,939,1.0,15
8364,resnet18,350,0.9463184463728672,2
8365,efficientnetb2,939,1.0,3
8366,densenet121,939,0.4858756243316292,5
8367,efficientnetb0,350,1.0,3
8368,resnet50,350,0.8169515861153699,7
8369,efficientnetb0,939,1.0,3
8370,efficientnetb0,550,1.0,3
8371,efficientnetb2,750,1.0,3
8372,efficientnetb2,350,1.0,3
8373,efficientnetb1,350,1.0,3
8374,densenet121,750,1.0,6
8375,efficientnetb1,350,1.0,3
8376,resnet50,550,1.0,6
8377,resnet18,350,0.9463184463728672,2
8378,efficientnetb2,550,1.0,3
8379,densenet121,939,0.4858756243316292,5
8380,vgg19,939,1.0,15
8381,resnet50,750,0.8540914514899219,6
8382,efficientnetb2,550,1.0,3
8383,efficientnetb0,350,1.0,3
8384,efficientnetb0,939,0.245393377540531,2
8385,efficientnetb2,939,1.0,3
8386,efficientnetb2,350,1.0,3
8387,resnet18,939,1.0,2
8388,densenet121,750,0.6549577219091517,5
8389,efficientnetb2,939,1.0,3
8390,densenet121,350,0.6263678162488967,5
8391,resnet18,550,1.0,2
8392,vgg16,939,1.0,13
8393,efficientnetb2,550,1.0,3
8394,resnet18,350,0.9463184463728672,2
8395,efficientnetb1,350,1.0,3
8396,vgg16,939,1.0,13
8397,vgg16,939,1.0,13
8398,efficientnetb2,350,1.0,3
8399,densenet121,750,1.0,6
8400,densenet121,939,0.0166311998595305,3
8401,efficientnetb0,550,1.0,3
8402,efficientnetb1,350,1.0,3
8403,densenet121,939,0.4858756243316292,5
8404,densenet121,350,0.6263678162488967,5
8405,resnet50,350,1.0,6
8406,vgg16,550,0.9461219284703368,13
8407,resnet18,939,0.9772814215247084,3
8408,resnet50,350,1.0,6
8409,efficientnetb0,550,1.0,3
8410,vgg19,550,1.0,15
8411,efficientnetb0,350,1.0,3
8412,resnet50,550,1.0,6
8413,vgg16,550,0.9461219284703368,13
8414,densenet121,939,1.0,6
8415,vgg16,350,0.9150494503700808,13
8416,densenet121,350,0.6263678162488967,5
8417,vgg16,750,0.9989474447948092,13
8418,efficientnetb0,750,1.0,3
8419,efficientnetb2,550,1.0,3
8420,densenet121,350,0.5134540759121593,7
8421,resnet18,939,1.0,2
8422,vgg19,350,0.9884623593775808,15
8423,efficientnetb2,350,0.65175093664593,4
8424,vgg16,750,0.9989474447948092,13
8425,efficientnetb0,350,1.0,3
8426,densenet121,550,0.6262433485833546,5
8427,efficientnetb1,939,1.0,3
8428,vgg16,550,0.9461219284703368,13
8429,efficientnetb2,350,1.0,3
8430,resnet50,939,1.0,6
8431,densenet121,939,0.4858756243316292,5
8432,efficientnetb1,550,1.0,3
8433,efficientnetb0,750,1.0,3
8434,densenet121,550,0.6262433485833546,5
8435,resnet50,350,1.0,6
8436,efficientnetb1,550,1.0,3
8437,densenet121,750,0.6549577219091517,5
8438,efficientnetb0,550,1.0,3
8439,vgg19,550,1.0,15
8440,resnet50,750,0.8540914514899219,6
8441,efficientnetb0,939,1.0,3
8442,resnet18,939,0.9772814215247084,3
8443,resnet18,350,0.9463184463728672,2
8444,efficientnetb0,750,1.0,3
8445,efficientnetb2,350,1.0,3
8446,efficientnetb1,750,1.0,3
8447,resnet50,939,1.0,6
8448,efficientnetb1,750,1.0,3
8449,efficientnetb0,550,1.0,3
8450,efficientnetb1,750,1.0,3
8451,efficientnetb2,939,1.0,3
8452,efficientnetb1,550,1.0,3
8453,efficientnetb0,350,1.0,3
8454,densenet121,939,1.0,6
8455,efficientnetb1,350,1.0,3
8456,efficientnetb0,550,1.0,3
8457,efficientnetb0,939,1.0,3
8458,resnet18,750,1.0,2
8459,resnet50,350,1.0,6
8460,vgg16,350,0.9150494503700808,13
8461,vgg19,939,1.0,15
8462,vgg16,939,1.0,13
8463,efficientnetb1,550,1.0,3
8464,efficientnetb0,350,1.0,3
8465,efficientnetb1,350,1.0,3
8466,densenet121,350,1.0,6
8467,efficientnetb0,550,1.0,3
8468,resnet50,350,1.0,6
8469,vgg16,550,0.9461219284703368,13
8470,densenet121,350,1.0,6
8471,resnet50,550,0.8215124558966982,7
8472,resnet18,939,1.0,2
8473,vgg16,939,0.986973209346794,14
8474,vgg19,550,1.0,15
8475,efficientnetb0,350,1.0,3
8476,vgg16,750,0.9989474447948092,13
8477,efficientnetb2,750,1.0,3
8478,efficientnetb0,550,1.0,3
8479,resnet50,350,0.8169515861153699,7
8480,resnet18,550,1.0,2
8481,vgg19,939,1.0,15
8482,efficientnetb1,939,1.0,3
8483,efficientnetb1,939,1.0,3
8484,resnet50,550,0.8215124558966982,7
8485,efficientnetb2,350,1.0,3
8486,resnet50,939,1.0,6
8487,resnet18,750,1.0,2
8488,resnet18,350,0.9463184463728672,2
8489,resnet50,350,1.0,6
8490,densenet121,750,0.6549577219091517,5
8491,resnet18,939,1.0,2
8492,vgg19,939,0.0,2
8493,efficientnetb2,350,1.0,3
8494,resnet50,750,0.8540914514899219,6
8495,resnet50,350,0.8169515861153699,7
8496,efficientnetb1,550,1.0,3
8497,resnet50,350,0.8169515861153699,7
8498,efficientnetb2,550,1.0,3
8499,vgg16,939,1.0,13
8500,resnet50,550,1.0,6
8501,efficientnetb1,939,1.0,3
8502,resnet18,550,1.0,2
8503,vgg19,550,1.0,15
8504,efficientnetb2,350,1.0,3
8505,efficientnetb1,350,1.0,3
8506,resnet50,750,0.8540914514899219,6
8507,efficientnetb0,550,1.0,3
8508,efficientnetb2,750,1.0,3
8509,resnet18,350,0.9463184463728672,2
8510,resnet18,350,0.9463184463728672,2
8511,densenet121,939,1.0,6
8512,densenet121,750,0.6549577219091517,5
8513,densenet121,350,1.0,6
8514,densenet121,750,0.6549577219091517,5
8515,resnet18,750,1.0,2
8516,densenet121,750,1.0,6
8517,efficientnetb0,350,1.0,3
8518,resnet18,750,1.0,2
8519,vgg19,350,0.9884623593775808,15
8520,efficientnetb1,750,1.0,3
8521,vgg16,550,0.9461219284703368,13
8522,vgg19,939,1.0,15
8523,efficientnetb2,750,0.0,1
8524,efficientnetb0,939,1.0,3
8525,vgg19,350,0.7647138013706365,12
8526,efficientnetb1,939,1.0,3
8527,densenet121,350,0.6263678162488967,5
8528,resnet50,939,1.0,6
8529,resnet50,750,0.8540914514899219,6
8530,vgg16,350,0.9150494503700808,13
8531,efficientnetb0,750,1.0,3
8532,resnet50,350,1.0,6
8533,efficientnetb0,939,1.0,3
8534,vgg19,939,1.0,15
8535,densenet121,750,1.0,6
8536,densenet121,350,1.0,6
8537,efficientnetb1,939,1.0,3
8538,efficientnetb2,750,1.0,3
8539,densenet121,350,0.6263678162488967,5
8540,resnet50,750,0.8540914514899219,6
8541,efficientnetb1,550,1.0,3
8542,efficientnetb2,750,1.0,3
8543,efficientnetb2,550,1.0,3
8544,vgg19,350,0.9884623593775808,15
8545,vgg16,939,1.0,13
8546,efficientnetb2,939,1.0,3
8547,efficientnetb1,350,1.0,3
8548,efficientnetb2,350,1.0,3
8549,efficientnetb1,350,1.0,3
8550,resnet18,750,1.0,2
8551,densenet121,750,1.0,6
8552,resnet18,750,1.0,2
8553,resnet18,939,0.9772814215247084,3
8554,efficientnetb2,350,1.0,3
8555,vgg19,350,0.9884623593775808,15
8556,densenet121,939,1.0,6
8557,efficientnetb1,350,1.0,3
8558,densenet121,939,1.0,6
8559,densenet121,350,0.6263678162488967,5
8560,efficientnetb2,939,1.0,3
8561,efficientnetb2,350,1.0,3
8562,resnet18,550,1.0,2
8563,resnet50,350,1.0,6
8564,efficientnetb2,350,1.0,3
8565,densenet121,350,1.0,6
8566,efficientnetb1,939,1.0,3
8567,efficientnetb1,750,1.0,3
8568,densenet121,350,0.6263678162488967,5
8569,vgg16,350,0.9150494503700808,13
8570,densenet121,350,1.0,6
8571,efficientnetb0,939,1.0,3
8572,efficientnetb2,750,1.0,3
8573,resnet18,939,1.0,2
8574,efficientnetb2,750,1.0,3
8575,efficientnetb0,939,1.0,3
8576,efficientnetb2,750,1.0,3
8577,resnet18,550,1.0,2
8578,densenet121,350,1.0,6
8579,densenet121,350,1.0,6
8580,efficientnetb2,750,1.0,3
8581,vgg19,550,1.0,15
8582,densenet121,750,1.0,6
8583,resnet18,939,0.9772814215247084,3
8584,vgg16,350,0.9150494503700808,13
8585,efficientnetb2,550,0.7219694682129152,4
8586,efficientnetb2,350,1.0,3
8587,resnet50,550,1.0,6
8588,efficientnetb1,939,1.0,3
8589,vgg19,550,1.0,15
8590,resnet18,750,1.0,2
8591,efficientnetb2,750,1.0,3
8592,resnet50,350,1.0,6
8593,resnet50,350,1.0,6
8594,resnet18,750,1.0,2
8595,efficientnetb2,550,1.0,3
8596,efficientnetb1,939,1.0,3
8597,resnet18,550,1.0,2
8598,efficientnetb2,550,1.0,3
8599,vgg16,350,0.968053827189964,11
8600,vgg16,939,1.0,13
8601,efficientnetb0,550,1.0,3
8602,efficientnetb1,350,1.0,3
8603,vgg16,939,1.0,13
8604,resnet50,550,1.0,6
8605,densenet121,350,0.6263678162488967,5
8606,resnet50,350,1.0,6
8607,resnet50,350,1.0,6
8608,resnet18,750,1.0,2
8609,vgg19,939,1.0,15
8610,vgg16,939,1.0,13
8611,efficientnetb1,750,1.0,3
8612,resnet50,550,1.0,6
8613,vgg16,939,1.0,13
8614,efficientnetb1,550,1.0,3
8615,vgg16,750,0.3719773828090447,7
8616,densenet121,550,0.6262433485833546,5
8617,vgg19,550,1.0,15
8618,vgg16,350,0.9150494503700808,13
8619,efficientnetb2,939,1.0,3
8620,vgg19,750,0.9936879963126718,15
8621,resnet50,750,0.8540914514899219,6
8622,resnet50,550,1.0,6
8623,resnet50,750,0.8540914514899219,6
8624,densenet121,750,1.0,6
8625,densenet121,750,1.0,6
8626,resnet50,350,1.0,6
8627,resnet18,939,1.0,2
8628,efficientnetb1,750,1.0,3
8629,efficientnetb0,939,1.0,3
8630,efficientnetb0,350,1.0,3
8631,vgg16,350,0.9150494503700808,13
8632,vgg19,750,0.9936879963126718,15
8633,efficientnetb2,750,1.0,3
8634,densenet121,750,0.0983602208090902,4
8635,resnet50,939,1.0,6
8636,vgg16,750,0.8760175184574507,11
8637,vgg19,750,0.9936879963126718,15
8638,vgg19,550,1.0,15
8639,vgg16,350,0.9150494503700808,13
8640,efficientnetb0,550,1.0,3
8641,efficientnetb2,750,1.0,3
8642,vgg16,550,0.9461219284703368,13
8643,resnet18,550,0.46598992776295,5
8644,efficientnetb2,939,1.0,3
8645,vgg16,350,0.451298059329941,6
8646,efficientnetb2,350,1.0,3
8647,efficientnetb1,350,1.0,3
8648,efficientnetb1,939,1.0,3
8649,efficientnetb2,939,1.0,3
8650,efficientnetb0,750,1.0,3
8651,resnet50,550,1.0,6
8652,efficientnetb1,350,1.0,3
8653,vgg19,350,0.9884623593775808,15
8654,vgg16,550,0.9599292331742392,11
8655,vgg16,350,0.9150494503700808,13
8656,resnet18,350,0.9463184463728672,2
8657,efficientnetb2,350,1.0,3
8658,resnet50,750,0.8540914514899219,6
8659,vgg19,550,1.0,15
8660,efficientnetb1,939,1.0,3
8661,efficientnetb2,750,1.0,3
8662,densenet121,550,1.0,6
8663,vgg19,550,1.0,15
8664,resnet18,550,1.0,2
8665,efficientnetb1,550,1.0,3
8666,vgg16,939,1.0,13
8667,vgg19,550,1.0,15
8668,resnet18,350,1.0,3
8669,efficientnetb1,350,1.0,3
8670,densenet121,550,1.0,6
8671,efficientnetb0,350,1.0,3
8672,efficientnetb2,939,1.0,3
8673,resnet18,550,1.0,2
8674,resnet50,750,0.8540914514899219,6
8675,densenet121,350,0.6263678162488967,5
8676,efficientnetb0,550,1.0,3
8677,densenet121,350,1.0,6
8678,resnet50,939,1.0,6
8679,vgg16,350,0.9150494503700808,13
8680,resnet50,550,1.0,6
8681,densenet121,550,1.0,6
8682,efficientnetb1,550,1.0,3
8683,efficientnetb1,350,1.0,3
8684,densenet121,750,0.0983602208090902,4
8685,vgg19,750,0.9936879963126718,15
8686,densenet121,750,1.0,6
8687,vgg16,939,1.0,13
8688,efficientnetb2,350,1.0,3
8689,densenet121,550,0.0267032533330688,3
8690,efficientnetb1,350,1.0,3
8691,efficientnetb2,750,1.0,3
8692,resnet18,550,1.0,2
8693,efficientnetb0,550,1.0,3
8694,vgg16,750,0.9989474447948092,13
8695,resnet50,939,1.0,6
8696,vgg19,750,0.9936879963126718,15
8697,efficientnetb0,939,1.0,3
8698,resnet18,350,0.9463184463728672,2
8699,efficientnetb2,750,1.0,3
8700,vgg19,350,0.9884623593775808,15
8701,efficientnetb1,939,1.0,3
8702,vgg16,350,0.9150494503700808,13
8703,efficientnetb1,350,1.0,3
8704,densenet121,550,0.6262433485833546,5
8705,efficientnetb1,350,1.0,3
8706,densenet121,350,1.0,6
8707,vgg16,750,0.9989474447948092,13
8708,efficientnetb0,939,1.0,3
8709,vgg19,750,0.9936879963126718,15
8710,resnet18,750,1.0,2
8711,resnet18,939,1.0,2
8712,resnet50,939,1.0,6
8713,vgg19,939,1.0,15
8714,densenet121,550,1.0,6
8715,vgg16,939,1.0,13
8716,efficientnetb0,350,1.0,3
8717,efficientnetb0,550,0.7484594574197447,4
8718,efficientnetb2,750,1.0,3
8719,resnet50,550,1.0,6
8720,vgg16,550,0.9461219284703368,13
8721,resnet18,350,0.6798528330010116,4
8722,efficientnetb0,939,1.0,3
8723,vgg19,350,0.9884623593775808,15
8724,vgg16,550,0.9461219284703368,13
8725,resnet18,350,0.9463184463728672,2
8726,efficientnetb1,550,1.0,3
8727,vgg19,550,1.0,15
8728,vgg16,350,0.9150494503700808,13
8729,vgg19,939,1.0,15
8730,efficientnetb2,939,1.0,3
8731,efficientnetb2,750,1.0,3
8732,resnet18,550,1.0,2
8733,efficientnetb2,550,1.0,3
8734,efficientnetb0,939,1.0,3
8735,resnet50,939,1.0,6
8736,efficientnetb0,750,1.0,3
8737,vgg19,939,1.0,15
8738,densenet121,350,1.0,6
8739,resnet18,550,1.0,2
8740,vgg19,350,0.9884623593775808,15
8741,resnet18,350,0.9463184463728672,2
8742,vgg16,550,0.9461219284703368,13
8743,resnet50,939,1.0,6
8744,efficientnetb1,550,1.0,3
8745,vgg16,350,0.968053827189964,11
8746,densenet121,750,1.0,6
8747,vgg16,939,0.8568556422949929,11
8748,vgg19,939,1.0,15
8749,densenet121,350,0.6263678162488967,5
8750,resnet50,350,1.0,6
8751,efficientnetb1,550,1.0,3
8752,resnet50,550,1.0,6
8753,resnet50,350,1.0,6
8754,vgg19,550,1.0,15
8755,resnet50,550,0.8215124558966982,7
8756,efficientnetb1,939,1.0,3
8757,efficientnetb1,350,1.0,3
8758,vgg16,350,0.9150494503700808,13
8759,efficientnetb2,350,1.0,3
8760,efficientnetb2,550,1.0,3
8761,vgg16,939,1.0,13
8762,efficientnetb1,939,1.0,3
8763,resnet18,939,0.9772814215247084,3
8764,densenet121,750,0.6549577219091517,5
8765,efficientnetb1,550,1.0,3
8766,densenet121,750,1.0,6
8767,densenet121,550,1.0,6
8768,vgg19,750,0.9936879963126718,15
8769,efficientnetb1,939,1.0,3
8770,efficientnetb0,939,1.0,3
8771,vgg16,939,0.8548072768189431,12
8772,efficientnetb2,750,1.0,3
8773,resnet50,350,1.0,6
8774,vgg16,750,0.9989474447948092,13
8775,resnet18,350,0.9463184463728672,2
8776,resnet50,939,1.0,6
8777,vgg16,550,0.4554756020263791,7
8778,vgg16,350,0.9150494503700808,13
8779,densenet121,550,0.6262433485833546,5
8780,efficientnetb1,750,1.0,3
8781,densenet121,939,1.0,6
8782,efficientnetb0,350,1.0,3
8783,efficientnetb1,750,1.0,3
8784,efficientnetb2,750,1.0,3
8785,efficientnetb0,939,1.0,3
8786,densenet121,550,1.0,6
8787,densenet121,350,0.6263678162488967,5
8788,densenet121,550,1.0,6
8789,vgg19,939,0.783629319224574,17
8790,resnet50,939,1.0,6
8791,resnet18,350,1.0,3
8792,densenet121,550,1.0,6
8793,densenet121,750,1.0,6
8794,resnet18,550,1.0,2
8795,densenet121,350,0.0523859604428457,3
8796,resnet50,550,1.0,6
8797,efficientnetb0,939,1.0,3
8798,efficientnetb0,350,1.0,3
8799,vgg16,550,0.9461219284703368,13
8800,vgg16,550,0.9461219284703368,13
8801,resnet18,750,1.0,2
8802,vgg19,550,1.0,15
8803,efficientnetb1,550,1.0,3
8804,resnet18,750,1.0,2
8805,resnet50,350,0.8169515861153699,7
8806,efficientnetb0,750,1.0,3
8807,efficientnetb1,550,1.0,3
8808,vgg16,750,0.9989474447948092,13
8809,vgg16,939,1.0,13
8810,vgg16,550,0.9461219284703368,13
8811,resnet50,550,1.0,6
8812,resnet18,939,1.0,2
8813,efficientnetb1,750,1.0,3
8814,efficientnetb0,939,1.0,3
8815,vgg19,550,0.7603022178684953,17
8816,vgg16,939,1.0,13
8817,efficientnetb0,350,1.0,3
8818,vgg19,350,0.9884623593775808,15
8819,vgg19,750,0.9936879963126718,15
8820,densenet121,550,0.6262433485833546,5
8821,resnet18,939,1.0,2
8822,vgg19,750,0.9936879963126718,15
8823,efficientnetb2,550,1.0,3
8824,resnet18,750,1.0,2
8825,resnet18,750,1.0,2
8826,vgg16,750,0.9989474447948092,13
8827,densenet121,350,0.529578650458239,8
8828,efficientnetb0,750,1.0,3
8829,resnet18,350,0.9463184463728672,2
8830,efficientnetb1,939,1.0,3
8831,resnet18,350,0.9463184463728672,2
8832,resnet50,350,0.8169515861153699,7
8833,efficientnetb0,750,1.0,3
8834,efficientnetb2,939,1.0,3
8835,resnet50,750,0.8540914514899219,6
8836,efficientnetb0,350,1.0,3
8837,resnet18,750,1.0,2
8838,densenet121,939,1.0,6
8839,resnet50,350,1.0,6
8840,vgg19,350,0.9884623593775808,15
8841,resnet18,350,0.9463184463728672,2
8842,densenet121,550,1.0,6
8843,vgg19,750,0.9936879963126718,15
8844,vgg16,350,0.9150494503700808,13
8845,resnet18,350,0.9463184463728672,2
8846,resnet18,750,1.0,2
8847,vgg19,350,0.9884623593775808,15
8848,vgg19,550,1.0,15
8849,vgg16,550,0.9461219284703368,13
8850,efficientnetb2,350,1.0,3
8851,efficientnetb1,550,1.0,3
8852,efficientnetb2,350,1.0,3
8853,efficientnetb2,750,1.0,3
8854,densenet121,350,1.0,6
8855,efficientnetb2,750,1.0,3
8856,densenet121,350,1.0,6
8857,resnet50,550,1.0,6
8858,vgg19,939,1.0,15
8859,vgg19,750,0.9936879963126718,15
8860,efficientnetb0,750,1.0,3
8861,vgg16,550,0.9461219284703368,13
8862,efficientnetb0,350,1.0,3
8863,efficientnetb2,350,1.0,3
8864,vgg16,350,0.9150494503700808,13
8865,efficientnetb2,550,1.0,3
8866,densenet121,550,0.6262433485833546,5
8867,efficientnetb1,350,1.0,3
8868,efficientnetb2,939,1.0,3
8869,efficientnetb1,350,1.0,3
8870,densenet121,350,1.0,6
8871,densenet121,350,1.0,6
8872,efficientnetb0,350,1.0,3
8873,efficientnetb0,750,1.0,3
8874,resnet18,350,0.9463184463728672,2
8875,efficientnetb1,939,1.0,3
8876,vgg19,939,1.0,15
8877,efficientnetb2,939,1.0,3
8878,densenet121,939,0.4858756243316292,5
8879,vgg16,550,0.9599292331742392,11
8880,resnet50,939,1.0,6
8881,efficientnetb0,550,1.0,3
8882,resnet18,939,1.0,2
8883,vgg19,550,1.0,15
8884,densenet121,750,1.0,6
8885,efficientnetb0,550,1.0,3
8886,resnet18,939,1.0,2
8887,vgg16,550,0.9461219284703368,13
8888,efficientnetb0,350,1.0,3
8889,efficientnetb1,939,1.0,3
8890,resnet18,350,0.9463184463728672,2
8891,efficientnetb0,350,1.0,3
8892,vgg16,939,0.8568556422949929,11
8893,efficientnetb2,939,1.0,3
8894,vgg16,550,0.9599292331742392,11
8895,resnet50,550,1.0,6
8896,efficientnetb0,350,1.0,3
8897,densenet121,550,0.6262433485833546,5
8898,efficientnetb2,550,1.0,3
8899,efficientnetb2,939,1.0,3
8900,efficientnetb2,350,1.0,3
8901,densenet121,550,1.0,6
8902,resnet18,750,1.0,2
8903,resnet18,939,1.0,2
8904,efficientnetb1,939,1.0,3
8905,densenet121,750,1.0,6
8906,vgg16,939,1.0,13
8907,vgg16,550,0.9599292331742392,11
8908,efficientnetb1,350,1.0,3
8909,efficientnetb2,350,1.0,3
8910,vgg16,750,0.9989474447948092,13
8911,densenet121,939,1.0,6
8912,resnet18,939,1.0,2
8913,resnet18,350,0.9463184463728672,2
8914,vgg19,350,0.9884623593775808,15
8915,resnet18,350,0.9463184463728672,2
8916,efficientnetb1,350,1.0,3
8917,efficientnetb0,350,1.0,3
8918,resnet50,939,1.0,6
8919,efficientnetb1,550,1.0,3
8920,resnet18,350,0.9463184463728672,2
8921,vgg16,350,0.968053827189964,11
8922,densenet121,550,1.0,6
8923,efficientnetb1,350,1.0,3
8924,vgg19,939,1.0,15
8925,densenet121,750,1.0,6
8926,vgg19,550,1.0,15
8927,vgg19,750,0.9936879963126718,15
8928,vgg16,750,0.9989474447948092,13
8929,vgg19,939,1.0,15
8930,efficientnetb0,750,1.0,3
8931,vgg19,939,1.0,15
8932,vgg16,350,0.968053827189964,11
8933,vgg19,550,1.0,15
8934,densenet121,550,1.0,6
8935,efficientnetb0,550,1.0,3
8936,resnet18,750,1.0,2
8937,vgg16,550,0.9599292331742392,11
8938,efficientnetb0,750,1.0,3
8939,efficientnetb2,750,1.0,3
8940,vgg16,350,0.968053827189964,11
8941,resnet50,939,1.0,6
8942,vgg16,350,0.968053827189964,11
8943,resnet18,550,1.0,2
8944,vgg19,750,0.9936879963126718,15
8945,densenet121,750,0.6549577219091517,5
8946,efficientnetb0,939,1.0,3
8947,densenet121,750,0.6549577219091517,5
8948,efficientnetb0,750,1.0,3
8949,vgg19,550,1.0,15
8950,efficientnetb2,350,1.0,3
8951,vgg19,550,1.0,15
8952,efficientnetb1,750,1.0,3
8953,efficientnetb0,939,1.0,3
8954,efficientnetb0,750,1.0,3
8955,vgg19,550,1.0,15
8956,vgg19,550,1.0,15
8957,efficientnetb2,550,1.0,3
8958,vgg19,750,0.9936879963126718,15
8959,vgg16,939,0.8568556422949929,11
8960,efficientnetb2,350,1.0,3
8961,resnet18,939,1.0,2
8962,efficientnetb1,939,1.0,3
8963,resnet50,939,1.0,6
8964,vgg16,939,1.0,13
8965,vgg19,750,0.7555996769548718,17
8966,vgg19,350,0.9722792391750928,13
8967,resnet50,550,0.8215124558966982,7
8968,efficientnetb2,350,1.0,3
8969,efficientnetb0,939,1.0,3
8970,resnet18,350,0.9463184463728672,2
8971,efficientnetb1,550,1.0,3
8972,efficientnetb2,350,1.0,3
8973,resnet18,939,1.0,2
8974,densenet121,750,1.0,6
8975,resnet50,350,1.0,6
8976,vgg16,350,0.968053827189964,11
8977,efficientnetb1,939,1.0,3
8978,efficientnetb0,939,1.0,3
8979,vgg16,750,0.9989474447948092,13
8980,efficientnetb1,550,1.0,3
8981,efficientnetb0,750,1.0,3
8982,efficientnetb2,939,1.0,3
8983,efficientnetb0,750,1.0,3
8984,densenet121,550,1.0,6
8985,vgg19,550,1.0,15
8986,vgg16,750,0.8760175184574507,11
8987,vgg19,550,1.0,15
8988,efficientnetb0,350,1.0,3
8989,densenet121,350,0.6263678162488967,5
8990,resnet50,550,1.0,6
8991,resnet50,350,1.0,6
8992,resnet50,550,1.0,6
8993,resnet50,550,1.0,6
8994,efficientnetb0,939,1.0,3
8995,efficientnetb2,750,1.0,3
8996,vgg16,750,0.9989474447948092,13
8997,efficientnetb2,939,1.0,3
8998,vgg19,750,0.9936879963126718,15
8999,vgg19,750,0.9936879963126718,15
9000,densenet121,550,1.0,6
9001,efficientnetb2,939,1.0,3
9002,vgg19,939,1.0,15
9003,vgg16,939,0.8568556422949929,11
9004,efficientnetb2,550,1.0,3
9005,resnet50,350,1.0,6
9006,vgg16,939,0.8568556422949929,11
9007,efficientnetb0,939,1.0,3
9008,vgg16,939,0.8568556422949929,11
9009,vgg16,350,0.9150494503700808,13
9010,efficientnetb0,350,0.7221681243288518,4
9011,densenet121,750,1.0,6
9012,densenet121,939,0.4858756243316292,5
9013,vgg16,350,0.968053827189964,11
9014,efficientnetb0,350,1.0,3
9015,densenet121,550,1.0,6
9016,vgg19,350,0.9884623593775808,15
9017,densenet121,350,1.0,6
9018,vgg19,550,1.0,15
9019,densenet121,939,1.0,6
9020,efficientnetb1,550,1.0,3
9021,vgg19,550,1.0,15
9022,efficientnetb2,939,1.0,3
9023,efficientnetb0,550,0.290069122860228,2
9024,densenet121,350,1.0,6
9025,efficientnetb2,550,1.0,3
9026,efficientnetb1,550,1.0,3
9027,vgg19,550,1.0,15
9028,efficientnetb2,939,1.0,3
9029,efficientnetb1,939,1.0,3
9030,efficientnetb0,350,1.0,3
9031,resnet50,939,1.0,6
9032,efficientnetb2,350,1.0,3
9033,efficientnetb1,750,1.0,3
9034,efficientnetb0,350,1.0,3
9035,resnet18,550,1.0,2
9036,densenet121,550,1.0,6
9037,efficientnetb0,750,1.0,3
9038,efficientnetb0,939,1.0,3
9039,densenet121,550,0.6262433485833546,5
9040,vgg16,350,0.9150494503700808,13
9041,vgg19,750,0.9936879963126718,15
9042,efficientnetb2,939,1.0,3
9043,vgg19,550,1.0,15
9044,resnet18,350,0.9463184463728672,2
9045,resnet50,550,1.0,6
9046,densenet121,550,0.5224277109043235,7
9047,vgg16,750,0.9989474447948092,13
9048,vgg16,350,0.9150494503700808,13
9049,densenet121,750,0.6549577219091517,5
9050,densenet121,550,0.0267032533330688,3
9051,resnet18,550,1.0,2
9052,vgg19,750,0.9936879963126718,15
9053,efficientnetb1,939,1.0,3
9054,vgg19,550,1.0,15
9055,vgg19,939,1.0,15
9056,resnet18,550,1.0,2
9057,resnet50,750,0.8540914514899219,6
9058,resnet50,350,1.0,6
9059,vgg19,939,1.0,15
9060,vgg16,939,1.0,13
9061,efficientnetb2,550,1.0,3
9062,vgg16,550,0.9461219284703368,13
9063,efficientnetb0,350,1.0,3
9064,efficientnetb2,350,1.0,3
9065,efficientnetb0,939,1.0,3
9066,efficientnetb2,750,1.0,3
9067,vgg19,550,0.9153142027929496,13
9068,efficientnetb1,939,1.0,3
9069,efficientnetb2,350,1.0,3
9070,vgg16,350,0.9150494503700808,13
9071,vgg16,939,1.0,13
9072,efficientnetb0,750,0.6483214388113725,4
9073,resnet18,750,1.0,2
9074,vgg16,350,0.9150494503700808,13
9075,vgg16,750,0.9989474447948092,13
9076,resnet18,350,1.0,3
9077,efficientnetb2,750,1.0,3
9078,resnet18,750,1.0,2
9079,efficientnetb2,939,1.0,3
9080,resnet18,350,0.9463184463728672,2
9081,vgg16,939,1.0,13
9082,vgg19,550,1.0,15
9083,resnet18,350,1.0,3
9084,resnet18,350,0.9463184463728672,2
9085,efficientnetb0,750,1.0,3
9086,densenet121,550,0.6262433485833546,5
9087,efficientnetb1,550,0.6878389778024664,4
9088,efficientnetb1,550,1.0,3
9089,resnet18,939,1.0,2
9090,resnet18,750,1.0,2
9091,efficientnetb1,550,1.0,3
9092,efficientnetb2,550,1.0,3
9093,efficientnetb2,750,1.0,3
9094,vgg19,750,0.9936879963126718,15
9095,densenet121,939,0.4858756243316292,5
9096,resnet50,550,1.0,6
9097,densenet121,550,0.6262433485833546,5
9098,densenet121,750,0.6549577219091517,5
9099,vgg19,550,1.0,15
9100,densenet121,939,1.0,6
9101,vgg16,550,0.9461219284703368,13
9102,vgg19,939,1.0,15
9103,densenet121,939,1.0,6
9104,efficientnetb2,550,1.0,3
9105,vgg16,350,0.9150494503700808,13
9106,vgg16,750,0.9989474447948092,13
9107,resnet18,550,1.0,2
9108,resnet50,350,1.0,6
9109,resnet18,550,1.0,2
9110,resnet18,939,0.9772814215247084,3
9111,vgg19,550,1.0,15
9112,vgg19,350,0.9884623593775808,15
9113,vgg16,550,0.9461219284703368,13
9114,efficientnetb0,550,1.0,3
9115,vgg16,750,0.9989474447948092,13
9116,efficientnetb1,750,1.0,3
9117,densenet121,350,1.0,6
9118,resnet50,939,1.0,6
9119,resnet50,350,0.8169515861153699,7
9120,resnet18,750,1.0,2
9121,resnet18,350,0.9463184463728672,2
9122,efficientnetb0,550,1.0,3
9123,vgg19,939,1.0,15
9124,resnet50,550,1.0,6
9125,densenet121,350,1.0,6
9126,vgg16,939,1.0,13
9127,efficientnetb1,350,1.0,3
9128,efficientnetb1,750,1.0,3
9129,efficientnetb1,550,1.0,3
9130,vgg19,350,0.9884623593775808,15
9131,efficientnetb1,750,1.0,3
9132,vgg19,350,0.9884623593775808,15
9133,efficientnetb2,350,1.0,3
9134,densenet121,750,0.6549577219091517,5
9135,vgg16,550,0.9461219284703368,13
9136,resnet50,550,1.0,6
9137,resnet50,939,1.0,6
9138,vgg19,350,0.9884623593775808,15
9139,efficientnetb2,350,1.0,3
9140,vgg19,939,1.0,15
9141,densenet121,939,1.0,6
9142,densenet121,939,0.4858756243316292,5
9143,efficientnetb0,939,1.0,3
9144,efficientnetb1,939,1.0,3
9145,resnet50,939,0.8017819857800019,7
9146,efficientnetb2,350,1.0,3
9147,vgg19,750,0.9936879963126718,15
9148,efficientnetb2,750,1.0,3
9149,resnet18,550,1.0,2
9150,vgg16,550,0.9461219284703368,13
9151,efficientnetb2,550,1.0,3
9152,vgg19,750,0.9936879963126718,15
9153,efficientnetb1,939,1.0,3
9154,vgg19,939,1.0,15
9155,vgg16,350,0.9150494503700808,13
9156,densenet121,550,0.0731558842200006,12
9157,efficientnetb0,350,1.0,3
9158,vgg19,550,1.0,15
9159,vgg19,550,1.0,15
9160,efficientnetb1,350,1.0,3
9161,vgg16,350,0.9150494503700808,13
9162,resnet50,750,0.692684175445151,7
9163,efficientnetb0,750,1.0,3
9164,vgg16,750,0.9989474447948092,13
9165,densenet121,750,1.0,6
9166,resnet18,350,1.0,3
9167,vgg19,939,1.0,15
9168,vgg16,350,0.9150494503700808,13
9169,efficientnetb2,550,1.0,3
9170,resnet50,350,0.8169515861153699,7
9171,resnet50,550,1.0,6
9172,efficientnetb0,550,1.0,3
9173,densenet121,750,1.0,6
9174,densenet121,750,1.0,6
9175,vgg19,750,1.0,16
9176,efficientnetb2,750,1.0,3
9177,resnet50,350,1.0,6
9178,resnet50,350,1.0,6
9179,vgg16,939,1.0,13
9180,vgg16,550,0.9599292331742392,11
9181,efficientnetb1,750,1.0,3
9182,resnet50,550,1.0,6
9183,vgg19,939,1.0,15
9184,resnet18,939,1.0,2
9185,vgg19,750,0.9936879963126718,15
9186,resnet18,550,1.0,2
9187,resnet18,939,1.0,2
9188,resnet50,350,1.0,6
9189,efficientnetb1,939,1.0,3
9190,resnet50,750,0.8540914514899219,6
9191,vgg16,350,0.9150494503700808,13
9192,vgg19,350,0.9884623593775808,15
9193,resnet50,550,1.0,6
9194,vgg19,750,0.9936879963126718,15
9195,efficientnetb2,550,1.0,3
9196,resnet18,550,1.0,2
9197,densenet121,550,1.0,6
9198,vgg19,939,1.0,15
9199,vgg16,750,0.9989474447948092,13
9200,resnet18,939,1.0,2
9201,resnet18,750,1.0,2
9202,densenet121,350,1.0,6
9203,resnet50,750,0.8540914514899219,6
9204,densenet121,750,0.6549577219091517,5
9205,resnet18,350,1.0,3
9206,vgg16,350,0.9150494503700808,13
9207,efficientnetb1,750,1.0,3
9208,densenet121,550,0.0731558842200006,12
9209,vgg19,750,0.9936879963126718,15
9210,vgg16,550,0.9461219284703368,13
9211,vgg16,939,1.0,13
9212,vgg16,350,0.9150494503700808,13
9213,vgg16,550,0.873525344145539,10
9214,vgg16,750,0.9989474447948092,13
9215,efficientnetb0,350,1.0,3
9216,efficientnetb2,550,1.0,3
9217,densenet121,939,1.0,6
9218,efficientnetb1,550,1.0,3
9219,resnet18,939,1.0,2
9220,vgg16,750,0.8760175184574507,11
9221,efficientnetb0,939,1.0,3
9222,efficientnetb2,750,1.0,3
9223,vgg19,350,0.9884623593775808,15
9224,vgg16,750,0.9989474447948092,13
9225,resnet18,550,0.9649971314956884,3
9226,efficientnetb1,750,1.0,3
9227,efficientnetb2,350,1.0,3
9228,resnet18,939,1.0,2
9229,vgg16,750,0.9989474447948092,13
9230,vgg19,350,0.9884623593775808,15
9231,efficientnetb0,550,1.0,3
9232,efficientnetb2,939,1.0,3
9233,efficientnetb2,939,1.0,3
9234,densenet121,550,0.1132152876154946,4
9235,vgg16,350,0.9150494503700808,13
9236,efficientnetb2,939,1.0,3
9237,resnet18,350,0.9463184463728672,2
9238,efficientnetb1,939,1.0,3
9239,efficientnetb1,350,1.0,3
9240,efficientnetb2,750,1.0,3
9241,resnet18,750,0.9425112246169725,3
9242,vgg19,550,1.0,15
9243,efficientnetb1,750,1.0,3
9244,vgg16,750,0.9989474447948092,13
9245,vgg16,350,0.9150494503700808,13
9246,resnet50,550,1.0,6
9247,resnet18,750,1.0,2
9248,resnet50,550,1.0,6
9249,efficientnetb2,350,1.0,3
9250,vgg19,350,0.9884623593775808,15
9251,resnet18,750,1.0,2
9252,efficientnetb0,350,1.0,3
9253,vgg19,550,1.0,15
9254,resnet50,550,1.0,6
9255,resnet18,939,1.0,2
9256,efficientnetb1,939,1.0,3
9257,efficientnetb0,350,1.0,3
9258,resnet18,750,1.0,2
9259,resnet18,750,1.0,2
9260,efficientnetb2,350,1.0,3
9261,vgg19,939,1.0,15
9262,densenet121,550,0.6262433485833546,5
9263,resnet50,550,1.0,6
9264,vgg16,350,0.968053827189964,11
9265,vgg16,550,0.9461219284703368,13
9266,vgg16,550,0.9461219284703368,13
9267,efficientnetb0,350,1.0,3
9268,resnet50,939,1.0,6
9269,densenet121,939,1.0,6
9270,vgg19,350,0.9884623593775808,15
9271,vgg16,939,1.0,13
9272,resnet50,350,1.0,6
9273,densenet121,550,0.6262433485833546,5
9274,efficientnetb2,939,1.0,3
9275,efficientnetb0,750,1.0,3
9276,efficientnetb2,939,1.0,3
9277,vgg16,550,0.9461219284703368,13
9278,vgg16,350,0.9150494503700808,13
9279,efficientnetb2,939,1.0,3
9280,resnet18,750,1.0,2
9281,efficientnetb0,550,1.0,3
9282,resnet50,550,1.0,6
9283,vgg16,550,0.9599292331742392,11
9284,densenet121,350,1.0,6
9285,resnet50,550,1.0,6
9286,efficientnetb2,350,1.0,3
9287,vgg16,350,0.968053827189964,11
9288,efficientnetb1,350,1.0,3
9289,resnet18,939,1.0,2
9290,resnet50,939,1.0,6
9291,efficientnetb2,750,1.0,3
9292,densenet121,350,1.0,6
9293,efficientnetb0,939,0.245393377540531,2
9294,efficientnetb2,550,1.0,3
9295,efficientnetb1,939,1.0,3
9296,efficientnetb0,939,1.0,3
9297,vgg19,550,1.0,15
9298,efficientnetb1,750,1.0,3
9299,resnet18,350,0.9463184463728672,2
9300,densenet121,550,1.0,6
9301,resnet18,550,1.0,2
9302,resnet18,939,1.0,2
9303,resnet50,550,1.0,6
9304,efficientnetb2,750,1.0,3
9305,resnet18,550,1.0,2
9306,resnet18,550,1.0,2
9307,efficientnetb0,939,1.0,3
9308,vgg16,750,0.9989474447948092,13
9309,efficientnetb2,550,1.0,3
9310,efficientnetb0,750,1.0,3
9311,vgg19,350,0.9884623593775808,15
9312,resnet18,350,0.9463184463728672,2
9313,efficientnetb1,939,1.0,3
9314,efficientnetb0,750,1.0,3
9315,vgg19,550,1.0,15
9316,vgg19,750,0.9936879963126718,15
9317,vgg16,550,0.9461219284703368,13
9318,resnet18,750,1.0,2
9319,vgg16,939,1.0,13
9320,densenet121,750,0.6549577219091517,5
9321,resnet50,350,1.0,6
9322,efficientnetb1,750,1.0,3
9323,resnet18,550,1.0,2
9324,resnet18,550,1.0,2
9325,resnet50,939,1.0,6
9326,vgg16,750,0.9989474447948092,13
9327,efficientnetb0,550,1.0,3
9328,resnet18,750,0.9425112246169725,3
9329,efficientnetb2,550,1.0,3
9330,resnet50,550,0.8215124558966982,7
9331,efficientnetb2,350,1.0,3
9332,efficientnetb1,350,1.0,3
9333,densenet121,750,1.0,6
9334,vgg19,939,1.0,15
9335,resnet18,939,1.0,2
9336,efficientnetb0,350,1.0,3
9337,vgg19,350,0.9884623593775808,15
9338,efficientnetb2,750,1.0,3
9339,densenet121,550,1.0,6
9340,vgg19,939,1.0,15
9341,efficientnetb0,750,1.0,3
9342,vgg16,750,0.9989474447948092,13
9343,densenet121,550,1.0,6
9344,efficientnetb0,939,1.0,3
9345,densenet121,939,0.390359012366206,7
9346,vgg16,750,0.9989474447948092,13
9347,vgg19,350,0.9884623593775808,15
9348,vgg16,350,0.9150494503700808,13
9349,densenet121,750,1.0,6
9350,vgg16,350,0.968053827189964,11
9351,efficientnetb0,939,1.0,3
9352,efficientnetb1,939,1.0,3
9353,resnet18,750,1.0,2
9354,densenet121,750,1.0,6
9355,resnet18,939,1.0,2
9356,resnet18,350,1.0,3
9357,resnet18,350,0.9463184463728672,2
9358,resnet18,750,1.0,2
9359,densenet121,550,1.0,6
9360,efficientnetb0,550,1.0,3
9361,efficientnetb0,550,1.0,3
9362,vgg19,350,0.9884623593775808,15
9363,resnet18,750,1.0,2
9364,vgg16,939,1.0,13
9365,densenet121,550,1.0,6
9366,vgg19,939,1.0,15
9367,efficientnetb0,350,1.0,3
9368,resnet18,750,1.0,2
9369,efficientnetb1,939,1.0,3
9370,vgg16,550,0.9461219284703368,13
9371,resnet18,939,1.0,2
9372,resnet18,350,0.9463184463728672,2
9373,vgg19,550,1.0,15
9374,efficientnetb1,939,1.0,3
9375,vgg16,750,0.9989474447948092,13
9376,resnet18,939,1.0,2
9377,efficientnetb2,750,1.0,3
9378,resnet50,550,1.0,6
9379,resnet18,939,1.0,2
9380,resnet50,939,1.0,6
9381,resnet18,939,1.0,2
9382,vgg16,550,0.9461219284703368,13
9383,efficientnetb1,350,1.0,3
9384,vgg16,939,1.0,13
9385,densenet121,550,0.0731558842200006,12
9386,efficientnetb1,550,1.0,3
9387,resnet18,750,0.9425112246169725,3
9388,efficientnetb2,550,1.0,3
9389,efficientnetb2,350,1.0,3
9390,densenet121,750,1.0,6
9391,densenet121,550,1.0,6
9392,efficientnetb1,350,1.0,3
9393,efficientnetb1,550,1.0,3
9394,densenet121,350,0.083035958882802,11
9395,resnet18,750,1.0,2
9396,efficientnetb0,550,1.0,3
9397,efficientnetb2,550,1.0,3
9398,resnet18,350,1.0,3
9399,efficientnetb0,350,1.0,3
9400,vgg16,939,1.0,13
9401,efficientnetb2,750,1.0,3
9402,efficientnetb2,550,1.0,3
9403,efficientnetb1,939,1.0,3
9404,densenet121,550,1.0,6
9405,vgg16,550,0.9461219284703368,13
9406,densenet121,939,1.0,6
9407,resnet50,939,1.0,6
9408,efficientnetb0,750,1.0,3
9409,efficientnetb2,750,1.0,3
9410,efficientnetb0,939,1.0,3
9411,vgg19,550,1.0,15
9412,vgg16,550,0.9461219284703368,13
9413,efficientnetb2,350,1.0,3
9414,efficientnetb1,750,1.0,3
9415,vgg19,750,0.9936879963126718,15
9416,vgg19,750,0.6673220941960659,10
9417,densenet121,750,1.0,6
9418,densenet121,750,1.0,6
9419,resnet18,750,0.9425112246169725,3
9420,vgg16,550,0.9461219284703368,13
9421,resnet50,939,1.0,6
9422,densenet121,939,1.0,6
9423,resnet18,750,1.0,2
9424,resnet18,350,1.0,3
9425,efficientnetb1,750,1.0,3
9426,vgg19,939,1.0,15
9427,vgg16,750,0.9989474447948092,13
9428,efficientnetb2,750,1.0,3
9429,resnet50,350,1.0,6
9430,resnet18,550,1.0,2
9431,densenet121,750,0.0983602208090902,4
9432,resnet18,550,1.0,2
9433,vgg16,939,1.0,13
9434,densenet121,550,1.0,6
9435,resnet50,550,1.0,6
9436,efficientnetb1,350,1.0,3
9437,densenet121,939,1.0,6
9438,resnet50,939,1.0,6
9439,vgg19,939,1.0,15
9440,efficientnetb2,550,1.0,3
9441,resnet18,750,1.0,2
9442,efficientnetb2,939,1.0,3
9443,efficientnetb2,550,1.0,3
9444,vgg19,939,1.0,15
9445,densenet121,550,1.0,6
9446,resnet18,939,1.0,2
9447,vgg16,350,0.9150494503700808,13
9448,resnet50,750,0.8540914514899219,6
9449,efficientnetb0,350,1.0,3
9450,efficientnetb2,550,1.0,3
9451,efficientnetb2,550,1.0,3
9452,resnet18,750,1.0,2
9453,resnet50,350,1.0,6
9454,efficientnetb0,550,1.0,3
9455,vgg16,939,1.0,13
9456,densenet121,939,1.0,6
9457,efficientnetb1,550,1.0,3
9458,resnet50,350,0.8169515861153699,7
9459,densenet121,939,1.0,6
9460,densenet121,550,1.0,6
9461,densenet121,550,1.0,6
9462,vgg19,750,0.9936879963126718,15
9463,vgg19,750,0.9936879963126718,15
9464,resnet50,350,0.8169515861153699,7
9465,vgg19,750,0.9936879963126718,15
9466,resnet50,939,1.0,6
9467,efficientnetb2,939,0.2064582521296088,2
9468,efficientnetb0,939,1.0,3
9469,efficientnetb2,550,1.0,3
9470,efficientnetb0,750,1.0,3
9471,efficientnetb0,550,1.0,3
9472,vgg16,550,0.9461219284703368,13
9473,vgg16,750,0.9989474447948092,13
9474,efficientnetb0,750,1.0,3
9475,densenet121,750,1.0,6
9476,resnet18,550,1.0,2
9477,efficientnetb2,939,1.0,3
9478,vgg19,939,1.0,15
9479,efficientnetb2,939,1.0,3
9480,efficientnetb1,350,1.0,3
9481,efficientnetb0,939,1.0,3
9482,resnet18,350,0.9463184463728672,2
9483,resnet18,350,1.0,3
9484,resnet18,939,1.0,2
9485,vgg19,550,1.0,15
9486,densenet121,350,1.0,6
9487,resnet50,550,0.4611472962789475,4
9488,densenet121,939,1.0,6
9489,vgg16,350,0.9150494503700808,13
9490,efficientnetb0,350,1.0,3
9491,resnet50,939,1.0,6
9492,efficientnetb0,550,1.0,3
9493,efficientnetb2,350,1.0,3
9494,resnet50,939,1.0,6
9495,efficientnetb2,550,1.0,3
9496,resnet50,939,1.0,6
9497,efficientnetb2,550,1.0,3
9498,resnet50,939,1.0,6
9499,densenet121,939,1.0,6
9500,efficientnetb1,750,0.7228690296773087,4
9501,efficientnetb2,550,1.0,3
9502,efficientnetb0,750,1.0,3
9503,efficientnetb0,939,1.0,3
9504,vgg19,750,0.9936879963126718,15
9505,efficientnetb2,350,1.0,3
9506,densenet121,350,1.0,6
9507,efficientnetb0,550,1.0,3
9508,densenet121,350,1.0,6
9509,efficientnetb2,939,1.0,3
9510,densenet121,750,1.0,6
9511,resnet18,350,1.0,3
9512,densenet121,550,1.0,6
9513,resnet18,350,0.9463184463728672,2
9514,vgg19,939,0.9938700985656802,16
9515,vgg19,550,1.0,15
9516,resnet18,750,1.0,2
9517,vgg19,939,1.0,15
9518,vgg19,939,1.0,15
9519,efficientnetb0,939,1.0,3
9520,vgg16,350,0.9150494503700808,13
9521,resnet50,550,1.0,6
9522,resnet50,750,0.8540914514899219,6
9523,vgg19,750,0.9936879963126718,15
9524,efficientnetb2,750,1.0,3
9525,efficientnetb1,939,1.0,3
9526,efficientnetb2,350,1.0,3
9527,efficientnetb0,750,1.0,3
9528,vgg16,750,0.9989474447948092,13
9529,resnet50,550,1.0,6
9530,vgg19,939,1.0,15
9531,densenet121,550,0.6262433485833546,5
9532,efficientnetb1,750,1.0,3
9533,densenet121,750,0.4798884872288328,8
9534,densenet121,939,0.4858756243316292,5
9535,resnet18,350,0.9463184463728672,2
9536,efficientnetb1,550,1.0,3
9537,efficientnetb1,550,1.0,3
9538,resnet18,939,1.0,2
9539,vgg19,939,1.0,15
9540,resnet18,550,1.0,2
9541,efficientnetb1,350,1.0,3
9542,efficientnetb1,750,1.0,3
9543,resnet18,939,1.0,2
9544,efficientnetb1,939,1.0,3
9545,densenet121,550,1.0,6
9546,resnet18,350,1.0,3
9547,resnet50,350,1.0,6
9548,efficientnetb0,550,1.0,3
9549,efficientnetb2,750,1.0,3
9550,efficientnetb0,550,1.0,3
9551,vgg16,939,0.8568556422949929,11
9552,vgg19,350,0.9884623593775808,15
9553,resnet18,750,1.0,2
9554,vgg19,350,0.9884623593775808,15
9555,vgg19,350,0.9884623593775808,15
9556,vgg16,350,0.9150494503700808,13
9557,resnet50,939,1.0,6
9558,densenet121,550,1.0,6
9559,resnet18,350,1.0,3
9560,efficientnetb0,750,1.0,3
9561,vgg19,750,0.9936879963126718,15
9562,vgg19,550,1.0,15
9563,efficientnetb1,350,1.0,3
9564,efficientnetb1,939,1.0,3
9565,efficientnetb1,750,1.0,3
9566,densenet121,350,0.1341157974542594,4
9567,efficientnetb1,939,1.0,3
9568,densenet121,939,0.4858756243316292,5
9569,efficientnetb2,750,1.0,3
9570,resnet50,350,0.8169515861153699,7
9571,resnet18,939,1.0,2
9572,resnet50,939,1.0,6
9573,resnet18,750,0.9425112246169725,3
9574,efficientnetb1,350,1.0,3
9575,efficientnetb2,939,1.0,3
9576,resnet18,750,1.0,2
9577,vgg16,550,0.9461219284703368,13
9578,efficientnetb1,550,1.0,3
9579,efficientnetb0,350,1.0,3
9580,resnet50,350,1.0,6
9581,efficientnetb1,939,1.0,3
9582,efficientnetb2,550,1.0,3
9583,densenet121,550,0.0,1
9584,efficientnetb0,750,1.0,3
9585,vgg19,939,1.0,15
9586,efficientnetb0,939,1.0,3
9587,efficientnetb2,350,1.0,3
9588,vgg16,750,0.9989474447948092,13
9589,vgg16,939,1.0,13
9590,densenet121,939,0.1379889878308899,12
9591,efficientnetb2,350,1.0,3
9592,efficientnetb2,939,1.0,3
9593,vgg19,350,0.0,1
9594,vgg19,939,1.0,15
9595,efficientnetb1,550,1.0,3
9596,resnet18,350,1.0,3
9597,densenet121,750,1.0,6
9598,vgg16,939,1.0,13
9599,resnet50,939,1.0,6
9600,vgg16,350,0.9277415950475124,14
9601,densenet121,939,1.0,6
9602,resnet50,550,1.0,6
9603,densenet121,350,1.0,6
9604,vgg19,350,0.9654136477619172,14
9605,resnet18,550,0.9649971314956884,3
9606,efficientnetb1,750,1.0,3
9607,efficientnetb0,750,1.0,3
9608,resnet18,750,1.0,2
9609,resnet50,939,1.0,6
9610,vgg16,750,0.9989474447948092,13
9611,efficientnetb0,939,1.0,3
9612,efficientnetb0,750,1.0,3
9613,vgg16,350,0.968053827189964,11
9614,efficientnetb1,750,1.0,3
9615,densenet121,750,1.0,6
9616,resnet18,350,1.0,3
9617,vgg16,550,0.9461219284703368,13
9618,vgg16,550,0.9461219284703368,13
9619,efficientnetb0,550,1.0,3
9620,efficientnetb0,350,1.0,3
9621,efficientnetb2,350,1.0,3
9622,efficientnetb2,750,1.0,3
9623,vgg16,939,0.8568556422949929,11
9624,efficientnetb2,939,1.0,3
9625,resnet18,350,0.9463184463728672,2
9626,vgg19,550,1.0,15
9627,resnet18,750,1.0,2
9628,efficientnetb2,750,0.6313792880026403,4
9629,densenet121,350,1.0,6
9630,resnet18,939,1.0,2
9631,efficientnetb0,750,1.0,3
9632,resnet50,939,1.0,6
9633,resnet18,350,1.0,3
9634,resnet50,350,1.0,6
9635,efficientnetb0,350,1.0,3
9636,efficientnetb1,350,1.0,3
9637,efficientnetb0,750,1.0,3
9638,densenet121,350,1.0,6
9639,resnet50,750,0.692684175445151,7
9640,resnet50,550,1.0,6
9641,resnet18,750,1.0,2
9642,vgg19,550,1.0,15
9643,vgg19,939,0.9938700985656802,16
9644,efficientnetb0,939,1.0,3
9645,efficientnetb2,750,1.0,3
9646,efficientnetb1,939,1.0,3
9647,resnet18,550,1.0,2
9648,vgg16,350,0.968053827189964,11
9649,vgg19,750,0.9936879963126718,15
9650,densenet121,550,0.6262433485833546,5
9651,vgg16,350,0.9150494503700808,13
9652,vgg16,550,0.9461219284703368,13
9653,resnet50,939,1.0,6
9654,resnet18,750,1.0,2
9655,efficientnetb2,550,1.0,3
9656,resnet50,750,0.8540914514899219,6
9657,resnet18,550,1.0,2
9658,resnet50,350,1.0,6
9659,vgg19,350,0.9884623593775808,15
9660,vgg19,750,0.1063831635744575,4
9661,resnet50,550,1.0,6
9662,vgg19,350,0.9884623593775808,15
9663,resnet18,350,1.0,3
9664,resnet18,350,1.0,3
9665,vgg16,350,0.9150494503700808,13
9666,efficientnetb2,939,1.0,3
9667,efficientnetb2,750,1.0,3
9668,efficientnetb1,939,1.0,3
9669,resnet18,350,1.0,3
9670,efficientnetb2,550,1.0,3
9671,efficientnetb0,750,1.0,3
9672,densenet121,350,1.0,6
9673,vgg19,550,1.0,15
9674,efficientnetb1,939,1.0,3
9675,densenet121,939,1.0,6
9676,efficientnetb0,350,1.0,3
9677,efficientnetb1,939,1.0,3
9678,resnet50,550,1.0,6
9679,efficientnetb2,939,1.0,3
9680,resnet18,750,0.9425112246169725,3
9681,vgg16,939,1.0,13
9682,efficientnetb1,750,1.0,3
9683,efficientnetb2,350,1.0,3
9684,densenet121,939,1.0,6
9685,efficientnetb0,750,1.0,3
9686,efficientnetb2,750,1.0,3
9687,vgg16,939,1.0,13
9688,efficientnetb0,939,1.0,3
9689,resnet18,350,0.9463184463728672,2
9690,efficientnetb0,350,1.0,3
9691,efficientnetb2,939,1.0,3
9692,densenet121,550,1.0,6
9693,efficientnetb0,550,1.0,3
9694,vgg16,550,0.9599292331742392,11
9695,vgg16,939,1.0,13
9696,efficientnetb1,750,1.0,3
9697,efficientnetb2,350,1.0,3
9698,resnet18,939,0.9772814215247084,3
9699,resnet18,939,0.666846850715217,4
9700,efficientnetb0,750,1.0,3
9701,efficientnetb1,350,1.0,3
9702,efficientnetb2,939,1.0,3
9703,efficientnetb2,750,1.0,3
9704,resnet50,350,1.0,6
9705,vgg16,350,0.9150494503700808,13
9706,vgg16,750,0.9989474447948092,13
9707,resnet18,550,0.9649971314956884,3
9708,resnet50,939,1.0,6
9709,vgg16,939,1.0,13
9710,resnet50,750,0.8540914514899219,6
9711,efficientnetb0,750,1.0,3
9712,efficientnetb2,350,1.0,3
9713,vgg19,750,0.482051380981956,8
9714,efficientnetb0,939,1.0,3
9715,resnet18,750,1.0,2
9716,efficientnetb0,350,1.0,3
9717,resnet18,750,1.0,2
9718,vgg16,750,0.9989474447948092,13
9719,vgg16,750,0.8760175184574507,11
9720,efficientnetb1,350,1.0,3
9721,efficientnetb0,350,1.0,3
9722,efficientnetb1,750,1.0,3
9723,vgg16,350,0.9150494503700808,13
9724,efficientnetb0,939,1.0,3
9725,efficientnetb2,750,1.0,3
9726,efficientnetb0,939,1.0,3
9727,vgg19,350,0.9884623593775808,15
9728,efficientnetb2,350,0.65175093664593,4
9729,resnet50,939,1.0,6
9730,efficientnetb2,939,1.0,3
9731,efficientnetb0,350,1.0,3
9732,efficientnetb0,550,1.0,3
9733,densenet121,939,1.0,6
9734,resnet18,750,1.0,2
9735,efficientnetb0,550,1.0,3
9736,vgg19,939,1.0,15
9737,vgg16,750,0.8760175184574507,11
9738,vgg16,550,0.9461219284703368,13
9739,vgg16,939,1.0,13
9740,resnet18,750,1.0,2
9741,densenet121,550,1.0,6
9742,resnet50,550,1.0,6
9743,vgg16,350,0.9150494503700808,13
9744,efficientnetb2,939,1.0,3
9745,densenet121,939,1.0,6
9746,resnet18,750,0.9425112246169725,3
9747,resnet18,939,1.0,2
9748,efficientnetb0,550,1.0,3
9749,vgg16,550,0.9461219284703368,13
9750,resnet18,750,1.0,2
9751,densenet121,350,1.0,6
9752,resnet18,350,1.0,3
9753,efficientnetb1,350,1.0,3
9754,densenet121,750,1.0,6
9755,efficientnetb0,550,1.0,3
9756,resnet50,939,1.0,6
9757,vgg16,350,0.9150494503700808,13
9758,efficientnetb0,939,1.0,3
9759,densenet121,939,1.0,6
9760,vgg19,939,1.0,15
9761,efficientnetb1,939,1.0,3
9762,densenet121,350,1.0,6
9763,resnet50,939,1.0,6
9764,efficientnetb0,550,1.0,3
9765,vgg19,939,0.783629319224574,17
9766,efficientnetb0,939,1.0,3
9767,efficientnetb1,750,1.0,3
9768,densenet121,750,1.0,6
9769,resnet50,939,1.0,6
9770,efficientnetb2,939,1.0,3
9771,efficientnetb0,550,1.0,3
9772,vgg16,350,0.9150494503700808,13
9773,resnet18,750,1.0,2
9774,resnet18,350,1.0,3
9775,efficientnetb1,350,1.0,3
9776,vgg16,939,1.0,13
9777,vgg16,750,0.9989474447948092,13
9778,vgg19,939,0.1144285467096243,4
9779,efficientnetb2,350,1.0,3
9780,efficientnetb2,750,1.0,3
9781,densenet121,939,1.0,6
9782,efficientnetb1,939,1.0,3
9783,efficientnetb2,350,1.0,3
9784,resnet50,750,0.8540914514899219,6
9785,vgg19,750,0.9936879963126718,15
9786,efficientnetb1,550,1.0,3
9787,efficientnetb1,750,1.0,3
9788,resnet18,550,0.9649971314956884,3
9789,resnet50,939,1.0,6
9790,efficientnetb0,750,1.0,3
9791,resnet50,750,0.8540914514899219,6
9792,vgg16,939,1.0,13
9793,resnet18,550,0.9649971314956884,3
9794,vgg16,350,0.9150494503700808,13
9795,resnet18,750,1.0,2
9796,vgg19,750,0.9936879963126718,15
9797,resnet18,939,1.0,2
9798,vgg16,550,0.9461219284703368,13
9799,efficientnetb1,550,1.0,3
9800,densenet121,350,1.0,6
9801,resnet18,550,0.9649971314956884,3
9802,densenet121,939,1.0,6
9803,vgg19,939,1.0,15
9804,vgg16,350,0.9150494503700808,13
9805,densenet121,350,1.0,6
9806,efficientnetb2,939,1.0,3
9807,efficientnetb0,750,1.0,3
9808,resnet50,750,0.8540914514899219,6
9809,resnet50,550,1.0,6
9810,resnet18,350,1.0,3
9811,vgg16,350,0.9150494503700808,13
9812,efficientnetb1,750,1.0,3
9813,resnet18,939,1.0,2
9814,densenet121,939,1.0,6
9815,efficientnetb0,350,1.0,3
9816,resnet50,939,1.0,6
9817,efficientnetb0,939,1.0,3
9818,densenet121,350,1.0,6
9819,efficientnetb2,939,1.0,3
9820,densenet121,350,0.083035958882802,12
9821,densenet121,550,1.0,6
9822,efficientnetb0,750,1.0,3
9823,efficientnetb1,550,1.0,3
9824,resnet18,350,1.0,3
9825,resnet18,550,1.0,2
9826,resnet18,350,1.0,3
9827,vgg19,939,1.0,15
9828,efficientnetb2,350,1.0,3
9829,efficientnetb2,350,1.0,3
9830,efficientnetb2,750,1.0,3
9831,vgg16,550,0.9461219284703368,13
9832,resnet18,550,1.0,2
9833,vgg16,750,0.9989474447948092,13
9834,efficientnetb2,350,1.0,3
9835,efficientnetb1,939,1.0,3
9836,vgg16,350,0.9150494503700808,13
9837,efficientnetb0,750,1.0,3
9838,densenet121,350,1.0,6
9839,resnet50,550,1.0,6
9840,resnet50,550,1.0,6
9841,vgg16,550,0.9461219284703368,13
9842,vgg19,550,1.0,15
9843,efficientnetb2,350,1.0,3
9844,vgg19,750,0.9936879963126718,15
9845,resnet50,350,1.0,6
9846,efficientnetb1,750,1.0,3
9847,vgg19,350,0.9884623593775808,15
9848,efficientnetb1,550,1.0,3
9849,resnet18,550,1.0,2
9850,vgg16,750,0.9989474447948092,13
9851,vgg16,550,0.9461219284703368,13
9852,efficientnetb1,750,1.0,3
9853,vgg16,939,0.8568556422949929,11
9854,efficientnetb2,350,1.0,3
9855,densenet121,939,0.0230700539672484,2
9856,efficientnetb1,350,1.0,3
9857,resnet50,750,0.8540914514899219,6
9858,resnet50,550,1.0,6
9859,vgg16,750,0.9989474447948092,13
9860,efficientnetb1,350,1.0,3
9861,vgg16,350,0.9150494503700808,13
9862,resnet50,550,1.0,6
9863,efficientnetb2,550,1.0,3
9864,resnet18,350,0.9463184463728672,2
9865,efficientnetb1,750,1.0,3
9866,efficientnetb0,350,1.0,3
9867,vgg16,939,0.8568556422949929,11
9868,efficientnetb0,939,1.0,3
9869,densenet121,939,1.0,6
9870,efficientnetb0,550,1.0,3
9871,densenet121,939,1.0,6
9872,resnet50,350,1.0,6
9873,efficientnetb0,350,1.0,3
9874,resnet50,939,1.0,6
9875,efficientnetb2,550,1.0,3
9876,vgg19,350,0.9884623593775808,15
9877,efficientnetb0,350,1.0,3
9878,efficientnetb2,750,1.0,3
9879,efficientnetb0,939,1.0,3
9880,efficientnetb1,750,1.0,3
9881,efficientnetb0,939,1.0,3
9882,efficientnetb2,350,1.0,3
9883,vgg16,750,0.9989474447948092,13
9884,vgg16,939,1.0,13
9885,resnet50,550,1.0,6
9886,resnet50,939,1.0,6
9887,resnet50,550,1.0,6
9888,vgg16,550,0.9461219284703368,13
9889,resnet18,350,0.9463184463728672,2
9890,efficientnetb0,350,1.0,3
9891,efficientnetb2,550,1.0,3
9892,vgg19,939,1.0,15
9893,efficientnetb0,350,1.0,3
9894,vgg19,350,0.9884623593775808,15
9895,efficientnetb1,939,1.0,3
9896,resnet18,750,1.0,2
9897,efficientnetb0,350,1.0,3
9898,efficientnetb1,750,1.0,3
9899,densenet121,550,1.0,6
9900,resnet50,939,1.0,6
9901,vgg19,939,1.0,15
9902,vgg19,550,1.0,15
9903,resnet50,550,1.0,6
9904,vgg19,350,0.9884623593775808,15
9905,resnet18,750,1.0,2
9906,efficientnetb2,350,1.0,3
9907,densenet121,550,1.0,6
9908,efficientnetb2,939,1.0,3
9909,vgg16,750,0.9989474447948092,13
9910,vgg16,550,0.9599292331742392,11
9911,resnet18,939,1.0,2
9912,efficientnetb1,550,1.0,3
9913,efficientnetb0,550,1.0,3
9914,efficientnetb2,939,1.0,3
9915,efficientnetb0,350,1.0,3
9916,efficientnetb2,750,1.0,3
9917,vgg16,550,0.9461219284703368,13
9918,efficientnetb0,750,1.0,3
9919,resnet50,750,0.8540914514899219,6
9920,densenet121,350,1.0,6
9921,efficientnetb0,939,1.0,3
9922,efficientnetb0,750,1.0,3
9923,resnet18,550,1.0,2
9924,resnet18,350,0.9463184463728672,2
9925,efficientnetb1,939,1.0,3
9926,efficientnetb2,350,1.0,3
9927,efficientnetb2,939,1.0,3
9928,efficientnetb2,550,1.0,3
9929,densenet121,550,1.0,6
9930,densenet121,350,1.0,6
9931,efficientnetb1,750,1.0,3
9932,vgg16,939,0.4187967673445678,7
9933,resnet18,350,1.0,3
9934,resnet50,350,1.0,6
9935,densenet121,550,0.6262433485833546,5
9936,efficientnetb2,939,1.0,3
9937,efficientnetb1,939,1.0,3
9938,efficientnetb1,939,1.0,3
9939,densenet121,550,1.0,6
9940,resnet18,550,0.9649971314956884,3
9941,densenet121,750,1.0,6
9942,vgg19,750,0.9936879963126718,15
9943,efficientnetb0,939,1.0,3
9944,densenet121,750,1.0,6
9945,efficientnetb1,550,1.0,3
9946,resnet18,750,1.0,2
9947,resnet50,550,1.0,6
9948,resnet18,750,1.0,2
9949,vgg19,750,0.9936879963126718,15
9950,resnet18,939,1.0,2
9951,vgg19,550,1.0,15
9952,resnet50,550,1.0,6
9953,vgg19,750,0.9936879963126718,15
9954,densenet121,550,1.0,6
9955,vgg16,550,0.9461219284703368,13
9956,vgg19,550,1.0,15
9957,vgg16,550,0.9461219284703368,13
9958,vgg19,550,1.0,15
9959,efficientnetb2,350,1.0,3
9960,efficientnetb0,939,1.0,3
9961,efficientnetb2,550,1.0,3
9962,resnet18,350,0.9463184463728672,2
9963,resnet18,550,1.0,2
9964,efficientnetb1,350,1.0,3
9965,efficientnetb0,939,1.0,3
9966,efficientnetb0,550,1.0,3
9967,resnet50,550,1.0,6
9968,densenet121,350,1.0,6
9969,efficientnetb1,350,1.0,3
9970,efficientnetb0,550,1.0,3
9971,efficientnetb2,750,1.0,3
9972,efficientnetb2,550,1.0,3
9973,efficientnetb1,750,1.0,3
9974,vgg16,750,0.9989474447948092,13
9975,vgg16,550,0.9461219284703368,13
9976,efficientnetb2,939,1.0,3
9977,efficientnetb0,550,1.0,3
9978,resnet50,350,0.8169515861153699,7
9979,efficientnetb1,939,1.0,3
9980,vgg19,550,1.0,15
9981,efficientnetb1,550,1.0,3
9982,resnet18,939,1.0,2
9983,efficientnetb1,939,1.0,3
9984,resnet50,350,1.0,6
9985,resnet50,550,1.0,6
9986,resnet50,350,1.0,6
9987,efficientnetb2,550,1.0,3
9988,resnet50,350,1.0,6
9989,densenet121,939,1.0,6
9990,densenet121,550,1.0,6
9991,densenet121,550,1.0,6
9992,vgg19,939,1.0,15
9993,resnet50,939,1.0,6
9994,efficientnetb0,550,1.0,3
9995,resnet50,939,1.0,6
9996,densenet121,350,1.0,6
9997,resnet50,750,0.8540914514899219,6
9998,efficientnetb0,750,1.0,3
9999,densenet121,550,1.0,6
10000,densenet121,550,1.0,6
